shift_name,severity_name,method_name,alpha,abstention_policy,abstention_threshold,metric_name,seed_count,expected_seed_count,complete_group,mean,std,ci_lower,ci_upper
brightness_contrast,increased_contrast,class_conditional_conformal,0.05,,,average_set_size,3,3,True,1.1583999999999999,0.004256759330758543,1.1478256236166176,1.1689743763833822
brightness_contrast,increased_contrast,class_conditional_conformal,0.05,,,coverage_gap,3,3,True,-0.003966666666666637,0.0007094598884597406,-0.005729062730563661,-0.0022042706027696124
brightness_contrast,increased_contrast,class_conditional_conformal,0.05,,,empirical_coverage,3,3,True,0.9460333333333333,0.0007094598884597406,0.9442709372694362,0.9477957293972303
brightness_contrast,increased_contrast,class_conditional_conformal,0.05,,,empty_set_rate,3,3,True,0.015466666666666668,0.0018770544300401458,0.01080380496999592,0.020129528363337416
brightness_contrast,increased_contrast,class_conditional_conformal,0.05,,,median_set_size,3,3,True,1.0,0.0,1.0,1.0
brightness_contrast,increased_contrast,class_conditional_conformal,0.05,,,multiclass_set_rate,3,3,True,0.15769999999999998,0.002271563338320117,0.1520571238466495,0.16334287615335047
brightness_contrast,increased_contrast,class_conditional_conformal,0.05,,,singleton_set_rate,3,3,True,0.8268333333333334,0.0006027713773341565,0.8253359662233339,0.8283307004433329
brightness_contrast,increased_contrast,class_conditional_conformal,0.05,,,worst_class_coverage,3,3,True,0.9243333333333333,0.0041633319989322695,0.9139910433082488,0.9346756233584179
brightness_contrast,increased_contrast,class_conditional_conformal,0.1,,,average_set_size,3,3,True,1.0178666666666667,0.0021594752448993856,1.012502232773221,1.0232311005601125
brightness_contrast,increased_contrast,class_conditional_conformal,0.1,,,coverage_gap,3,3,True,-0.003566666666666681,0.0031342197327777783,-0.011352500101772002,0.004219166768438641
brightness_contrast,increased_contrast,class_conditional_conformal,0.1,,,empirical_coverage,3,3,True,0.8964333333333333,0.0031342197327777783,0.888647499898228,0.9042191667684386
brightness_contrast,increased_contrast,class_conditional_conformal,0.1,,,empty_set_rate,3,3,True,0.0448,0.0006999999999999992,0.04306110360177477,0.04653889639822523
brightness_contrast,increased_contrast,class_conditional_conformal,0.1,,,median_set_size,3,3,True,1.0,0.0,1.0,1.0
brightness_contrast,increased_contrast,class_conditional_conformal,0.1,,,multiclass_set_rate,3,3,True,0.06253333333333333,0.002122105872319601,0.057261730107577374,0.06780493655908928
brightness_contrast,increased_contrast,class_conditional_conformal,0.1,,,singleton_set_rate,3,3,True,0.8926666666666666,0.002154839514519192,0.8873137485658797,0.8980195847674535
brightness_contrast,increased_contrast,class_conditional_conformal,0.1,,,worst_class_coverage,3,3,True,0.863,0.0034641016151377583,0.8543946945405011,0.8716053054594989
brightness_contrast,increased_contrast,class_conditional_conformal,0.2,,,average_set_size,3,3,True,0.8619333333333333,0.0060185823358440225,0.8469823459815888,0.8768843206850778
brightness_contrast,increased_contrast,class_conditional_conformal,0.2,,,coverage_gap,3,3,True,0.005199999999999945,0.004063249930781981,-0.004893672385322492,0.015293672385322383
brightness_contrast,increased_contrast,class_conditional_conformal,0.2,,,empirical_coverage,3,3,True,0.8052,0.004063249930781981,0.7951063276146776,0.8152936723853225
brightness_contrast,increased_contrast,class_conditional_conformal,0.2,,,empty_set_rate,3,3,True,0.1392,0.006947661477072693,0.12194105211632872,0.15645894788367126
brightness_contrast,increased_contrast,class_conditional_conformal,0.2,,,median_set_size,3,3,True,1.0,0.0,1.0,1.0
brightness_contrast,increased_contrast,class_conditional_conformal,0.2,,,multiclass_set_rate,3,3,True,0.0011333333333333334,0.0009291573243177569,-0.0011748214161534385,0.0034414880828201053
brightness_contrast,increased_contrast,class_conditional_conformal,0.2,,,singleton_set_rate,3,3,True,0.8596666666666666,0.007876759062795625,0.8400997124324048,0.8792336209009284
brightness_contrast,increased_contrast,class_conditional_conformal,0.2,,,worst_class_coverage,3,3,True,0.7553333333333333,0.005507570547286107,0.7416517696366944,0.7690148970299722
brightness_contrast,increased_contrast,raw_softmax,,,,accuracy,3,3,True,0.9103333333333333,0.0036115555282084802,0.9013617320476303,0.9193049346190364
brightness_contrast,increased_contrast,raw_softmax,,,,accuracy_confidence_gap,3,3,True,-0.022660741749405872,0.005125404708159465,-0.03539295287292749,-0.00992853062588425
brightness_contrast,increased_contrast,raw_softmax,,,,brier_score,3,3,True,0.13160245864503195,0.002704175634545361,0.12488491397206145,0.13832000331800245
brightness_contrast,increased_contrast,raw_softmax,,,,evaluation_seconds,3,3,True,6.570224699991134,0.8562240109575392,4.443246344665383,8.697203055316885
brightness_contrast,increased_contrast,raw_softmax,,,,expected_calibration_error,3,3,True,0.022942887148261062,0.004637708583779764,0.011422180359185534,0.03446359393733659
brightness_contrast,increased_contrast,raw_softmax,,,,macro_f1,3,3,True,0.9100053370358904,0.0034114525969795835,0.9015308189878848,0.918479855083896
brightness_contrast,increased_contrast,raw_softmax,,,,maximum_calibration_error,3,3,True,0.2479505737622579,0.02300842302478923,0.19079448243847438,0.30510666508604145
brightness_contrast,increased_contrast,raw_softmax,,,,mean_confidence,3,3,True,0.9329940750827391,0.0078101781407963035,0.913592517027699,0.9523956331377793
brightness_contrast,increased_contrast,raw_softmax,,,,mean_inference_seconds_per_image,3,3,True,0.0006570224699991135,8.562240109575393e-05,0.0004443246344665383,0.0008697203055316886
brightness_contrast,increased_contrast,raw_softmax,,,,negative_log_likelihood,3,3,True,0.2685949236648703,0.005309711934280785,0.25540486801039264,0.281784979319348
brightness_contrast,increased_contrast,raw_softmax,,,,sample_count,3,3,True,10000.0,0.0,10000.0,10000.0
brightness_contrast,increased_contrast,standard_conformal,0.05,hybrid,0.5,abstention_rate,3,3,True,0.0974,0.0046808118953873875,0.08577221864905865,0.10902778135094135
brightness_contrast,increased_contrast,standard_conformal,0.05,hybrid,0.5,acceptance_rate,3,3,True,0.9026,0.004680811895387374,0.8909722186490586,0.9142277813509413
brightness_contrast,increased_contrast,standard_conformal,0.05,hybrid,0.5,number_abstained,3,3,True,974.0,46.8081189538738,857.7221864905866,1090.2778135094134
brightness_contrast,increased_contrast,standard_conformal,0.05,hybrid,0.5,number_accepted,3,3,True,9026.0,46.8081189538738,8909.722186490586,9142.277813509414
brightness_contrast,increased_contrast,standard_conformal,0.05,hybrid,0.5,selective_accuracy,3,3,True,0.9494033269995487,0.0011212823537658967,0.9466179072190386,0.9521887467800587
brightness_contrast,increased_contrast,standard_conformal,0.05,hybrid,0.5,selective_risk,3,3,True,0.050596673000451266,0.0011212823537658967,0.04781125321994123,0.0533820927809613
brightness_contrast,increased_contrast,standard_conformal,0.05,hybrid,0.6,abstention_rate,3,3,True,0.10693333333333332,0.0038552993831002733,0.09735623874568615,0.1165104279209805
brightness_contrast,increased_contrast,standard_conformal,0.05,hybrid,0.6,acceptance_rate,3,3,True,0.8930666666666666,0.0038552993831002668,0.8834895720790195,0.9026437612543137
brightness_contrast,increased_contrast,standard_conformal,0.05,hybrid,0.6,number_abstained,3,3,True,1069.3333333333333,38.552993831002716,973.5623874568615,1165.1042792098049
brightness_contrast,increased_contrast,standard_conformal,0.05,hybrid,0.6,number_accepted,3,3,True,8930.666666666666,38.552993831002716,8834.895720790195,9026.437612543137
brightness_contrast,increased_contrast,standard_conformal,0.05,hybrid,0.6,selective_accuracy,3,3,True,0.9537534913732575,0.000511028394669241,0.9524840264662844,0.9550229562802306
brightness_contrast,increased_contrast,standard_conformal,0.05,hybrid,0.6,selective_risk,3,3,True,0.046246508626742434,0.000511028394669241,0.04497704371976934,0.047515973533715526
brightness_contrast,increased_contrast,standard_conformal,0.05,hybrid,0.7,abstention_rate,3,3,True,0.12546666666666664,0.004570922591045847,0.11411186548075812,0.13682146785257515
brightness_contrast,increased_contrast,standard_conformal,0.05,hybrid,0.7,acceptance_rate,3,3,True,0.8745333333333334,0.004570922591045861,0.8631785321474248,0.885888134519242
brightness_contrast,increased_contrast,standard_conformal,0.05,hybrid,0.7,number_abstained,3,3,True,1254.6666666666667,45.70922591045853,1141.1186548075814,1368.214678525752
brightness_contrast,increased_contrast,standard_conformal,0.05,hybrid,0.7,number_accepted,3,3,True,8745.333333333334,45.70922591045853,8631.785321474248,8858.88134519242
brightness_contrast,increased_contrast,standard_conformal,0.05,hybrid,0.7,selective_accuracy,3,3,True,0.9604362351244123,0.0005373613611484608,0.959101355502346,0.9617711147464787
brightness_contrast,increased_contrast,standard_conformal,0.05,hybrid,0.7,selective_risk,3,3,True,0.03956376487558766,0.0005373613611484608,0.03822888525352128,0.04089864449765404
brightness_contrast,increased_contrast,standard_conformal,0.05,hybrid,0.8,abstention_rate,3,3,True,0.17526666666666668,0.0048603840726153865,0.16319280329829214,0.18734053003504123
brightness_contrast,increased_contrast,standard_conformal,0.05,hybrid,0.8,acceptance_rate,3,3,True,0.8247333333333334,0.0048603840726154195,0.8126594699649589,0.836807196701708
brightness_contrast,increased_contrast,standard_conformal,0.05,hybrid,0.8,number_abstained,3,3,True,1752.6666666666667,48.60384072615386,1631.9280329829214,1873.405300350412
brightness_contrast,increased_contrast,standard_conformal,0.05,hybrid,0.8,number_accepted,3,3,True,8247.333333333334,48.60384072615386,8126.594699649589,8368.07196701708
brightness_contrast,increased_contrast,standard_conformal,0.05,hybrid,0.8,selective_accuracy,3,3,True,0.9727167646598168,0.0008100768278660875,0.9707044222622996,0.9747291070573341
brightness_contrast,increased_contrast,standard_conformal,0.05,hybrid,0.8,selective_risk,3,3,True,0.027283235340183138,0.0008100768278660875,0.02527089294266591,0.029295577737700366
brightness_contrast,increased_contrast,standard_conformal,0.05,hybrid,0.9,abstention_rate,3,3,True,0.24563333333333334,0.007259017380701984,0.22760093450768043,0.26366573215898625
brightness_contrast,increased_contrast,standard_conformal,0.05,hybrid,0.9,acceptance_rate,3,3,True,0.7543666666666665,0.00725901738070196,0.7363342678410136,0.7723990654923194
brightness_contrast,increased_contrast,standard_conformal,0.05,hybrid,0.9,number_abstained,3,3,True,2456.3333333333335,72.59017380701974,2276.0093450768045,2636.6573215898625
brightness_contrast,increased_contrast,standard_conformal,0.05,hybrid,0.9,number_accepted,3,3,True,7543.666666666667,72.59017380701974,7363.342678410138,7723.9906549231955
brightness_contrast,increased_contrast,standard_conformal,0.05,hybrid,0.9,selective_accuracy,3,3,True,0.983736616428192,0.0009061195256717965,0.9814856907431173,0.9859875421132667
brightness_contrast,increased_contrast,standard_conformal,0.05,hybrid,0.9,selective_risk,3,3,True,0.016263383571808048,0.0009061195256717965,0.014012457886733417,0.018514309256882678
brightness_contrast,increased_contrast,standard_conformal,0.05,hybrid,0.95,abstention_rate,3,3,True,0.30549999999999994,0.012899224782908475,0.2734565492644325,0.33754345073556735
brightness_contrast,increased_contrast,standard_conformal,0.05,hybrid,0.95,acceptance_rate,3,3,True,0.6945,0.012899224782908433,0.6624565492644328,0.7265434507355673
brightness_contrast,increased_contrast,standard_conformal,0.05,hybrid,0.95,number_abstained,3,3,True,3055.0,128.99224782908468,2734.5654926443262,3375.4345073556738
brightness_contrast,increased_contrast,standard_conformal,0.05,hybrid,0.95,number_accepted,3,3,True,6945.0,128.99224782908468,6624.565492644326,7265.434507355674
brightness_contrast,increased_contrast,standard_conformal,0.05,hybrid,0.95,selective_accuracy,3,3,True,0.9901612317584115,4.2638166264883074e-05,0.990055312681633,0.99026715083519
brightness_contrast,increased_contrast,standard_conformal,0.05,hybrid,0.95,selective_risk,3,3,True,0.009838768241588433,4.2638166264883074e-05,0.009732849164809956,0.00994468731836691
brightness_contrast,increased_contrast,standard_conformal,0.05,singleton_conformal,,abstention_rate,3,3,True,0.09003333333333334,0.005542863279328952,0.07626409763007619,0.10380256903659049
brightness_contrast,increased_contrast,standard_conformal,0.05,singleton_conformal,,acceptance_rate,3,3,True,0.9099666666666667,0.005542863279328962,0.8961974309634095,0.9237359023699239
brightness_contrast,increased_contrast,standard_conformal,0.05,singleton_conformal,,number_abstained,3,3,True,900.3333333333334,55.428632793289545,762.6409763007618,1038.025690365905
brightness_contrast,increased_contrast,standard_conformal,0.05,singleton_conformal,,number_accepted,3,3,True,9099.666666666666,55.428632793289545,8961.974309634095,9237.359023699237
brightness_contrast,increased_contrast,standard_conformal,0.05,singleton_conformal,,selective_accuracy,3,3,True,0.9450904799696908,0.0009398501680880606,0.9427557627237483,0.9474251972156332
brightness_contrast,increased_contrast,standard_conformal,0.05,singleton_conformal,,selective_risk,3,3,True,0.054909520030309245,0.0009398501680880606,0.052574802784366804,0.057244237276251685
brightness_contrast,increased_contrast,standard_conformal,0.05,,,average_set_size,3,3,True,1.0902666666666667,0.005946707772653048,1.0754942256278606,1.1050391077054729
brightness_contrast,increased_contrast,standard_conformal,0.05,,,coverage_gap,3,3,True,-0.006733333333333295,0.0004509249752822972,-0.007853493069602134,-0.005613173597064455
brightness_contrast,increased_contrast,standard_conformal,0.05,,,empirical_coverage,3,3,True,0.9432666666666666,0.0004509249752822972,0.9421465069303977,0.9443868264029355
brightness_contrast,increased_contrast,standard_conformal,0.05,,,empty_set_rate,3,3,True,0.0002666666666666667,0.00020816659994661328,-0.00025044783458755954,0.0007837811679208929
brightness_contrast,increased_contrast,standard_conformal,0.05,,,median_set_size,3,3,True,1.0,0.0,1.0,1.0
brightness_contrast,increased_contrast,standard_conformal,0.05,,,multiclass_set_rate,3,3,True,0.08976666666666666,0.005750072463311508,0.07548269481525743,0.10405063851807589
brightness_contrast,increased_contrast,standard_conformal,0.05,,,singleton_set_rate,3,3,True,0.9099666666666667,0.005542863279328962,0.8961974309634095,0.9237359023699239
brightness_contrast,increased_contrast,standard_conformal,0.05,,,worst_class_coverage,3,3,True,0.832,0.007000000000000007,0.8146110360177476,0.8493889639822523
brightness_contrast,increased_contrast,standard_conformal,0.1,hybrid,0.5,abstention_rate,3,3,True,0.04016666666666667,0.003594903800289146,0.031236430566253824,0.049096902767079516
brightness_contrast,increased_contrast,standard_conformal,0.1,hybrid,0.5,acceptance_rate,3,3,True,0.9598333333333334,0.0035949038002891487,0.9509030972329205,0.9687635694337463
brightness_contrast,increased_contrast,standard_conformal,0.1,hybrid,0.5,number_abstained,3,3,True,401.6666666666667,35.94903800289144,312.3643056625383,490.96902767079507
brightness_contrast,increased_contrast,standard_conformal,0.1,hybrid,0.5,number_accepted,3,3,True,9598.333333333334,35.94903800289145,9509.030972329205,9687.635694337463
brightness_contrast,increased_contrast,standard_conformal,0.1,hybrid,0.5,selective_accuracy,3,3,True,0.9294448571066919,0.00519858400866723,0.9165308585230594,0.9423588556903244
brightness_contrast,increased_contrast,standard_conformal,0.1,hybrid,0.5,selective_risk,3,3,True,0.07055514289330818,0.00519858400866723,0.05764114430967571,0.08346914147694065
brightness_contrast,increased_contrast,standard_conformal,0.1,hybrid,0.6,abstention_rate,3,3,True,0.0741,0.0025514701644346145,0.06776179674412215,0.08043820325587785
brightness_contrast,increased_contrast,standard_conformal,0.1,hybrid,0.6,acceptance_rate,3,3,True,0.9259,0.002551470164434564,0.9195617967441222,0.9322382032558777
brightness_contrast,increased_contrast,standard_conformal,0.1,hybrid,0.6,number_abstained,3,3,True,741.0,25.514701644346147,677.6179674412216,804.3820325587784
brightness_contrast,increased_contrast,standard_conformal,0.1,hybrid,0.6,number_accepted,3,3,True,9259.0,25.514701644346147,9195.617967441221,9322.382032558779
brightness_contrast,increased_contrast,standard_conformal,0.1,hybrid,0.6,selective_accuracy,3,3,True,0.9427576961343714,0.0014604747546794253,0.939129675719213,0.9463857165495299
brightness_contrast,increased_contrast,standard_conformal,0.1,hybrid,0.6,selective_risk,3,3,True,0.05724230386562856,0.0014604747546794253,0.05361428345047009,0.060870324280787036
brightness_contrast,increased_contrast,standard_conformal,0.1,hybrid,0.7,abstention_rate,3,3,True,0.12343333333333334,0.0037634204300520764,0.11408447871786934,0.13278218794879734
brightness_contrast,increased_contrast,standard_conformal,0.1,hybrid,0.7,acceptance_rate,3,3,True,0.8765666666666667,0.003763420430052049,0.8672178120512027,0.8859155212821307
brightness_contrast,increased_contrast,standard_conformal,0.1,hybrid,0.7,number_abstained,3,3,True,1234.3333333333333,37.634204300520736,1140.8447871786932,1327.8218794879733
brightness_contrast,increased_contrast,standard_conformal,0.1,hybrid,0.7,number_accepted,3,3,True,8765.666666666666,37.634204300520736,8672.178120512026,8859.155212821306
brightness_contrast,increased_contrast,standard_conformal,0.1,hybrid,0.7,selective_accuracy,3,3,True,0.9599946356480693,0.00029001163948324756,0.9592742067975825,0.9607150644985561
brightness_contrast,increased_contrast,standard_conformal,0.1,hybrid,0.7,selective_risk,3,3,True,0.04000536435193066,0.00029001163948324756,0.03928493550144378,0.04072579320241754
brightness_contrast,increased_contrast,standard_conformal,0.1,hybrid,0.8,abstention_rate,3,3,True,0.17526666666666668,0.0048603840726153865,0.16319280329829214,0.18734053003504123
brightness_contrast,increased_contrast,standard_conformal,0.1,hybrid,0.8,acceptance_rate,3,3,True,0.8247333333333334,0.0048603840726154195,0.8126594699649589,0.836807196701708
brightness_contrast,increased_contrast,standard_conformal,0.1,hybrid,0.8,number_abstained,3,3,True,1752.6666666666667,48.60384072615386,1631.9280329829214,1873.405300350412
brightness_contrast,increased_contrast,standard_conformal,0.1,hybrid,0.8,number_accepted,3,3,True,8247.333333333334,48.60384072615386,8126.594699649589,8368.07196701708
brightness_contrast,increased_contrast,standard_conformal,0.1,hybrid,0.8,selective_accuracy,3,3,True,0.9727167646598168,0.0008100768278660875,0.9707044222622996,0.9747291070573341
brightness_contrast,increased_contrast,standard_conformal,0.1,hybrid,0.8,selective_risk,3,3,True,0.027283235340183138,0.0008100768278660875,0.02527089294266591,0.029295577737700366
brightness_contrast,increased_contrast,standard_conformal,0.1,hybrid,0.9,abstention_rate,3,3,True,0.24563333333333334,0.007259017380701984,0.22760093450768043,0.26366573215898625
brightness_contrast,increased_contrast,standard_conformal,0.1,hybrid,0.9,acceptance_rate,3,3,True,0.7543666666666665,0.00725901738070196,0.7363342678410136,0.7723990654923194
brightness_contrast,increased_contrast,standard_conformal,0.1,hybrid,0.9,number_abstained,3,3,True,2456.3333333333335,72.59017380701974,2276.0093450768045,2636.6573215898625
brightness_contrast,increased_contrast,standard_conformal,0.1,hybrid,0.9,number_accepted,3,3,True,7543.666666666667,72.59017380701974,7363.342678410138,7723.9906549231955
brightness_contrast,increased_contrast,standard_conformal,0.1,hybrid,0.9,selective_accuracy,3,3,True,0.983736616428192,0.0009061195256717965,0.9814856907431173,0.9859875421132667
brightness_contrast,increased_contrast,standard_conformal,0.1,hybrid,0.9,selective_risk,3,3,True,0.016263383571808048,0.0009061195256717965,0.014012457886733417,0.018514309256882678
brightness_contrast,increased_contrast,standard_conformal,0.1,hybrid,0.95,abstention_rate,3,3,True,0.30549999999999994,0.012899224782908475,0.2734565492644325,0.33754345073556735
brightness_contrast,increased_contrast,standard_conformal,0.1,hybrid,0.95,acceptance_rate,3,3,True,0.6945,0.012899224782908433,0.6624565492644328,0.7265434507355673
brightness_contrast,increased_contrast,standard_conformal,0.1,hybrid,0.95,number_abstained,3,3,True,3055.0,128.99224782908468,2734.5654926443262,3375.4345073556738
brightness_contrast,increased_contrast,standard_conformal,0.1,hybrid,0.95,number_accepted,3,3,True,6945.0,128.99224782908468,6624.565492644326,7265.434507355674
brightness_contrast,increased_contrast,standard_conformal,0.1,hybrid,0.95,selective_accuracy,3,3,True,0.9901612317584115,4.2638166264883074e-05,0.990055312681633,0.99026715083519
brightness_contrast,increased_contrast,standard_conformal,0.1,hybrid,0.95,selective_risk,3,3,True,0.009838768241588433,4.2638166264883074e-05,0.009732849164809956,0.00994468731836691
brightness_contrast,increased_contrast,standard_conformal,0.1,singleton_conformal,,abstention_rate,3,3,True,0.04016666666666667,0.003594903800289146,0.031236430566253824,0.049096902767079516
brightness_contrast,increased_contrast,standard_conformal,0.1,singleton_conformal,,acceptance_rate,3,3,True,0.9598333333333334,0.0035949038002891487,0.9509030972329205,0.9687635694337463
brightness_contrast,increased_contrast,standard_conformal,0.1,singleton_conformal,,number_abstained,3,3,True,401.6666666666667,35.94903800289144,312.3643056625383,490.96902767079507
brightness_contrast,increased_contrast,standard_conformal,0.1,singleton_conformal,,number_accepted,3,3,True,9598.333333333334,35.94903800289145,9509.030972329205,9687.635694337463
brightness_contrast,increased_contrast,standard_conformal,0.1,singleton_conformal,,selective_accuracy,3,3,True,0.9294448571066919,0.00519858400866723,0.9165308585230594,0.9423588556903244
brightness_contrast,increased_contrast,standard_conformal,0.1,singleton_conformal,,selective_risk,3,3,True,0.07055514289330818,0.00519858400866723,0.05764114430967571,0.08346914147694065
brightness_contrast,increased_contrast,standard_conformal,0.1,,,average_set_size,3,3,True,0.9598333333333334,0.0035949038002891487,0.9509030972329205,0.9687635694337463
brightness_contrast,increased_contrast,standard_conformal,0.1,,,coverage_gap,3,3,True,-0.007900000000000018,0.0018681541692269546,-0.012540752223140304,-0.0032592477768597318
brightness_contrast,increased_contrast,standard_conformal,0.1,,,empirical_coverage,3,3,True,0.8921,0.0018681541692269546,0.8874592477768597,0.8967407522231403
brightness_contrast,increased_contrast,standard_conformal,0.1,,,empty_set_rate,3,3,True,0.04016666666666667,0.003594903800289146,0.031236430566253824,0.049096902767079516
brightness_contrast,increased_contrast,standard_conformal,0.1,,,median_set_size,3,3,True,1.0,0.0,1.0,1.0
brightness_contrast,increased_contrast,standard_conformal,0.1,,,multiclass_set_rate,3,3,True,0.0,0.0,0.0,0.0
brightness_contrast,increased_contrast,standard_conformal,0.1,,,singleton_set_rate,3,3,True,0.9598333333333334,0.0035949038002891487,0.9509030972329205,0.9687635694337463
brightness_contrast,increased_contrast,standard_conformal,0.1,,,worst_class_coverage,3,3,True,0.6756666666666667,0.013051181300301274,0.6432457350156976,0.7080875983176359
brightness_contrast,increased_contrast,standard_conformal,0.2,hybrid,0.5,abstention_rate,3,3,True,0.18543333333333334,0.005331353799302149,0.17218951630580348,0.1986771503608632
brightness_contrast,increased_contrast,standard_conformal,0.2,hybrid,0.5,acceptance_rate,3,3,True,0.8145666666666668,0.0053313537993021675,0.8013228496391369,0.8278104836941966
brightness_contrast,increased_contrast,standard_conformal,0.2,hybrid,0.5,number_abstained,3,3,True,1854.3333333333333,53.31353799302137,1721.895163058035,1986.7715036086315
brightness_contrast,increased_contrast,standard_conformal,0.2,hybrid,0.5,number_accepted,3,3,True,8145.666666666667,53.31353799302137,8013.228496391369,8278.104836941966
brightness_contrast,increased_contrast,standard_conformal,0.2,hybrid,0.5,selective_accuracy,3,3,True,0.9748026487919446,0.0024341827906158514,0.9687558035244821,0.980849494059407
brightness_contrast,increased_contrast,standard_conformal,0.2,hybrid,0.5,selective_risk,3,3,True,0.025197351208055403,0.0024341827906158514,0.019150505940592907,0.031244196475517898
brightness_contrast,increased_contrast,standard_conformal,0.2,hybrid,0.6,abstention_rate,3,3,True,0.18543333333333334,0.005331353799302149,0.17218951630580348,0.1986771503608632
brightness_contrast,increased_contrast,standard_conformal,0.2,hybrid,0.6,acceptance_rate,3,3,True,0.8145666666666668,0.0053313537993021675,0.8013228496391369,0.8278104836941966
brightness_contrast,increased_contrast,standard_conformal,0.2,hybrid,0.6,number_abstained,3,3,True,1854.3333333333333,53.31353799302137,1721.895163058035,1986.7715036086315
brightness_contrast,increased_contrast,standard_conformal,0.2,hybrid,0.6,number_accepted,3,3,True,8145.666666666667,53.31353799302137,8013.228496391369,8278.104836941966
brightness_contrast,increased_contrast,standard_conformal,0.2,hybrid,0.6,selective_accuracy,3,3,True,0.9748026487919446,0.0024341827906158514,0.9687558035244821,0.980849494059407
brightness_contrast,increased_contrast,standard_conformal,0.2,hybrid,0.6,selective_risk,3,3,True,0.025197351208055403,0.0024341827906158514,0.019150505940592907,0.031244196475517898
brightness_contrast,increased_contrast,standard_conformal,0.2,hybrid,0.7,abstention_rate,3,3,True,0.18543333333333334,0.005331353799302149,0.17218951630580348,0.1986771503608632
brightness_contrast,increased_contrast,standard_conformal,0.2,hybrid,0.7,acceptance_rate,3,3,True,0.8145666666666668,0.0053313537993021675,0.8013228496391369,0.8278104836941966
brightness_contrast,increased_contrast,standard_conformal,0.2,hybrid,0.7,number_abstained,3,3,True,1854.3333333333333,53.31353799302137,1721.895163058035,1986.7715036086315
brightness_contrast,increased_contrast,standard_conformal,0.2,hybrid,0.7,number_accepted,3,3,True,8145.666666666667,53.31353799302137,8013.228496391369,8278.104836941966
brightness_contrast,increased_contrast,standard_conformal,0.2,hybrid,0.7,selective_accuracy,3,3,True,0.9748026487919446,0.0024341827906158514,0.9687558035244821,0.980849494059407
brightness_contrast,increased_contrast,standard_conformal,0.2,hybrid,0.7,selective_risk,3,3,True,0.025197351208055403,0.0024341827906158514,0.019150505940592907,0.031244196475517898
brightness_contrast,increased_contrast,standard_conformal,0.2,hybrid,0.8,abstention_rate,3,3,True,0.18543333333333334,0.005331353799302149,0.17218951630580348,0.1986771503608632
brightness_contrast,increased_contrast,standard_conformal,0.2,hybrid,0.8,acceptance_rate,3,3,True,0.8145666666666668,0.0053313537993021675,0.8013228496391369,0.8278104836941966
brightness_contrast,increased_contrast,standard_conformal,0.2,hybrid,0.8,number_abstained,3,3,True,1854.3333333333333,53.31353799302137,1721.895163058035,1986.7715036086315
brightness_contrast,increased_contrast,standard_conformal,0.2,hybrid,0.8,number_accepted,3,3,True,8145.666666666667,53.31353799302137,8013.228496391369,8278.104836941966
brightness_contrast,increased_contrast,standard_conformal,0.2,hybrid,0.8,selective_accuracy,3,3,True,0.9748026487919446,0.0024341827906158514,0.9687558035244821,0.980849494059407
brightness_contrast,increased_contrast,standard_conformal,0.2,hybrid,0.8,selective_risk,3,3,True,0.025197351208055403,0.0024341827906158514,0.019150505940592907,0.031244196475517898
brightness_contrast,increased_contrast,standard_conformal,0.2,hybrid,0.9,abstention_rate,3,3,True,0.24563333333333334,0.007259017380701984,0.22760093450768043,0.26366573215898625
brightness_contrast,increased_contrast,standard_conformal,0.2,hybrid,0.9,acceptance_rate,3,3,True,0.7543666666666665,0.00725901738070196,0.7363342678410136,0.7723990654923194
brightness_contrast,increased_contrast,standard_conformal,0.2,hybrid,0.9,number_abstained,3,3,True,2456.3333333333335,72.59017380701974,2276.0093450768045,2636.6573215898625
brightness_contrast,increased_contrast,standard_conformal,0.2,hybrid,0.9,number_accepted,3,3,True,7543.666666666667,72.59017380701974,7363.342678410138,7723.9906549231955
brightness_contrast,increased_contrast,standard_conformal,0.2,hybrid,0.9,selective_accuracy,3,3,True,0.983736616428192,0.0009061195256717965,0.9814856907431173,0.9859875421132667
brightness_contrast,increased_contrast,standard_conformal,0.2,hybrid,0.9,selective_risk,3,3,True,0.016263383571808048,0.0009061195256717965,0.014012457886733417,0.018514309256882678
brightness_contrast,increased_contrast,standard_conformal,0.2,hybrid,0.95,abstention_rate,3,3,True,0.30549999999999994,0.012899224782908475,0.2734565492644325,0.33754345073556735
brightness_contrast,increased_contrast,standard_conformal,0.2,hybrid,0.95,acceptance_rate,3,3,True,0.6945,0.012899224782908433,0.6624565492644328,0.7265434507355673
brightness_contrast,increased_contrast,standard_conformal,0.2,hybrid,0.95,number_abstained,3,3,True,3055.0,128.99224782908468,2734.5654926443262,3375.4345073556738
brightness_contrast,increased_contrast,standard_conformal,0.2,hybrid,0.95,number_accepted,3,3,True,6945.0,128.99224782908468,6624.565492644326,7265.434507355674
brightness_contrast,increased_contrast,standard_conformal,0.2,hybrid,0.95,selective_accuracy,3,3,True,0.9901612317584115,4.2638166264883074e-05,0.990055312681633,0.99026715083519
brightness_contrast,increased_contrast,standard_conformal,0.2,hybrid,0.95,selective_risk,3,3,True,0.009838768241588433,4.2638166264883074e-05,0.009732849164809956,0.00994468731836691
brightness_contrast,increased_contrast,standard_conformal,0.2,singleton_conformal,,abstention_rate,3,3,True,0.18543333333333334,0.005331353799302149,0.17218951630580348,0.1986771503608632
brightness_contrast,increased_contrast,standard_conformal,0.2,singleton_conformal,,acceptance_rate,3,3,True,0.8145666666666668,0.0053313537993021675,0.8013228496391369,0.8278104836941966
brightness_contrast,increased_contrast,standard_conformal,0.2,singleton_conformal,,number_abstained,3,3,True,1854.3333333333333,53.31353799302137,1721.895163058035,1986.7715036086315
brightness_contrast,increased_contrast,standard_conformal,0.2,singleton_conformal,,number_accepted,3,3,True,8145.666666666667,53.31353799302137,8013.228496391369,8278.104836941966
brightness_contrast,increased_contrast,standard_conformal,0.2,singleton_conformal,,selective_accuracy,3,3,True,0.9748026487919446,0.0024341827906158514,0.9687558035244821,0.980849494059407
brightness_contrast,increased_contrast,standard_conformal,0.2,singleton_conformal,,selective_risk,3,3,True,0.025197351208055403,0.0024341827906158514,0.019150505940592907,0.031244196475517898
brightness_contrast,increased_contrast,standard_conformal,0.2,,,average_set_size,3,3,True,0.8145666666666668,0.0053313537993021675,0.8013228496391369,0.8278104836941966
brightness_contrast,increased_contrast,standard_conformal,0.2,,,coverage_gap,3,3,True,-0.005966666666666713,0.0033005050118630587,-0.014165575634456709,0.0022322423011232823
brightness_contrast,increased_contrast,standard_conformal,0.2,,,empirical_coverage,3,3,True,0.7940333333333333,0.0033005050118630587,0.7858344243655433,0.8022322423011232
brightness_contrast,increased_contrast,standard_conformal,0.2,,,empty_set_rate,3,3,True,0.18543333333333334,0.005331353799302149,0.17218951630580348,0.1986771503608632
brightness_contrast,increased_contrast,standard_conformal,0.2,,,median_set_size,3,3,True,1.0,0.0,1.0,1.0
brightness_contrast,increased_contrast,standard_conformal,0.2,,,multiclass_set_rate,3,3,True,0.0,0.0,0.0,0.0
brightness_contrast,increased_contrast,standard_conformal,0.2,,,singleton_set_rate,3,3,True,0.8145666666666668,0.0053313537993021675,0.8013228496391369,0.8278104836941966
brightness_contrast,increased_contrast,standard_conformal,0.2,,,worst_class_coverage,3,3,True,0.4406666666666667,0.02413158373031771,0.3807204894779238,0.5006128438554096
brightness_contrast,increased_contrast,temperature_scaled,,confidence_threshold,0.5,abstention_rate,3,3,True,0.027200000000000002,0.002193171219946131,0.02175186066420634,0.03264813933579366
brightness_contrast,increased_contrast,temperature_scaled,,confidence_threshold,0.5,acceptance_rate,3,3,True,0.9728,0.0021931712199461197,0.9673518606642064,0.9782481393357936
brightness_contrast,increased_contrast,temperature_scaled,,confidence_threshold,0.5,number_abstained,3,3,True,272.0,21.93171219946131,217.5186066420634,326.4813933579366
brightness_contrast,increased_contrast,temperature_scaled,,confidence_threshold,0.5,number_accepted,3,3,True,9728.0,21.93171219946131,9673.518606642063,9782.481393357937
brightness_contrast,increased_contrast,temperature_scaled,,confidence_threshold,0.5,selective_accuracy,3,3,True,0.9242102258589453,0.004613082003269605,0.9127506948872265,0.9356697568306641
brightness_contrast,increased_contrast,temperature_scaled,,confidence_threshold,0.5,selective_risk,3,3,True,0.0757897741410547,0.004613082003269605,0.06433024316933592,0.08724930511277348
brightness_contrast,increased_contrast,temperature_scaled,,confidence_threshold,0.6,abstention_rate,3,3,True,0.0741,0.0025514701644346145,0.06776179674412215,0.08043820325587785
brightness_contrast,increased_contrast,temperature_scaled,,confidence_threshold,0.6,acceptance_rate,3,3,True,0.9259,0.002551470164434564,0.9195617967441222,0.9322382032558777
brightness_contrast,increased_contrast,temperature_scaled,,confidence_threshold,0.6,number_abstained,3,3,True,741.0,25.514701644346147,677.6179674412216,804.3820325587784
brightness_contrast,increased_contrast,temperature_scaled,,confidence_threshold,0.6,number_accepted,3,3,True,9259.0,25.514701644346147,9195.617967441221,9322.382032558779
brightness_contrast,increased_contrast,temperature_scaled,,confidence_threshold,0.6,selective_accuracy,3,3,True,0.9427576961343714,0.0014604747546794253,0.939129675719213,0.9463857165495299
brightness_contrast,increased_contrast,temperature_scaled,,confidence_threshold,0.6,selective_risk,3,3,True,0.05724230386562856,0.0014604747546794253,0.05361428345047009,0.060870324280787036
brightness_contrast,increased_contrast,temperature_scaled,,confidence_threshold,0.7,abstention_rate,3,3,True,0.12343333333333334,0.0037634204300520764,0.11408447871786934,0.13278218794879734
brightness_contrast,increased_contrast,temperature_scaled,,confidence_threshold,0.7,acceptance_rate,3,3,True,0.8765666666666667,0.003763420430052049,0.8672178120512027,0.8859155212821307
brightness_contrast,increased_contrast,temperature_scaled,,confidence_threshold,0.7,number_abstained,3,3,True,1234.3333333333333,37.634204300520736,1140.8447871786932,1327.8218794879733
brightness_contrast,increased_contrast,temperature_scaled,,confidence_threshold,0.7,number_accepted,3,3,True,8765.666666666666,37.634204300520736,8672.178120512026,8859.155212821306
brightness_contrast,increased_contrast,temperature_scaled,,confidence_threshold,0.7,selective_accuracy,3,3,True,0.9599946356480693,0.00029001163948324756,0.9592742067975825,0.9607150644985561
brightness_contrast,increased_contrast,temperature_scaled,,confidence_threshold,0.7,selective_risk,3,3,True,0.04000536435193066,0.00029001163948324756,0.03928493550144378,0.04072579320241754
brightness_contrast,increased_contrast,temperature_scaled,,confidence_threshold,0.8,abstention_rate,3,3,True,0.17526666666666668,0.0048603840726153865,0.16319280329829214,0.18734053003504123
brightness_contrast,increased_contrast,temperature_scaled,,confidence_threshold,0.8,acceptance_rate,3,3,True,0.8247333333333334,0.0048603840726154195,0.8126594699649589,0.836807196701708
brightness_contrast,increased_contrast,temperature_scaled,,confidence_threshold,0.8,number_abstained,3,3,True,1752.6666666666667,48.60384072615386,1631.9280329829214,1873.405300350412
brightness_contrast,increased_contrast,temperature_scaled,,confidence_threshold,0.8,number_accepted,3,3,True,8247.333333333334,48.60384072615386,8126.594699649589,8368.07196701708
brightness_contrast,increased_contrast,temperature_scaled,,confidence_threshold,0.8,selective_accuracy,3,3,True,0.9727167646598168,0.0008100768278660875,0.9707044222622996,0.9747291070573341
brightness_contrast,increased_contrast,temperature_scaled,,confidence_threshold,0.8,selective_risk,3,3,True,0.027283235340183138,0.0008100768278660875,0.02527089294266591,0.029295577737700366
brightness_contrast,increased_contrast,temperature_scaled,,confidence_threshold,0.9,abstention_rate,3,3,True,0.24563333333333334,0.007259017380701984,0.22760093450768043,0.26366573215898625
brightness_contrast,increased_contrast,temperature_scaled,,confidence_threshold,0.9,acceptance_rate,3,3,True,0.7543666666666665,0.00725901738070196,0.7363342678410136,0.7723990654923194
brightness_contrast,increased_contrast,temperature_scaled,,confidence_threshold,0.9,number_abstained,3,3,True,2456.3333333333335,72.59017380701974,2276.0093450768045,2636.6573215898625
brightness_contrast,increased_contrast,temperature_scaled,,confidence_threshold,0.9,number_accepted,3,3,True,7543.666666666667,72.59017380701974,7363.342678410138,7723.9906549231955
brightness_contrast,increased_contrast,temperature_scaled,,confidence_threshold,0.9,selective_accuracy,3,3,True,0.983736616428192,0.0009061195256717965,0.9814856907431173,0.9859875421132667
brightness_contrast,increased_contrast,temperature_scaled,,confidence_threshold,0.9,selective_risk,3,3,True,0.016263383571808048,0.0009061195256717965,0.014012457886733417,0.018514309256882678
brightness_contrast,increased_contrast,temperature_scaled,,confidence_threshold,0.95,abstention_rate,3,3,True,0.30549999999999994,0.012899224782908475,0.2734565492644325,0.33754345073556735
brightness_contrast,increased_contrast,temperature_scaled,,confidence_threshold,0.95,acceptance_rate,3,3,True,0.6945,0.012899224782908433,0.6624565492644328,0.7265434507355673
brightness_contrast,increased_contrast,temperature_scaled,,confidence_threshold,0.95,number_abstained,3,3,True,3055.0,128.99224782908468,2734.5654926443262,3375.4345073556738
brightness_contrast,increased_contrast,temperature_scaled,,confidence_threshold,0.95,number_accepted,3,3,True,6945.0,128.99224782908468,6624.565492644326,7265.434507355674
brightness_contrast,increased_contrast,temperature_scaled,,confidence_threshold,0.95,selective_accuracy,3,3,True,0.9901612317584115,4.2638166264883074e-05,0.990055312681633,0.99026715083519
brightness_contrast,increased_contrast,temperature_scaled,,confidence_threshold,0.95,selective_risk,3,3,True,0.009838768241588433,4.2638166264883074e-05,0.009732849164809956,0.00994468731836691
brightness_contrast,increased_contrast,temperature_scaled,,,,accuracy_confidence_gap,3,3,True,-0.004735884741942087,0.0017666825497554394,-0.009124567488480803,-0.00034720199540337095
brightness_contrast,increased_contrast,temperature_scaled,,,,brier_score,3,3,True,0.129819025555075,0.0033749048012817187,0.12143529726464382,0.13820275384550618
brightness_contrast,increased_contrast,temperature_scaled,,,,expected_calibration_error,3,3,True,0.008396919423341734,0.0006021807877555653,0.006901019419186613,0.009892819427496855
brightness_contrast,increased_contrast,temperature_scaled,,,,maximum_calibration_error,3,3,True,0.2700142419586579,0.13154048293626475,-0.05675043232516813,0.5967789162424839
brightness_contrast,increased_contrast,temperature_scaled,,,,mean_confidence,3,3,True,0.9150692180752754,0.0018549515474521826,0.9104612629827799,0.919677173167771
brightness_contrast,increased_contrast,temperature_scaled,,,,negative_log_likelihood,3,3,True,0.25132958505975983,0.004560229036961127,0.2400013481348258,0.26265782198469384
brightness_contrast,mild_brightness,class_conditional_conformal,0.05,,,average_set_size,3,3,True,1.1812,0.004912229636326071,1.168997345111625,1.1934026548883752
brightness_contrast,mild_brightness,class_conditional_conformal,0.05,,,coverage_gap,3,3,True,-0.0034333333333332883,0.0009018499505645904,-0.005673652805870958,-0.0011930138607956185
brightness_contrast,mild_brightness,class_conditional_conformal,0.05,,,empirical_coverage,3,3,True,0.9465666666666667,0.0009018499505645904,0.944326347194129,0.9488069861392043
brightness_contrast,mild_brightness,class_conditional_conformal,0.05,,,empty_set_rate,3,3,True,0.01796666666666667,0.0024193663082165404,0.011956627581887789,0.02397670575144555
brightness_contrast,mild_brightness,class_conditional_conformal,0.05,,,median_set_size,3,3,True,1.0,0.0,1.0,1.0
brightness_contrast,mild_brightness,class_conditional_conformal,0.05,,,multiclass_set_rate,3,3,True,0.1766,0.0037242448899072133,0.16734846282118804,0.18585153717881198
brightness_contrast,mild_brightness,class_conditional_conformal,0.05,,,singleton_set_rate,3,3,True,0.8054333333333332,0.0013051181300300888,0.8021912401682364,0.80867542649843
brightness_contrast,mild_brightness,class_conditional_conformal,0.05,,,worst_class_coverage,3,3,True,0.9326666666666666,0.004932882862316252,0.9204127063207399,0.9449206270125934
brightness_contrast,mild_brightness,class_conditional_conformal,0.1,,,average_set_size,3,3,True,1.0043,0.003119294792096439,0.9965512421728868,1.0120487578271131
brightness_contrast,mild_brightness,class_conditional_conformal,0.1,,,coverage_gap,3,3,True,-0.017100000000000042,0.00235796522451029,-0.02295751033720189,-0.011242489662798196
brightness_contrast,mild_brightness,class_conditional_conformal,0.1,,,empirical_coverage,3,3,True,0.8828999999999999,0.00235796522451029,0.8770424896627981,0.8887575103372017
brightness_contrast,mild_brightness,class_conditional_conformal,0.1,,,empty_set_rate,3,3,True,0.06306666666666666,0.0005033222956847172,0.0618163447707915,0.06431698856254181
brightness_contrast,mild_brightness,class_conditional_conformal,0.1,,,median_set_size,3,3,True,1.0,0.0,1.0,1.0
brightness_contrast,mild_brightness,class_conditional_conformal,0.1,,,multiclass_set_rate,3,3,True,0.06723333333333333,0.0030005555041247526,0.059779540249337,0.07468712641732965
brightness_contrast,mild_brightness,class_conditional_conformal,0.1,,,singleton_set_rate,3,3,True,0.8696999999999999,0.002847806173179654,0.862625657289449,0.8767743427105509
brightness_contrast,mild_brightness,class_conditional_conformal,0.1,,,worst_class_coverage,3,3,True,0.844,0.002645751311064593,0.8374275893922716,0.8505724106077284
brightness_contrast,mild_brightness,class_conditional_conformal,0.2,,,average_set_size,3,3,True,0.7931333333333334,0.0076291109136866885,0.7741815712055182,0.8120850954611485
brightness_contrast,mild_brightness,class_conditional_conformal,0.2,,,coverage_gap,3,3,True,-0.05600000000000005,0.0038999999999999547,-0.06568813707582623,-0.04631186292417387
brightness_contrast,mild_brightness,class_conditional_conformal,0.2,,,empirical_coverage,3,3,True,0.7440000000000001,0.0038999999999999547,0.7343118629241739,0.7536881370758263
brightness_contrast,mild_brightness,class_conditional_conformal,0.2,,,empty_set_rate,3,3,True,0.20803333333333332,0.00835304335756336,0.1872832233209246,0.22878344334574205
brightness_contrast,mild_brightness,class_conditional_conformal,0.2,,,median_set_size,3,3,True,1.0,0.0,1.0,1.0
brightness_contrast,mild_brightness,class_conditional_conformal,0.2,,,multiclass_set_rate,3,3,True,0.0011666666666666668,0.0008736894948054105,-0.0010036983557395473,0.003337031689072881
brightness_contrast,mild_brightness,class_conditional_conformal,0.2,,,singleton_set_rate,3,3,True,0.7908,0.009103296106356231,0.7681861588409705,0.8134138411590294
brightness_contrast,mild_brightness,class_conditional_conformal,0.2,,,worst_class_coverage,3,3,True,0.6236666666666667,0.018009256878986815,0.5789291924929765,0.6684041408403569
brightness_contrast,mild_brightness,raw_softmax,,,,accuracy,3,3,True,0.9107666666666666,0.004760602202803035,0.8989406752040419,0.9225926581292914
brightness_contrast,mild_brightness,raw_softmax,,,,accuracy_confidence_gap,3,3,True,-0.012001700623830177,0.004315733368464907,-0.022722576638293135,-0.0012808246093672197
brightness_contrast,mild_brightness,raw_softmax,,,,brier_score,3,3,True,0.12959270152213123,0.005178947974436649,0.11672748155164017,0.1424579214926223
brightness_contrast,mild_brightness,raw_softmax,,,,evaluation_seconds,3,3,True,6.269735266667946,0.3608196420002415,5.373409586834893,7.166060946500999
brightness_contrast,mild_brightness,raw_softmax,,,,expected_calibration_error,3,3,True,0.013401040899753596,0.003562104416737489,0.0045522829849435845,0.022249798814563605
brightness_contrast,mild_brightness,raw_softmax,,,,macro_f1,3,3,True,0.9099935060223542,0.004910624906960277,0.8977948375027137,0.9221921745419946
brightness_contrast,mild_brightness,raw_softmax,,,,maximum_calibration_error,3,3,True,0.19024194169927525,0.0969305549713367,-0.05054690532591069,0.4310307887244612
brightness_contrast,mild_brightness,raw_softmax,,,,mean_confidence,3,3,True,0.9227683672904968,0.008908416696113301,0.9006386334236955,0.9448981011572981
brightness_contrast,mild_brightness,raw_softmax,,,,mean_inference_seconds_per_image,3,3,True,0.0006269735266667946,3.608196420002411e-05,0.0005373409586834893,0.0007166060946500998
brightness_contrast,mild_brightness,raw_softmax,,,,negative_log_likelihood,3,3,True,0.25248564860827516,0.006009054191506683,0.23755833047920202,0.2674129667373483
brightness_contrast,mild_brightness,raw_softmax,,,,sample_count,3,3,True,10000.0,0.0,10000.0,10000.0
brightness_contrast,mild_brightness,standard_conformal,0.05,hybrid,0.5,abstention_rate,3,3,True,0.10736666666666667,0.002311565126344771,0.1016244205631467,0.11310891277018663
brightness_contrast,mild_brightness,standard_conformal,0.05,hybrid,0.5,acceptance_rate,3,3,True,0.8926333333333334,0.0023115651263447994,0.8868910872298134,0.8983755794368534
brightness_contrast,mild_brightness,standard_conformal,0.05,hybrid,0.5,number_abstained,3,3,True,1073.6666666666667,23.115651263447745,1016.244205631467,1131.0891277018663
brightness_contrast,mild_brightness,standard_conformal,0.05,hybrid,0.5,number_accepted,3,3,True,8926.333333333334,23.115651263447745,8868.910872298135,8983.755794368533
brightness_contrast,mild_brightness,standard_conformal,0.05,hybrid,0.5,selective_accuracy,3,3,True,0.953502567100161,0.0033516537340825205,0.9451765976625978,0.9618285365377243
brightness_contrast,mild_brightness,standard_conformal,0.05,hybrid,0.5,selective_risk,3,3,True,0.04649743289983891,0.0033516537340825205,0.038171463462275707,0.05482340233740211
brightness_contrast,mild_brightness,standard_conformal,0.05,hybrid,0.6,abstention_rate,3,3,True,0.12146666666666667,0.0020502032419575733,0.11637367947656707,0.12655965385676626
brightness_contrast,mild_brightness,standard_conformal,0.05,hybrid,0.6,acceptance_rate,3,3,True,0.8785333333333334,0.002050203241957601,0.8734403461432337,0.883626320523433
brightness_contrast,mild_brightness,standard_conformal,0.05,hybrid,0.6,number_abstained,3,3,True,1214.6666666666667,20.50203241957571,1163.7367947656708,1265.5965385676627
brightness_contrast,mild_brightness,standard_conformal,0.05,hybrid,0.6,number_accepted,3,3,True,8785.333333333334,20.50203241957571,8734.403461432337,8836.26320523433
brightness_contrast,mild_brightness,standard_conformal,0.05,hybrid,0.6,selective_accuracy,3,3,True,0.9592859096395253,0.002939943085668046,0.9519826861500177,0.9665891331290329
brightness_contrast,mild_brightness,standard_conformal,0.05,hybrid,0.6,selective_risk,3,3,True,0.0407140903604748,0.002939943085668046,0.03341086687096717,0.048017313849982424
brightness_contrast,mild_brightness,standard_conformal,0.05,hybrid,0.7,abstention_rate,3,3,True,0.1453,0.003934463114581201,0.13552625180157818,0.15507374819842185
brightness_contrast,mild_brightness,standard_conformal,0.05,hybrid,0.7,acceptance_rate,3,3,True,0.8546999999999999,0.003934463114581156,0.8449262518015782,0.8644737481984216
brightness_contrast,mild_brightness,standard_conformal,0.05,hybrid,0.7,number_abstained,3,3,True,1453.0,39.344631145812,1355.2625180157818,1550.7374819842182
brightness_contrast,mild_brightness,standard_conformal,0.05,hybrid,0.7,number_accepted,3,3,True,8547.0,39.344631145812,8449.262518015781,8644.737481984219
brightness_contrast,mild_brightness,standard_conformal,0.05,hybrid,0.7,selective_accuracy,3,3,True,0.9655577612575549,0.0017536637362235,0.9612014190366731,0.9699141034784367
brightness_contrast,mild_brightness,standard_conformal,0.05,hybrid,0.7,selective_risk,3,3,True,0.03444223874244512,0.0017536637362235,0.03008589652156334,0.0387985809633269
brightness_contrast,mild_brightness,standard_conformal,0.05,hybrid,0.8,abstention_rate,3,3,True,0.19833333333333333,0.0057448527686384835,0.18406232792230517,0.2126043387443615
brightness_contrast,mild_brightness,standard_conformal,0.05,hybrid,0.8,acceptance_rate,3,3,True,0.8016666666666667,0.005744852768638499,0.7873956612556385,0.815937672077695
brightness_contrast,mild_brightness,standard_conformal,0.05,hybrid,0.8,number_abstained,3,3,True,1983.3333333333333,57.44852768638491,1840.6232792230517,2126.043387443615
brightness_contrast,mild_brightness,standard_conformal,0.05,hybrid,0.8,number_accepted,3,3,True,8016.666666666667,57.44852768638491,7873.956612556385,8159.376720776949
brightness_contrast,mild_brightness,standard_conformal,0.05,hybrid,0.8,selective_accuracy,3,3,True,0.977335737551342,0.001001622042977973,0.97484757046146,0.9798239046412239
brightness_contrast,mild_brightness,standard_conformal,0.05,hybrid,0.8,selective_risk,3,3,True,0.022664262448658046,0.001001622042977973,0.020176095358776052,0.02515242953854004
brightness_contrast,mild_brightness,standard_conformal,0.05,hybrid,0.9,abstention_rate,3,3,True,0.2782,0.008162720134857008,0.25792267908253796,0.29847732091746204
brightness_contrast,mild_brightness,standard_conformal,0.05,hybrid,0.9,acceptance_rate,3,3,True,0.7218,0.008162720134856975,0.7015226790825381,0.7420773209174619
brightness_contrast,mild_brightness,standard_conformal,0.05,hybrid,0.9,number_abstained,3,3,True,2782.0,81.62720134857007,2579.22679082538,2984.77320917462
brightness_contrast,mild_brightness,standard_conformal,0.05,hybrid,0.9,number_accepted,3,3,True,7218.0,81.62720134857007,7015.22679082538,7420.77320917462
brightness_contrast,mild_brightness,standard_conformal,0.05,hybrid,0.9,selective_accuracy,3,3,True,0.9872068735575762,0.0006432534944562334,0.9856089432937822,0.9888048038213701
brightness_contrast,mild_brightness,standard_conformal,0.05,hybrid,0.9,selective_risk,3,3,True,0.012793126442423771,0.0006432534944562335,0.01119519617862986,0.014391056706217683
brightness_contrast,mild_brightness,standard_conformal,0.05,hybrid,0.95,abstention_rate,3,3,True,0.34473333333333334,0.010055015332327128,0.31975529055407176,0.3697113761125949
brightness_contrast,mild_brightness,standard_conformal,0.05,hybrid,0.95,acceptance_rate,3,3,True,0.6552666666666668,0.010055015332327078,0.6302886238874053,0.6802447094459283
brightness_contrast,mild_brightness,standard_conformal,0.05,hybrid,0.95,number_abstained,3,3,True,3447.3333333333335,100.55015332327113,3197.552905540718,3697.113761125949
brightness_contrast,mild_brightness,standard_conformal,0.05,hybrid,0.95,number_accepted,3,3,True,6552.666666666667,100.55015332327113,6302.886238874052,6802.447094459282
brightness_contrast,mild_brightness,standard_conformal,0.05,hybrid,0.95,selective_accuracy,3,3,True,0.9922106150555505,0.0011285417031059208,0.9894071620515822,0.9950140680595189
brightness_contrast,mild_brightness,standard_conformal,0.05,hybrid,0.95,selective_risk,3,3,True,0.007789384944449436,0.0011285417031059208,0.004985931940481074,0.010592837948417798
brightness_contrast,mild_brightness,standard_conformal,0.05,singleton_conformal,,abstention_rate,3,3,True,0.09673333333333334,0.0030730007050655487,0.08909957639364466,0.10436709027302202
brightness_contrast,mild_brightness,standard_conformal,0.05,singleton_conformal,,acceptance_rate,3,3,True,0.9032666666666667,0.0030730007050655365,0.895632909726978,0.9109004236063554
brightness_contrast,mild_brightness,standard_conformal,0.05,singleton_conformal,,number_abstained,3,3,True,967.3333333333334,30.730007050655445,890.9957639364467,1043.6709027302202
brightness_contrast,mild_brightness,standard_conformal,0.05,singleton_conformal,,number_accepted,3,3,True,9032.666666666666,30.730007050655445,8956.32909726978,9109.004236063553
brightness_contrast,mild_brightness,standard_conformal,0.05,singleton_conformal,,selective_accuracy,3,3,True,0.9477376742425502,0.0033333287234559605,0.9394572266549527,0.9560181218301477
brightness_contrast,mild_brightness,standard_conformal,0.05,singleton_conformal,,selective_risk,3,3,True,0.05226232575744982,0.0033333287234559605,0.04398187816985229,0.06054277334504736
brightness_contrast,mild_brightness,standard_conformal,0.05,,,average_set_size,3,3,True,1.0967333333333331,0.0028676354952004383,1.089609731856152,1.1038569348105143
brightness_contrast,mild_brightness,standard_conformal,0.05,,,coverage_gap,3,3,True,-0.004566666666666608,0.003859188170241656,-0.014153421537104659,0.005020088203771443
brightness_contrast,mild_brightness,standard_conformal,0.05,,,empirical_coverage,3,3,True,0.9454333333333333,0.003859188170241656,0.9358465784628953,0.9550200882037714
brightness_contrast,mild_brightness,standard_conformal,0.05,,,empty_set_rate,3,3,True,0.0005666666666666667,0.00040414518843273807,-0.0004372856369415413,0.0015706189702748747
brightness_contrast,mild_brightness,standard_conformal,0.05,,,median_set_size,3,3,True,1.0,0.0,1.0,1.0
brightness_contrast,mild_brightness,standard_conformal,0.05,,,multiclass_set_rate,3,3,True,0.09616666666666666,0.002800595174839333,0.08920960257750227,0.10312373075583106
brightness_contrast,mild_brightness,standard_conformal,0.05,,,singleton_set_rate,3,3,True,0.9032666666666667,0.0030730007050655365,0.895632909726978,0.9109004236063554
brightness_contrast,mild_brightness,standard_conformal,0.05,,,worst_class_coverage,3,3,True,0.8226666666666667,0.015502687938977938,0.7841558549239546,0.8611774784093787
brightness_contrast,mild_brightness,standard_conformal,0.1,hybrid,0.5,abstention_rate,3,3,True,0.05536666666666667,0.005573448962117923,0.0415214519153538,0.06921188141797954
brightness_contrast,mild_brightness,standard_conformal,0.1,hybrid,0.5,acceptance_rate,3,3,True,0.9446333333333333,0.005573448962117884,0.9307881185820206,0.958478548084646
brightness_contrast,mild_brightness,standard_conformal,0.1,hybrid,0.5,number_abstained,3,3,True,553.6666666666666,55.734489621179215,415.21451915353794,692.1188141797953
brightness_contrast,mild_brightness,standard_conformal,0.1,hybrid,0.5,number_accepted,3,3,True,9446.333333333334,55.73448962117921,9307.881185820206,9584.785480846462
brightness_contrast,mild_brightness,standard_conformal,0.1,hybrid,0.5,selective_accuracy,3,3,True,0.9358350639430459,0.006283698145113039,0.9202254924115151,0.9514446354745768
brightness_contrast,mild_brightness,standard_conformal,0.1,hybrid,0.5,selective_risk,3,3,True,0.06416493605695406,0.006283698145113039,0.04855536452542316,0.07977450758848495
brightness_contrast,mild_brightness,standard_conformal,0.1,hybrid,0.6,abstention_rate,3,3,True,0.0928,0.0018330302779823325,0.08824650035968389,0.0973534996403161
brightness_contrast,mild_brightness,standard_conformal,0.1,hybrid,0.6,acceptance_rate,3,3,True,0.9072,0.0018330302779823522,0.9026465003596839,0.9117534996403162
brightness_contrast,mild_brightness,standard_conformal,0.1,hybrid,0.6,number_abstained,3,3,True,928.0,18.33030277982336,882.4650035968389,973.5349964031611
brightness_contrast,mild_brightness,standard_conformal,0.1,hybrid,0.6,number_accepted,3,3,True,9072.0,18.33030277982336,9026.465003596839,9117.534996403161
brightness_contrast,mild_brightness,standard_conformal,0.1,hybrid,0.6,selective_accuracy,3,3,True,0.9499582564298388,0.003596036648241343,0.9410252061791062,0.9588913066805713
brightness_contrast,mild_brightness,standard_conformal,0.1,hybrid,0.6,selective_risk,3,3,True,0.0500417435701613,0.003596036648241343,0.04110869331942872,0.05897479382089388
brightness_contrast,mild_brightness,standard_conformal,0.1,hybrid,0.7,abstention_rate,3,3,True,0.14406666666666668,0.0039715656022950695,0.1342007507793151,0.15393258255401826
brightness_contrast,mild_brightness,standard_conformal,0.1,hybrid,0.7,acceptance_rate,3,3,True,0.8559333333333333,0.003971565602295044,0.8460674174459818,0.8657992492206849
brightness_contrast,mild_brightness,standard_conformal,0.1,hybrid,0.7,number_abstained,3,3,True,1440.6666666666667,39.71565602295061,1342.007507793151,1539.3258255401824
brightness_contrast,mild_brightness,standard_conformal,0.1,hybrid,0.7,number_accepted,3,3,True,8559.333333333334,39.71565602295061,8460.674174459818,8657.99249220685
brightness_contrast,mild_brightness,standard_conformal,0.1,hybrid,0.7,selective_accuracy,3,3,True,0.9650628763042844,0.001505376834518361,0.9613233129392621,0.9688024396693068
brightness_contrast,mild_brightness,standard_conformal,0.1,hybrid,0.7,selective_risk,3,3,True,0.03493712369571548,0.001505376834518361,0.031197560330693083,0.038676687060737874
brightness_contrast,mild_brightness,standard_conformal,0.1,hybrid,0.8,abstention_rate,3,3,True,0.19833333333333333,0.0057448527686384835,0.18406232792230517,0.2126043387443615
brightness_contrast,mild_brightness,standard_conformal,0.1,hybrid,0.8,acceptance_rate,3,3,True,0.8016666666666667,0.005744852768638499,0.7873956612556385,0.815937672077695
brightness_contrast,mild_brightness,standard_conformal,0.1,hybrid,0.8,number_abstained,3,3,True,1983.3333333333333,57.44852768638491,1840.6232792230517,2126.043387443615
brightness_contrast,mild_brightness,standard_conformal,0.1,hybrid,0.8,number_accepted,3,3,True,8016.666666666667,57.44852768638491,7873.956612556385,8159.376720776949
brightness_contrast,mild_brightness,standard_conformal,0.1,hybrid,0.8,selective_accuracy,3,3,True,0.977335737551342,0.001001622042977973,0.97484757046146,0.9798239046412239
brightness_contrast,mild_brightness,standard_conformal,0.1,hybrid,0.8,selective_risk,3,3,True,0.022664262448658046,0.001001622042977973,0.020176095358776052,0.02515242953854004
brightness_contrast,mild_brightness,standard_conformal,0.1,hybrid,0.9,abstention_rate,3,3,True,0.2782,0.008162720134857008,0.25792267908253796,0.29847732091746204
brightness_contrast,mild_brightness,standard_conformal,0.1,hybrid,0.9,acceptance_rate,3,3,True,0.7218,0.008162720134856975,0.7015226790825381,0.7420773209174619
brightness_contrast,mild_brightness,standard_conformal,0.1,hybrid,0.9,number_abstained,3,3,True,2782.0,81.62720134857007,2579.22679082538,2984.77320917462
brightness_contrast,mild_brightness,standard_conformal,0.1,hybrid,0.9,number_accepted,3,3,True,7218.0,81.62720134857007,7015.22679082538,7420.77320917462
brightness_contrast,mild_brightness,standard_conformal,0.1,hybrid,0.9,selective_accuracy,3,3,True,0.9872068735575762,0.0006432534944562334,0.9856089432937822,0.9888048038213701
brightness_contrast,mild_brightness,standard_conformal,0.1,hybrid,0.9,selective_risk,3,3,True,0.012793126442423771,0.0006432534944562335,0.01119519617862986,0.014391056706217683
brightness_contrast,mild_brightness,standard_conformal,0.1,hybrid,0.95,abstention_rate,3,3,True,0.34473333333333334,0.010055015332327128,0.31975529055407176,0.3697113761125949
brightness_contrast,mild_brightness,standard_conformal,0.1,hybrid,0.95,acceptance_rate,3,3,True,0.6552666666666668,0.010055015332327078,0.6302886238874053,0.6802447094459283
brightness_contrast,mild_brightness,standard_conformal,0.1,hybrid,0.95,number_abstained,3,3,True,3447.3333333333335,100.55015332327113,3197.552905540718,3697.113761125949
brightness_contrast,mild_brightness,standard_conformal,0.1,hybrid,0.95,number_accepted,3,3,True,6552.666666666667,100.55015332327113,6302.886238874052,6802.447094459282
brightness_contrast,mild_brightness,standard_conformal,0.1,hybrid,0.95,selective_accuracy,3,3,True,0.9922106150555505,0.0011285417031059208,0.9894071620515822,0.9950140680595189
brightness_contrast,mild_brightness,standard_conformal,0.1,hybrid,0.95,selective_risk,3,3,True,0.007789384944449436,0.0011285417031059208,0.004985931940481074,0.010592837948417798
brightness_contrast,mild_brightness,standard_conformal,0.1,singleton_conformal,,abstention_rate,3,3,True,0.05536666666666667,0.005573448962117923,0.0415214519153538,0.06921188141797954
brightness_contrast,mild_brightness,standard_conformal,0.1,singleton_conformal,,acceptance_rate,3,3,True,0.9446333333333333,0.005573448962117884,0.9307881185820206,0.958478548084646
brightness_contrast,mild_brightness,standard_conformal,0.1,singleton_conformal,,number_abstained,3,3,True,553.6666666666666,55.734489621179215,415.21451915353794,692.1188141797953
brightness_contrast,mild_brightness,standard_conformal,0.1,singleton_conformal,,number_accepted,3,3,True,9446.333333333334,55.73448962117921,9307.881185820206,9584.785480846462
brightness_contrast,mild_brightness,standard_conformal,0.1,singleton_conformal,,selective_accuracy,3,3,True,0.9358350639430459,0.006283698145113039,0.9202254924115151,0.9514446354745768
brightness_contrast,mild_brightness,standard_conformal,0.1,singleton_conformal,,selective_risk,3,3,True,0.06416493605695406,0.006283698145113039,0.04855536452542316,0.07977450758848495
brightness_contrast,mild_brightness,standard_conformal,0.1,,,average_set_size,3,3,True,0.9446333333333333,0.005573448962117884,0.9307881185820206,0.958478548084646
brightness_contrast,mild_brightness,standard_conformal,0.1,,,coverage_gap,3,3,True,-0.016000000000000052,0.002605762844159069,-0.022473073749053392,-0.009526926250946711
brightness_contrast,mild_brightness,standard_conformal,0.1,,,empirical_coverage,3,3,True,0.8839999999999999,0.0026057628441590684,0.8775269262509465,0.8904730737490533
brightness_contrast,mild_brightness,standard_conformal,0.1,,,empty_set_rate,3,3,True,0.05536666666666667,0.005573448962117923,0.0415214519153538,0.06921188141797954
brightness_contrast,mild_brightness,standard_conformal,0.1,,,median_set_size,3,3,True,1.0,0.0,1.0,1.0
brightness_contrast,mild_brightness,standard_conformal,0.1,,,multiclass_set_rate,3,3,True,0.0,0.0,0.0,0.0
brightness_contrast,mild_brightness,standard_conformal,0.1,,,singleton_set_rate,3,3,True,0.9446333333333333,0.005573448962117884,0.9307881185820206,0.958478548084646
brightness_contrast,mild_brightness,standard_conformal,0.1,,,worst_class_coverage,3,3,True,0.6223333333333333,0.03942503434790306,0.5243961187226552,0.7202705479440114
brightness_contrast,mild_brightness,standard_conformal,0.2,hybrid,0.5,abstention_rate,3,3,True,0.2094,0.006023288138550242,0.1944373227862889,0.22436267721371111
brightness_contrast,mild_brightness,standard_conformal,0.2,hybrid,0.5,acceptance_rate,3,3,True,0.7906000000000001,0.006023288138550206,0.775637322786289,0.8055626772137111
brightness_contrast,mild_brightness,standard_conformal,0.2,hybrid,0.5,number_abstained,3,3,True,2094.0,60.23288138550239,1944.373227862889,2243.626772137111
brightness_contrast,mild_brightness,standard_conformal,0.2,hybrid,0.5,number_accepted,3,3,True,7906.0,60.23288138550239,7756.373227862889,8055.626772137111
brightness_contrast,mild_brightness,standard_conformal,0.2,hybrid,0.5,selective_accuracy,3,3,True,0.9786779529821122,0.0023550451990628244,0.9728276963902437,0.9845282095739808
brightness_contrast,mild_brightness,standard_conformal,0.2,hybrid,0.5,selective_risk,3,3,True,0.02132204701788772,0.0023550451990628244,0.015471790426019195,0.027172303609756244
brightness_contrast,mild_brightness,standard_conformal,0.2,hybrid,0.6,abstention_rate,3,3,True,0.2094,0.006023288138550242,0.1944373227862889,0.22436267721371111
brightness_contrast,mild_brightness,standard_conformal,0.2,hybrid,0.6,acceptance_rate,3,3,True,0.7906000000000001,0.006023288138550206,0.775637322786289,0.8055626772137111
brightness_contrast,mild_brightness,standard_conformal,0.2,hybrid,0.6,number_abstained,3,3,True,2094.0,60.23288138550239,1944.373227862889,2243.626772137111
brightness_contrast,mild_brightness,standard_conformal,0.2,hybrid,0.6,number_accepted,3,3,True,7906.0,60.23288138550239,7756.373227862889,8055.626772137111
brightness_contrast,mild_brightness,standard_conformal,0.2,hybrid,0.6,selective_accuracy,3,3,True,0.9786779529821122,0.0023550451990628244,0.9728276963902437,0.9845282095739808
brightness_contrast,mild_brightness,standard_conformal,0.2,hybrid,0.6,selective_risk,3,3,True,0.02132204701788772,0.0023550451990628244,0.015471790426019195,0.027172303609756244
brightness_contrast,mild_brightness,standard_conformal,0.2,hybrid,0.7,abstention_rate,3,3,True,0.2094,0.006023288138550242,0.1944373227862889,0.22436267721371111
brightness_contrast,mild_brightness,standard_conformal,0.2,hybrid,0.7,acceptance_rate,3,3,True,0.7906000000000001,0.006023288138550206,0.775637322786289,0.8055626772137111
brightness_contrast,mild_brightness,standard_conformal,0.2,hybrid,0.7,number_abstained,3,3,True,2094.0,60.23288138550239,1944.373227862889,2243.626772137111
brightness_contrast,mild_brightness,standard_conformal,0.2,hybrid,0.7,number_accepted,3,3,True,7906.0,60.23288138550239,7756.373227862889,8055.626772137111
brightness_contrast,mild_brightness,standard_conformal,0.2,hybrid,0.7,selective_accuracy,3,3,True,0.9786779529821122,0.0023550451990628244,0.9728276963902437,0.9845282095739808
brightness_contrast,mild_brightness,standard_conformal,0.2,hybrid,0.7,selective_risk,3,3,True,0.02132204701788772,0.0023550451990628244,0.015471790426019195,0.027172303609756244
brightness_contrast,mild_brightness,standard_conformal,0.2,hybrid,0.8,abstention_rate,3,3,True,0.2094,0.006023288138550242,0.1944373227862889,0.22436267721371111
brightness_contrast,mild_brightness,standard_conformal,0.2,hybrid,0.8,acceptance_rate,3,3,True,0.7906000000000001,0.006023288138550206,0.775637322786289,0.8055626772137111
brightness_contrast,mild_brightness,standard_conformal,0.2,hybrid,0.8,number_abstained,3,3,True,2094.0,60.23288138550239,1944.373227862889,2243.626772137111
brightness_contrast,mild_brightness,standard_conformal,0.2,hybrid,0.8,number_accepted,3,3,True,7906.0,60.23288138550239,7756.373227862889,8055.626772137111
brightness_contrast,mild_brightness,standard_conformal,0.2,hybrid,0.8,selective_accuracy,3,3,True,0.9786779529821122,0.0023550451990628244,0.9728276963902437,0.9845282095739808
brightness_contrast,mild_brightness,standard_conformal,0.2,hybrid,0.8,selective_risk,3,3,True,0.02132204701788772,0.0023550451990628244,0.015471790426019195,0.027172303609756244
brightness_contrast,mild_brightness,standard_conformal,0.2,hybrid,0.9,abstention_rate,3,3,True,0.2782,0.008162720134857008,0.25792267908253796,0.29847732091746204
brightness_contrast,mild_brightness,standard_conformal,0.2,hybrid,0.9,acceptance_rate,3,3,True,0.7218,0.008162720134856975,0.7015226790825381,0.7420773209174619
brightness_contrast,mild_brightness,standard_conformal,0.2,hybrid,0.9,number_abstained,3,3,True,2782.0,81.62720134857007,2579.22679082538,2984.77320917462
brightness_contrast,mild_brightness,standard_conformal,0.2,hybrid,0.9,number_accepted,3,3,True,7218.0,81.62720134857007,7015.22679082538,7420.77320917462
brightness_contrast,mild_brightness,standard_conformal,0.2,hybrid,0.9,selective_accuracy,3,3,True,0.9872068735575762,0.0006432534944562334,0.9856089432937822,0.9888048038213701
brightness_contrast,mild_brightness,standard_conformal,0.2,hybrid,0.9,selective_risk,3,3,True,0.012793126442423771,0.0006432534944562335,0.01119519617862986,0.014391056706217683
brightness_contrast,mild_brightness,standard_conformal,0.2,hybrid,0.95,abstention_rate,3,3,True,0.34473333333333334,0.010055015332327128,0.31975529055407176,0.3697113761125949
brightness_contrast,mild_brightness,standard_conformal,0.2,hybrid,0.95,acceptance_rate,3,3,True,0.6552666666666668,0.010055015332327078,0.6302886238874053,0.6802447094459283
brightness_contrast,mild_brightness,standard_conformal,0.2,hybrid,0.95,number_abstained,3,3,True,3447.3333333333335,100.55015332327113,3197.552905540718,3697.113761125949
brightness_contrast,mild_brightness,standard_conformal,0.2,hybrid,0.95,number_accepted,3,3,True,6552.666666666667,100.55015332327113,6302.886238874052,6802.447094459282
brightness_contrast,mild_brightness,standard_conformal,0.2,hybrid,0.95,selective_accuracy,3,3,True,0.9922106150555505,0.0011285417031059208,0.9894071620515822,0.9950140680595189
brightness_contrast,mild_brightness,standard_conformal,0.2,hybrid,0.95,selective_risk,3,3,True,0.007789384944449436,0.0011285417031059208,0.004985931940481074,0.010592837948417798
brightness_contrast,mild_brightness,standard_conformal,0.2,singleton_conformal,,abstention_rate,3,3,True,0.2094,0.006023288138550242,0.1944373227862889,0.22436267721371111
brightness_contrast,mild_brightness,standard_conformal,0.2,singleton_conformal,,acceptance_rate,3,3,True,0.7906000000000001,0.006023288138550206,0.775637322786289,0.8055626772137111
brightness_contrast,mild_brightness,standard_conformal,0.2,singleton_conformal,,number_abstained,3,3,True,2094.0,60.23288138550239,1944.373227862889,2243.626772137111
brightness_contrast,mild_brightness,standard_conformal,0.2,singleton_conformal,,number_accepted,3,3,True,7906.0,60.23288138550239,7756.373227862889,8055.626772137111
brightness_contrast,mild_brightness,standard_conformal,0.2,singleton_conformal,,selective_accuracy,3,3,True,0.9786779529821122,0.0023550451990628244,0.9728276963902437,0.9845282095739808
brightness_contrast,mild_brightness,standard_conformal,0.2,singleton_conformal,,selective_risk,3,3,True,0.02132204701788772,0.0023550451990628244,0.015471790426019195,0.027172303609756244
brightness_contrast,mild_brightness,standard_conformal,0.2,,,average_set_size,3,3,True,0.7906000000000001,0.006023288138550206,0.775637322786289,0.8055626772137111
brightness_contrast,mild_brightness,standard_conformal,0.2,,,coverage_gap,3,3,True,-0.0262666666666667,0.004037738641038256,-0.03629696549506136,-0.016236367838272037
brightness_contrast,mild_brightness,standard_conformal,0.2,,,empirical_coverage,3,3,True,0.7737333333333334,0.004037738641038256,0.7637030345049387,0.7837636321617281
brightness_contrast,mild_brightness,standard_conformal,0.2,,,empty_set_rate,3,3,True,0.2094,0.006023288138550242,0.1944373227862889,0.22436267721371111
brightness_contrast,mild_brightness,standard_conformal,0.2,,,median_set_size,3,3,True,1.0,0.0,1.0,1.0
brightness_contrast,mild_brightness,standard_conformal,0.2,,,multiclass_set_rate,3,3,True,0.0,0.0,0.0,0.0
brightness_contrast,mild_brightness,standard_conformal,0.2,,,singleton_set_rate,3,3,True,0.7906000000000001,0.006023288138550206,0.775637322786289,0.8055626772137111
brightness_contrast,mild_brightness,standard_conformal,0.2,,,worst_class_coverage,3,3,True,0.39966666666666667,0.04808672720547048,0.2802126141809069,0.5191207191524264
brightness_contrast,mild_brightness,temperature_scaled,,confidence_threshold,0.5,abstention_rate,3,3,True,0.0399,0.0008544003745317532,0.037777551808692064,0.04202244819130793
brightness_contrast,mild_brightness,temperature_scaled,,confidence_threshold,0.5,acceptance_rate,3,3,True,0.9601000000000001,0.0008544003745317174,0.9579775518086923,0.9622224481913079
brightness_contrast,mild_brightness,temperature_scaled,,confidence_threshold,0.5,number_abstained,3,3,True,399.0,8.54400374531753,377.77551808692067,420.22448191307933
brightness_contrast,mild_brightness,temperature_scaled,,confidence_threshold,0.5,number_accepted,3,3,True,9601.0,8.54400374531753,9579.77551808692,9622.22448191308
brightness_contrast,mild_brightness,temperature_scaled,,confidence_threshold,0.5,selective_accuracy,3,3,True,0.9298699462964303,0.005109737361920547,0.9171766550185438,0.9425632375743167
brightness_contrast,mild_brightness,temperature_scaled,,confidence_threshold,0.5,selective_risk,3,3,True,0.07013005370356973,0.005109737361920547,0.057436762425683255,0.0828233449814562
brightness_contrast,mild_brightness,temperature_scaled,,confidence_threshold,0.6,abstention_rate,3,3,True,0.0928,0.0018330302779823325,0.08824650035968389,0.0973534996403161
brightness_contrast,mild_brightness,temperature_scaled,,confidence_threshold,0.6,acceptance_rate,3,3,True,0.9072,0.0018330302779823522,0.9026465003596839,0.9117534996403162
brightness_contrast,mild_brightness,temperature_scaled,,confidence_threshold,0.6,number_abstained,3,3,True,928.0,18.33030277982336,882.4650035968389,973.5349964031611
brightness_contrast,mild_brightness,temperature_scaled,,confidence_threshold,0.6,number_accepted,3,3,True,9072.0,18.33030277982336,9026.465003596839,9117.534996403161
brightness_contrast,mild_brightness,temperature_scaled,,confidence_threshold,0.6,selective_accuracy,3,3,True,0.9499582564298388,0.003596036648241343,0.9410252061791062,0.9588913066805713
brightness_contrast,mild_brightness,temperature_scaled,,confidence_threshold,0.6,selective_risk,3,3,True,0.0500417435701613,0.003596036648241343,0.04110869331942872,0.05897479382089388
brightness_contrast,mild_brightness,temperature_scaled,,confidence_threshold,0.7,abstention_rate,3,3,True,0.14406666666666668,0.0039715656022950695,0.1342007507793151,0.15393258255401826
brightness_contrast,mild_brightness,temperature_scaled,,confidence_threshold,0.7,acceptance_rate,3,3,True,0.8559333333333333,0.003971565602295044,0.8460674174459818,0.8657992492206849
brightness_contrast,mild_brightness,temperature_scaled,,confidence_threshold,0.7,number_abstained,3,3,True,1440.6666666666667,39.71565602295061,1342.007507793151,1539.3258255401824
brightness_contrast,mild_brightness,temperature_scaled,,confidence_threshold,0.7,number_accepted,3,3,True,8559.333333333334,39.71565602295061,8460.674174459818,8657.99249220685
brightness_contrast,mild_brightness,temperature_scaled,,confidence_threshold,0.7,selective_accuracy,3,3,True,0.9650628763042844,0.001505376834518361,0.9613233129392621,0.9688024396693068
brightness_contrast,mild_brightness,temperature_scaled,,confidence_threshold,0.7,selective_risk,3,3,True,0.03493712369571548,0.001505376834518361,0.031197560330693083,0.038676687060737874
brightness_contrast,mild_brightness,temperature_scaled,,confidence_threshold,0.8,abstention_rate,3,3,True,0.19833333333333333,0.0057448527686384835,0.18406232792230517,0.2126043387443615
brightness_contrast,mild_brightness,temperature_scaled,,confidence_threshold,0.8,acceptance_rate,3,3,True,0.8016666666666667,0.005744852768638499,0.7873956612556385,0.815937672077695
brightness_contrast,mild_brightness,temperature_scaled,,confidence_threshold,0.8,number_abstained,3,3,True,1983.3333333333333,57.44852768638491,1840.6232792230517,2126.043387443615
brightness_contrast,mild_brightness,temperature_scaled,,confidence_threshold,0.8,number_accepted,3,3,True,8016.666666666667,57.44852768638491,7873.956612556385,8159.376720776949
brightness_contrast,mild_brightness,temperature_scaled,,confidence_threshold,0.8,selective_accuracy,3,3,True,0.977335737551342,0.001001622042977973,0.97484757046146,0.9798239046412239
brightness_contrast,mild_brightness,temperature_scaled,,confidence_threshold,0.8,selective_risk,3,3,True,0.022664262448658046,0.001001622042977973,0.020176095358776052,0.02515242953854004
brightness_contrast,mild_brightness,temperature_scaled,,confidence_threshold,0.9,abstention_rate,3,3,True,0.2782,0.008162720134857008,0.25792267908253796,0.29847732091746204
brightness_contrast,mild_brightness,temperature_scaled,,confidence_threshold,0.9,acceptance_rate,3,3,True,0.7218,0.008162720134856975,0.7015226790825381,0.7420773209174619
brightness_contrast,mild_brightness,temperature_scaled,,confidence_threshold,0.9,number_abstained,3,3,True,2782.0,81.62720134857007,2579.22679082538,2984.77320917462
brightness_contrast,mild_brightness,temperature_scaled,,confidence_threshold,0.9,number_accepted,3,3,True,7218.0,81.62720134857007,7015.22679082538,7420.77320917462
brightness_contrast,mild_brightness,temperature_scaled,,confidence_threshold,0.9,selective_accuracy,3,3,True,0.9872068735575762,0.0006432534944562334,0.9856089432937822,0.9888048038213701
brightness_contrast,mild_brightness,temperature_scaled,,confidence_threshold,0.9,selective_risk,3,3,True,0.012793126442423771,0.0006432534944562335,0.01119519617862986,0.014391056706217683
brightness_contrast,mild_brightness,temperature_scaled,,confidence_threshold,0.95,abstention_rate,3,3,True,0.34473333333333334,0.010055015332327128,0.31975529055407176,0.3697113761125949
brightness_contrast,mild_brightness,temperature_scaled,,confidence_threshold,0.95,acceptance_rate,3,3,True,0.6552666666666668,0.010055015332327078,0.6302886238874053,0.6802447094459283
brightness_contrast,mild_brightness,temperature_scaled,,confidence_threshold,0.95,number_abstained,3,3,True,3447.3333333333335,100.55015332327113,3197.552905540718,3697.113761125949
brightness_contrast,mild_brightness,temperature_scaled,,confidence_threshold,0.95,number_accepted,3,3,True,6552.666666666667,100.55015332327113,6302.886238874052,6802.447094459282
brightness_contrast,mild_brightness,temperature_scaled,,confidence_threshold,0.95,selective_accuracy,3,3,True,0.9922106150555505,0.0011285417031059208,0.9894071620515822,0.9950140680595189
brightness_contrast,mild_brightness,temperature_scaled,,confidence_threshold,0.95,selective_risk,3,3,True,0.007789384944449436,0.0011285417031059208,0.004985931940481074,0.010592837948417798
brightness_contrast,mild_brightness,temperature_scaled,,,,accuracy_confidence_gap,3,3,True,0.009201987074812235,0.0032348565947327387,0.0011661578157323837,0.017237816333892084
brightness_contrast,mild_brightness,temperature_scaled,,,,brier_score,3,3,True,0.1297493159074052,0.005211141519457906,0.11680412273765191,0.1426945090771585
brightness_contrast,mild_brightness,temperature_scaled,,,,expected_calibration_error,3,3,True,0.010685506928960474,0.0023624399925379854,0.004816880651749696,0.016554133206171252
brightness_contrast,mild_brightness,temperature_scaled,,,,maximum_calibration_error,3,3,True,0.11426647960999763,0.05964225620612628,-0.033893098245515826,0.26242605746551106
brightness_contrast,mild_brightness,temperature_scaled,,,,mean_confidence,3,3,True,0.9015646795918544,0.0016476120508654882,0.8974717843619651,0.9056575748217437
brightness_contrast,mild_brightness,temperature_scaled,,,,negative_log_likelihood,3,3,True,0.24694755499641952,0.009590255366956601,0.22312403997404662,0.2707710700187924
brightness_contrast,strong_brightness,class_conditional_conformal,0.05,,,average_set_size,3,3,True,1.2145666666666666,0.0067002487516012324,1.1979223260647058,1.2312110072686273
brightness_contrast,strong_brightness,class_conditional_conformal,0.05,,,coverage_gap,3,3,True,-0.019899999999999956,0.0026888659319497105,-0.02657951326339693,-0.013220486736602984
brightness_contrast,strong_brightness,class_conditional_conformal,0.05,,,empirical_coverage,3,3,True,0.9301,0.0026888659319497105,0.923420486736603,0.936779513263397
brightness_contrast,strong_brightness,class_conditional_conformal,0.05,,,empty_set_rate,3,3,True,0.02563333333333333,0.004366157731156002,0.014787196257918448,0.036479470408748216
brightness_contrast,strong_brightness,class_conditional_conformal,0.05,,,median_set_size,3,3,True,1.0,0.0,1.0,1.0
brightness_contrast,strong_brightness,class_conditional_conformal,0.05,,,multiclass_set_rate,3,3,True,0.2054,0.0018027756377319963,0.2009216570524852,0.2098783429475148
brightness_contrast,strong_brightness,class_conditional_conformal,0.05,,,singleton_set_rate,3,3,True,0.7689666666666667,0.004605793453177614,0.7575252414570954,0.7804080918762379
brightness_contrast,strong_brightness,class_conditional_conformal,0.05,,,worst_class_coverage,3,3,True,0.864,0.029512709126747437,0.7906863662823285,0.9373136337176715
brightness_contrast,strong_brightness,class_conditional_conformal,0.1,,,average_set_size,3,3,True,0.9798999999999999,0.0027999999999999852,0.972944414407099,0.9868555855929008
brightness_contrast,strong_brightness,class_conditional_conformal,0.1,,,coverage_gap,3,3,True,-0.06703333333333335,0.00030550504633041625,-0.06779224994005277,-0.06627441672661392
brightness_contrast,strong_brightness,class_conditional_conformal,0.1,,,empirical_coverage,3,3,True,0.8329666666666666,0.00030550504633041625,0.8322077500599472,0.8337255832733861
brightness_contrast,strong_brightness,class_conditional_conformal,0.1,,,empty_set_rate,3,3,True,0.09666666666666668,0.0020840665376454155,0.09148955838670476,0.10184377494662859
brightness_contrast,strong_brightness,class_conditional_conformal,0.1,,,median_set_size,3,3,True,1.0,0.0,1.0,1.0
brightness_contrast,strong_brightness,class_conditional_conformal,0.1,,,multiclass_set_rate,3,3,True,0.07606666666666667,0.00410162569395762,0.06587766360082242,0.08625566973251092
brightness_contrast,strong_brightness,class_conditional_conformal,0.1,,,singleton_set_rate,3,3,True,0.8272666666666666,0.005709932865921748,0.8130824071028677,0.8414509262304655
brightness_contrast,strong_brightness,class_conditional_conformal,0.1,,,worst_class_coverage,3,3,True,0.6753333333333335,0.005131601439446889,0.6625857286759311,0.6880809379907358
brightness_contrast,strong_brightness,class_conditional_conformal,0.2,,,average_set_size,3,3,True,0.699,0.012157713600837894,0.6687985651554986,0.7292014348445013
brightness_contrast,strong_brightness,class_conditional_conformal,0.2,,,coverage_gap,3,3,True,-0.15616666666666676,0.0091089699381068,-0.17879460240511794,-0.13353873092821558
brightness_contrast,strong_brightness,class_conditional_conformal,0.2,,,empirical_coverage,3,3,True,0.6438333333333334,0.0091089699381068,0.6212053975948822,0.6664612690717845
brightness_contrast,strong_brightness,class_conditional_conformal,0.2,,,empty_set_rate,3,3,True,0.3016666666666667,0.012951576480619393,0.26949316710454146,0.3338401662287919
brightness_contrast,strong_brightness,class_conditional_conformal,0.2,,,median_set_size,3,3,True,1.0,0.0,1.0,1.0
brightness_contrast,strong_brightness,class_conditional_conformal,0.2,,,multiclass_set_rate,3,3,True,0.0006666666666666666,0.0008326663997864531,-0.0014017913383502383,0.0027351246716835714
brightness_contrast,strong_brightness,class_conditional_conformal,0.2,,,singleton_set_rate,3,3,True,0.6976666666666667,0.013750030302996905,0.6635096978532822,0.7318236354800511
brightness_contrast,strong_brightness,class_conditional_conformal,0.2,,,worst_class_coverage,3,3,True,0.303,0.05179768334587947,0.1743274214191988,0.4316725785808012
brightness_contrast,strong_brightness,raw_softmax,,,,accuracy,3,3,True,0.8890000000000001,0.006425729530566922,0.8730376029476111,0.9049623970523891
brightness_contrast,strong_brightness,raw_softmax,,,,accuracy_confidence_gap,3,3,True,-0.01777601974308492,0.004254826862480655,-0.028345595609141454,-0.007206443877028389
brightness_contrast,strong_brightness,raw_softmax,,,,brier_score,3,3,True,0.1589465434472652,0.006487878168309279,0.14282976062012645,0.17506332627440394
brightness_contrast,strong_brightness,raw_softmax,,,,evaluation_seconds,3,3,True,6.362327900006979,0.4372758776238329,5.276074401962893,7.448581398051065
brightness_contrast,strong_brightness,raw_softmax,,,,expected_calibration_error,3,3,True,0.018348065758744887,0.004230117865703188,0.007839870443402779,0.028856261074086995
brightness_contrast,strong_brightness,raw_softmax,,,,macro_f1,3,3,True,0.887050423350002,0.007361926200491297,0.8687623848442387,0.9053384618557652
brightness_contrast,strong_brightness,raw_softmax,,,,maximum_calibration_error,3,3,True,0.16523210385016032,0.05355278008019068,0.032199623283886786,0.2982645844164339
brightness_contrast,strong_brightness,raw_softmax,,,,mean_confidence,3,3,True,0.9067760197430849,0.00985945387767431,0.8822837785482911,0.9312682609378786
brightness_contrast,strong_brightness,raw_softmax,,,,mean_inference_seconds_per_image,3,3,True,0.0006362327900006979,4.3727587762383296e-05,0.0005276074401962894,0.0007448581398051064
brightness_contrast,strong_brightness,raw_softmax,,,,negative_log_likelihood,3,3,True,0.30326573376795923,0.008494987830572343,0.2821630141371744,0.3243684533987441
brightness_contrast,strong_brightness,raw_softmax,,,,sample_count,3,3,True,10000.0,0.0,10000.0,10000.0
brightness_contrast,strong_brightness,standard_conformal,0.05,hybrid,0.5,abstention_rate,3,3,True,0.12833333333333333,0.0035529330606322036,0.11950735833009235,0.1371593083365743
brightness_contrast,strong_brightness,standard_conformal,0.05,hybrid,0.5,acceptance_rate,3,3,True,0.8716666666666667,0.0035529330606322014,0.8628406916634257,0.8804926416699077
brightness_contrast,strong_brightness,standard_conformal,0.05,hybrid,0.5,number_abstained,3,3,True,1283.3333333333333,35.52933060632206,1195.0735833009235,1371.593083365743
brightness_contrast,strong_brightness,standard_conformal,0.05,hybrid,0.5,number_accepted,3,3,True,8716.666666666666,35.52933060632206,8628.406916634256,8804.926416699076
brightness_contrast,strong_brightness,standard_conformal,0.05,hybrid,0.5,selective_accuracy,3,3,True,0.9414563223126992,0.005424468046317867,0.9279811966726563,0.954931447952742
brightness_contrast,strong_brightness,standard_conformal,0.05,hybrid,0.5,selective_risk,3,3,True,0.058543677687300844,0.005424468046317867,0.045068552047257994,0.0720188033273437
brightness_contrast,strong_brightness,standard_conformal,0.05,hybrid,0.6,abstention_rate,3,3,True,0.1462,0.002206807649071385,0.14071798589636267,0.15168201410363732
brightness_contrast,strong_brightness,standard_conformal,0.05,hybrid,0.6,acceptance_rate,3,3,True,0.8538,0.0022068076490713694,0.8483179858963628,0.8592820141036372
brightness_contrast,strong_brightness,standard_conformal,0.05,hybrid,0.6,number_abstained,3,3,True,1462.0,22.06807649071391,1407.1798589636267,1516.8201410363733
brightness_contrast,strong_brightness,standard_conformal,0.05,hybrid,0.6,number_accepted,3,3,True,8538.0,22.06807649071391,8483.179858963627,8592.820141036373
brightness_contrast,strong_brightness,standard_conformal,0.05,hybrid,0.6,selective_accuracy,3,3,True,0.9477632101782012,0.004605371053501408,0.936322834267595,0.9592035860888074
brightness_contrast,strong_brightness,standard_conformal,0.05,hybrid,0.6,selective_risk,3,3,True,0.05223678982179888,0.004605371053501408,0.04079641391119268,0.06367716573240507
brightness_contrast,strong_brightness,standard_conformal,0.05,hybrid,0.7,abstention_rate,3,3,True,0.17976666666666666,0.001778576209593881,0.17534843843119255,0.18418489490214077
brightness_contrast,strong_brightness,standard_conformal,0.05,hybrid,0.7,acceptance_rate,3,3,True,0.8202333333333334,0.0017785762095938538,0.8158151050978594,0.8246515615688074
brightness_contrast,strong_brightness,standard_conformal,0.05,hybrid,0.7,number_abstained,3,3,True,1797.6666666666667,17.7857620959388,1753.4843843119256,1841.8489490214079
brightness_contrast,strong_brightness,standard_conformal,0.05,hybrid,0.7,number_accepted,3,3,True,8202.333333333334,17.7857620959388,8158.151050978593,8246.515615688075
brightness_contrast,strong_brightness,standard_conformal,0.05,hybrid,0.7,selective_accuracy,3,3,True,0.9575286321172537,0.003456819678669221,0.9489414159907509,0.9661158482437565
brightness_contrast,strong_brightness,standard_conformal,0.05,hybrid,0.7,selective_risk,3,3,True,0.042471367882746226,0.003456819678669221,0.033884151756243354,0.0510585840092491
brightness_contrast,strong_brightness,standard_conformal,0.05,hybrid,0.8,abstention_rate,3,3,True,0.23926666666666666,0.004908496035786654,0.22707328655619202,0.2514600467771413
brightness_contrast,strong_brightness,standard_conformal,0.05,hybrid,0.8,acceptance_rate,3,3,True,0.7607333333333334,0.00490849603578663,0.7485399532228588,0.7729267134438079
brightness_contrast,strong_brightness,standard_conformal,0.05,hybrid,0.8,number_abstained,3,3,True,2392.6666666666665,49.08496035786658,2270.7328655619203,2514.6004677714127
brightness_contrast,strong_brightness,standard_conformal,0.05,hybrid,0.8,number_accepted,3,3,True,7607.333333333333,49.08496035786657,7485.399532228586,7729.26713443808
brightness_contrast,strong_brightness,standard_conformal,0.05,hybrid,0.8,selective_accuracy,3,3,True,0.9714758112689967,0.0027876767148218326,0.9645508384135395,0.978400784124454
brightness_contrast,strong_brightness,standard_conformal,0.05,hybrid,0.8,selective_risk,3,3,True,0.028524188731003264,0.0027876767148218326,0.021599215875546078,0.03544916158646045
brightness_contrast,strong_brightness,standard_conformal,0.05,hybrid,0.9,abstention_rate,3,3,True,0.3216333333333334,0.006885007867339978,0.3045300256443764,0.33873664102229034
brightness_contrast,strong_brightness,standard_conformal,0.05,hybrid,0.9,acceptance_rate,3,3,True,0.6783666666666667,0.0068850078673399545,0.6612633589777098,0.6954699743556235
brightness_contrast,strong_brightness,standard_conformal,0.05,hybrid,0.9,number_abstained,3,3,True,3216.3333333333335,68.85007867339974,3045.300256443764,3387.366410222903
brightness_contrast,strong_brightness,standard_conformal,0.05,hybrid,0.9,number_accepted,3,3,True,6783.666666666667,68.85007867339974,6612.633589777098,6954.699743556236
brightness_contrast,strong_brightness,standard_conformal,0.05,hybrid,0.9,selective_accuracy,3,3,True,0.9850629598835136,0.0009327004924285513,0.9827460034165036,0.9873799163505235
brightness_contrast,strong_brightness,standard_conformal,0.05,hybrid,0.9,selective_risk,3,3,True,0.014937040116486592,0.0009327004924285512,0.012620083649476723,0.01725399658349646
brightness_contrast,strong_brightness,standard_conformal,0.05,hybrid,0.95,abstention_rate,3,3,True,0.38843333333333335,0.0051071844820148584,0.3757463837606942,0.4011202829059725
brightness_contrast,strong_brightness,standard_conformal,0.05,hybrid,0.95,acceptance_rate,3,3,True,0.6115666666666667,0.005107184482014815,0.5988797170940277,0.6242536162393058
brightness_contrast,strong_brightness,standard_conformal,0.05,hybrid,0.95,number_abstained,3,3,True,3884.3333333333335,51.07184482014854,3757.4638376069415,4011.2028290597254
brightness_contrast,strong_brightness,standard_conformal,0.05,hybrid,0.95,number_accepted,3,3,True,6115.666666666667,51.071844820148534,5988.7971709402755,6242.5361623930585
brightness_contrast,strong_brightness,standard_conformal,0.05,hybrid,0.95,selective_accuracy,3,3,True,0.9918262602751007,0.0009993504619663241,0.989343736105275,0.9943087844449263
brightness_contrast,strong_brightness,standard_conformal,0.05,hybrid,0.95,selective_risk,3,3,True,0.008173739724899284,0.0009993504619663241,0.0056912155550736246,0.010656263894724943
brightness_contrast,strong_brightness,standard_conformal,0.05,singleton_conformal,,abstention_rate,3,3,True,0.11043333333333333,0.00430155010819743,0.09974769049057639,0.12111897617609027
brightness_contrast,strong_brightness,standard_conformal,0.05,singleton_conformal,,acceptance_rate,3,3,True,0.8895666666666667,0.004301550108197457,0.8788810238239098,0.9002523095094237
brightness_contrast,strong_brightness,standard_conformal,0.05,singleton_conformal,,number_abstained,3,3,True,1104.3333333333333,43.015501081974314,997.4769049057637,1211.1897617609027
brightness_contrast,strong_brightness,standard_conformal,0.05,singleton_conformal,,number_accepted,3,3,True,8895.666666666666,43.015501081974314,8788.810238239097,9002.523095094235
brightness_contrast,strong_brightness,standard_conformal,0.05,singleton_conformal,,selective_accuracy,3,3,True,0.9324090250935964,0.00628676367043797,0.9167918383749994,0.9480262118121933
brightness_contrast,strong_brightness,standard_conformal,0.05,singleton_conformal,,selective_risk,3,3,True,0.06759097490640369,0.00628676367043797,0.051973788187806805,0.08320816162500057
brightness_contrast,strong_brightness,standard_conformal,0.05,,,average_set_size,3,3,True,1.1087333333333333,0.005253887449625682,1.0956819533864264,1.1217847132802403
brightness_contrast,strong_brightness,standard_conformal,0.05,,,coverage_gap,3,3,True,-0.021333333333333242,0.00585946527708232,-0.03588905199882503,-0.0067776146678414535
brightness_contrast,strong_brightness,standard_conformal,0.05,,,empirical_coverage,3,3,True,0.9286666666666666,0.00585946527708232,0.9141109480011749,0.9432223853321584
brightness_contrast,strong_brightness,standard_conformal,0.05,,,empty_set_rate,3,3,True,0.0016333333333333332,0.0004509249752822894,0.0005131735970645126,0.002753493069602154
brightness_contrast,strong_brightness,standard_conformal,0.05,,,median_set_size,3,3,True,1.0,0.0,1.0,1.0
brightness_contrast,strong_brightness,standard_conformal,0.05,,,multiclass_set_rate,3,3,True,0.10880000000000001,0.004750789408087886,0.09699838487078487,0.12060161512921515
brightness_contrast,strong_brightness,standard_conformal,0.05,,,singleton_set_rate,3,3,True,0.8895666666666667,0.004301550108197457,0.8788810238239098,0.9002523095094237
brightness_contrast,strong_brightness,standard_conformal,0.05,,,worst_class_coverage,3,3,True,0.747,0.04430575583375149,0.6369384010857757,0.8570615989142243
brightness_contrast,strong_brightness,standard_conformal,0.1,hybrid,0.5,abstention_rate,3,3,True,0.07626666666666666,0.005389186704256344,0.06287918473896001,0.08965414859437332
brightness_contrast,strong_brightness,standard_conformal,0.1,hybrid,0.5,acceptance_rate,3,3,True,0.9237333333333334,0.005389186704256317,0.9103458514056268,0.93712081526104
brightness_contrast,strong_brightness,standard_conformal,0.1,hybrid,0.5,number_abstained,3,3,True,762.6666666666666,53.89186704256342,628.7918473896001,896.5414859437332
brightness_contrast,strong_brightness,standard_conformal,0.1,hybrid,0.5,number_accepted,3,3,True,9237.333333333334,53.89186704256342,9103.458514056267,9371.208152610401
brightness_contrast,strong_brightness,standard_conformal,0.1,hybrid,0.5,selective_accuracy,3,3,True,0.9232052477088488,0.008061356126147329,0.9031797289480367,0.943230766469661
brightness_contrast,strong_brightness,standard_conformal,0.1,hybrid,0.5,selective_risk,3,3,True,0.07679475229115122,0.008061356126147329,0.056769233530339094,0.09682027105196335
brightness_contrast,strong_brightness,standard_conformal,0.1,hybrid,0.6,abstention_rate,3,3,True,0.11993333333333334,0.0013051181300301287,0.11669124016823643,0.12317542649843025
brightness_contrast,strong_brightness,standard_conformal,0.1,hybrid,0.6,acceptance_rate,3,3,True,0.8800666666666667,0.001305118130030093,0.8768245735015698,0.8833087598317635
brightness_contrast,strong_brightness,standard_conformal,0.1,hybrid,0.6,number_abstained,3,3,True,1199.3333333333333,13.051181300301261,1166.9124016823641,1231.7542649843024
brightness_contrast,strong_brightness,standard_conformal,0.1,hybrid,0.6,number_accepted,3,3,True,8800.666666666666,13.051181300301261,8768.245735015696,8833.087598317636
brightness_contrast,strong_brightness,standard_conformal,0.1,hybrid,0.6,selective_accuracy,3,3,True,0.9386412870228691,0.004125472683314446,0.9283930447514518,0.9488895292942864
brightness_contrast,strong_brightness,standard_conformal,0.1,hybrid,0.6,selective_risk,3,3,True,0.0613587129771308,0.004125472683314446,0.05111047070571356,0.07160695524854804
brightness_contrast,strong_brightness,standard_conformal,0.1,hybrid,0.7,abstention_rate,3,3,True,0.17853333333333332,0.001537313674346687,0.17471443446009924,0.1823522322065674
brightness_contrast,strong_brightness,standard_conformal,0.1,hybrid,0.7,acceptance_rate,3,3,True,0.8214666666666668,0.001537313674346716,0.8176477677934326,0.825285565539901
brightness_contrast,strong_brightness,standard_conformal,0.1,hybrid,0.7,number_abstained,3,3,True,1785.3333333333333,15.373136743466942,1747.1443446009923,1823.5223220656742
brightness_contrast,strong_brightness,standard_conformal,0.1,hybrid,0.7,number_accepted,3,3,True,8214.666666666666,15.373136743466942,8176.477677934326,8252.855655399007
brightness_contrast,strong_brightness,standard_conformal,0.1,hybrid,0.7,selective_accuracy,3,3,True,0.9570238896070609,0.003558890956230096,0.9481831143706825,0.9658646648434392
brightness_contrast,strong_brightness,standard_conformal,0.1,hybrid,0.7,selective_risk,3,3,True,0.04297611039293917,0.003558890956230096,0.034135335156560795,0.05181688562931755
brightness_contrast,strong_brightness,standard_conformal,0.1,hybrid,0.8,abstention_rate,3,3,True,0.23926666666666666,0.004908496035786654,0.22707328655619202,0.2514600467771413
brightness_contrast,strong_brightness,standard_conformal,0.1,hybrid,0.8,acceptance_rate,3,3,True,0.7607333333333334,0.00490849603578663,0.7485399532228588,0.7729267134438079
brightness_contrast,strong_brightness,standard_conformal,0.1,hybrid,0.8,number_abstained,3,3,True,2392.6666666666665,49.08496035786658,2270.7328655619203,2514.6004677714127
brightness_contrast,strong_brightness,standard_conformal,0.1,hybrid,0.8,number_accepted,3,3,True,7607.333333333333,49.08496035786657,7485.399532228586,7729.26713443808
brightness_contrast,strong_brightness,standard_conformal,0.1,hybrid,0.8,selective_accuracy,3,3,True,0.9714758112689967,0.0027876767148218326,0.9645508384135395,0.978400784124454
brightness_contrast,strong_brightness,standard_conformal,0.1,hybrid,0.8,selective_risk,3,3,True,0.028524188731003264,0.0027876767148218326,0.021599215875546078,0.03544916158646045
brightness_contrast,strong_brightness,standard_conformal,0.1,hybrid,0.9,abstention_rate,3,3,True,0.3216333333333334,0.006885007867339978,0.3045300256443764,0.33873664102229034
brightness_contrast,strong_brightness,standard_conformal,0.1,hybrid,0.9,acceptance_rate,3,3,True,0.6783666666666667,0.0068850078673399545,0.6612633589777098,0.6954699743556235
brightness_contrast,strong_brightness,standard_conformal,0.1,hybrid,0.9,number_abstained,3,3,True,3216.3333333333335,68.85007867339974,3045.300256443764,3387.366410222903
brightness_contrast,strong_brightness,standard_conformal,0.1,hybrid,0.9,number_accepted,3,3,True,6783.666666666667,68.85007867339974,6612.633589777098,6954.699743556236
brightness_contrast,strong_brightness,standard_conformal,0.1,hybrid,0.9,selective_accuracy,3,3,True,0.9850629598835136,0.0009327004924285513,0.9827460034165036,0.9873799163505235
brightness_contrast,strong_brightness,standard_conformal,0.1,hybrid,0.9,selective_risk,3,3,True,0.014937040116486592,0.0009327004924285512,0.012620083649476723,0.01725399658349646
brightness_contrast,strong_brightness,standard_conformal,0.1,hybrid,0.95,abstention_rate,3,3,True,0.38843333333333335,0.0051071844820148584,0.3757463837606942,0.4011202829059725
brightness_contrast,strong_brightness,standard_conformal,0.1,hybrid,0.95,acceptance_rate,3,3,True,0.6115666666666667,0.005107184482014815,0.5988797170940277,0.6242536162393058
brightness_contrast,strong_brightness,standard_conformal,0.1,hybrid,0.95,number_abstained,3,3,True,3884.3333333333335,51.07184482014854,3757.4638376069415,4011.2028290597254
brightness_contrast,strong_brightness,standard_conformal,0.1,hybrid,0.95,number_accepted,3,3,True,6115.666666666667,51.071844820148534,5988.7971709402755,6242.5361623930585
brightness_contrast,strong_brightness,standard_conformal,0.1,hybrid,0.95,selective_accuracy,3,3,True,0.9918262602751007,0.0009993504619663241,0.989343736105275,0.9943087844449263
brightness_contrast,strong_brightness,standard_conformal,0.1,hybrid,0.95,selective_risk,3,3,True,0.008173739724899284,0.0009993504619663241,0.0056912155550736246,0.010656263894724943
brightness_contrast,strong_brightness,standard_conformal,0.1,singleton_conformal,,abstention_rate,3,3,True,0.07626666666666666,0.005389186704256344,0.06287918473896001,0.08965414859437332
brightness_contrast,strong_brightness,standard_conformal,0.1,singleton_conformal,,acceptance_rate,3,3,True,0.9237333333333334,0.005389186704256317,0.9103458514056268,0.93712081526104
brightness_contrast,strong_brightness,standard_conformal,0.1,singleton_conformal,,number_abstained,3,3,True,762.6666666666666,53.89186704256342,628.7918473896001,896.5414859437332
brightness_contrast,strong_brightness,standard_conformal,0.1,singleton_conformal,,number_accepted,3,3,True,9237.333333333334,53.89186704256342,9103.458514056267,9371.208152610401
brightness_contrast,strong_brightness,standard_conformal,0.1,singleton_conformal,,selective_accuracy,3,3,True,0.9232052477088488,0.008061356126147329,0.9031797289480367,0.943230766469661
brightness_contrast,strong_brightness,standard_conformal,0.1,singleton_conformal,,selective_risk,3,3,True,0.07679475229115122,0.008061356126147329,0.056769233530339094,0.09682027105196335
brightness_contrast,strong_brightness,standard_conformal,0.1,,,average_set_size,3,3,True,0.9237333333333334,0.005389186704256317,0.9103458514056268,0.93712081526104
brightness_contrast,strong_brightness,standard_conformal,0.1,,,coverage_gap,3,3,True,-0.04723333333333335,0.0025813433195399204,-0.05364574562037725,-0.04082092104628945
brightness_contrast,strong_brightness,standard_conformal,0.1,,,empirical_coverage,3,3,True,0.8527666666666667,0.0025813433195399204,0.8463542543796228,0.8591790789537106
brightness_contrast,strong_brightness,standard_conformal,0.1,,,empty_set_rate,3,3,True,0.07626666666666666,0.005389186704256344,0.06287918473896001,0.08965414859437332
brightness_contrast,strong_brightness,standard_conformal,0.1,,,median_set_size,3,3,True,1.0,0.0,1.0,1.0
brightness_contrast,strong_brightness,standard_conformal,0.1,,,multiclass_set_rate,3,3,True,0.0,0.0,0.0,0.0
brightness_contrast,strong_brightness,standard_conformal,0.1,,,singleton_set_rate,3,3,True,0.9237333333333334,0.005389186704256317,0.9103458514056268,0.93712081526104
brightness_contrast,strong_brightness,standard_conformal,0.1,,,worst_class_coverage,3,3,True,0.5083333333333333,0.03442867022313431,0.4228077752666297,0.5938588914000369
brightness_contrast,strong_brightness,standard_conformal,0.2,hybrid,0.5,abstention_rate,3,3,True,0.2522,0.006973521348644454,0.23487681263413626,0.26952318736586367
brightness_contrast,strong_brightness,standard_conformal,0.2,hybrid,0.5,acceptance_rate,3,3,True,0.7477999999999999,0.006973521348644444,0.7304768126341362,0.7651231873658636
brightness_contrast,strong_brightness,standard_conformal,0.2,hybrid,0.5,number_abstained,3,3,True,2522.0,69.73521348644456,2348.768126341363,2695.231873658637
brightness_contrast,strong_brightness,standard_conformal,0.2,hybrid,0.5,number_accepted,3,3,True,7478.0,69.73521348644456,7304.768126341362,7651.231873658638
brightness_contrast,strong_brightness,standard_conformal,0.2,hybrid,0.5,selective_accuracy,3,3,True,0.9740312163310326,0.0037951393627560655,0.9646035675186622,0.9834588651434031
brightness_contrast,strong_brightness,standard_conformal,0.2,hybrid,0.5,selective_risk,3,3,True,0.025968783668967415,0.0037951393627560655,0.01654113485659696,0.03539643248133787
brightness_contrast,strong_brightness,standard_conformal,0.2,hybrid,0.6,abstention_rate,3,3,True,0.2522,0.006973521348644454,0.23487681263413626,0.26952318736586367
brightness_contrast,strong_brightness,standard_conformal,0.2,hybrid,0.6,acceptance_rate,3,3,True,0.7477999999999999,0.006973521348644444,0.7304768126341362,0.7651231873658636
brightness_contrast,strong_brightness,standard_conformal,0.2,hybrid,0.6,number_abstained,3,3,True,2522.0,69.73521348644456,2348.768126341363,2695.231873658637
brightness_contrast,strong_brightness,standard_conformal,0.2,hybrid,0.6,number_accepted,3,3,True,7478.0,69.73521348644456,7304.768126341362,7651.231873658638
brightness_contrast,strong_brightness,standard_conformal,0.2,hybrid,0.6,selective_accuracy,3,3,True,0.9740312163310326,0.0037951393627560655,0.9646035675186622,0.9834588651434031
brightness_contrast,strong_brightness,standard_conformal,0.2,hybrid,0.6,selective_risk,3,3,True,0.025968783668967415,0.0037951393627560655,0.01654113485659696,0.03539643248133787
brightness_contrast,strong_brightness,standard_conformal,0.2,hybrid,0.7,abstention_rate,3,3,True,0.2522,0.006973521348644454,0.23487681263413626,0.26952318736586367
brightness_contrast,strong_brightness,standard_conformal,0.2,hybrid,0.7,acceptance_rate,3,3,True,0.7477999999999999,0.006973521348644444,0.7304768126341362,0.7651231873658636
brightness_contrast,strong_brightness,standard_conformal,0.2,hybrid,0.7,number_abstained,3,3,True,2522.0,69.73521348644456,2348.768126341363,2695.231873658637
brightness_contrast,strong_brightness,standard_conformal,0.2,hybrid,0.7,number_accepted,3,3,True,7478.0,69.73521348644456,7304.768126341362,7651.231873658638
brightness_contrast,strong_brightness,standard_conformal,0.2,hybrid,0.7,selective_accuracy,3,3,True,0.9740312163310326,0.0037951393627560655,0.9646035675186622,0.9834588651434031
brightness_contrast,strong_brightness,standard_conformal,0.2,hybrid,0.7,selective_risk,3,3,True,0.025968783668967415,0.0037951393627560655,0.01654113485659696,0.03539643248133787
brightness_contrast,strong_brightness,standard_conformal,0.2,hybrid,0.8,abstention_rate,3,3,True,0.2522,0.006973521348644454,0.23487681263413626,0.26952318736586367
brightness_contrast,strong_brightness,standard_conformal,0.2,hybrid,0.8,acceptance_rate,3,3,True,0.7477999999999999,0.006973521348644444,0.7304768126341362,0.7651231873658636
brightness_contrast,strong_brightness,standard_conformal,0.2,hybrid,0.8,number_abstained,3,3,True,2522.0,69.73521348644456,2348.768126341363,2695.231873658637
brightness_contrast,strong_brightness,standard_conformal,0.2,hybrid,0.8,number_accepted,3,3,True,7478.0,69.73521348644456,7304.768126341362,7651.231873658638
brightness_contrast,strong_brightness,standard_conformal,0.2,hybrid,0.8,selective_accuracy,3,3,True,0.9740312163310326,0.0037951393627560655,0.9646035675186622,0.9834588651434031
brightness_contrast,strong_brightness,standard_conformal,0.2,hybrid,0.8,selective_risk,3,3,True,0.025968783668967415,0.0037951393627560655,0.01654113485659696,0.03539643248133787
brightness_contrast,strong_brightness,standard_conformal,0.2,hybrid,0.9,abstention_rate,3,3,True,0.3216333333333334,0.006885007867339978,0.3045300256443764,0.33873664102229034
brightness_contrast,strong_brightness,standard_conformal,0.2,hybrid,0.9,acceptance_rate,3,3,True,0.6783666666666667,0.0068850078673399545,0.6612633589777098,0.6954699743556235
brightness_contrast,strong_brightness,standard_conformal,0.2,hybrid,0.9,number_abstained,3,3,True,3216.3333333333335,68.85007867339974,3045.300256443764,3387.366410222903
brightness_contrast,strong_brightness,standard_conformal,0.2,hybrid,0.9,number_accepted,3,3,True,6783.666666666667,68.85007867339974,6612.633589777098,6954.699743556236
brightness_contrast,strong_brightness,standard_conformal,0.2,hybrid,0.9,selective_accuracy,3,3,True,0.9850629598835136,0.0009327004924285513,0.9827460034165036,0.9873799163505235
brightness_contrast,strong_brightness,standard_conformal,0.2,hybrid,0.9,selective_risk,3,3,True,0.014937040116486592,0.0009327004924285512,0.012620083649476723,0.01725399658349646
brightness_contrast,strong_brightness,standard_conformal,0.2,hybrid,0.95,abstention_rate,3,3,True,0.38843333333333335,0.0051071844820148584,0.3757463837606942,0.4011202829059725
brightness_contrast,strong_brightness,standard_conformal,0.2,hybrid,0.95,acceptance_rate,3,3,True,0.6115666666666667,0.005107184482014815,0.5988797170940277,0.6242536162393058
brightness_contrast,strong_brightness,standard_conformal,0.2,hybrid,0.95,number_abstained,3,3,True,3884.3333333333335,51.07184482014854,3757.4638376069415,4011.2028290597254
brightness_contrast,strong_brightness,standard_conformal,0.2,hybrid,0.95,number_accepted,3,3,True,6115.666666666667,51.071844820148534,5988.7971709402755,6242.5361623930585
brightness_contrast,strong_brightness,standard_conformal,0.2,hybrid,0.95,selective_accuracy,3,3,True,0.9918262602751007,0.0009993504619663241,0.989343736105275,0.9943087844449263
brightness_contrast,strong_brightness,standard_conformal,0.2,hybrid,0.95,selective_risk,3,3,True,0.008173739724899284,0.0009993504619663241,0.0056912155550736246,0.010656263894724943
brightness_contrast,strong_brightness,standard_conformal,0.2,singleton_conformal,,abstention_rate,3,3,True,0.2522,0.006973521348644454,0.23487681263413626,0.26952318736586367
brightness_contrast,strong_brightness,standard_conformal,0.2,singleton_conformal,,acceptance_rate,3,3,True,0.7477999999999999,0.006973521348644444,0.7304768126341362,0.7651231873658636
brightness_contrast,strong_brightness,standard_conformal,0.2,singleton_conformal,,number_abstained,3,3,True,2522.0,69.73521348644456,2348.768126341363,2695.231873658637
brightness_contrast,strong_brightness,standard_conformal,0.2,singleton_conformal,,number_accepted,3,3,True,7478.0,69.73521348644456,7304.768126341362,7651.231873658638
brightness_contrast,strong_brightness,standard_conformal,0.2,singleton_conformal,,selective_accuracy,3,3,True,0.9740312163310326,0.0037951393627560655,0.9646035675186622,0.9834588651434031
brightness_contrast,strong_brightness,standard_conformal,0.2,singleton_conformal,,selective_risk,3,3,True,0.025968783668967415,0.0037951393627560655,0.01654113485659696,0.03539643248133787
brightness_contrast,strong_brightness,standard_conformal,0.2,,,average_set_size,3,3,True,0.7477999999999999,0.006973521348644444,0.7304768126341362,0.7651231873658636
brightness_contrast,strong_brightness,standard_conformal,0.2,,,coverage_gap,3,3,True,-0.0716333333333334,0.004895235779135994,-0.08379377314019462,-0.05947289352647216
brightness_contrast,strong_brightness,standard_conformal,0.2,,,empirical_coverage,3,3,True,0.7283666666666666,0.004895235779135995,0.7162062268598054,0.7405271064735278
brightness_contrast,strong_brightness,standard_conformal,0.2,,,empty_set_rate,3,3,True,0.2522,0.006973521348644454,0.23487681263413626,0.26952318736586367
brightness_contrast,strong_brightness,standard_conformal,0.2,,,median_set_size,3,3,True,1.0,0.0,1.0,1.0
brightness_contrast,strong_brightness,standard_conformal,0.2,,,multiclass_set_rate,3,3,True,0.0,0.0,0.0,0.0
brightness_contrast,strong_brightness,standard_conformal,0.2,,,singleton_set_rate,3,3,True,0.7477999999999999,0.006973521348644444,0.7304768126341362,0.7651231873658636
brightness_contrast,strong_brightness,standard_conformal,0.2,,,worst_class_coverage,3,3,True,0.17333333333333334,0.004509249752822885,0.16213173597064515,0.18453493069602153
brightness_contrast,strong_brightness,temperature_scaled,,confidence_threshold,0.5,abstention_rate,3,3,True,0.05873333333333333,0.0016802777548171402,0.0545592919963769,0.06290737467028977
brightness_contrast,strong_brightness,temperature_scaled,,confidence_threshold,0.5,acceptance_rate,3,3,True,0.9412666666666666,0.0016802777548171864,0.93709262532971,0.9454407080036231
brightness_contrast,strong_brightness,temperature_scaled,,confidence_threshold,0.5,number_abstained,3,3,True,587.3333333333334,16.802777548171413,545.592919963769,629.0737467028978
brightness_contrast,strong_brightness,temperature_scaled,,confidence_threshold,0.5,number_accepted,3,3,True,9412.666666666666,16.802777548171413,9370.926253297102,9454.40708003623
brightness_contrast,strong_brightness,temperature_scaled,,confidence_threshold,0.5,selective_accuracy,3,3,True,0.9160418836521084,0.006432483572215191,0.9000627086301541,0.9320210586740626
brightness_contrast,strong_brightness,temperature_scaled,,confidence_threshold,0.5,selective_risk,3,3,True,0.08395811634789159,0.006432483572215191,0.06797894132593735,0.09993729136984583
brightness_contrast,strong_brightness,temperature_scaled,,confidence_threshold,0.6,abstention_rate,3,3,True,0.11993333333333334,0.0013051181300301287,0.11669124016823643,0.12317542649843025
brightness_contrast,strong_brightness,temperature_scaled,,confidence_threshold,0.6,acceptance_rate,3,3,True,0.8800666666666667,0.001305118130030093,0.8768245735015698,0.8833087598317635
brightness_contrast,strong_brightness,temperature_scaled,,confidence_threshold,0.6,number_abstained,3,3,True,1199.3333333333333,13.051181300301261,1166.9124016823641,1231.7542649843024
brightness_contrast,strong_brightness,temperature_scaled,,confidence_threshold,0.6,number_accepted,3,3,True,8800.666666666666,13.051181300301261,8768.245735015696,8833.087598317636
brightness_contrast,strong_brightness,temperature_scaled,,confidence_threshold,0.6,selective_accuracy,3,3,True,0.9386412870228691,0.004125472683314446,0.9283930447514518,0.9488895292942864
brightness_contrast,strong_brightness,temperature_scaled,,confidence_threshold,0.6,selective_risk,3,3,True,0.0613587129771308,0.004125472683314446,0.05111047070571356,0.07160695524854804
brightness_contrast,strong_brightness,temperature_scaled,,confidence_threshold,0.7,abstention_rate,3,3,True,0.17853333333333332,0.001537313674346687,0.17471443446009924,0.1823522322065674
brightness_contrast,strong_brightness,temperature_scaled,,confidence_threshold,0.7,acceptance_rate,3,3,True,0.8214666666666668,0.001537313674346716,0.8176477677934326,0.825285565539901
brightness_contrast,strong_brightness,temperature_scaled,,confidence_threshold,0.7,number_abstained,3,3,True,1785.3333333333333,15.373136743466942,1747.1443446009923,1823.5223220656742
brightness_contrast,strong_brightness,temperature_scaled,,confidence_threshold,0.7,number_accepted,3,3,True,8214.666666666666,15.373136743466942,8176.477677934326,8252.855655399007
brightness_contrast,strong_brightness,temperature_scaled,,confidence_threshold,0.7,selective_accuracy,3,3,True,0.9570238896070609,0.003558890956230096,0.9481831143706825,0.9658646648434392
brightness_contrast,strong_brightness,temperature_scaled,,confidence_threshold,0.7,selective_risk,3,3,True,0.04297611039293917,0.003558890956230096,0.034135335156560795,0.05181688562931755
brightness_contrast,strong_brightness,temperature_scaled,,confidence_threshold,0.8,abstention_rate,3,3,True,0.23926666666666666,0.004908496035786654,0.22707328655619202,0.2514600467771413
brightness_contrast,strong_brightness,temperature_scaled,,confidence_threshold,0.8,acceptance_rate,3,3,True,0.7607333333333334,0.00490849603578663,0.7485399532228588,0.7729267134438079
brightness_contrast,strong_brightness,temperature_scaled,,confidence_threshold,0.8,number_abstained,3,3,True,2392.6666666666665,49.08496035786658,2270.7328655619203,2514.6004677714127
brightness_contrast,strong_brightness,temperature_scaled,,confidence_threshold,0.8,number_accepted,3,3,True,7607.333333333333,49.08496035786657,7485.399532228586,7729.26713443808
brightness_contrast,strong_brightness,temperature_scaled,,confidence_threshold,0.8,selective_accuracy,3,3,True,0.9714758112689967,0.0027876767148218326,0.9645508384135395,0.978400784124454
brightness_contrast,strong_brightness,temperature_scaled,,confidence_threshold,0.8,selective_risk,3,3,True,0.028524188731003264,0.0027876767148218326,0.021599215875546078,0.03544916158646045
brightness_contrast,strong_brightness,temperature_scaled,,confidence_threshold,0.9,abstention_rate,3,3,True,0.3216333333333334,0.006885007867339978,0.3045300256443764,0.33873664102229034
brightness_contrast,strong_brightness,temperature_scaled,,confidence_threshold,0.9,acceptance_rate,3,3,True,0.6783666666666667,0.0068850078673399545,0.6612633589777098,0.6954699743556235
brightness_contrast,strong_brightness,temperature_scaled,,confidence_threshold,0.9,number_abstained,3,3,True,3216.3333333333335,68.85007867339974,3045.300256443764,3387.366410222903
brightness_contrast,strong_brightness,temperature_scaled,,confidence_threshold,0.9,number_accepted,3,3,True,6783.666666666667,68.85007867339974,6612.633589777098,6954.699743556236
brightness_contrast,strong_brightness,temperature_scaled,,confidence_threshold,0.9,selective_accuracy,3,3,True,0.9850629598835136,0.0009327004924285513,0.9827460034165036,0.9873799163505235
brightness_contrast,strong_brightness,temperature_scaled,,confidence_threshold,0.9,selective_risk,3,3,True,0.014937040116486592,0.0009327004924285512,0.012620083649476723,0.01725399658349646
brightness_contrast,strong_brightness,temperature_scaled,,confidence_threshold,0.95,abstention_rate,3,3,True,0.38843333333333335,0.0051071844820148584,0.3757463837606942,0.4011202829059725
brightness_contrast,strong_brightness,temperature_scaled,,confidence_threshold,0.95,acceptance_rate,3,3,True,0.6115666666666667,0.005107184482014815,0.5988797170940277,0.6242536162393058
brightness_contrast,strong_brightness,temperature_scaled,,confidence_threshold,0.95,number_abstained,3,3,True,3884.3333333333335,51.07184482014854,3757.4638376069415,4011.2028290597254
brightness_contrast,strong_brightness,temperature_scaled,,confidence_threshold,0.95,number_accepted,3,3,True,6115.666666666667,51.071844820148534,5988.7971709402755,6242.5361623930585
brightness_contrast,strong_brightness,temperature_scaled,,confidence_threshold,0.95,selective_accuracy,3,3,True,0.9918262602751007,0.0009993504619663241,0.989343736105275,0.9943087844449263
brightness_contrast,strong_brightness,temperature_scaled,,confidence_threshold,0.95,selective_risk,3,3,True,0.008173739724899284,0.0009993504619663241,0.0056912155550736246,0.010656263894724943
brightness_contrast,strong_brightness,temperature_scaled,,,,accuracy_confidence_gap,3,3,True,0.007083794684211424,0.0060941629424948515,-0.008054945302791397,0.022222534671214243
brightness_contrast,strong_brightness,temperature_scaled,,,,brier_score,3,3,True,0.1584178406103728,0.006517068301544804,0.1422285454724527,0.17460713574829292
brightness_contrast,strong_brightness,temperature_scaled,,,,expected_calibration_error,3,3,True,0.010619500877459824,0.0040047774051763275,0.0006710822980956783,0.02056791945682397
brightness_contrast,strong_brightness,temperature_scaled,,,,maximum_calibration_error,3,3,True,0.12119103024223288,0.06054771590155592,-0.02921783418916732,0.2715998946736331
brightness_contrast,strong_brightness,temperature_scaled,,,,mean_confidence,3,3,True,0.8819162053157886,0.0014901569819984971,0.8782144501603781,0.8856179604711991
brightness_contrast,strong_brightness,temperature_scaled,,,,negative_log_likelihood,3,3,True,0.29737215099687714,0.01145920512631716,0.26890590739590997,0.3258383945978443
class_imbalance,moderate,class_conditional_conformal,0.05,,,average_set_size,3,3,True,1.1339523809523808,0.0015735915849389816,1.1300433627533408,1.1378613991514208
class_imbalance,moderate,class_conditional_conformal,0.05,,,coverage_gap,3,3,True,0.0004761904761905189,0.002144443856990077,-0.004850903379689864,0.005803284332070902
class_imbalance,moderate,class_conditional_conformal,0.05,,,empirical_coverage,3,3,True,0.9504761904761905,0.002144443856990077,0.9451490966203101,0.9558032843320708
class_imbalance,moderate,class_conditional_conformal,0.05,,,empty_set_rate,3,3,True,0.01695238095238095,0.002186850000610482,0.01151994439592322,0.02238481750883868
class_imbalance,moderate,class_conditional_conformal,0.05,,,median_set_size,3,3,True,1.0,0.0,1.0,1.0
class_imbalance,moderate,class_conditional_conformal,0.05,,,multiclass_set_rate,3,3,True,0.13633333333333333,0.0012962531036967736,0.13311326211446678,0.1395534045521999
class_imbalance,moderate,class_conditional_conformal,0.05,,,singleton_set_rate,3,3,True,0.8467142857142856,0.0033411473038647134,0.8384144156962424,0.8550141557323289
class_imbalance,moderate,class_conditional_conformal,0.05,,,worst_class_coverage,3,3,True,0.9359999999999999,0.005291502622129123,0.9228551787845433,0.9491448212154566
class_imbalance,moderate,class_conditional_conformal,0.1,,,average_set_size,3,3,True,1.0002380952380954,0.006906567908310796,0.9830812294382959,1.0173949610378947
class_imbalance,moderate,class_conditional_conformal,0.1,,,coverage_gap,3,3,True,-0.0004761904761905189,0.002900856078193881,-0.007682316456392103,0.006729935504011065
class_imbalance,moderate,class_conditional_conformal,0.1,,,empirical_coverage,3,3,True,0.8995238095238095,0.002900856078193881,0.892317683543608,0.906729935504011
class_imbalance,moderate,class_conditional_conformal,0.1,,,empty_set_rate,3,3,True,0.05557142857142857,0.0032732683535398864,0.04744017921372123,0.06370267792913592
class_imbalance,moderate,class_conditional_conformal,0.1,,,median_set_size,3,3,True,1.0,0.0,1.0,1.0
class_imbalance,moderate,class_conditional_conformal,0.1,,,multiclass_set_rate,3,3,True,0.055619047619047624,0.007163304067961102,0.037824413843090904,0.07341368139500434
class_imbalance,moderate,class_conditional_conformal,0.1,,,singleton_set_rate,3,3,True,0.8888095238095238,0.008659468491646742,0.8672982115657104,0.9103208360533372
class_imbalance,moderate,class_conditional_conformal,0.1,,,worst_class_coverage,3,3,True,0.8773333333333334,0.008082903768654767,0.8572542872611693,0.8974123794054976
class_imbalance,moderate,class_conditional_conformal,0.2,,,average_set_size,3,3,True,0.8383333333333334,0.0036848651661243867,0.8291796208114487,0.8474870458552181
class_imbalance,moderate,class_conditional_conformal,0.2,,,coverage_gap,3,3,True,-0.0054285714285714865,0.002104417123236588,-0.010656233365656638,-0.000200909491486336
class_imbalance,moderate,class_conditional_conformal,0.2,,,empirical_coverage,3,3,True,0.7945714285714285,0.002104417123236588,0.7893437666343434,0.7997990905085136
class_imbalance,moderate,class_conditional_conformal,0.2,,,empty_set_rate,3,3,True,0.16280952380952382,0.004545312304515295,0.1515183421021946,0.17410070551685305
class_imbalance,moderate,class_conditional_conformal,0.2,,,median_set_size,3,3,True,1.0,0.0,1.0,1.0
class_imbalance,moderate,class_conditional_conformal,0.2,,,multiclass_set_rate,3,3,True,0.0011428571428571427,0.00122057196361679,-0.0018892117018684772,0.004174925987582762
class_imbalance,moderate,class_conditional_conformal,0.2,,,singleton_set_rate,3,3,True,0.836047619047619,0.005542660772171982,0.8222788864000274,0.8498163516952106
class_imbalance,moderate,class_conditional_conformal,0.2,,,worst_class_coverage,3,3,True,0.7696666666666667,0.007505553499465142,0.7510218381710857,0.7883114951622477
class_imbalance,moderate,raw_softmax,,,,accuracy,3,3,True,0.9291428571428572,0.003787735309589382,0.9197336010181779,0.9385521132675364
class_imbalance,moderate,raw_softmax,,,,accuracy_confidence_gap,3,3,True,-0.011341014542749975,0.006560044299296285,-0.027637067977384647,0.004955038891884695
class_imbalance,moderate,raw_softmax,,,,brier_score,3,3,True,0.10446671913940571,0.00295174593105195,0.09713417575657397,0.11179926252223744
class_imbalance,moderate,raw_softmax,,,,evaluation_seconds,3,3,True,3.6746000999992248,0.24790266946975698,3.0587757299258245,4.290424470072625
class_imbalance,moderate,raw_softmax,,,,expected_calibration_error,3,3,True,0.013924576547883802,0.003672258280482025,0.0048021812660509824,0.02304697182971662
class_imbalance,moderate,raw_softmax,,,,macro_f1,3,3,True,0.9153738362545013,0.005474341046203972,0.9017748192146433,0.9289728532943593
class_imbalance,moderate,raw_softmax,,,,maximum_calibration_error,3,3,True,0.27782534062862396,0.022334110114305687,0.22234433543529272,0.3333063458219552
class_imbalance,moderate,raw_softmax,,,,mean_confidence,3,3,True,0.9404838716856071,0.006858665890117891,0.9234460010956695,0.9575217422755447
class_imbalance,moderate,raw_softmax,,,,mean_inference_seconds_per_image,3,3,True,0.0005249428714284607,3.541466706710813e-05,0.00043696796141797493,0.0006129177814389465
class_imbalance,moderate,raw_softmax,,,,negative_log_likelihood,3,3,True,0.21233899527473254,0.002021780538720348,0.20731661399361442,0.21736137655585067
class_imbalance,moderate,raw_softmax,,,,sample_count,3,3,True,7000.0,0.0,7000.0,7000.0
class_imbalance,moderate,standard_conformal,0.05,hybrid,0.5,abstention_rate,3,3,True,0.08561904761904764,0.0031439392076655346,0.07780906966983522,0.09342902556826005
class_imbalance,moderate,standard_conformal,0.05,hybrid,0.5,acceptance_rate,3,3,True,0.9143809523809524,0.003143939207665563,0.90657097443174,0.9221909303301649
class_imbalance,moderate,standard_conformal,0.05,hybrid,0.5,number_abstained,3,3,True,599.3333333333334,22.007574453658755,544.6634876888465,654.0031789778202
class_imbalance,moderate,standard_conformal,0.05,hybrid,0.5,number_accepted,3,3,True,6400.666666666667,22.007574453658755,6345.9968210221805,6455.3365123111535
class_imbalance,moderate,standard_conformal,0.05,hybrid,0.5,selective_accuracy,3,3,True,0.9631280568378441,0.0024541532077566757,0.9570316023040427,0.9692245113716454
class_imbalance,moderate,standard_conformal,0.05,hybrid,0.5,selective_risk,3,3,True,0.03687194316215588,0.0024541532077566757,0.030775488628354483,0.04296839769595728
class_imbalance,moderate,standard_conformal,0.05,hybrid,0.6,abstention_rate,3,3,True,0.09442857142857142,0.002025349554108264,0.08939732422173437,0.09945981863540847
class_imbalance,moderate,standard_conformal,0.05,hybrid,0.6,acceptance_rate,3,3,True,0.9055714285714286,0.0020253495541082316,0.9005401813645916,0.9106026757782656
class_imbalance,moderate,standard_conformal,0.05,hybrid,0.6,number_abstained,3,3,True,661.0,14.177446878757825,625.7812695521407,696.2187304478593
class_imbalance,moderate,standard_conformal,0.05,hybrid,0.6,number_accepted,3,3,True,6339.0,14.177446878757825,6303.781269552141,6374.218730447859
class_imbalance,moderate,standard_conformal,0.05,hybrid,0.6,selective_accuracy,3,3,True,0.9670807247064831,0.001405929029852187,0.9635882033833827,0.9705732460295835
class_imbalance,moderate,standard_conformal,0.05,hybrid,0.6,selective_risk,3,3,True,0.0329192752935169,0.001405929029852187,0.029426753970416532,0.036411796616617274
class_imbalance,moderate,standard_conformal,0.05,hybrid,0.7,abstention_rate,3,3,True,0.10995238095238095,0.0016056871714368911,0.10596363289654086,0.11394112900822105
class_imbalance,moderate,standard_conformal,0.05,hybrid,0.7,acceptance_rate,3,3,True,0.8900476190476191,0.0016056871714369369,0.8860588709917788,0.8940363671034594
class_imbalance,moderate,standard_conformal,0.05,hybrid,0.7,number_abstained,3,3,True,769.6666666666666,11.239810200058244,741.7454302757859,797.5879030575474
class_imbalance,moderate,standard_conformal,0.05,hybrid,0.7,number_accepted,3,3,True,6230.333333333333,11.239810200058244,6202.412096942452,6258.254569724214
class_imbalance,moderate,standard_conformal,0.05,hybrid,0.7,selective_accuracy,3,3,True,0.9719646821021509,0.0012993011136845627,0.9687370392067279,0.9751923249975739
class_imbalance,moderate,standard_conformal,0.05,hybrid,0.7,selective_risk,3,3,True,0.02803531789784915,0.0012993011136845627,0.024807675002426123,0.031262960793272176
class_imbalance,moderate,standard_conformal,0.05,hybrid,0.8,abstention_rate,3,3,True,0.15552380952380954,0.0018088971345926205,0.1510302599350909,0.16001735911252818
class_imbalance,moderate,standard_conformal,0.05,hybrid,0.8,acceptance_rate,3,3,True,0.8444761904761905,0.0018088971345926153,0.8399826408874719,0.8489697400649091
class_imbalance,moderate,standard_conformal,0.05,hybrid,0.8,number_abstained,3,3,True,1088.6666666666667,12.662279942148386,1057.2118195456362,1120.1215137876973
class_imbalance,moderate,standard_conformal,0.05,hybrid,0.8,number_accepted,3,3,True,5911.333333333333,12.662279942148386,5879.878486212302,5942.788180454364
class_imbalance,moderate,standard_conformal,0.05,hybrid,0.8,selective_accuracy,3,3,True,0.9809398613320729,0.001039710148560775,0.9783570781427435,0.9835226445214023
class_imbalance,moderate,standard_conformal,0.05,hybrid,0.8,selective_risk,3,3,True,0.019060138667927145,0.001039710148560775,0.016477355478597785,0.021642921857256504
class_imbalance,moderate,standard_conformal,0.05,hybrid,0.9,abstention_rate,3,3,True,0.21914285714285717,0.006434917502602979,0.20315763590263886,0.23512807838307548
class_imbalance,moderate,standard_conformal,0.05,hybrid,0.9,acceptance_rate,3,3,True,0.7808571428571428,0.006434917502602963,0.7648719216169245,0.7968423640973611
class_imbalance,moderate,standard_conformal,0.05,hybrid,0.9,number_abstained,3,3,True,1534.0,45.044422518220834,1422.1034513184718,1645.8965486815282
class_imbalance,moderate,standard_conformal,0.05,hybrid,0.9,number_accepted,3,3,True,5466.0,45.044422518220834,5354.103451318472,5577.896548681528
class_imbalance,moderate,standard_conformal,0.05,hybrid,0.9,selective_accuracy,3,3,True,0.9886627390261005,0.0010472977428357209,0.9860611072076912,0.9912643708445097
class_imbalance,moderate,standard_conformal,0.05,hybrid,0.9,selective_risk,3,3,True,0.011337260973899643,0.0010472977428357209,0.00873562915549043,0.013938892792308857
class_imbalance,moderate,standard_conformal,0.05,hybrid,0.95,abstention_rate,3,3,True,0.2741428571428572,0.007159979477795239,0.2563564821067076,0.2919292321790068
class_imbalance,moderate,standard_conformal,0.05,hybrid,0.95,acceptance_rate,3,3,True,0.7258571428571429,0.007159979477795268,0.7080707678209932,0.7436435178932925
class_imbalance,moderate,standard_conformal,0.05,hybrid,0.95,number_abstained,3,3,True,1919.0,50.11985634456667,1794.4953747469528,2043.5046252530472
class_imbalance,moderate,standard_conformal,0.05,hybrid,0.95,number_accepted,3,3,True,5081.0,50.11985634456667,4956.495374746953,5205.504625253047
class_imbalance,moderate,standard_conformal,0.05,hybrid,0.95,selective_accuracy,3,3,True,0.9922008526914926,0.0012722648976881037,0.9890403714798094,0.9953613339031758
class_imbalance,moderate,standard_conformal,0.05,hybrid,0.95,selective_risk,3,3,True,0.007799147308507319,0.0012722648976881037,0.004638666096824125,0.010959628520190513
class_imbalance,moderate,standard_conformal,0.05,singleton_conformal,,abstention_rate,3,3,True,0.07847619047619048,0.003764315080756508,0.06912511342517275,0.08782726752720821
class_imbalance,moderate,standard_conformal,0.05,singleton_conformal,,acceptance_rate,3,3,True,0.9215238095238095,0.0037643150807564934,0.9121727324727918,0.9308748865748272
class_imbalance,moderate,standard_conformal,0.05,singleton_conformal,,number_abstained,3,3,True,549.3333333333334,26.350205565295564,483.87579397620925,614.7908726904575
class_imbalance,moderate,standard_conformal,0.05,singleton_conformal,,number_accepted,3,3,True,6450.666666666667,26.350205565295564,6385.209127309543,6516.124206023791
class_imbalance,moderate,standard_conformal,0.05,singleton_conformal,,selective_accuracy,3,3,True,0.9592279917137239,0.0017900862905312947,0.9547811708521278,0.96367481257532
class_imbalance,moderate,standard_conformal,0.05,singleton_conformal,,selective_risk,3,3,True,0.040772008286276105,0.0017900862905312947,0.03632518742468006,0.045218829147872154
class_imbalance,moderate,standard_conformal,0.05,,,average_set_size,3,3,True,1.0786666666666667,0.003933978962347213,1.0688941211690675,1.0884392121642659
class_imbalance,moderate,standard_conformal,0.05,,,coverage_gap,3,3,True,0.007047619047619118,0.0021444438569900646,0.001720525191738766,0.01237471290349947
class_imbalance,moderate,standard_conformal,0.05,,,empirical_coverage,3,3,True,0.957047619047619,0.0021444438569900646,0.9517205251917387,0.9623747129034994
class_imbalance,moderate,standard_conformal,0.05,,,empty_set_rate,3,3,True,0.00023809523809523812,8.247860988423226e-05,3.3207012869073234e-05,0.00044298346332140304
class_imbalance,moderate,standard_conformal,0.05,,,median_set_size,3,3,True,1.0,0.0,1.0,1.0
class_imbalance,moderate,standard_conformal,0.05,,,multiclass_set_rate,3,3,True,0.07823809523809523,0.003785938897200183,0.0688333016491778,0.08764288882701267
class_imbalance,moderate,standard_conformal,0.05,,,singleton_set_rate,3,3,True,0.9215238095238095,0.0037643150807564934,0.9121727324727918,0.9308748865748272
class_imbalance,moderate,standard_conformal,0.05,,,worst_class_coverage,3,3,True,0.8433333333333333,0.0011547005383792527,0.840464898180167,0.8462017684864995
class_imbalance,moderate,standard_conformal,0.1,hybrid,0.5,abstention_rate,3,3,True,0.037809523809523814,0.0022961073240459428,0.03210567701563515,0.043513370603412475
class_imbalance,moderate,standard_conformal,0.1,hybrid,0.5,acceptance_rate,3,3,True,0.9621904761904762,0.002296107324045981,0.9564866293965874,0.967894322984365
class_imbalance,moderate,standard_conformal,0.1,hybrid,0.5,number_abstained,3,3,True,264.6666666666667,16.072751268321593,224.73973910944608,304.5935942238873
class_imbalance,moderate,standard_conformal,0.1,hybrid,0.5,number_accepted,3,3,True,6735.333333333333,16.072751268321593,6695.4064057761125,6775.260260890554
class_imbalance,moderate,standard_conformal,0.1,hybrid,0.5,selective_accuracy,3,3,True,0.9470988178543803,0.002775437560722969,0.9402042487431801,0.9539933869655806
class_imbalance,moderate,standard_conformal,0.1,hybrid,0.5,selective_risk,3,3,True,0.05290118214561964,0.002775437560722969,0.046006613034419365,0.059795751256819914
class_imbalance,moderate,standard_conformal,0.1,hybrid,0.6,abstention_rate,3,3,True,0.06738095238095239,0.0019708763891976067,0.06248502401734829,0.07227688074455649
class_imbalance,moderate,standard_conformal,0.1,hybrid,0.6,acceptance_rate,3,3,True,0.9326190476190477,0.001970876389197591,0.9277231192554436,0.9375149759826518
class_imbalance,moderate,standard_conformal,0.1,hybrid,0.6,number_abstained,3,3,True,471.6666666666667,13.79613472438325,437.395168121438,505.93816521189535
class_imbalance,moderate,standard_conformal,0.1,hybrid,0.6,number_accepted,3,3,True,6528.333333333333,13.796134724383252,6494.0618347881045,6562.6048318785615
class_imbalance,moderate,standard_conformal,0.1,hybrid,0.6,selective_accuracy,3,3,True,0.9592557686204431,0.0016079442335299459,0.9552614137115399,0.9632501235293464
class_imbalance,moderate,standard_conformal,0.1,hybrid,0.6,selective_risk,3,3,True,0.040744231379556815,0.0016079442335299459,0.0367498764706536,0.04473858628846003
class_imbalance,moderate,standard_conformal,0.1,hybrid,0.7,abstention_rate,3,3,True,0.10804761904761905,0.001248127849722016,0.10494709758703874,0.11114814050819935
class_imbalance,moderate,standard_conformal,0.1,hybrid,0.7,acceptance_rate,3,3,True,0.8919523809523809,0.0012481278497220164,0.8888518594918007,0.8950529024129612
class_imbalance,moderate,standard_conformal,0.1,hybrid,0.7,number_abstained,3,3,True,756.3333333333334,8.736894948054106,734.6296831092712,778.0369835573955
class_imbalance,moderate,standard_conformal,0.1,hybrid,0.7,number_accepted,3,3,True,6243.666666666667,8.736894948054106,6221.963016442604,6265.37031689073
class_imbalance,moderate,standard_conformal,0.1,hybrid,0.7,selective_accuracy,3,3,True,0.9712779279464686,0.0013488535753523518,0.9679271899123065,0.9746286659806307
class_imbalance,moderate,standard_conformal,0.1,hybrid,0.7,selective_risk,3,3,True,0.028722072053531462,0.0013488535753523518,0.025371334019369418,0.032072810087693505
class_imbalance,moderate,standard_conformal,0.1,hybrid,0.8,abstention_rate,3,3,True,0.15552380952380954,0.0018088971345926205,0.1510302599350909,0.16001735911252818
class_imbalance,moderate,standard_conformal,0.1,hybrid,0.8,acceptance_rate,3,3,True,0.8444761904761905,0.0018088971345926153,0.8399826408874719,0.8489697400649091
class_imbalance,moderate,standard_conformal,0.1,hybrid,0.8,number_abstained,3,3,True,1088.6666666666667,12.662279942148386,1057.2118195456362,1120.1215137876973
class_imbalance,moderate,standard_conformal,0.1,hybrid,0.8,number_accepted,3,3,True,5911.333333333333,12.662279942148386,5879.878486212302,5942.788180454364
class_imbalance,moderate,standard_conformal,0.1,hybrid,0.8,selective_accuracy,3,3,True,0.9809398613320729,0.001039710148560775,0.9783570781427435,0.9835226445214023
class_imbalance,moderate,standard_conformal,0.1,hybrid,0.8,selective_risk,3,3,True,0.019060138667927145,0.001039710148560775,0.016477355478597785,0.021642921857256504
class_imbalance,moderate,standard_conformal,0.1,hybrid,0.9,abstention_rate,3,3,True,0.21914285714285717,0.006434917502602979,0.20315763590263886,0.23512807838307548
class_imbalance,moderate,standard_conformal,0.1,hybrid,0.9,acceptance_rate,3,3,True,0.7808571428571428,0.006434917502602963,0.7648719216169245,0.7968423640973611
class_imbalance,moderate,standard_conformal,0.1,hybrid,0.9,number_abstained,3,3,True,1534.0,45.044422518220834,1422.1034513184718,1645.8965486815282
class_imbalance,moderate,standard_conformal,0.1,hybrid,0.9,number_accepted,3,3,True,5466.0,45.044422518220834,5354.103451318472,5577.896548681528
class_imbalance,moderate,standard_conformal,0.1,hybrid,0.9,selective_accuracy,3,3,True,0.9886627390261005,0.0010472977428357209,0.9860611072076912,0.9912643708445097
class_imbalance,moderate,standard_conformal,0.1,hybrid,0.9,selective_risk,3,3,True,0.011337260973899643,0.0010472977428357209,0.00873562915549043,0.013938892792308857
class_imbalance,moderate,standard_conformal,0.1,hybrid,0.95,abstention_rate,3,3,True,0.2741428571428572,0.007159979477795239,0.2563564821067076,0.2919292321790068
class_imbalance,moderate,standard_conformal,0.1,hybrid,0.95,acceptance_rate,3,3,True,0.7258571428571429,0.007159979477795268,0.7080707678209932,0.7436435178932925
class_imbalance,moderate,standard_conformal,0.1,hybrid,0.95,number_abstained,3,3,True,1919.0,50.11985634456667,1794.4953747469528,2043.5046252530472
class_imbalance,moderate,standard_conformal,0.1,hybrid,0.95,number_accepted,3,3,True,5081.0,50.11985634456667,4956.495374746953,5205.504625253047
class_imbalance,moderate,standard_conformal,0.1,hybrid,0.95,selective_accuracy,3,3,True,0.9922008526914926,0.0012722648976881037,0.9890403714798094,0.9953613339031758
class_imbalance,moderate,standard_conformal,0.1,hybrid,0.95,selective_risk,3,3,True,0.007799147308507319,0.0012722648976881037,0.004638666096824125,0.010959628520190513
class_imbalance,moderate,standard_conformal,0.1,singleton_conformal,,abstention_rate,3,3,True,0.037809523809523814,0.0022961073240459428,0.03210567701563515,0.043513370603412475
class_imbalance,moderate,standard_conformal,0.1,singleton_conformal,,acceptance_rate,3,3,True,0.9621904761904762,0.002296107324045981,0.9564866293965874,0.967894322984365
class_imbalance,moderate,standard_conformal,0.1,singleton_conformal,,number_abstained,3,3,True,264.6666666666667,16.072751268321593,224.73973910944608,304.5935942238873
class_imbalance,moderate,standard_conformal,0.1,singleton_conformal,,number_accepted,3,3,True,6735.333333333333,16.072751268321593,6695.4064057761125,6775.260260890554
class_imbalance,moderate,standard_conformal,0.1,singleton_conformal,,selective_accuracy,3,3,True,0.9470988178543803,0.002775437560722969,0.9402042487431801,0.9539933869655806
class_imbalance,moderate,standard_conformal,0.1,singleton_conformal,,selective_risk,3,3,True,0.05290118214561964,0.002775437560722969,0.046006613034419365,0.059795751256819914
class_imbalance,moderate,standard_conformal,0.1,,,average_set_size,3,3,True,0.9621904761904762,0.002296107324045981,0.9564866293965874,0.967894322984365
class_imbalance,moderate,standard_conformal,0.1,,,coverage_gap,3,3,True,0.011285714285714232,0.0012697420596165254,0.008131500151225286,0.014439928420203179
class_imbalance,moderate,standard_conformal,0.1,,,empirical_coverage,3,3,True,0.9112857142857141,0.0012697420596165254,0.9081315001512252,0.914439928420203
class_imbalance,moderate,standard_conformal,0.1,,,empty_set_rate,3,3,True,0.037809523809523814,0.0022961073240459428,0.03210567701563515,0.043513370603412475
class_imbalance,moderate,standard_conformal,0.1,,,median_set_size,3,3,True,1.0,0.0,1.0,1.0
class_imbalance,moderate,standard_conformal,0.1,,,multiclass_set_rate,3,3,True,0.0,0.0,0.0,0.0
class_imbalance,moderate,standard_conformal,0.1,,,singleton_set_rate,3,3,True,0.9621904761904762,0.002296107324045981,0.9564866293965874,0.967894322984365
class_imbalance,moderate,standard_conformal,0.1,,,worst_class_coverage,3,3,True,0.672,0.019078784028338878,0.6246056731008636,0.7193943268991365
class_imbalance,moderate,standard_conformal,0.2,hybrid,0.5,abstention_rate,3,3,True,0.16385714285714284,0.005945329156195653,0.14908812649146846,0.17862615922281722
class_imbalance,moderate,standard_conformal,0.2,hybrid,0.5,acceptance_rate,3,3,True,0.8361428571428572,0.005945329156195661,0.8213738407771828,0.8509118735085316
class_imbalance,moderate,standard_conformal,0.2,hybrid,0.5,number_abstained,3,3,True,1147.0,41.617304093369626,1043.616885440279,1250.383114559721
class_imbalance,moderate,standard_conformal,0.2,hybrid,0.5,number_accepted,3,3,True,5853.0,41.617304093369626,5749.6168854402795,5956.3831145597205
class_imbalance,moderate,standard_conformal,0.2,hybrid,0.5,selective_accuracy,3,3,True,0.9820643657389964,0.0014094088975598734,0.9785631999452914,0.9855655315327013
class_imbalance,moderate,standard_conformal,0.2,hybrid,0.5,selective_risk,3,3,True,0.017935634261003714,0.0014094088975598734,0.014434468467298775,0.021436800054708653
class_imbalance,moderate,standard_conformal,0.2,hybrid,0.6,abstention_rate,3,3,True,0.16385714285714284,0.005945329156195653,0.14908812649146846,0.17862615922281722
class_imbalance,moderate,standard_conformal,0.2,hybrid,0.6,acceptance_rate,3,3,True,0.8361428571428572,0.005945329156195661,0.8213738407771828,0.8509118735085316
class_imbalance,moderate,standard_conformal,0.2,hybrid,0.6,number_abstained,3,3,True,1147.0,41.617304093369626,1043.616885440279,1250.383114559721
class_imbalance,moderate,standard_conformal,0.2,hybrid,0.6,number_accepted,3,3,True,5853.0,41.617304093369626,5749.6168854402795,5956.3831145597205
class_imbalance,moderate,standard_conformal,0.2,hybrid,0.6,selective_accuracy,3,3,True,0.9820643657389964,0.0014094088975598734,0.9785631999452914,0.9855655315327013
class_imbalance,moderate,standard_conformal,0.2,hybrid,0.6,selective_risk,3,3,True,0.017935634261003714,0.0014094088975598734,0.014434468467298775,0.021436800054708653
class_imbalance,moderate,standard_conformal,0.2,hybrid,0.7,abstention_rate,3,3,True,0.16385714285714284,0.005945329156195653,0.14908812649146846,0.17862615922281722
class_imbalance,moderate,standard_conformal,0.2,hybrid,0.7,acceptance_rate,3,3,True,0.8361428571428572,0.005945329156195661,0.8213738407771828,0.8509118735085316
class_imbalance,moderate,standard_conformal,0.2,hybrid,0.7,number_abstained,3,3,True,1147.0,41.617304093369626,1043.616885440279,1250.383114559721
class_imbalance,moderate,standard_conformal,0.2,hybrid,0.7,number_accepted,3,3,True,5853.0,41.617304093369626,5749.6168854402795,5956.3831145597205
class_imbalance,moderate,standard_conformal,0.2,hybrid,0.7,selective_accuracy,3,3,True,0.9820643657389964,0.0014094088975598734,0.9785631999452914,0.9855655315327013
class_imbalance,moderate,standard_conformal,0.2,hybrid,0.7,selective_risk,3,3,True,0.017935634261003714,0.0014094088975598734,0.014434468467298775,0.021436800054708653
class_imbalance,moderate,standard_conformal,0.2,hybrid,0.8,abstention_rate,3,3,True,0.16385714285714284,0.005945329156195653,0.14908812649146846,0.17862615922281722
class_imbalance,moderate,standard_conformal,0.2,hybrid,0.8,acceptance_rate,3,3,True,0.8361428571428572,0.005945329156195661,0.8213738407771828,0.8509118735085316
class_imbalance,moderate,standard_conformal,0.2,hybrid,0.8,number_abstained,3,3,True,1147.0,41.617304093369626,1043.616885440279,1250.383114559721
class_imbalance,moderate,standard_conformal,0.2,hybrid,0.8,number_accepted,3,3,True,5853.0,41.617304093369626,5749.6168854402795,5956.3831145597205
class_imbalance,moderate,standard_conformal,0.2,hybrid,0.8,selective_accuracy,3,3,True,0.9820643657389964,0.0014094088975598734,0.9785631999452914,0.9855655315327013
class_imbalance,moderate,standard_conformal,0.2,hybrid,0.8,selective_risk,3,3,True,0.017935634261003714,0.0014094088975598734,0.014434468467298775,0.021436800054708653
class_imbalance,moderate,standard_conformal,0.2,hybrid,0.9,abstention_rate,3,3,True,0.21914285714285717,0.006434917502602979,0.20315763590263886,0.23512807838307548
class_imbalance,moderate,standard_conformal,0.2,hybrid,0.9,acceptance_rate,3,3,True,0.7808571428571428,0.006434917502602963,0.7648719216169245,0.7968423640973611
class_imbalance,moderate,standard_conformal,0.2,hybrid,0.9,number_abstained,3,3,True,1534.0,45.044422518220834,1422.1034513184718,1645.8965486815282
class_imbalance,moderate,standard_conformal,0.2,hybrid,0.9,number_accepted,3,3,True,5466.0,45.044422518220834,5354.103451318472,5577.896548681528
class_imbalance,moderate,standard_conformal,0.2,hybrid,0.9,selective_accuracy,3,3,True,0.9886627390261005,0.0010472977428357209,0.9860611072076912,0.9912643708445097
class_imbalance,moderate,standard_conformal,0.2,hybrid,0.9,selective_risk,3,3,True,0.011337260973899643,0.0010472977428357209,0.00873562915549043,0.013938892792308857
class_imbalance,moderate,standard_conformal,0.2,hybrid,0.95,abstention_rate,3,3,True,0.2741428571428572,0.007159979477795239,0.2563564821067076,0.2919292321790068
class_imbalance,moderate,standard_conformal,0.2,hybrid,0.95,acceptance_rate,3,3,True,0.7258571428571429,0.007159979477795268,0.7080707678209932,0.7436435178932925
class_imbalance,moderate,standard_conformal,0.2,hybrid,0.95,number_abstained,3,3,True,1919.0,50.11985634456667,1794.4953747469528,2043.5046252530472
class_imbalance,moderate,standard_conformal,0.2,hybrid,0.95,number_accepted,3,3,True,5081.0,50.11985634456667,4956.495374746953,5205.504625253047
class_imbalance,moderate,standard_conformal,0.2,hybrid,0.95,selective_accuracy,3,3,True,0.9922008526914926,0.0012722648976881037,0.9890403714798094,0.9953613339031758
class_imbalance,moderate,standard_conformal,0.2,hybrid,0.95,selective_risk,3,3,True,0.007799147308507319,0.0012722648976881037,0.004638666096824125,0.010959628520190513
class_imbalance,moderate,standard_conformal,0.2,singleton_conformal,,abstention_rate,3,3,True,0.16385714285714284,0.005945329156195653,0.14908812649146846,0.17862615922281722
class_imbalance,moderate,standard_conformal,0.2,singleton_conformal,,acceptance_rate,3,3,True,0.8361428571428572,0.005945329156195661,0.8213738407771828,0.8509118735085316
class_imbalance,moderate,standard_conformal,0.2,singleton_conformal,,number_abstained,3,3,True,1147.0,41.617304093369626,1043.616885440279,1250.383114559721
class_imbalance,moderate,standard_conformal,0.2,singleton_conformal,,number_accepted,3,3,True,5853.0,41.617304093369626,5749.6168854402795,5956.3831145597205
class_imbalance,moderate,standard_conformal,0.2,singleton_conformal,,selective_accuracy,3,3,True,0.9820643657389964,0.0014094088975598734,0.9785631999452914,0.9855655315327013
class_imbalance,moderate,standard_conformal,0.2,singleton_conformal,,selective_risk,3,3,True,0.017935634261003714,0.0014094088975598734,0.014434468467298775,0.021436800054708653
class_imbalance,moderate,standard_conformal,0.2,,,average_set_size,3,3,True,0.8361428571428572,0.005945329156195661,0.8213738407771828,0.8509118735085316
class_imbalance,moderate,standard_conformal,0.2,,,coverage_gap,3,3,True,0.021142857142857092,0.005245017071624494,0.008113512436460404,0.03417220184925378
class_imbalance,moderate,standard_conformal,0.2,,,empirical_coverage,3,3,True,0.8211428571428572,0.005245017071624494,0.8081135124364605,0.8341722018492539
class_imbalance,moderate,standard_conformal,0.2,,,empty_set_rate,3,3,True,0.16385714285714284,0.005945329156195653,0.14908812649146846,0.17862615922281722
class_imbalance,moderate,standard_conformal,0.2,,,median_set_size,3,3,True,1.0,0.0,1.0,1.0
class_imbalance,moderate,standard_conformal,0.2,,,multiclass_set_rate,3,3,True,0.0,0.0,0.0,0.0
class_imbalance,moderate,standard_conformal,0.2,,,singleton_set_rate,3,3,True,0.8361428571428572,0.005945329156195661,0.8213738407771828,0.8509118735085316
class_imbalance,moderate,standard_conformal,0.2,,,worst_class_coverage,3,3,True,0.428,0.05502726596879041,0.29130469343241217,0.5646953065675878
class_imbalance,moderate,temperature_scaled,,confidence_threshold,0.5,abstention_rate,3,3,True,0.0260952380952381,0.0007867957924694428,0.02414072899571827,0.02804974719475793
class_imbalance,moderate,temperature_scaled,,confidence_threshold,0.5,acceptance_rate,3,3,True,0.9739047619047619,0.0007867957924694371,0.9719502528052422,0.9758592710042817
class_imbalance,moderate,temperature_scaled,,confidence_threshold,0.5,number_abstained,3,3,True,182.66666666666666,5.507570547286102,168.98510297002784,196.34823036330548
class_imbalance,moderate,temperature_scaled,,confidence_threshold,0.5,number_accepted,3,3,True,6817.333333333333,5.507570547286102,6803.651769636695,6831.0148970299715
class_imbalance,moderate,temperature_scaled,,confidence_threshold,0.5,selective_accuracy,3,3,True,0.9420583408379022,0.002160762164353207,0.9366907100593092,0.9474259716164952
class_imbalance,moderate,temperature_scaled,,confidence_threshold,0.5,selective_risk,3,3,True,0.05794165916209789,0.0021607621643532074,0.05257402838350482,0.06330928994069096
class_imbalance,moderate,temperature_scaled,,confidence_threshold,0.6,abstention_rate,3,3,True,0.06738095238095239,0.0019708763891976067,0.06248502401734829,0.07227688074455649
class_imbalance,moderate,temperature_scaled,,confidence_threshold,0.6,acceptance_rate,3,3,True,0.9326190476190477,0.001970876389197591,0.9277231192554436,0.9375149759826518
class_imbalance,moderate,temperature_scaled,,confidence_threshold,0.6,number_abstained,3,3,True,471.6666666666667,13.79613472438325,437.395168121438,505.93816521189535
class_imbalance,moderate,temperature_scaled,,confidence_threshold,0.6,number_accepted,3,3,True,6528.333333333333,13.796134724383252,6494.0618347881045,6562.6048318785615
class_imbalance,moderate,temperature_scaled,,confidence_threshold,0.6,selective_accuracy,3,3,True,0.9592557686204431,0.0016079442335299459,0.9552614137115399,0.9632501235293464
class_imbalance,moderate,temperature_scaled,,confidence_threshold,0.6,selective_risk,3,3,True,0.040744231379556815,0.0016079442335299459,0.0367498764706536,0.04473858628846003
class_imbalance,moderate,temperature_scaled,,confidence_threshold,0.7,abstention_rate,3,3,True,0.10804761904761905,0.001248127849722016,0.10494709758703874,0.11114814050819935
class_imbalance,moderate,temperature_scaled,,confidence_threshold,0.7,acceptance_rate,3,3,True,0.8919523809523809,0.0012481278497220164,0.8888518594918007,0.8950529024129612
class_imbalance,moderate,temperature_scaled,,confidence_threshold,0.7,number_abstained,3,3,True,756.3333333333334,8.736894948054106,734.6296831092712,778.0369835573955
class_imbalance,moderate,temperature_scaled,,confidence_threshold,0.7,number_accepted,3,3,True,6243.666666666667,8.736894948054106,6221.963016442604,6265.37031689073
class_imbalance,moderate,temperature_scaled,,confidence_threshold,0.7,selective_accuracy,3,3,True,0.9712779279464686,0.0013488535753523518,0.9679271899123065,0.9746286659806307
class_imbalance,moderate,temperature_scaled,,confidence_threshold,0.7,selective_risk,3,3,True,0.028722072053531462,0.0013488535753523518,0.025371334019369418,0.032072810087693505
class_imbalance,moderate,temperature_scaled,,confidence_threshold,0.8,abstention_rate,3,3,True,0.15552380952380954,0.0018088971345926205,0.1510302599350909,0.16001735911252818
class_imbalance,moderate,temperature_scaled,,confidence_threshold,0.8,acceptance_rate,3,3,True,0.8444761904761905,0.0018088971345926153,0.8399826408874719,0.8489697400649091
class_imbalance,moderate,temperature_scaled,,confidence_threshold,0.8,number_abstained,3,3,True,1088.6666666666667,12.662279942148386,1057.2118195456362,1120.1215137876973
class_imbalance,moderate,temperature_scaled,,confidence_threshold,0.8,number_accepted,3,3,True,5911.333333333333,12.662279942148386,5879.878486212302,5942.788180454364
class_imbalance,moderate,temperature_scaled,,confidence_threshold,0.8,selective_accuracy,3,3,True,0.9809398613320729,0.001039710148560775,0.9783570781427435,0.9835226445214023
class_imbalance,moderate,temperature_scaled,,confidence_threshold,0.8,selective_risk,3,3,True,0.019060138667927145,0.001039710148560775,0.016477355478597785,0.021642921857256504
class_imbalance,moderate,temperature_scaled,,confidence_threshold,0.9,abstention_rate,3,3,True,0.21914285714285717,0.006434917502602979,0.20315763590263886,0.23512807838307548
class_imbalance,moderate,temperature_scaled,,confidence_threshold,0.9,acceptance_rate,3,3,True,0.7808571428571428,0.006434917502602963,0.7648719216169245,0.7968423640973611
class_imbalance,moderate,temperature_scaled,,confidence_threshold,0.9,number_abstained,3,3,True,1534.0,45.044422518220834,1422.1034513184718,1645.8965486815282
class_imbalance,moderate,temperature_scaled,,confidence_threshold,0.9,number_accepted,3,3,True,5466.0,45.044422518220834,5354.103451318472,5577.896548681528
class_imbalance,moderate,temperature_scaled,,confidence_threshold,0.9,selective_accuracy,3,3,True,0.9886627390261005,0.0010472977428357209,0.9860611072076912,0.9912643708445097
class_imbalance,moderate,temperature_scaled,,confidence_threshold,0.9,selective_risk,3,3,True,0.011337260973899643,0.0010472977428357209,0.00873562915549043,0.013938892792308857
class_imbalance,moderate,temperature_scaled,,confidence_threshold,0.95,abstention_rate,3,3,True,0.2741428571428572,0.007159979477795239,0.2563564821067076,0.2919292321790068
class_imbalance,moderate,temperature_scaled,,confidence_threshold,0.95,acceptance_rate,3,3,True,0.7258571428571429,0.007159979477795268,0.7080707678209932,0.7436435178932925
class_imbalance,moderate,temperature_scaled,,confidence_threshold,0.95,number_abstained,3,3,True,1919.0,50.11985634456667,1794.4953747469528,2043.5046252530472
class_imbalance,moderate,temperature_scaled,,confidence_threshold,0.95,number_accepted,3,3,True,5081.0,50.11985634456667,4956.495374746953,5205.504625253047
class_imbalance,moderate,temperature_scaled,,confidence_threshold,0.95,selective_accuracy,3,3,True,0.9922008526914926,0.0012722648976881037,0.9890403714798094,0.9953613339031758
class_imbalance,moderate,temperature_scaled,,confidence_threshold,0.95,selective_risk,3,3,True,0.007799147308507319,0.0012722648976881037,0.004638666096824125,0.010959628520190513
class_imbalance,moderate,temperature_scaled,,,,accuracy_confidence_gap,3,3,True,0.005254910311528582,0.0030690980425251892,-0.002369151876967359,0.012878972500024524
class_imbalance,moderate,temperature_scaled,,,,brier_score,3,3,True,0.10435531688393652,0.002627052806867242,0.09782935593563805,0.110881277832235
class_imbalance,moderate,temperature_scaled,,,,expected_calibration_error,3,3,True,0.010351536763565887,0.0020390653942148848,0.005286217521071639,0.015416856006060135
class_imbalance,moderate,temperature_scaled,,,,maximum_calibration_error,3,3,True,0.22363261133432386,0.09933181187233321,-0.023121288514228233,0.47038651118287594
class_imbalance,moderate,temperature_scaled,,,,mean_confidence,3,3,True,0.9238879468313286,0.0010823309280857572,0.921199287756277,0.9265766059063801
class_imbalance,moderate,temperature_scaled,,,,negative_log_likelihood,3,3,True,0.20378458896899856,0.005092516059365633,0.1911340777782342,0.21643510015976292
class_imbalance,strong,class_conditional_conformal,0.05,,,average_set_size,3,3,True,1.1049358974358974,0.008369988417817454,1.0841436935602835,1.1257281013115112
class_imbalance,strong,class_conditional_conformal,0.05,,,coverage_gap,3,3,True,-0.0005769230769230305,0.001762529113444533,-0.0049552881156884705,0.0038014419618424096
class_imbalance,strong,class_conditional_conformal,0.05,,,empirical_coverage,3,3,True,0.9494230769230768,0.001762529113444533,0.9450447118843114,0.9538014419618422
class_imbalance,strong,class_conditional_conformal,0.05,,,empty_set_rate,3,3,True,0.018333333333333337,0.001734326828008805,0.014025026655376336,0.022641640011290338
class_imbalance,strong,class_conditional_conformal,0.05,,,median_set_size,3,3,True,1.0,0.0,1.0,1.0
class_imbalance,strong,class_conditional_conformal,0.05,,,multiclass_set_rate,3,3,True,0.11314102564102564,0.008771282935765469,0.0913519509198585,0.13493010036219277
class_imbalance,strong,class_conditional_conformal,0.05,,,singleton_set_rate,3,3,True,0.868525641025641,0.009565898298456312,0.8447626323156774,0.8922886497356046
class_imbalance,strong,class_conditional_conformal,0.05,,,worst_class_coverage,3,3,True,0.92,0.0050000000000000044,0.9075793114412484,0.9324206885587517
class_imbalance,strong,class_conditional_conformal,0.1,,,average_set_size,3,3,True,0.9860897435897437,0.007053612668450718,0.9685675983559654,1.003611888823522
class_imbalance,strong,class_conditional_conformal,0.1,,,coverage_gap,3,3,True,-0.0014743589743589542,0.0015544045708951507,-0.0053357139882366875,0.0023869960395187795
class_imbalance,strong,class_conditional_conformal,0.1,,,empirical_coverage,3,3,True,0.8985256410256411,0.001554404570895151,0.8946642860117634,0.9023869960395189
class_imbalance,strong,class_conditional_conformal,0.1,,,empty_set_rate,3,3,True,0.0616025641025641,0.0028545441125913257,0.05451148342262111,0.0686936447825071
class_imbalance,strong,class_conditional_conformal,0.1,,,median_set_size,3,3,True,1.0,0.0,1.0,1.0
class_imbalance,strong,class_conditional_conformal,0.1,,,multiclass_set_rate,3,3,True,0.047371794871794874,0.009039143454908881,0.024917317733534554,0.0698262720100552
class_imbalance,strong,class_conditional_conformal,0.1,,,singleton_set_rate,3,3,True,0.891025641025641,0.01118419831338909,0.8632425522196567,0.9188087298316252
class_imbalance,strong,class_conditional_conformal,0.1,,,worst_class_coverage,3,3,True,0.8610000000000001,0.026514147167125728,0.7951352071272448,0.9268647928727554
class_imbalance,strong,class_conditional_conformal,0.2,,,average_set_size,3,3,True,0.8323717948717948,0.003779877689180918,0.8229820581582968,0.8417615315852928
class_imbalance,strong,class_conditional_conformal,0.2,,,coverage_gap,3,3,True,-0.005769230769230786,0.0031774445465111785,-0.01366244059421463,0.0021239790557530574
class_imbalance,strong,class_conditional_conformal,0.2,,,empirical_coverage,3,3,True,0.7942307692307692,0.0031774445465111785,0.7863375594057853,0.8021239790557531
class_imbalance,strong,class_conditional_conformal,0.2,,,empty_set_rate,3,3,True,0.16903846153846155,0.004137968229105763,0.1587591786105152,0.1793177444664079
class_imbalance,strong,class_conditional_conformal,0.2,,,median_set_size,3,3,True,1.0,0.0,1.0,1.0
class_imbalance,strong,class_conditional_conformal,0.2,,,multiclass_set_rate,3,3,True,0.0014102564102564101,0.001251232134355329,-0.0016979765208495186,0.004518489341362339
class_imbalance,strong,class_conditional_conformal,0.2,,,singleton_set_rate,3,3,True,0.8295512820512821,0.0048051275210026344,0.8176146835665902,0.8414878805359741
class_imbalance,strong,class_conditional_conformal,0.2,,,worst_class_coverage,3,3,True,0.7573333333333334,0.024419937209856506,0.6966708463917537,0.8179958202749131
class_imbalance,strong,raw_softmax,,,,accuracy,3,3,True,0.9407051282051282,0.002056283965685287,0.9355970356599018,0.9458132207503546
class_imbalance,strong,raw_softmax,,,,accuracy_confidence_gap,3,3,True,-0.008892449939098102,0.004881173203018744,-0.021017956370302113,0.0032330564921059114
class_imbalance,strong,raw_softmax,,,,brier_score,3,3,True,0.08810606351351245,0.0035593015856785447,0.07926426821703564,0.09694785880998927
class_imbalance,strong,raw_softmax,,,,evaluation_seconds,3,3,True,3.0143271000027503,0.06742393016083803,2.846836772415792,3.1818174275897086
class_imbalance,strong,raw_softmax,,,,expected_calibration_error,3,3,True,0.012042691443975155,0.001645060317474465,0.007956135071232866,0.016129247816717443
class_imbalance,strong,raw_softmax,,,,macro_f1,3,3,True,0.8975345646554365,0.003385700377475079,0.8891240186670633,0.9059451106438097
class_imbalance,strong,raw_softmax,,,,maximum_calibration_error,3,3,True,0.25720812877019245,0.014365562530279253,0.22152209313821825,0.29289416440216665
class_imbalance,strong,raw_softmax,,,,mean_confidence,3,3,True,0.9495975781442262,0.005782668287183256,0.9352326337774916,0.9639625225109608
class_imbalance,strong,raw_softmax,,,,mean_inference_seconds_per_image,3,3,True,0.0005796782884620673,1.2966140415545755e-05,0.00054746861007996,0.0006118879668441746
class_imbalance,strong,raw_softmax,,,,negative_log_likelihood,3,3,True,0.18326920630119162,0.007816520905743179,0.16385189194455013,0.2026865206578331
class_imbalance,strong,raw_softmax,,,,sample_count,3,3,True,5200.0,0.0,5200.0,5200.0
class_imbalance,strong,standard_conformal,0.05,hybrid,0.5,abstention_rate,3,3,True,0.07256410256410258,0.006217618283580584,0.05711868250859169,0.08800952261961346
class_imbalance,strong,standard_conformal,0.05,hybrid,0.5,acceptance_rate,3,3,True,0.9274358974358975,0.006217618283580576,0.9119904773803866,0.9428813174914084
class_imbalance,strong,standard_conformal,0.05,hybrid,0.5,number_abstained,3,3,True,377.3333333333333,32.331615074619044,297.01714904467667,457.64951762198996
class_imbalance,strong,standard_conformal,0.05,hybrid,0.5,number_accepted,3,3,True,4822.666666666667,32.331615074619044,4742.35048237801,4902.982850955324
class_imbalance,strong,standard_conformal,0.05,hybrid,0.5,selective_accuracy,3,3,True,0.9701409090961007,0.0005208042620228207,0.9688471595883695,0.9714346586038319
class_imbalance,strong,standard_conformal,0.05,hybrid,0.5,selective_risk,3,3,True,0.029859090903899228,0.0005208042620228207,0.028565341396168037,0.03115284041163042
class_imbalance,strong,standard_conformal,0.05,hybrid,0.6,abstention_rate,3,3,True,0.0792948717948718,0.006775492441909643,0.062463615504244716,0.09612612808549888
class_imbalance,strong,standard_conformal,0.05,hybrid,0.6,acceptance_rate,3,3,True,0.9207051282051282,0.00677549244190965,0.9038738719145011,0.9375363844957553
class_imbalance,strong,standard_conformal,0.05,hybrid,0.6,number_abstained,3,3,True,412.3333333333333,35.23256069793017,324.81080062207246,499.85586604459417
class_imbalance,strong,standard_conformal,0.05,hybrid,0.6,number_accepted,3,3,True,4787.666666666667,35.23256069793016,4700.144133955406,4875.189199377928
class_imbalance,strong,standard_conformal,0.05,hybrid,0.6,selective_accuracy,3,3,True,0.9729131413979998,0.0015869375379137021,0.9689709700138761,0.9768553127821235
class_imbalance,strong,standard_conformal,0.05,hybrid,0.6,selective_risk,3,3,True,0.02708685860200018,0.0015869375379137021,0.023144687217876533,0.031029029986123828
class_imbalance,strong,standard_conformal,0.05,hybrid,0.7,abstention_rate,3,3,True,0.09288461538461538,0.007337993857053431,0.0746560281157167,0.11111320265351407
class_imbalance,strong,standard_conformal,0.05,hybrid,0.7,acceptance_rate,3,3,True,0.9071153846153845,0.007337993857053417,0.8888867973464859,0.9253439718842832
class_imbalance,strong,standard_conformal,0.05,hybrid,0.7,number_abstained,3,3,True,483.0,38.157568056677825,388.2113462017269,577.7886537982731
class_imbalance,strong,standard_conformal,0.05,hybrid,0.7,number_accepted,3,3,True,4717.0,38.157568056677825,4622.211346201727,4811.788653798273
class_imbalance,strong,standard_conformal,0.05,hybrid,0.7,selective_accuracy,3,3,True,0.9773132581685579,0.0006879694712493382,0.9756042472604944,0.9790222690766213
class_imbalance,strong,standard_conformal,0.05,hybrid,0.7,selective_risk,3,3,True,0.02268674183144211,0.0006879694712493382,0.020977730923378693,0.024395752739505526
class_imbalance,strong,standard_conformal,0.05,hybrid,0.8,abstention_rate,3,3,True,0.13057692307692306,0.007239050086430276,0.11259412575997213,0.148559720393874
class_imbalance,strong,standard_conformal,0.05,hybrid,0.8,acceptance_rate,3,3,True,0.869423076923077,0.0072390500864302435,0.8514402796061261,0.8874058742400278
class_imbalance,strong,standard_conformal,0.05,hybrid,0.8,number_abstained,3,3,True,679.0,37.64306044943742,585.4894539518551,772.5105460481449
class_imbalance,strong,standard_conformal,0.05,hybrid,0.8,number_accepted,3,3,True,4521.0,37.64306044943742,4427.4894539518555,4614.5105460481445
class_imbalance,strong,standard_conformal,0.05,hybrid,0.8,selective_accuracy,3,3,True,0.9845125234776573,0.0012434423115627988,0.9814236415391181,0.9876014054161965
class_imbalance,strong,standard_conformal,0.05,hybrid,0.8,selective_risk,3,3,True,0.015487476522342688,0.0012434423115627988,0.012398594583803536,0.01857635846088184
class_imbalance,strong,standard_conformal,0.05,hybrid,0.9,abstention_rate,3,3,True,0.1860897435897436,0.005607783756420807,0.17215923648107773,0.20002025069840945
class_imbalance,strong,standard_conformal,0.05,hybrid,0.9,acceptance_rate,3,3,True,0.8139102564102565,0.005607783756420799,0.7999797493015907,0.8278407635189223
class_imbalance,strong,standard_conformal,0.05,hybrid,0.9,number_abstained,3,3,True,967.6666666666666,29.160475533388226,895.2280297016041,1040.1053036317292
class_imbalance,strong,standard_conformal,0.05,hybrid,0.9,number_accepted,3,3,True,4232.333333333333,29.160475533388226,4159.89469636827,4304.771970298396
class_imbalance,strong,standard_conformal,0.05,hybrid,0.9,selective_accuracy,3,3,True,0.9912556672534522,0.0006653716470312506,0.9896027924527324,0.9929085420541719
class_imbalance,strong,standard_conformal,0.05,hybrid,0.9,selective_risk,3,3,True,0.008744332746547881,0.0006653716470312506,0.007091457945828122,0.010397207547267641
class_imbalance,strong,standard_conformal,0.05,hybrid,0.95,abstention_rate,3,3,True,0.23044871794871793,0.0022288895706043224,0.22491184931105274,0.23598558658638313
class_imbalance,strong,standard_conformal,0.05,hybrid,0.95,acceptance_rate,3,3,True,0.7695512820512821,0.002228889570604343,0.7640144134136169,0.7750881506889473
class_imbalance,strong,standard_conformal,0.05,hybrid,0.95,number_abstained,3,3,True,1198.3333333333333,11.590225767142472,1169.5416164174742,1227.1250502491923
class_imbalance,strong,standard_conformal,0.05,hybrid,0.95,number_accepted,3,3,True,4001.6666666666665,11.590225767142472,3972.8749497508074,4030.4583835825256
class_imbalance,strong,standard_conformal,0.05,hybrid,0.95,selective_accuracy,3,3,True,0.9939176973893432,0.0008925140531808259,0.9917005695715696,0.9961348252071168
class_imbalance,strong,standard_conformal,0.05,hybrid,0.95,selective_risk,3,3,True,0.006082302610656787,0.0008925140531808259,0.0038651747928831574,0.008299430428430416
class_imbalance,strong,standard_conformal,0.05,singleton_conformal,,abstention_rate,3,3,True,0.06576923076923076,0.00596153846153846,0.05095994825687303,0.08057851328158849
class_imbalance,strong,standard_conformal,0.05,singleton_conformal,,acceptance_rate,3,3,True,0.9342307692307692,0.005961538461538498,0.9194214867184114,0.949040051743127
class_imbalance,strong,standard_conformal,0.05,singleton_conformal,,number_abstained,3,3,True,342.0,31.0,264.9917309357398,419.0082690642602
class_imbalance,strong,standard_conformal,0.05,singleton_conformal,,number_accepted,3,3,True,4858.0,31.0,4780.99173093574,4935.00826906426
class_imbalance,strong,standard_conformal,0.05,singleton_conformal,,selective_accuracy,3,3,True,0.9658954660636484,0.0007040609866862722,0.9641464816152489,0.967644450512048
class_imbalance,strong,standard_conformal,0.05,singleton_conformal,,selective_risk,3,3,True,0.034104533936351565,0.0007040609866862722,0.03235554948795205,0.03585351838475108
class_imbalance,strong,standard_conformal,0.05,,,average_set_size,3,3,True,1.0652564102564102,0.00520416499866531,1.0523285477250546,1.0781842727877657
class_imbalance,strong,standard_conformal,0.05,,,coverage_gap,3,3,True,0.01282051282051285,0.0006181827410892979,0.011284861760619734,0.014356163880405965
class_imbalance,strong,standard_conformal,0.05,,,empirical_coverage,3,3,True,0.9628205128205128,0.0006181827410892979,0.9612848617606198,0.9643561638804059
class_imbalance,strong,standard_conformal,0.05,,,empty_set_rate,3,3,True,0.00044871794871794877,0.0002220577958421638,-0.00010290419612172597,0.0010003400935576236
class_imbalance,strong,standard_conformal,0.05,,,median_set_size,3,3,True,1.0,0.0,1.0,1.0
class_imbalance,strong,standard_conformal,0.05,,,multiclass_set_rate,3,3,True,0.06532051282051282,0.005744605564931933,0.0510501214975346,0.07959090414349104
class_imbalance,strong,standard_conformal,0.05,,,singleton_set_rate,3,3,True,0.9342307692307692,0.005961538461538498,0.9194214867184114,0.949040051743127
class_imbalance,strong,standard_conformal,0.05,,,worst_class_coverage,3,3,True,0.8466666666666667,0.020816659994661344,0.794955216541244,0.8983781167920893
class_imbalance,strong,standard_conformal,0.1,hybrid,0.5,abstention_rate,3,3,True,0.03198717948717949,0.004441155916843274,0.020954736590386,0.04301962238397298
class_imbalance,strong,standard_conformal,0.1,hybrid,0.5,acceptance_rate,3,3,True,0.9680128205128206,0.004441155916843323,0.956980377616027,0.9790452634096142
class_imbalance,strong,standard_conformal,0.1,hybrid,0.5,number_abstained,3,3,True,166.33333333333334,23.094010767585033,108.96463027000718,223.7020363966595
class_imbalance,strong,standard_conformal,0.1,hybrid,0.5,number_accepted,3,3,True,5033.666666666667,23.09401076758503,4976.297963603341,5091.035369729993
class_imbalance,strong,standard_conformal,0.1,hybrid,0.5,selective_accuracy,3,3,True,0.9569551838178811,0.0022211420343437563,0.951437561127214,0.9624728065085483
class_imbalance,strong,standard_conformal,0.1,hybrid,0.5,selective_risk,3,3,True,0.04304481618211883,0.0022211420343437567,0.03752719349145166,0.048562438872785996
class_imbalance,strong,standard_conformal,0.1,hybrid,0.6,abstention_rate,3,3,True,0.05705128205128205,0.006640419237733409,0.04055556620099611,0.07354699790156799
class_imbalance,strong,standard_conformal,0.1,hybrid,0.6,acceptance_rate,3,3,True,0.942948717948718,0.006640419237733431,0.9264530020984321,0.959444433799004
class_imbalance,strong,standard_conformal,0.1,hybrid,0.6,number_abstained,3,3,True,296.6666666666667,34.530180036213736,210.88894424517977,382.44438908815357
class_imbalance,strong,standard_conformal,0.1,hybrid,0.6,number_accepted,3,3,True,4903.333333333333,34.53018003621373,4817.555610911846,4989.11105575482
class_imbalance,strong,standard_conformal,0.1,hybrid,0.6,selective_accuracy,3,3,True,0.9668227084050495,0.0020874159576671015,0.9616372797044992,0.9720081371055997
class_imbalance,strong,standard_conformal,0.1,hybrid,0.6,selective_risk,3,3,True,0.033177291594950385,0.0020874159576671015,0.02799186289440011,0.03836272029550066
class_imbalance,strong,standard_conformal,0.1,hybrid,0.7,abstention_rate,3,3,True,0.09115384615384614,0.008031005006854275,0.07120372375306372,0.11110396855462856
class_imbalance,strong,standard_conformal,0.1,hybrid,0.7,acceptance_rate,3,3,True,0.908846153846154,0.008031005006854301,0.8888960314453714,0.9287962762469365
class_imbalance,strong,standard_conformal,0.1,hybrid,0.7,number_abstained,3,3,True,474.0,41.7612260356422,370.25936351593145,577.7406364840685
class_imbalance,strong,standard_conformal,0.1,hybrid,0.7,number_accepted,3,3,True,4726.0,41.7612260356422,4622.259363515932,4829.740636484068
class_imbalance,strong,standard_conformal,0.1,hybrid,0.7,selective_accuracy,3,3,True,0.9767224086667762,0.00048818339246130846,0.9755096938913128,0.9779351234422395
class_imbalance,strong,standard_conformal,0.1,hybrid,0.7,selective_risk,3,3,True,0.023277591333223713,0.00048818339246130846,0.022064876557760363,0.024490306108687063
class_imbalance,strong,standard_conformal,0.1,hybrid,0.8,abstention_rate,3,3,True,0.13057692307692306,0.007239050086430276,0.11259412575997213,0.148559720393874
class_imbalance,strong,standard_conformal,0.1,hybrid,0.8,acceptance_rate,3,3,True,0.869423076923077,0.0072390500864302435,0.8514402796061261,0.8874058742400278
class_imbalance,strong,standard_conformal,0.1,hybrid,0.8,number_abstained,3,3,True,679.0,37.64306044943742,585.4894539518551,772.5105460481449
class_imbalance,strong,standard_conformal,0.1,hybrid,0.8,number_accepted,3,3,True,4521.0,37.64306044943742,4427.4894539518555,4614.5105460481445
class_imbalance,strong,standard_conformal,0.1,hybrid,0.8,selective_accuracy,3,3,True,0.9845125234776573,0.0012434423115627988,0.9814236415391181,0.9876014054161965
class_imbalance,strong,standard_conformal,0.1,hybrid,0.8,selective_risk,3,3,True,0.015487476522342688,0.0012434423115627988,0.012398594583803536,0.01857635846088184
class_imbalance,strong,standard_conformal,0.1,hybrid,0.9,abstention_rate,3,3,True,0.1860897435897436,0.005607783756420807,0.17215923648107773,0.20002025069840945
class_imbalance,strong,standard_conformal,0.1,hybrid,0.9,acceptance_rate,3,3,True,0.8139102564102565,0.005607783756420799,0.7999797493015907,0.8278407635189223
class_imbalance,strong,standard_conformal,0.1,hybrid,0.9,number_abstained,3,3,True,967.6666666666666,29.160475533388226,895.2280297016041,1040.1053036317292
class_imbalance,strong,standard_conformal,0.1,hybrid,0.9,number_accepted,3,3,True,4232.333333333333,29.160475533388226,4159.89469636827,4304.771970298396
class_imbalance,strong,standard_conformal,0.1,hybrid,0.9,selective_accuracy,3,3,True,0.9912556672534522,0.0006653716470312506,0.9896027924527324,0.9929085420541719
class_imbalance,strong,standard_conformal,0.1,hybrid,0.9,selective_risk,3,3,True,0.008744332746547881,0.0006653716470312506,0.007091457945828122,0.010397207547267641
class_imbalance,strong,standard_conformal,0.1,hybrid,0.95,abstention_rate,3,3,True,0.23044871794871793,0.0022288895706043224,0.22491184931105274,0.23598558658638313
class_imbalance,strong,standard_conformal,0.1,hybrid,0.95,acceptance_rate,3,3,True,0.7695512820512821,0.002228889570604343,0.7640144134136169,0.7750881506889473
class_imbalance,strong,standard_conformal,0.1,hybrid,0.95,number_abstained,3,3,True,1198.3333333333333,11.590225767142472,1169.5416164174742,1227.1250502491923
class_imbalance,strong,standard_conformal,0.1,hybrid,0.95,number_accepted,3,3,True,4001.6666666666665,11.590225767142472,3972.8749497508074,4030.4583835825256
class_imbalance,strong,standard_conformal,0.1,hybrid,0.95,selective_accuracy,3,3,True,0.9939176973893432,0.0008925140531808259,0.9917005695715696,0.9961348252071168
class_imbalance,strong,standard_conformal,0.1,hybrid,0.95,selective_risk,3,3,True,0.006082302610656787,0.0008925140531808259,0.0038651747928831574,0.008299430428430416
class_imbalance,strong,standard_conformal,0.1,singleton_conformal,,abstention_rate,3,3,True,0.03198717948717949,0.004441155916843274,0.020954736590386,0.04301962238397298
class_imbalance,strong,standard_conformal,0.1,singleton_conformal,,acceptance_rate,3,3,True,0.9680128205128206,0.004441155916843323,0.956980377616027,0.9790452634096142
class_imbalance,strong,standard_conformal,0.1,singleton_conformal,,number_abstained,3,3,True,166.33333333333334,23.094010767585033,108.96463027000718,223.7020363966595
class_imbalance,strong,standard_conformal,0.1,singleton_conformal,,number_accepted,3,3,True,5033.666666666667,23.09401076758503,4976.297963603341,5091.035369729993
class_imbalance,strong,standard_conformal,0.1,singleton_conformal,,selective_accuracy,3,3,True,0.9569551838178811,0.0022211420343437563,0.951437561127214,0.9624728065085483
class_imbalance,strong,standard_conformal,0.1,singleton_conformal,,selective_risk,3,3,True,0.04304481618211883,0.0022211420343437567,0.03752719349145166,0.048562438872785996
class_imbalance,strong,standard_conformal,0.1,,,average_set_size,3,3,True,0.9680128205128206,0.004441155916843323,0.956980377616027,0.9790452634096142
class_imbalance,strong,standard_conformal,0.1,,,coverage_gap,3,3,True,0.026346153846153835,0.005120587290651634,0.013625909851136663,0.03906639784117101
class_imbalance,strong,standard_conformal,0.1,,,empirical_coverage,3,3,True,0.9263461538461538,0.005120587290651634,0.9136259098511367,0.939066397841171
class_imbalance,strong,standard_conformal,0.1,,,empty_set_rate,3,3,True,0.03198717948717949,0.004441155916843274,0.020954736590386,0.04301962238397298
class_imbalance,strong,standard_conformal,0.1,,,median_set_size,3,3,True,1.0,0.0,1.0,1.0
class_imbalance,strong,standard_conformal,0.1,,,multiclass_set_rate,3,3,True,0.0,0.0,0.0,0.0
class_imbalance,strong,standard_conformal,0.1,,,singleton_set_rate,3,3,True,0.9680128205128206,0.004441155916843323,0.956980377616027,0.9790452634096142
class_imbalance,strong,standard_conformal,0.1,,,worst_class_coverage,3,3,True,0.6666666666666666,0.04509249752822893,0.5546506930397846,0.7786826402935486
class_imbalance,strong,standard_conformal,0.2,hybrid,0.5,abstention_rate,3,3,True,0.1378205128205128,0.01208686100991396,0.10779508556910086,0.16784594007192474
class_imbalance,strong,standard_conformal,0.2,hybrid,0.5,acceptance_rate,3,3,True,0.8621794871794872,0.012086861009913968,0.8321540599280752,0.8922049144308992
class_imbalance,strong,standard_conformal,0.2,hybrid,0.5,number_abstained,3,3,True,716.6666666666666,62.85167725155259,560.5344449593244,872.7988883740088
class_imbalance,strong,standard_conformal,0.2,hybrid,0.5,number_accepted,3,3,True,4483.333333333333,62.851677251552594,4327.201111625991,4639.465555040675
class_imbalance,strong,standard_conformal,0.2,hybrid,0.5,selective_accuracy,3,3,True,0.985207614522973,0.0018504954521504427,0.9806107289848636,0.9898045000610824
class_imbalance,strong,standard_conformal,0.2,hybrid,0.5,selective_risk,3,3,True,0.014792385477026918,0.0018504954521504427,0.010195499938917524,0.019389271015136312
class_imbalance,strong,standard_conformal,0.2,hybrid,0.6,abstention_rate,3,3,True,0.1378205128205128,0.01208686100991396,0.10779508556910086,0.16784594007192474
class_imbalance,strong,standard_conformal,0.2,hybrid,0.6,acceptance_rate,3,3,True,0.8621794871794872,0.012086861009913968,0.8321540599280752,0.8922049144308992
class_imbalance,strong,standard_conformal,0.2,hybrid,0.6,number_abstained,3,3,True,716.6666666666666,62.85167725155259,560.5344449593244,872.7988883740088
class_imbalance,strong,standard_conformal,0.2,hybrid,0.6,number_accepted,3,3,True,4483.333333333333,62.851677251552594,4327.201111625991,4639.465555040675
class_imbalance,strong,standard_conformal,0.2,hybrid,0.6,selective_accuracy,3,3,True,0.985207614522973,0.0018504954521504427,0.9806107289848636,0.9898045000610824
class_imbalance,strong,standard_conformal,0.2,hybrid,0.6,selective_risk,3,3,True,0.014792385477026918,0.0018504954521504427,0.010195499938917524,0.019389271015136312
class_imbalance,strong,standard_conformal,0.2,hybrid,0.7,abstention_rate,3,3,True,0.1378205128205128,0.01208686100991396,0.10779508556910086,0.16784594007192474
class_imbalance,strong,standard_conformal,0.2,hybrid,0.7,acceptance_rate,3,3,True,0.8621794871794872,0.012086861009913968,0.8321540599280752,0.8922049144308992
class_imbalance,strong,standard_conformal,0.2,hybrid,0.7,number_abstained,3,3,True,716.6666666666666,62.85167725155259,560.5344449593244,872.7988883740088
class_imbalance,strong,standard_conformal,0.2,hybrid,0.7,number_accepted,3,3,True,4483.333333333333,62.851677251552594,4327.201111625991,4639.465555040675
class_imbalance,strong,standard_conformal,0.2,hybrid,0.7,selective_accuracy,3,3,True,0.985207614522973,0.0018504954521504427,0.9806107289848636,0.9898045000610824
class_imbalance,strong,standard_conformal,0.2,hybrid,0.7,selective_risk,3,3,True,0.014792385477026918,0.0018504954521504427,0.010195499938917524,0.019389271015136312
class_imbalance,strong,standard_conformal,0.2,hybrid,0.8,abstention_rate,3,3,True,0.1378205128205128,0.01208686100991396,0.10779508556910086,0.16784594007192474
class_imbalance,strong,standard_conformal,0.2,hybrid,0.8,acceptance_rate,3,3,True,0.8621794871794872,0.012086861009913968,0.8321540599280752,0.8922049144308992
class_imbalance,strong,standard_conformal,0.2,hybrid,0.8,number_abstained,3,3,True,716.6666666666666,62.85167725155259,560.5344449593244,872.7988883740088
class_imbalance,strong,standard_conformal,0.2,hybrid,0.8,number_accepted,3,3,True,4483.333333333333,62.851677251552594,4327.201111625991,4639.465555040675
class_imbalance,strong,standard_conformal,0.2,hybrid,0.8,selective_accuracy,3,3,True,0.985207614522973,0.0018504954521504427,0.9806107289848636,0.9898045000610824
class_imbalance,strong,standard_conformal,0.2,hybrid,0.8,selective_risk,3,3,True,0.014792385477026918,0.0018504954521504427,0.010195499938917524,0.019389271015136312
class_imbalance,strong,standard_conformal,0.2,hybrid,0.9,abstention_rate,3,3,True,0.1860897435897436,0.005607783756420807,0.17215923648107773,0.20002025069840945
class_imbalance,strong,standard_conformal,0.2,hybrid,0.9,acceptance_rate,3,3,True,0.8139102564102565,0.005607783756420799,0.7999797493015907,0.8278407635189223
class_imbalance,strong,standard_conformal,0.2,hybrid,0.9,number_abstained,3,3,True,967.6666666666666,29.160475533388226,895.2280297016041,1040.1053036317292
class_imbalance,strong,standard_conformal,0.2,hybrid,0.9,number_accepted,3,3,True,4232.333333333333,29.160475533388226,4159.89469636827,4304.771970298396
class_imbalance,strong,standard_conformal,0.2,hybrid,0.9,selective_accuracy,3,3,True,0.9912556672534522,0.0006653716470312506,0.9896027924527324,0.9929085420541719
class_imbalance,strong,standard_conformal,0.2,hybrid,0.9,selective_risk,3,3,True,0.008744332746547881,0.0006653716470312506,0.007091457945828122,0.010397207547267641
class_imbalance,strong,standard_conformal,0.2,hybrid,0.95,abstention_rate,3,3,True,0.23044871794871793,0.0022288895706043224,0.22491184931105274,0.23598558658638313
class_imbalance,strong,standard_conformal,0.2,hybrid,0.95,acceptance_rate,3,3,True,0.7695512820512821,0.002228889570604343,0.7640144134136169,0.7750881506889473
class_imbalance,strong,standard_conformal,0.2,hybrid,0.95,number_abstained,3,3,True,1198.3333333333333,11.590225767142472,1169.5416164174742,1227.1250502491923
class_imbalance,strong,standard_conformal,0.2,hybrid,0.95,number_accepted,3,3,True,4001.6666666666665,11.590225767142472,3972.8749497508074,4030.4583835825256
class_imbalance,strong,standard_conformal,0.2,hybrid,0.95,selective_accuracy,3,3,True,0.9939176973893432,0.0008925140531808259,0.9917005695715696,0.9961348252071168
class_imbalance,strong,standard_conformal,0.2,hybrid,0.95,selective_risk,3,3,True,0.006082302610656787,0.0008925140531808259,0.0038651747928831574,0.008299430428430416
class_imbalance,strong,standard_conformal,0.2,singleton_conformal,,abstention_rate,3,3,True,0.1378205128205128,0.01208686100991396,0.10779508556910086,0.16784594007192474
class_imbalance,strong,standard_conformal,0.2,singleton_conformal,,acceptance_rate,3,3,True,0.8621794871794872,0.012086861009913968,0.8321540599280752,0.8922049144308992
class_imbalance,strong,standard_conformal,0.2,singleton_conformal,,number_abstained,3,3,True,716.6666666666666,62.85167725155259,560.5344449593244,872.7988883740088
class_imbalance,strong,standard_conformal,0.2,singleton_conformal,,number_accepted,3,3,True,4483.333333333333,62.851677251552594,4327.201111625991,4639.465555040675
class_imbalance,strong,standard_conformal,0.2,singleton_conformal,,selective_accuracy,3,3,True,0.985207614522973,0.0018504954521504427,0.9806107289848636,0.9898045000610824
class_imbalance,strong,standard_conformal,0.2,singleton_conformal,,selective_risk,3,3,True,0.014792385477026918,0.0018504954521504427,0.010195499938917524,0.019389271015136312
class_imbalance,strong,standard_conformal,0.2,,,average_set_size,3,3,True,0.8621794871794872,0.012086861009913968,0.8321540599280752,0.8922049144308992
class_imbalance,strong,standard_conformal,0.2,,,coverage_gap,3,3,True,0.04942307692307687,0.011735497155686465,0.020270485872497385,0.07857566797365635
class_imbalance,strong,standard_conformal,0.2,,,empirical_coverage,3,3,True,0.849423076923077,0.011735497155686465,0.8202704858724975,0.8785756679736564
class_imbalance,strong,standard_conformal,0.2,,,empty_set_rate,3,3,True,0.1378205128205128,0.01208686100991396,0.10779508556910086,0.16784594007192474
class_imbalance,strong,standard_conformal,0.2,,,median_set_size,3,3,True,1.0,0.0,1.0,1.0
class_imbalance,strong,standard_conformal,0.2,,,multiclass_set_rate,3,3,True,0.0,0.0,0.0,0.0
class_imbalance,strong,standard_conformal,0.2,,,singleton_set_rate,3,3,True,0.8621794871794872,0.012086861009913968,0.8321540599280752,0.8922049144308992
class_imbalance,strong,standard_conformal,0.2,,,worst_class_coverage,3,3,True,0.43,0.04769696007084727,0.3115141827521586,0.5484858172478414
class_imbalance,strong,temperature_scaled,,confidence_threshold,0.5,abstention_rate,3,3,True,0.022435897435897436,0.0014175220761215386,0.0189145773893653,0.025957217482429573
class_imbalance,strong,temperature_scaled,,confidence_threshold,0.5,acceptance_rate,3,3,True,0.9775641025641025,0.0014175220761215705,0.9740427825175704,0.9810854226106347
class_imbalance,strong,temperature_scaled,,confidence_threshold,0.5,number_abstained,3,3,True,116.66666666666667,7.371114795831994,98.35580242469959,134.97753090863375
class_imbalance,strong,temperature_scaled,,confidence_threshold,0.5,number_accepted,3,3,True,5083.333333333333,7.371114795831994,5065.022469091366,5101.6441975753005
class_imbalance,strong,temperature_scaled,,confidence_threshold,0.5,selective_accuracy,3,3,True,0.9533752030114121,0.002323420435235083,0.9476035066879933,0.9591468993348309
class_imbalance,strong,temperature_scaled,,confidence_threshold,0.5,selective_risk,3,3,True,0.0466247969885879,0.002323420435235083,0.04085310066516907,0.052396493312006735
class_imbalance,strong,temperature_scaled,,confidence_threshold,0.6,abstention_rate,3,3,True,0.05705128205128205,0.006640419237733409,0.04055556620099611,0.07354699790156799
class_imbalance,strong,temperature_scaled,,confidence_threshold,0.6,acceptance_rate,3,3,True,0.942948717948718,0.006640419237733431,0.9264530020984321,0.959444433799004
class_imbalance,strong,temperature_scaled,,confidence_threshold,0.6,number_abstained,3,3,True,296.6666666666667,34.530180036213736,210.88894424517977,382.44438908815357
class_imbalance,strong,temperature_scaled,,confidence_threshold,0.6,number_accepted,3,3,True,4903.333333333333,34.53018003621373,4817.555610911846,4989.11105575482
class_imbalance,strong,temperature_scaled,,confidence_threshold,0.6,selective_accuracy,3,3,True,0.9668227084050495,0.0020874159576671015,0.9616372797044992,0.9720081371055997
class_imbalance,strong,temperature_scaled,,confidence_threshold,0.6,selective_risk,3,3,True,0.033177291594950385,0.0020874159576671015,0.02799186289440011,0.03836272029550066
class_imbalance,strong,temperature_scaled,,confidence_threshold,0.7,abstention_rate,3,3,True,0.09115384615384614,0.008031005006854275,0.07120372375306372,0.11110396855462856
class_imbalance,strong,temperature_scaled,,confidence_threshold,0.7,acceptance_rate,3,3,True,0.908846153846154,0.008031005006854301,0.8888960314453714,0.9287962762469365
class_imbalance,strong,temperature_scaled,,confidence_threshold,0.7,number_abstained,3,3,True,474.0,41.7612260356422,370.25936351593145,577.7406364840685
class_imbalance,strong,temperature_scaled,,confidence_threshold,0.7,number_accepted,3,3,True,4726.0,41.7612260356422,4622.259363515932,4829.740636484068
class_imbalance,strong,temperature_scaled,,confidence_threshold,0.7,selective_accuracy,3,3,True,0.9767224086667762,0.00048818339246130846,0.9755096938913128,0.9779351234422395
class_imbalance,strong,temperature_scaled,,confidence_threshold,0.7,selective_risk,3,3,True,0.023277591333223713,0.00048818339246130846,0.022064876557760363,0.024490306108687063
class_imbalance,strong,temperature_scaled,,confidence_threshold,0.8,abstention_rate,3,3,True,0.13057692307692306,0.007239050086430276,0.11259412575997213,0.148559720393874
class_imbalance,strong,temperature_scaled,,confidence_threshold,0.8,acceptance_rate,3,3,True,0.869423076923077,0.0072390500864302435,0.8514402796061261,0.8874058742400278
class_imbalance,strong,temperature_scaled,,confidence_threshold,0.8,number_abstained,3,3,True,679.0,37.64306044943742,585.4894539518551,772.5105460481449
class_imbalance,strong,temperature_scaled,,confidence_threshold,0.8,number_accepted,3,3,True,4521.0,37.64306044943742,4427.4894539518555,4614.5105460481445
class_imbalance,strong,temperature_scaled,,confidence_threshold,0.8,selective_accuracy,3,3,True,0.9845125234776573,0.0012434423115627988,0.9814236415391181,0.9876014054161965
class_imbalance,strong,temperature_scaled,,confidence_threshold,0.8,selective_risk,3,3,True,0.015487476522342688,0.0012434423115627988,0.012398594583803536,0.01857635846088184
class_imbalance,strong,temperature_scaled,,confidence_threshold,0.9,abstention_rate,3,3,True,0.1860897435897436,0.005607783756420807,0.17215923648107773,0.20002025069840945
class_imbalance,strong,temperature_scaled,,confidence_threshold,0.9,acceptance_rate,3,3,True,0.8139102564102565,0.005607783756420799,0.7999797493015907,0.8278407635189223
class_imbalance,strong,temperature_scaled,,confidence_threshold,0.9,number_abstained,3,3,True,967.6666666666666,29.160475533388226,895.2280297016041,1040.1053036317292
class_imbalance,strong,temperature_scaled,,confidence_threshold,0.9,number_accepted,3,3,True,4232.333333333333,29.160475533388226,4159.89469636827,4304.771970298396
class_imbalance,strong,temperature_scaled,,confidence_threshold,0.9,selective_accuracy,3,3,True,0.9912556672534522,0.0006653716470312506,0.9896027924527324,0.9929085420541719
class_imbalance,strong,temperature_scaled,,confidence_threshold,0.9,selective_risk,3,3,True,0.008744332746547881,0.0006653716470312506,0.007091457945828122,0.010397207547267641
class_imbalance,strong,temperature_scaled,,confidence_threshold,0.95,abstention_rate,3,3,True,0.23044871794871793,0.0022288895706043224,0.22491184931105274,0.23598558658638313
class_imbalance,strong,temperature_scaled,,confidence_threshold,0.95,acceptance_rate,3,3,True,0.7695512820512821,0.002228889570604343,0.7640144134136169,0.7750881506889473
class_imbalance,strong,temperature_scaled,,confidence_threshold,0.95,number_abstained,3,3,True,1198.3333333333333,11.590225767142472,1169.5416164174742,1227.1250502491923
class_imbalance,strong,temperature_scaled,,confidence_threshold,0.95,number_accepted,3,3,True,4001.6666666666665,11.590225767142472,3972.8749497508074,4030.4583835825256
class_imbalance,strong,temperature_scaled,,confidence_threshold,0.95,selective_accuracy,3,3,True,0.9939176973893432,0.0008925140531808259,0.9917005695715696,0.9961348252071168
class_imbalance,strong,temperature_scaled,,confidence_threshold,0.95,selective_risk,3,3,True,0.006082302610656787,0.0008925140531808259,0.0038651747928831574,0.008299430428430416
class_imbalance,strong,temperature_scaled,,,,accuracy_confidence_gap,3,3,True,0.0050677455503207085,0.0009383721176148479,0.0027366999852986486,0.007398791115342768
class_imbalance,strong,temperature_scaled,,,,brier_score,3,3,True,0.08806902152786504,0.0036630267128752777,0.07896955873126271,0.09716848432446737
class_imbalance,strong,temperature_scaled,,,,expected_calibration_error,3,3,True,0.00934792713859141,0.0008608388187753909,0.007209484965132853,0.011486369312049965
class_imbalance,strong,temperature_scaled,,,,maximum_calibration_error,3,3,True,0.21449383902880884,0.0902098497353419,-0.009599850670084481,0.4385875287277021
class_imbalance,strong,temperature_scaled,,,,mean_confidence,3,3,True,0.9356373826548076,0.0029100614829574564,0.9284083891814808,0.9428663761281343
class_imbalance,strong,temperature_scaled,,,,negative_log_likelihood,3,3,True,0.1751799011442655,0.006088957182801886,0.16005409298123427,0.1903057093072967
clean,clean,class_conditional_conformal,0.05,,,average_set_size,3,3,True,1.1601333333333332,0.005902824182824156,1.145469905174948,1.1747967614917185
clean,clean,class_conditional_conformal,0.05,,,coverage_gap,3,3,True,-0.00026666666666660027,0.001069267662156373,-0.002922874790184358,0.002389541456851157
clean,clean,class_conditional_conformal,0.05,,,empirical_coverage,3,3,True,0.9497333333333334,0.001069267662156373,0.9470771252098157,0.9523895414568512
clean,clean,class_conditional_conformal,0.05,,,empty_set_rate,3,3,True,0.015700000000000002,0.0020223748416156673,0.010676142388647423,0.02072385761135258
clean,clean,class_conditional_conformal,0.05,,,median_set_size,3,3,True,1.0,0.0,1.0,1.0
clean,clean,class_conditional_conformal,0.05,,,multiclass_set_rate,3,3,True,0.15869999999999998,0.005369357503463522,0.14536177653777665,0.1720382234622233
clean,clean,class_conditional_conformal,0.05,,,singleton_set_rate,3,3,True,0.8256,0.0038118237105091483,0.8161309049701801,0.8350690950298199
clean,clean,class_conditional_conformal,0.05,,,worst_class_coverage,3,3,True,0.9323333333333333,0.005507570547286107,0.9186517696366945,0.9460148970299722
clean,clean,class_conditional_conformal,0.1,,,average_set_size,3,3,True,1.0123,0.001670329308849042,1.0081506719728461,1.0164493280271538
clean,clean,class_conditional_conformal,0.1,,,coverage_gap,3,3,True,-0.0016000000000000458,0.0029816103031750788,-0.009006730595860594,0.005806730595860502
clean,clean,class_conditional_conformal,0.1,,,empirical_coverage,3,3,True,0.8984,0.0029816103031750788,0.8909932694041395,0.9058067305958605
clean,clean,class_conditional_conformal,0.1,,,empty_set_rate,3,3,True,0.050100000000000006,0.0016000000000000007,0.04612537966119948,0.05407462033880053
clean,clean,class_conditional_conformal,0.1,,,median_set_size,3,3,True,1.0,0.0,1.0,1.0
clean,clean,class_conditional_conformal,0.1,,,multiclass_set_rate,3,3,True,0.06213333333333334,0.0030746273486933874,0.054495535586865165,0.06977113107980151
clean,clean,class_conditional_conformal,0.1,,,singleton_set_rate,3,3,True,0.8877666666666667,0.0044736264186153556,0.8766535625719017,0.8988797707614317
clean,clean,class_conditional_conformal,0.1,,,worst_class_coverage,3,3,True,0.8776666666666667,0.011590225767142484,0.8488749497508077,0.9064583835825257
clean,clean,class_conditional_conformal,0.2,,,average_set_size,3,3,True,0.8428,0.0038196858509568347,0.833311374330599,0.852288625669401
clean,clean,class_conditional_conformal,0.2,,,coverage_gap,3,3,True,-0.006800000000000028,0.0027000000000000357,-0.013507171821726009,-9.282817827404796e-05
clean,clean,class_conditional_conformal,0.2,,,empirical_coverage,3,3,True,0.7932,0.0027000000000000357,0.786492828178274,0.799907171821726
clean,clean,class_conditional_conformal,0.2,,,empty_set_rate,3,3,True,0.15853333333333333,0.0048952357791360104,0.14637289352647206,0.1706937731401946
clean,clean,class_conditional_conformal,0.2,,,median_set_size,3,3,True,1.0,0.0,1.0,1.0
clean,clean,class_conditional_conformal,0.2,,,multiclass_set_rate,3,3,True,0.0013333333333333333,0.0010785793124908957,-0.0013460062119390445,0.004012672878605711
clean,clean,class_conditional_conformal,0.2,,,singleton_set_rate,3,3,True,0.8401333333333333,0.005971878543082842,0.8252983646344686,0.854968302032198
clean,clean,class_conditional_conformal,0.2,,,worst_class_coverage,3,3,True,0.77,0.0030000000000000027,0.762547586864749,0.777452413135251
clean,clean,raw_softmax,,,,accuracy,3,3,True,0.9172666666666668,0.004291076011134437,0.9066070429234205,0.927926290409913
clean,clean,raw_softmax,,,,accuracy_confidence_gap,3,3,True,-0.014586042183637571,0.005200205139730421,-0.027504067880079804,-0.0016680164871953375
clean,clean,raw_softmax,,,,brier_score,3,3,True,0.12148648376120996,0.004032075185213447,0.11147025373700854,0.1315027137854114
clean,clean,raw_softmax,,,,expected_calibration_error,3,3,True,0.01589795417388278,0.0036501253242184565,0.00683054020337681,0.024965368144388746
clean,clean,raw_softmax,,,,macro_f1,3,3,True,0.9167481231958957,0.004233029631250316,0.9062326946539502,0.9272635517378413
clean,clean,raw_softmax,,,,maximum_calibration_error,3,3,True,0.26295310954252876,0.017690406310710123,0.21900770408990772,0.3068985149951498
clean,clean,raw_softmax,,,,mean_confidence,3,3,True,0.9318527088503042,0.008524788880808534,0.9106759593067779,0.9530294583938306
clean,clean,raw_softmax,,,,negative_log_likelihood,3,3,True,0.24258792346304492,0.00179792758108606,0.23812162375587298,0.24705422317021686
clean,clean,standard_conformal,0.05,hybrid,0.5,abstention_rate,3,3,True,0.09753333333333335,0.005444569159569317,0.0840082737598144,0.1110583929068523
clean,clean,standard_conformal,0.05,hybrid,0.5,acceptance_rate,3,3,True,0.9024666666666666,0.005444569159569286,0.8889416070931477,0.9159917262401855
clean,clean,standard_conformal,0.05,hybrid,0.5,number_abstained,3,3,True,975.3333333333334,54.44569159569317,840.0827375981439,1110.5839290685228
clean,clean,standard_conformal,0.05,hybrid,0.5,number_accepted,3,3,True,9024.666666666666,54.44569159569316,8889.416070931476,9159.917262401856
clean,clean,standard_conformal,0.05,hybrid,0.5,selective_accuracy,3,3,True,0.9558175121982359,0.0019419187011600902,0.9509935187195309,0.9606415056769408
clean,clean,standard_conformal,0.05,hybrid,0.5,selective_risk,3,3,True,0.04418248780176411,0.0019419187011600902,0.039358494323059115,0.04900648128046911
clean,clean,standard_conformal,0.05,hybrid,0.6,abstention_rate,3,3,True,0.10716666666666667,0.004147690120215514,0.09686323322238505,0.1174701001109483
clean,clean,standard_conformal,0.05,hybrid,0.6,acceptance_rate,3,3,True,0.8928333333333333,0.004147690120215499,0.8825298998890517,0.9031367667776148
clean,clean,standard_conformal,0.05,hybrid,0.6,number_abstained,3,3,True,1071.6666666666667,41.47690120215508,968.6323322238507,1174.7010011094828
clean,clean,standard_conformal,0.05,hybrid,0.6,number_accepted,3,3,True,8928.333333333334,41.47690120215508,8825.298998890517,9031.36766777615
clean,clean,standard_conformal,0.05,hybrid,0.6,selective_accuracy,3,3,True,0.9597117453046667,0.0014582151170093396,0.9560893381406594,0.963334152468674
clean,clean,standard_conformal,0.05,hybrid,0.6,selective_risk,3,3,True,0.04028825469533326,0.0014582151170093396,0.036665847531325936,0.04391066185934058
clean,clean,standard_conformal,0.05,hybrid,0.7,abstention_rate,3,3,True,0.12583333333333335,0.00386307304271267,0.11623692790468472,0.135429738761982
clean,clean,standard_conformal,0.05,hybrid,0.7,acceptance_rate,3,3,True,0.8741666666666666,0.0038630730427126354,0.8645702612380181,0.8837630720953152
clean,clean,standard_conformal,0.05,hybrid,0.7,number_abstained,3,3,True,1258.3333333333333,38.630730427126714,1162.369279046847,1354.2973876198196
clean,clean,standard_conformal,0.05,hybrid,0.7,number_accepted,3,3,True,8741.666666666666,38.630730427126714,8645.702612380179,8837.630720953153
clean,clean,standard_conformal,0.05,hybrid,0.7,selective_accuracy,3,3,True,0.9655262196454996,0.0013169093622592432,0.9622548354357543,0.9687976038552448
clean,clean,standard_conformal,0.05,hybrid,0.7,selective_risk,3,3,True,0.034473780354500515,0.001316909362259243,0.031202396144755253,0.03774516456424578
clean,clean,standard_conformal,0.05,hybrid,0.8,abstention_rate,3,3,True,0.17716666666666667,0.004245389656242799,0.16662053412051916,0.18771279921281417
clean,clean,standard_conformal,0.05,hybrid,0.8,acceptance_rate,3,3,True,0.8228333333333334,0.004245389656242791,0.812287200787186,0.8333794658794809
clean,clean,standard_conformal,0.05,hybrid,0.8,number_abstained,3,3,True,1771.6666666666667,42.45389656242797,1666.2053412051916,1877.1279921281418
clean,clean,standard_conformal,0.05,hybrid,0.8,number_accepted,3,3,True,8228.333333333334,42.45389656242797,8122.872007871859,8333.794658794808
clean,clean,standard_conformal,0.05,hybrid,0.8,selective_accuracy,3,3,True,0.9769862233066785,0.0011484832952060532,0.9741332326417419,0.9798392139716151
clean,clean,standard_conformal,0.05,hybrid,0.8,selective_risk,3,3,True,0.023013776693321497,0.0011484832952060532,0.020160786028384853,0.02586676735825814
clean,clean,standard_conformal,0.05,hybrid,0.9,abstention_rate,3,3,True,0.25093333333333334,0.009835818894903129,0.22649980469055803,0.27536686197610866
clean,clean,standard_conformal,0.05,hybrid,0.9,acceptance_rate,3,3,True,0.7490666666666667,0.009835818894903113,0.7246331380238914,0.7735001953094419
clean,clean,standard_conformal,0.05,hybrid,0.9,number_abstained,3,3,True,2509.3333333333335,98.35818894903126,2264.9980469055804,2753.6686197610866
clean,clean,standard_conformal,0.05,hybrid,0.9,number_accepted,3,3,True,7490.666666666667,98.35818894903126,7246.331380238914,7735.00195309442
clean,clean,standard_conformal,0.05,hybrid,0.9,selective_accuracy,3,3,True,0.987318789937563,0.0005176770916982424,0.9860328087515661,0.9886047711235598
clean,clean,standard_conformal,0.05,hybrid,0.9,selective_risk,3,3,True,0.012681210062437165,0.0005176770916982424,0.011395228876440327,0.013967191248434003
clean,clean,standard_conformal,0.05,hybrid,0.95,abstention_rate,3,3,True,0.3146333333333333,0.011849191252289483,0.2851983104897789,0.34406835617688775
clean,clean,standard_conformal,0.05,hybrid,0.95,acceptance_rate,3,3,True,0.6853666666666666,0.011849191252289453,0.6559316438231122,0.7148016895102209
clean,clean,standard_conformal,0.05,hybrid,0.95,number_abstained,3,3,True,3146.3333333333335,118.49191252289471,2851.9831048977894,3440.6835617688776
clean,clean,standard_conformal,0.05,hybrid,0.95,number_accepted,3,3,True,6853.666666666667,118.49191252289472,6559.316438231123,7148.016895102211
clean,clean,standard_conformal,0.05,hybrid,0.95,selective_accuracy,3,3,True,0.9917827543934689,0.0009170817334698356,0.989504597074599,0.9940609117123387
clean,clean,standard_conformal,0.05,hybrid,0.95,selective_risk,3,3,True,0.008217245606531143,0.0009170817334698356,0.0059390882876613595,0.010495402925400927
clean,clean,standard_conformal,0.05,singleton_conformal,,abstention_rate,3,3,True,0.0896,0.005894913061275804,0.0749562241569952,0.1042437758430048
clean,clean,standard_conformal,0.05,singleton_conformal,,acceptance_rate,3,3,True,0.9104000000000001,0.005894913061275826,0.8957562241569952,0.925043775843005
clean,clean,standard_conformal,0.05,singleton_conformal,,number_abstained,3,3,True,896.0,58.94913061275798,749.562241569952,1042.437758430048
clean,clean,standard_conformal,0.05,singleton_conformal,,number_accepted,3,3,True,9104.0,58.94913061275798,8957.562241569953,9250.437758430047
clean,clean,standard_conformal,0.05,singleton_conformal,,selective_accuracy,3,3,True,0.9515168964678743,0.0014755972162997042,0.9478513097755104,0.9551824831602382
clean,clean,standard_conformal,0.05,singleton_conformal,,selective_risk,3,3,True,0.048483103532125704,0.0014755972162997042,0.0448175168397618,0.052148690224489605
clean,clean,standard_conformal,0.05,,,average_set_size,3,3,True,1.0896333333333335,0.006010268990098027,1.0747029974772673,1.1045636691893996
clean,clean,standard_conformal,0.05,,,coverage_gap,3,3,True,-0.000699999999999997,0.0016370705543744793,-0.0047667087009176596,0.003366708700917666
clean,clean,standard_conformal,0.05,,,empirical_coverage,3,3,True,0.9492999999999999,0.0016370705543744793,0.9452332912990823,0.9533667087009176
clean,clean,standard_conformal,0.05,,,empty_set_rate,3,3,True,0.00036666666666666667,0.00015275252316519468,-1.2791636693009357e-05,0.0007461249700263427
clean,clean,standard_conformal,0.05,,,median_set_size,3,3,True,1.0,0.0,1.0,1.0
clean,clean,standard_conformal,0.05,,,multiclass_set_rate,3,3,True,0.08923333333333333,0.005879909296352569,0.07462682890859257,0.1038398377580741
clean,clean,standard_conformal,0.05,,,singleton_set_rate,3,3,True,0.9104000000000001,0.005894913061275826,0.8957562241569952,0.925043775843005
clean,clean,standard_conformal,0.05,,,worst_class_coverage,3,3,True,0.8323333333333333,0.011015141094572214,0.8049702059400556,0.8596964607266109
clean,clean,standard_conformal,0.1,hybrid,0.5,abstention_rate,3,3,True,0.042966666666666674,0.0022810816147900846,0.03730014580378629,0.04863318752954706
clean,clean,standard_conformal,0.1,hybrid,0.5,acceptance_rate,3,3,True,0.9570333333333334,0.0022810816147900885,0.951366812470453,0.9626998541962138
clean,clean,standard_conformal,0.1,hybrid,0.5,number_abstained,3,3,True,429.6666666666667,22.81081614790083,373.00145803786285,486.3318752954705
clean,clean,standard_conformal,0.1,hybrid,0.5,number_accepted,3,3,True,9570.333333333334,22.810816147900834,9513.66812470453,9626.998541962137
clean,clean,standard_conformal,0.1,hybrid,0.5,selective_accuracy,3,3,True,0.9373829322133359,0.004414204317249996,0.926417440801484,0.9483484236251878
clean,clean,standard_conformal,0.1,hybrid,0.5,selective_risk,3,3,True,0.06261706778666414,0.004414204317249996,0.051651576374812304,0.07358255919851597
clean,clean,standard_conformal,0.1,hybrid,0.6,abstention_rate,3,3,True,0.07686666666666668,0.001289702808143535,0.07366286728400702,0.08007046604932634
clean,clean,standard_conformal,0.1,hybrid,0.6,acceptance_rate,3,3,True,0.9231333333333334,0.0012897028081435675,0.9199295339506737,0.926337132715993
clean,clean,standard_conformal,0.1,hybrid,0.6,number_abstained,3,3,True,768.6666666666666,12.897028081435403,736.62867284007,800.7046604932633
clean,clean,standard_conformal,0.1,hybrid,0.6,number_accepted,3,3,True,9231.333333333334,12.897028081435403,9199.295339506738,9263.37132715993
clean,clean,standard_conformal,0.1,hybrid,0.6,selective_accuracy,3,3,True,0.9504215839532137,0.002364036594218316,0.9445489914975582,0.9562941764088693
clean,clean,standard_conformal,0.1,hybrid,0.6,selective_risk,3,3,True,0.04957841604678622,0.002364036594218316,0.04370582359113069,0.05545100850244175
clean,clean,standard_conformal,0.1,hybrid,0.7,abstention_rate,3,3,True,0.12376666666666668,0.0031533051443419437,0.11593342244095053,0.13159991089238282
clean,clean,standard_conformal,0.1,hybrid,0.7,acceptance_rate,3,3,True,0.8762333333333334,0.0031533051443419302,0.8684000891076173,0.8840665775590495
clean,clean,standard_conformal,0.1,hybrid,0.7,number_abstained,3,3,True,1237.6666666666667,31.533051443419385,1159.3342244095054,1315.999108923828
clean,clean,standard_conformal,0.1,hybrid,0.7,number_accepted,3,3,True,8762.333333333334,31.533051443419385,8684.000891076174,8840.665775590494
clean,clean,standard_conformal,0.1,hybrid,0.7,selective_accuracy,3,3,True,0.9650378550876106,0.0013496710531080854,0.961685086326127,0.9683906238490942
clean,clean,standard_conformal,0.1,hybrid,0.7,selective_risk,3,3,True,0.03496214491238936,0.0013496710531080854,0.03160937615090578,0.038314913673872936
clean,clean,standard_conformal,0.1,hybrid,0.8,abstention_rate,3,3,True,0.17716666666666667,0.004245389656242799,0.16662053412051916,0.18771279921281417
clean,clean,standard_conformal,0.1,hybrid,0.8,acceptance_rate,3,3,True,0.8228333333333334,0.004245389656242791,0.812287200787186,0.8333794658794809
clean,clean,standard_conformal,0.1,hybrid,0.8,number_abstained,3,3,True,1771.6666666666667,42.45389656242797,1666.2053412051916,1877.1279921281418
clean,clean,standard_conformal,0.1,hybrid,0.8,number_accepted,3,3,True,8228.333333333334,42.45389656242797,8122.872007871859,8333.794658794808
clean,clean,standard_conformal,0.1,hybrid,0.8,selective_accuracy,3,3,True,0.9769862233066785,0.0011484832952060532,0.9741332326417419,0.9798392139716151
clean,clean,standard_conformal,0.1,hybrid,0.8,selective_risk,3,3,True,0.023013776693321497,0.0011484832952060532,0.020160786028384853,0.02586676735825814
clean,clean,standard_conformal,0.1,hybrid,0.9,abstention_rate,3,3,True,0.25093333333333334,0.009835818894903129,0.22649980469055803,0.27536686197610866
clean,clean,standard_conformal,0.1,hybrid,0.9,acceptance_rate,3,3,True,0.7490666666666667,0.009835818894903113,0.7246331380238914,0.7735001953094419
clean,clean,standard_conformal,0.1,hybrid,0.9,number_abstained,3,3,True,2509.3333333333335,98.35818894903126,2264.9980469055804,2753.6686197610866
clean,clean,standard_conformal,0.1,hybrid,0.9,number_accepted,3,3,True,7490.666666666667,98.35818894903126,7246.331380238914,7735.00195309442
clean,clean,standard_conformal,0.1,hybrid,0.9,selective_accuracy,3,3,True,0.987318789937563,0.0005176770916982424,0.9860328087515661,0.9886047711235598
clean,clean,standard_conformal,0.1,hybrid,0.9,selective_risk,3,3,True,0.012681210062437165,0.0005176770916982424,0.011395228876440327,0.013967191248434003
clean,clean,standard_conformal,0.1,hybrid,0.95,abstention_rate,3,3,True,0.3146333333333333,0.011849191252289483,0.2851983104897789,0.34406835617688775
clean,clean,standard_conformal,0.1,hybrid,0.95,acceptance_rate,3,3,True,0.6853666666666666,0.011849191252289453,0.6559316438231122,0.7148016895102209
clean,clean,standard_conformal,0.1,hybrid,0.95,number_abstained,3,3,True,3146.3333333333335,118.49191252289471,2851.9831048977894,3440.6835617688776
clean,clean,standard_conformal,0.1,hybrid,0.95,number_accepted,3,3,True,6853.666666666667,118.49191252289472,6559.316438231123,7148.016895102211
clean,clean,standard_conformal,0.1,hybrid,0.95,selective_accuracy,3,3,True,0.9917827543934689,0.0009170817334698356,0.989504597074599,0.9940609117123387
clean,clean,standard_conformal,0.1,hybrid,0.95,selective_risk,3,3,True,0.008217245606531143,0.0009170817334698356,0.0059390882876613595,0.010495402925400927
clean,clean,standard_conformal,0.1,singleton_conformal,,abstention_rate,3,3,True,0.042966666666666674,0.0022810816147900846,0.03730014580378629,0.04863318752954706
clean,clean,standard_conformal,0.1,singleton_conformal,,acceptance_rate,3,3,True,0.9570333333333334,0.0022810816147900885,0.951366812470453,0.9626998541962138
clean,clean,standard_conformal,0.1,singleton_conformal,,number_abstained,3,3,True,429.6666666666667,22.81081614790083,373.00145803786285,486.3318752954705
clean,clean,standard_conformal,0.1,singleton_conformal,,number_accepted,3,3,True,9570.333333333334,22.810816147900834,9513.66812470453,9626.998541962137
clean,clean,standard_conformal,0.1,singleton_conformal,,selective_accuracy,3,3,True,0.9373829322133359,0.004414204317249996,0.926417440801484,0.9483484236251878
clean,clean,standard_conformal,0.1,singleton_conformal,,selective_risk,3,3,True,0.06261706778666414,0.004414204317249996,0.051651576374812304,0.07358255919851597
clean,clean,standard_conformal,0.1,,,average_set_size,3,3,True,0.9570333333333334,0.0022810816147900885,0.951366812470453,0.9626998541962138
clean,clean,standard_conformal,0.1,,,coverage_gap,3,3,True,-0.0029000000000000137,0.002080865204668444,-0.008069155727985965,0.0022691557279859373
clean,clean,standard_conformal,0.1,,,empirical_coverage,3,3,True,0.8971,0.002080865204668444,0.8919308442720141,0.9022691557279859
clean,clean,standard_conformal,0.1,,,empty_set_rate,3,3,True,0.042966666666666674,0.0022810816147900846,0.03730014580378629,0.04863318752954706
clean,clean,standard_conformal,0.1,,,median_set_size,3,3,True,1.0,0.0,1.0,1.0
clean,clean,standard_conformal,0.1,,,multiclass_set_rate,3,3,True,0.0,0.0,0.0,0.0
clean,clean,standard_conformal,0.1,,,singleton_set_rate,3,3,True,0.9570333333333334,0.0022810816147900885,0.951366812470453,0.9626998541962138
clean,clean,standard_conformal,0.1,,,worst_class_coverage,3,3,True,0.6626666666666667,0.024583192089989745,0.6015986321207208,0.7237347012126126
clean,clean,standard_conformal,0.2,hybrid,0.5,abstention_rate,3,3,True,0.18703333333333336,0.0046500896048714225,0.17548187038285407,0.19858479628381265
clean,clean,standard_conformal,0.2,hybrid,0.5,acceptance_rate,3,3,True,0.8129666666666666,0.00465008960487143,0.8014152037161874,0.8245181296171459
clean,clean,standard_conformal,0.2,hybrid,0.5,number_abstained,3,3,True,1870.3333333333333,46.500896048714296,1754.81870382854,1985.8479628381265
clean,clean,standard_conformal,0.2,hybrid,0.5,number_accepted,3,3,True,8129.666666666667,46.500896048714296,8014.1520371618735,8245.18129617146
clean,clean,standard_conformal,0.2,hybrid,0.5,selective_accuracy,3,3,True,0.9785638326878998,0.002245223248349286,0.9729863889453768,0.9841412764304228
clean,clean,standard_conformal,0.2,hybrid,0.5,selective_risk,3,3,True,0.021436167312100185,0.002245223248349286,0.015858723569577148,0.027013611054623222
clean,clean,standard_conformal,0.2,hybrid,0.6,abstention_rate,3,3,True,0.18703333333333336,0.0046500896048714225,0.17548187038285407,0.19858479628381265
clean,clean,standard_conformal,0.2,hybrid,0.6,acceptance_rate,3,3,True,0.8129666666666666,0.00465008960487143,0.8014152037161874,0.8245181296171459
clean,clean,standard_conformal,0.2,hybrid,0.6,number_abstained,3,3,True,1870.3333333333333,46.500896048714296,1754.81870382854,1985.8479628381265
clean,clean,standard_conformal,0.2,hybrid,0.6,number_accepted,3,3,True,8129.666666666667,46.500896048714296,8014.1520371618735,8245.18129617146
clean,clean,standard_conformal,0.2,hybrid,0.6,selective_accuracy,3,3,True,0.9785638326878998,0.002245223248349286,0.9729863889453768,0.9841412764304228
clean,clean,standard_conformal,0.2,hybrid,0.6,selective_risk,3,3,True,0.021436167312100185,0.002245223248349286,0.015858723569577148,0.027013611054623222
clean,clean,standard_conformal,0.2,hybrid,0.7,abstention_rate,3,3,True,0.18703333333333336,0.0046500896048714225,0.17548187038285407,0.19858479628381265
clean,clean,standard_conformal,0.2,hybrid,0.7,acceptance_rate,3,3,True,0.8129666666666666,0.00465008960487143,0.8014152037161874,0.8245181296171459
clean,clean,standard_conformal,0.2,hybrid,0.7,number_abstained,3,3,True,1870.3333333333333,46.500896048714296,1754.81870382854,1985.8479628381265
clean,clean,standard_conformal,0.2,hybrid,0.7,number_accepted,3,3,True,8129.666666666667,46.500896048714296,8014.1520371618735,8245.18129617146
clean,clean,standard_conformal,0.2,hybrid,0.7,selective_accuracy,3,3,True,0.9785638326878998,0.002245223248349286,0.9729863889453768,0.9841412764304228
clean,clean,standard_conformal,0.2,hybrid,0.7,selective_risk,3,3,True,0.021436167312100185,0.002245223248349286,0.015858723569577148,0.027013611054623222
clean,clean,standard_conformal,0.2,hybrid,0.8,abstention_rate,3,3,True,0.18703333333333336,0.0046500896048714225,0.17548187038285407,0.19858479628381265
clean,clean,standard_conformal,0.2,hybrid,0.8,acceptance_rate,3,3,True,0.8129666666666666,0.00465008960487143,0.8014152037161874,0.8245181296171459
clean,clean,standard_conformal,0.2,hybrid,0.8,number_abstained,3,3,True,1870.3333333333333,46.500896048714296,1754.81870382854,1985.8479628381265
clean,clean,standard_conformal,0.2,hybrid,0.8,number_accepted,3,3,True,8129.666666666667,46.500896048714296,8014.1520371618735,8245.18129617146
clean,clean,standard_conformal,0.2,hybrid,0.8,selective_accuracy,3,3,True,0.9785638326878998,0.002245223248349286,0.9729863889453768,0.9841412764304228
clean,clean,standard_conformal,0.2,hybrid,0.8,selective_risk,3,3,True,0.021436167312100185,0.002245223248349286,0.015858723569577148,0.027013611054623222
clean,clean,standard_conformal,0.2,hybrid,0.9,abstention_rate,3,3,True,0.25093333333333334,0.009835818894903129,0.22649980469055803,0.27536686197610866
clean,clean,standard_conformal,0.2,hybrid,0.9,acceptance_rate,3,3,True,0.7490666666666667,0.009835818894903113,0.7246331380238914,0.7735001953094419
clean,clean,standard_conformal,0.2,hybrid,0.9,number_abstained,3,3,True,2509.3333333333335,98.35818894903126,2264.9980469055804,2753.6686197610866
clean,clean,standard_conformal,0.2,hybrid,0.9,number_accepted,3,3,True,7490.666666666667,98.35818894903126,7246.331380238914,7735.00195309442
clean,clean,standard_conformal,0.2,hybrid,0.9,selective_accuracy,3,3,True,0.987318789937563,0.0005176770916982424,0.9860328087515661,0.9886047711235598
clean,clean,standard_conformal,0.2,hybrid,0.9,selective_risk,3,3,True,0.012681210062437165,0.0005176770916982424,0.011395228876440327,0.013967191248434003
clean,clean,standard_conformal,0.2,hybrid,0.95,abstention_rate,3,3,True,0.3146333333333333,0.011849191252289483,0.2851983104897789,0.34406835617688775
clean,clean,standard_conformal,0.2,hybrid,0.95,acceptance_rate,3,3,True,0.6853666666666666,0.011849191252289453,0.6559316438231122,0.7148016895102209
clean,clean,standard_conformal,0.2,hybrid,0.95,number_abstained,3,3,True,3146.3333333333335,118.49191252289471,2851.9831048977894,3440.6835617688776
clean,clean,standard_conformal,0.2,hybrid,0.95,number_accepted,3,3,True,6853.666666666667,118.49191252289472,6559.316438231123,7148.016895102211
clean,clean,standard_conformal,0.2,hybrid,0.95,selective_accuracy,3,3,True,0.9917827543934689,0.0009170817334698356,0.989504597074599,0.9940609117123387
clean,clean,standard_conformal,0.2,hybrid,0.95,selective_risk,3,3,True,0.008217245606531143,0.0009170817334698356,0.0059390882876613595,0.010495402925400927
clean,clean,standard_conformal,0.2,singleton_conformal,,abstention_rate,3,3,True,0.18703333333333336,0.0046500896048714225,0.17548187038285407,0.19858479628381265
clean,clean,standard_conformal,0.2,singleton_conformal,,acceptance_rate,3,3,True,0.8129666666666666,0.00465008960487143,0.8014152037161874,0.8245181296171459
clean,clean,standard_conformal,0.2,singleton_conformal,,number_abstained,3,3,True,1870.3333333333333,46.500896048714296,1754.81870382854,1985.8479628381265
clean,clean,standard_conformal,0.2,singleton_conformal,,number_accepted,3,3,True,8129.666666666667,46.500896048714296,8014.1520371618735,8245.18129617146
clean,clean,standard_conformal,0.2,singleton_conformal,,selective_accuracy,3,3,True,0.9785638326878998,0.002245223248349286,0.9729863889453768,0.9841412764304228
clean,clean,standard_conformal,0.2,singleton_conformal,,selective_risk,3,3,True,0.021436167312100185,0.002245223248349286,0.015858723569577148,0.027013611054623222
clean,clean,standard_conformal,0.2,,,average_set_size,3,3,True,0.8129666666666666,0.00465008960487143,0.8014152037161874,0.8245181296171459
clean,clean,standard_conformal,0.2,,,coverage_gap,3,3,True,-0.00446666666666673,0.0029484459183327667,-0.01179101236345349,0.00285767903012003
clean,clean,standard_conformal,0.2,,,empirical_coverage,3,3,True,0.7955333333333332,0.0029484459183327667,0.7882089876365465,0.80285767903012
clean,clean,standard_conformal,0.2,,,empty_set_rate,3,3,True,0.18703333333333336,0.0046500896048714225,0.17548187038285407,0.19858479628381265
clean,clean,standard_conformal,0.2,,,median_set_size,3,3,True,1.0,0.0,1.0,1.0
clean,clean,standard_conformal,0.2,,,multiclass_set_rate,3,3,True,0.0,0.0,0.0,0.0
clean,clean,standard_conformal,0.2,,,singleton_set_rate,3,3,True,0.8129666666666666,0.00465008960487143,0.8014152037161874,0.8245181296171459
clean,clean,standard_conformal,0.2,,,worst_class_coverage,3,3,True,0.423,0.04194043395102155,0.31881418637509346,0.5271858136249066
clean,clean,temperature_scaled,,confidence_threshold,0.5,abstention_rate,3,3,True,0.0306,0.0002645751311064594,0.029942758939227154,0.03125724106077284
clean,clean,temperature_scaled,,confidence_threshold,0.5,acceptance_rate,3,3,True,0.9693999999999999,0.0002645751311064719,0.968742758939227,0.9700572410607728
clean,clean,temperature_scaled,,confidence_threshold,0.5,number_abstained,3,3,True,306.0,2.6457513110645907,299.42758939227156,312.57241060772844
clean,clean,temperature_scaled,,confidence_threshold,0.5,number_accepted,3,3,True,9694.0,2.6457513110645907,9687.427589392271,9700.572410607729
clean,clean,temperature_scaled,,confidence_threshold,0.5,selective_accuracy,3,3,True,0.9323286660179257,0.003412387189843273,0.9238518263125424,0.9408055057233091
clean,clean,temperature_scaled,,confidence_threshold,0.5,selective_risk,3,3,True,0.06767133398207419,0.003412387189843273,0.05919449427669078,0.07614817368745759
clean,clean,temperature_scaled,,confidence_threshold,0.6,abstention_rate,3,3,True,0.07686666666666668,0.001289702808143535,0.07366286728400702,0.08007046604932634
clean,clean,temperature_scaled,,confidence_threshold,0.6,acceptance_rate,3,3,True,0.9231333333333334,0.0012897028081435675,0.9199295339506737,0.926337132715993
clean,clean,temperature_scaled,,confidence_threshold,0.6,number_abstained,3,3,True,768.6666666666666,12.897028081435403,736.62867284007,800.7046604932633
clean,clean,temperature_scaled,,confidence_threshold,0.6,number_accepted,3,3,True,9231.333333333334,12.897028081435403,9199.295339506738,9263.37132715993
clean,clean,temperature_scaled,,confidence_threshold,0.6,selective_accuracy,3,3,True,0.9504215839532137,0.002364036594218316,0.9445489914975582,0.9562941764088693
clean,clean,temperature_scaled,,confidence_threshold,0.6,selective_risk,3,3,True,0.04957841604678622,0.002364036594218316,0.04370582359113069,0.05545100850244175
clean,clean,temperature_scaled,,confidence_threshold,0.7,abstention_rate,3,3,True,0.12376666666666668,0.0031533051443419437,0.11593342244095053,0.13159991089238282
clean,clean,temperature_scaled,,confidence_threshold,0.7,acceptance_rate,3,3,True,0.8762333333333334,0.0031533051443419302,0.8684000891076173,0.8840665775590495
clean,clean,temperature_scaled,,confidence_threshold,0.7,number_abstained,3,3,True,1237.6666666666667,31.533051443419385,1159.3342244095054,1315.999108923828
clean,clean,temperature_scaled,,confidence_threshold,0.7,number_accepted,3,3,True,8762.333333333334,31.533051443419385,8684.000891076174,8840.665775590494
clean,clean,temperature_scaled,,confidence_threshold,0.7,selective_accuracy,3,3,True,0.9650378550876106,0.0013496710531080854,0.961685086326127,0.9683906238490942
clean,clean,temperature_scaled,,confidence_threshold,0.7,selective_risk,3,3,True,0.03496214491238936,0.0013496710531080854,0.03160937615090578,0.038314913673872936
clean,clean,temperature_scaled,,confidence_threshold,0.8,abstention_rate,3,3,True,0.17716666666666667,0.004245389656242799,0.16662053412051916,0.18771279921281417
clean,clean,temperature_scaled,,confidence_threshold,0.8,acceptance_rate,3,3,True,0.8228333333333334,0.004245389656242791,0.812287200787186,0.8333794658794809
clean,clean,temperature_scaled,,confidence_threshold,0.8,number_abstained,3,3,True,1771.6666666666667,42.45389656242797,1666.2053412051916,1877.1279921281418
clean,clean,temperature_scaled,,confidence_threshold,0.8,number_accepted,3,3,True,8228.333333333334,42.45389656242797,8122.872007871859,8333.794658794808
clean,clean,temperature_scaled,,confidence_threshold,0.8,selective_accuracy,3,3,True,0.9769862233066785,0.0011484832952060532,0.9741332326417419,0.9798392139716151
clean,clean,temperature_scaled,,confidence_threshold,0.8,selective_risk,3,3,True,0.023013776693321497,0.0011484832952060532,0.020160786028384853,0.02586676735825814
clean,clean,temperature_scaled,,confidence_threshold,0.9,abstention_rate,3,3,True,0.25093333333333334,0.009835818894903129,0.22649980469055803,0.27536686197610866
clean,clean,temperature_scaled,,confidence_threshold,0.9,acceptance_rate,3,3,True,0.7490666666666667,0.009835818894903113,0.7246331380238914,0.7735001953094419
clean,clean,temperature_scaled,,confidence_threshold,0.9,number_abstained,3,3,True,2509.3333333333335,98.35818894903126,2264.9980469055804,2753.6686197610866
clean,clean,temperature_scaled,,confidence_threshold,0.9,number_accepted,3,3,True,7490.666666666667,98.35818894903126,7246.331380238914,7735.00195309442
clean,clean,temperature_scaled,,confidence_threshold,0.9,selective_accuracy,3,3,True,0.987318789937563,0.0005176770916982424,0.9860328087515661,0.9886047711235598
clean,clean,temperature_scaled,,confidence_threshold,0.9,selective_risk,3,3,True,0.012681210062437165,0.0005176770916982424,0.011395228876440327,0.013967191248434003
clean,clean,temperature_scaled,,confidence_threshold,0.95,abstention_rate,3,3,True,0.3146333333333333,0.011849191252289483,0.2851983104897789,0.34406835617688775
clean,clean,temperature_scaled,,confidence_threshold,0.95,acceptance_rate,3,3,True,0.6853666666666666,0.011849191252289453,0.6559316438231122,0.7148016895102209
clean,clean,temperature_scaled,,confidence_threshold,0.95,number_abstained,3,3,True,3146.3333333333335,118.49191252289471,2851.9831048977894,3440.6835617688776
clean,clean,temperature_scaled,,confidence_threshold,0.95,number_accepted,3,3,True,6853.666666666667,118.49191252289472,6559.316438231123,7148.016895102211
clean,clean,temperature_scaled,,confidence_threshold,0.95,selective_accuracy,3,3,True,0.9917827543934689,0.0009170817334698356,0.989504597074599,0.9940609117123387
clean,clean,temperature_scaled,,confidence_threshold,0.95,selective_risk,3,3,True,0.008217245606531143,0.0009170817334698356,0.0059390882876613595,0.010495402925400927
clean,clean,temperature_scaled,,,,accuracy_confidence_gap,3,3,True,0.004346823052068571,0.0020633275582884764,-0.0007787667471695608,0.009472412851306703
clean,clean,temperature_scaled,,,,brier_score,3,3,True,0.12099581160516577,0.004216333681854689,0.11052185810074742,0.13146976510958414
clean,clean,temperature_scaled,,,,expected_calibration_error,3,3,True,0.007623625274002558,0.0016997341841990267,0.003401251487082574,0.01184599906092254
clean,clean,temperature_scaled,,,,maximum_calibration_error,3,3,True,0.1326627293234153,0.11174440449486651,-0.1449257599593657,0.4102512186061963
clean,clean,temperature_scaled,,,,mean_confidence,3,3,True,0.9129198436145981,0.0022296457029710305,0.9073810966400057,0.9184585905891905
clean,clean,temperature_scaled,,,,negative_log_likelihood,3,3,True,0.2328752630895267,0.0070141114556061855,0.21545124430823537,0.250299281870818
gaussian_blur,medium,class_conditional_conformal,0.05,,,average_set_size,3,3,True,1.2544,0.04408094826566236,1.1448968540435527,1.3639031459564472
gaussian_blur,medium,class_conditional_conformal,0.05,,,coverage_gap,3,3,True,-0.08436666666666663,0.025089905008455787,-0.14669344588240513,-0.022039887450928122
gaussian_blur,medium,class_conditional_conformal,0.05,,,empirical_coverage,3,3,True,0.8656333333333333,0.025089905008455784,0.8033065541175948,0.9279601125490717
gaussian_blur,medium,class_conditional_conformal,0.05,,,empty_set_rate,3,3,True,0.0822,0.018069864415650717,0.03731196835886671,0.12708803164113328
gaussian_blur,medium,class_conditional_conformal,0.05,,,median_set_size,3,3,True,1.0,0.0,1.0,1.0
gaussian_blur,medium,class_conditional_conformal,0.05,,,multiclass_set_rate,3,3,True,0.2709333333333333,0.013651495644556057,0.2370211381808962,0.3048455284857704
gaussian_blur,medium,class_conditional_conformal,0.05,,,singleton_set_rate,3,3,True,0.6468666666666667,0.008663909817936294,0.6253443215567273,0.6683890117766061
gaussian_blur,medium,class_conditional_conformal,0.05,,,worst_class_coverage,3,3,True,0.6643333333333333,0.08922630404389356,0.44268290657779635,0.8859837600888703
gaussian_blur,medium,class_conditional_conformal,0.1,,,average_set_size,3,3,True,0.7965333333333334,0.03408670317489408,0.7118572685073393,0.8812093981593275
gaussian_blur,medium,class_conditional_conformal,0.1,,,coverage_gap,3,3,True,-0.2567333333333333,0.04127824285665918,-0.3592741730883491,-0.15419249357831757
gaussian_blur,medium,class_conditional_conformal,0.1,,,empirical_coverage,3,3,True,0.6432666666666668,0.041278242856659174,0.540725826911651,0.7458075064216825
gaussian_blur,medium,class_conditional_conformal,0.1,,,empty_set_rate,3,3,True,0.2787,0.019430903221415118,0.23043096053431172,0.3269690394656883
gaussian_blur,medium,class_conditional_conformal,0.1,,,median_set_size,3,3,True,1.0,0.0,1.0,1.0
gaussian_blur,medium,class_conditional_conformal,0.1,,,multiclass_set_rate,3,3,True,0.07479999999999999,0.014384366513684226,0.039067252683718384,0.1105327473162816
gaussian_blur,medium,class_conditional_conformal,0.1,,,singleton_set_rate,3,3,True,0.6465,0.00701498396291823,0.629073813790391,0.663926186209609
gaussian_blur,medium,class_conditional_conformal,0.1,,,worst_class_coverage,3,3,True,0.14766666666666667,0.1140716149326086,-0.13570293382768844,0.4310362671610218
gaussian_blur,medium,class_conditional_conformal,0.2,,,average_set_size,3,3,True,0.3981333333333333,0.023789983886781704,0.33903573719824615,0.4572309294684204
gaussian_blur,medium,class_conditional_conformal,0.2,,,coverage_gap,3,3,True,-0.4348000000000001,0.020854495918146743,-0.48660543976981174,-0.3829945602301884
gaussian_blur,medium,class_conditional_conformal,0.2,,,empirical_coverage,3,3,True,0.3652,0.020854495918146743,0.31339456023018836,0.4170054397698117
gaussian_blur,medium,class_conditional_conformal,0.2,,,empty_set_rate,3,3,True,0.6020333333333333,0.023875999106494704,0.5427220635471727,0.661344603119494
gaussian_blur,medium,class_conditional_conformal,0.2,,,median_set_size,3,3,True,0.0,0.0,0.0,0.0
gaussian_blur,medium,class_conditional_conformal,0.2,,,multiclass_set_rate,3,3,True,0.00016666666666666666,0.0002886751345948129,-0.0005504421216249104,0.0008837754549582437
gaussian_blur,medium,class_conditional_conformal,0.2,,,singleton_set_rate,3,3,True,0.3978,0.02396518307879161,0.3382671849449729,0.4573328150550271
gaussian_blur,medium,class_conditional_conformal,0.2,,,worst_class_coverage,3,3,True,0.0006666666666666666,0.0011547005383792516,-0.0022017684864996416,0.0035351018198329746
gaussian_blur,medium,raw_softmax,,,,accuracy,3,3,True,0.8428,0.031831588084794,0.7637259516136607,0.9218740483863392
gaussian_blur,medium,raw_softmax,,,,accuracy_confidence_gap,3,3,True,-0.0021869895021120467,0.026307781053942342,-0.06753914053068107,0.06316516152645697
gaussian_blur,medium,raw_softmax,,,,brier_score,3,3,True,0.21618781937333406,0.031795803678317185,0.13720266438061648,0.2951729743660516
gaussian_blur,medium,raw_softmax,,,,evaluation_seconds,3,3,True,9.884651433327235,1.7999488205991245,5.413330688856421,14.35597217779805
gaussian_blur,medium,raw_softmax,,,,expected_calibration_error,3,3,True,0.022135154125094425,0.010794568970341745,-0.004680041736221434,0.048950349986410284
gaussian_blur,medium,raw_softmax,,,,macro_f1,3,3,True,0.8301907963933136,0.03926328494724791,0.7326553895686561,0.9277262032179712
gaussian_blur,medium,raw_softmax,,,,maximum_calibration_error,3,3,True,0.21375942478577295,0.08280691216313704,0.008055651487727106,0.4194631980838188
gaussian_blur,medium,raw_softmax,,,,mean_confidence,3,3,True,0.8449869895021122,0.01433791893972671,0.8093696243559177,0.8806043546483066
gaussian_blur,medium,raw_softmax,,,,mean_inference_seconds_per_image,3,3,True,0.0009884651433327235,0.0001799948820599124,0.0005413330688856422,0.0014355972177798049
gaussian_blur,medium,raw_softmax,,,,negative_log_likelihood,3,3,True,0.40958328707404007,0.054687061372385104,0.2737330955740935,0.5454334785739867
gaussian_blur,medium,raw_softmax,,,,sample_count,3,3,True,10000.0,0.0,10000.0,10000.0
gaussian_blur,medium,standard_conformal,0.05,hybrid,0.5,abstention_rate,3,3,True,0.19716666666666668,0.010024636319255343,0.17226408953942246,0.2220692437939109
gaussian_blur,medium,standard_conformal,0.05,hybrid,0.5,acceptance_rate,3,3,True,0.8028333333333334,0.010024636319255351,0.7779307562060892,0.8277359104605776
gaussian_blur,medium,standard_conformal,0.05,hybrid,0.5,number_abstained,3,3,True,1971.6666666666667,100.24636319255345,1722.6408953942246,2220.692437939109
gaussian_blur,medium,standard_conformal,0.05,hybrid,0.5,number_accepted,3,3,True,8028.333333333333,100.24636319255345,7779.307562060891,8277.359104605775
gaussian_blur,medium,standard_conformal,0.05,hybrid,0.5,selective_accuracy,3,3,True,0.9218671034829867,0.03081010977441177,0.845330547889203,0.9984036590767704
gaussian_blur,medium,standard_conformal,0.05,hybrid,0.5,selective_risk,3,3,True,0.07813289651701327,0.03081010977441177,0.0015963409232295361,0.15466945211079702
gaussian_blur,medium,standard_conformal,0.05,hybrid,0.6,abstention_rate,3,3,True,0.24043333333333336,0.0067300321940785175,0.2237150065587291,0.2571516601079376
gaussian_blur,medium,standard_conformal,0.05,hybrid,0.6,acceptance_rate,3,3,True,0.7595666666666666,0.006730032194078558,0.7428483398920622,0.776284993441271
gaussian_blur,medium,standard_conformal,0.05,hybrid,0.6,number_abstained,3,3,True,2404.3333333333335,67.3003219407852,2237.150065587291,2571.516601079376
gaussian_blur,medium,standard_conformal,0.05,hybrid,0.6,number_accepted,3,3,True,7595.666666666667,67.3003219407852,7428.4833989206245,7762.849934412709
gaussian_blur,medium,standard_conformal,0.05,hybrid,0.6,selective_accuracy,3,3,True,0.9403858683952394,0.021608281191995413,0.8867079222000982,0.9940638145903806
gaussian_blur,medium,standard_conformal,0.05,hybrid,0.6,selective_risk,3,3,True,0.05961413160476059,0.021608281191995413,0.005936185409619411,0.11329207779990177
gaussian_blur,medium,standard_conformal,0.05,hybrid,0.7,abstention_rate,3,3,True,0.3057,0.00994132787911152,0.28100437251062416,0.3303956274893759
gaussian_blur,medium,standard_conformal,0.05,hybrid,0.7,acceptance_rate,3,3,True,0.6943000000000001,0.009941327879111499,0.6696043725106243,0.718995627489376
gaussian_blur,medium,standard_conformal,0.05,hybrid,0.7,number_abstained,3,3,True,3057.0,99.41327879111522,2810.0437251062413,3303.9562748937587
gaussian_blur,medium,standard_conformal,0.05,hybrid,0.7,number_accepted,3,3,True,6943.0,99.41327879111522,6696.043725106241,7189.956274893759
gaussian_blur,medium,standard_conformal,0.05,hybrid,0.7,selective_accuracy,3,3,True,0.9589467416158038,0.011841645366921023,0.9295304637906617,0.988363019440946
gaussian_blur,medium,standard_conformal,0.05,hybrid,0.7,selective_risk,3,3,True,0.04105325838419627,0.011841645366921021,0.011636980559054183,0.07046953620933835
gaussian_blur,medium,standard_conformal,0.05,hybrid,0.8,abstention_rate,3,3,True,0.4025,0.013425721582097533,0.3691486587104512,0.43585134128954883
gaussian_blur,medium,standard_conformal,0.05,hybrid,0.8,acceptance_rate,3,3,True,0.5975,0.013425721582097582,0.5641486587104512,0.6308513412895489
gaussian_blur,medium,standard_conformal,0.05,hybrid,0.8,number_abstained,3,3,True,4025.0,134.25721582097552,3691.4865871045117,4358.513412895489
gaussian_blur,medium,standard_conformal,0.05,hybrid,0.8,number_accepted,3,3,True,5975.0,134.25721582097552,5641.486587104511,6308.513412895489
gaussian_blur,medium,standard_conformal,0.05,hybrid,0.8,selective_accuracy,3,3,True,0.9775921222913763,0.008833360603123184,0.9556488380956684,0.9995354064870842
gaussian_blur,medium,standard_conformal,0.05,hybrid,0.8,selective_risk,3,3,True,0.022407877708623698,0.008833360603123184,0.00046459351291575773,0.04435116190433164
gaussian_blur,medium,standard_conformal,0.05,hybrid,0.9,abstention_rate,3,3,True,0.5168333333333334,0.011875324556968273,0.48733339176209367,0.5463332749045731
gaussian_blur,medium,standard_conformal,0.05,hybrid,0.9,acceptance_rate,3,3,True,0.4831666666666667,0.011875324556968261,0.45366672509542705,0.5126666082379063
gaussian_blur,medium,standard_conformal,0.05,hybrid,0.9,number_abstained,3,3,True,5168.333333333333,118.75324556968256,4873.3339176209365,5463.3327490457295
gaussian_blur,medium,standard_conformal,0.05,hybrid,0.9,number_accepted,3,3,True,4831.666666666667,118.75324556968256,4536.6672509542705,5126.6660823790635
gaussian_blur,medium,standard_conformal,0.05,hybrid,0.9,selective_accuracy,3,3,True,0.9892268471311395,0.006204621835363175,0.9738137120427643,1.0046399822195147
gaussian_blur,medium,standard_conformal,0.05,hybrid,0.9,selective_risk,3,3,True,0.010773152868860528,0.006204621835363175,-0.004639982219514683,0.026186287957235738
gaussian_blur,medium,standard_conformal,0.05,hybrid,0.95,abstention_rate,3,3,True,0.5997,0.016049610587176216,0.5598305570814882,0.6395694429185118
gaussian_blur,medium,standard_conformal,0.05,hybrid,0.95,acceptance_rate,3,3,True,0.40029999999999993,0.016049610587176265,0.360430557081488,0.44016944291851184
gaussian_blur,medium,standard_conformal,0.05,hybrid,0.95,number_abstained,3,3,True,5997.0,160.4961058717625,5598.305570814881,6395.694429185119
gaussian_blur,medium,standard_conformal,0.05,hybrid,0.95,number_accepted,3,3,True,4003.0,160.4961058717625,3604.3055708148813,4401.694429185119
gaussian_blur,medium,standard_conformal,0.05,hybrid,0.95,selective_accuracy,3,3,True,0.9953673695706383,0.002772584208770433,0.9884798885786282,1.0022548505626483
gaussian_blur,medium,standard_conformal,0.05,hybrid,0.95,selective_risk,3,3,True,0.0046326304293616465,0.0027725842087704326,-0.002254850562648435,0.011520111421371729
gaussian_blur,medium,standard_conformal,0.05,singleton_conformal,,abstention_rate,3,3,True,0.14223333333333332,0.009790471558272021,0.11791245371961077,0.16655421294705586
gaussian_blur,medium,standard_conformal,0.05,singleton_conformal,,acceptance_rate,3,3,True,0.8577666666666666,0.00979047155827199,0.8334457870529441,0.882087546280389
gaussian_blur,medium,standard_conformal,0.05,singleton_conformal,,number_abstained,3,3,True,1422.3333333333333,97.90471558272019,1179.124537196108,1665.5421294705586
gaussian_blur,medium,standard_conformal,0.05,singleton_conformal,,number_accepted,3,3,True,8577.666666666666,97.90471558272019,8334.45787052944,8820.875462803891
gaussian_blur,medium,standard_conformal,0.05,singleton_conformal,,selective_accuracy,3,3,True,0.8932045559975297,0.0340294816977358,0.8086706372008665,0.9777384747941928
gaussian_blur,medium,standard_conformal,0.05,singleton_conformal,,selective_risk,3,3,True,0.10679544400247036,0.0340294816977358,0.02226152520580721,0.1913293627991335
gaussian_blur,medium,standard_conformal,0.05,,,average_set_size,3,3,True,1.1284666666666667,0.012770408502993661,1.096743213309923,1.1601901200234104
gaussian_blur,medium,standard_conformal,0.05,,,coverage_gap,3,3,True,-0.060466666666666634,0.029727148086106974,-0.13431299629015162,0.01337966295681834
gaussian_blur,medium,standard_conformal,0.05,,,empirical_coverage,3,3,True,0.8895333333333334,0.029727148086106974,0.8156870037098485,0.9633796629568183
gaussian_blur,medium,standard_conformal,0.05,,,empty_set_rate,3,3,True,0.007533333333333333,0.0025006665778014732,0.001321333182903053,0.013745333483763613
gaussian_blur,medium,standard_conformal,0.05,,,median_set_size,3,3,True,1.0,0.0,1.0,1.0
gaussian_blur,medium,standard_conformal,0.05,,,multiclass_set_rate,3,3,True,0.13470000000000001,0.010569768209379056,0.10844324018662174,0.1609567598133783
gaussian_blur,medium,standard_conformal,0.05,,,singleton_set_rate,3,3,True,0.8577666666666666,0.00979047155827199,0.8334457870529441,0.882087546280389
gaussian_blur,medium,standard_conformal,0.05,,,worst_class_coverage,3,3,True,0.4426666666666667,0.1926300426551719,-0.03585288670912046,0.9211862200424539
gaussian_blur,medium,standard_conformal,0.1,hybrid,0.5,abstention_rate,3,3,True,0.14980000000000002,0.01234058345460213,0.1191442912554207,0.18045570874457934
gaussian_blur,medium,standard_conformal,0.1,hybrid,0.5,acceptance_rate,3,3,True,0.8502000000000001,0.01234058345460212,0.8195442912554207,0.8808557087445794
gaussian_blur,medium,standard_conformal,0.1,hybrid,0.5,number_abstained,3,3,True,1498.0,123.40583454602137,1191.4429125542065,1804.5570874457935
gaussian_blur,medium,standard_conformal,0.1,hybrid,0.5,number_accepted,3,3,True,8502.0,123.40583454602137,8195.442912554206,8808.557087445794
gaussian_blur,medium,standard_conformal,0.1,hybrid,0.5,selective_accuracy,3,3,True,0.908821116407687,0.03093549838992513,0.8319730782254824,0.9856691545898917
gaussian_blur,medium,standard_conformal,0.1,hybrid,0.5,selective_risk,3,3,True,0.09117888359231292,0.03093549838992513,0.014330845410108303,0.16802692177451756
gaussian_blur,medium,standard_conformal,0.1,hybrid,0.6,abstention_rate,3,3,True,0.21576666666666666,0.006013595707505901,0.20082806678643134,0.230705266546902
gaussian_blur,medium,standard_conformal,0.1,hybrid,0.6,acceptance_rate,3,3,True,0.7842333333333333,0.006013595707505898,0.7692947334530981,0.7991719332135686
gaussian_blur,medium,standard_conformal,0.1,hybrid,0.6,number_abstained,3,3,True,2157.6666666666665,60.135957075058954,2008.2806678643135,2307.0526654690193
gaussian_blur,medium,standard_conformal,0.1,hybrid,0.6,number_accepted,3,3,True,7842.333333333333,60.135957075058954,7692.94733453098,7991.719332135686
gaussian_blur,medium,standard_conformal,0.1,hybrid,0.6,selective_accuracy,3,3,True,0.934717045411316,0.020226999535629505,0.8844703930693023,0.9849636977533296
gaussian_blur,medium,standard_conformal,0.1,hybrid,0.6,selective_risk,3,3,True,0.06528295458868401,0.020226999535629505,0.015036302246670345,0.11552960693069766
gaussian_blur,medium,standard_conformal,0.1,hybrid,0.7,abstention_rate,3,3,True,0.30456666666666665,0.008938866445659258,0.28236129142870486,0.32677204190462844
gaussian_blur,medium,standard_conformal,0.1,hybrid,0.7,acceptance_rate,3,3,True,0.6954333333333333,0.008938866445659279,0.6732279580953715,0.7176387085712952
gaussian_blur,medium,standard_conformal,0.1,hybrid,0.7,number_abstained,3,3,True,3045.6666666666665,89.38866445659278,2823.612914287048,3267.720419046285
gaussian_blur,medium,standard_conformal,0.1,hybrid,0.7,number_accepted,3,3,True,6954.333333333333,89.38866445659278,6732.279580953715,7176.387085712951
gaussian_blur,medium,standard_conformal,0.1,hybrid,0.7,selective_accuracy,3,3,True,0.9587651245176226,0.011633188736233207,0.9298666816700366,0.9876635673652087
gaussian_blur,medium,standard_conformal,0.1,hybrid,0.7,selective_risk,3,3,True,0.04123487548237733,0.011633188736233207,0.012336432634791256,0.0701333183299634
gaussian_blur,medium,standard_conformal,0.1,hybrid,0.8,abstention_rate,3,3,True,0.4025,0.013425721582097533,0.3691486587104512,0.43585134128954883
gaussian_blur,medium,standard_conformal,0.1,hybrid,0.8,acceptance_rate,3,3,True,0.5975,0.013425721582097582,0.5641486587104512,0.6308513412895489
gaussian_blur,medium,standard_conformal,0.1,hybrid,0.8,number_abstained,3,3,True,4025.0,134.25721582097552,3691.4865871045117,4358.513412895489
gaussian_blur,medium,standard_conformal,0.1,hybrid,0.8,number_accepted,3,3,True,5975.0,134.25721582097552,5641.486587104511,6308.513412895489
gaussian_blur,medium,standard_conformal,0.1,hybrid,0.8,selective_accuracy,3,3,True,0.9775921222913763,0.008833360603123184,0.9556488380956684,0.9995354064870842
gaussian_blur,medium,standard_conformal,0.1,hybrid,0.8,selective_risk,3,3,True,0.022407877708623698,0.008833360603123184,0.00046459351291575773,0.04435116190433164
gaussian_blur,medium,standard_conformal,0.1,hybrid,0.9,abstention_rate,3,3,True,0.5168333333333334,0.011875324556968273,0.48733339176209367,0.5463332749045731
gaussian_blur,medium,standard_conformal,0.1,hybrid,0.9,acceptance_rate,3,3,True,0.4831666666666667,0.011875324556968261,0.45366672509542705,0.5126666082379063
gaussian_blur,medium,standard_conformal,0.1,hybrid,0.9,number_abstained,3,3,True,5168.333333333333,118.75324556968256,4873.3339176209365,5463.3327490457295
gaussian_blur,medium,standard_conformal,0.1,hybrid,0.9,number_accepted,3,3,True,4831.666666666667,118.75324556968256,4536.6672509542705,5126.6660823790635
gaussian_blur,medium,standard_conformal,0.1,hybrid,0.9,selective_accuracy,3,3,True,0.9892268471311395,0.006204621835363175,0.9738137120427643,1.0046399822195147
gaussian_blur,medium,standard_conformal,0.1,hybrid,0.9,selective_risk,3,3,True,0.010773152868860528,0.006204621835363175,-0.004639982219514683,0.026186287957235738
gaussian_blur,medium,standard_conformal,0.1,hybrid,0.95,abstention_rate,3,3,True,0.5997,0.016049610587176216,0.5598305570814882,0.6395694429185118
gaussian_blur,medium,standard_conformal,0.1,hybrid,0.95,acceptance_rate,3,3,True,0.40029999999999993,0.016049610587176265,0.360430557081488,0.44016944291851184
gaussian_blur,medium,standard_conformal,0.1,hybrid,0.95,number_abstained,3,3,True,5997.0,160.4961058717625,5598.305570814881,6395.694429185119
gaussian_blur,medium,standard_conformal,0.1,hybrid,0.95,number_accepted,3,3,True,4003.0,160.4961058717625,3604.3055708148813,4401.694429185119
gaussian_blur,medium,standard_conformal,0.1,hybrid,0.95,selective_accuracy,3,3,True,0.9953673695706383,0.002772584208770433,0.9884798885786282,1.0022548505626483
gaussian_blur,medium,standard_conformal,0.1,hybrid,0.95,selective_risk,3,3,True,0.0046326304293616465,0.0027725842087704326,-0.002254850562648435,0.011520111421371729
gaussian_blur,medium,standard_conformal,0.1,singleton_conformal,,abstention_rate,3,3,True,0.14980000000000002,0.01234058345460213,0.1191442912554207,0.18045570874457934
gaussian_blur,medium,standard_conformal,0.1,singleton_conformal,,acceptance_rate,3,3,True,0.8502000000000001,0.01234058345460212,0.8195442912554207,0.8808557087445794
gaussian_blur,medium,standard_conformal,0.1,singleton_conformal,,number_abstained,3,3,True,1498.0,123.40583454602137,1191.4429125542065,1804.5570874457935
gaussian_blur,medium,standard_conformal,0.1,singleton_conformal,,number_accepted,3,3,True,8502.0,123.40583454602137,8195.442912554206,8808.557087445794
gaussian_blur,medium,standard_conformal,0.1,singleton_conformal,,selective_accuracy,3,3,True,0.908821116407687,0.03093549838992513,0.8319730782254824,0.9856691545898917
gaussian_blur,medium,standard_conformal,0.1,singleton_conformal,,selective_risk,3,3,True,0.09117888359231292,0.03093549838992513,0.014330845410108303,0.16802692177451756
gaussian_blur,medium,standard_conformal,0.1,,,average_set_size,3,3,True,0.8502000000000001,0.01234058345460212,0.8195442912554207,0.8808557087445794
gaussian_blur,medium,standard_conformal,0.1,,,coverage_gap,3,3,True,-0.1275666666666667,0.01591676265241561,-0.16710609702051152,-0.08802723631282186
gaussian_blur,medium,standard_conformal,0.1,,,empirical_coverage,3,3,True,0.7724333333333333,0.01591676265241561,0.7328939029794885,0.8119727636871781
gaussian_blur,medium,standard_conformal,0.1,,,empty_set_rate,3,3,True,0.14980000000000002,0.01234058345460213,0.1191442912554207,0.18045570874457934
gaussian_blur,medium,standard_conformal,0.1,,,median_set_size,3,3,True,1.0,0.0,1.0,1.0
gaussian_blur,medium,standard_conformal,0.1,,,multiclass_set_rate,3,3,True,0.0,0.0,0.0,0.0
gaussian_blur,medium,standard_conformal,0.1,,,singleton_set_rate,3,3,True,0.8502000000000001,0.01234058345460212,0.8195442912554207,0.8808557087445794
gaussian_blur,medium,standard_conformal,0.1,,,worst_class_coverage,3,3,True,0.16066666666666665,0.10900152904126313,-0.11010814226318386,0.43144147559651713
gaussian_blur,medium,standard_conformal,0.2,hybrid,0.5,abstention_rate,3,3,True,0.4206666666666667,0.01710623667944921,0.37817241902512017,0.4631609143082132
gaussian_blur,medium,standard_conformal,0.2,hybrid,0.5,acceptance_rate,3,3,True,0.5793333333333334,0.01710623667944921,0.5368390856917868,0.6218275809748799
gaussian_blur,medium,standard_conformal,0.2,hybrid,0.5,number_abstained,3,3,True,4206.666666666667,171.06236679449205,3781.724190251202,4631.6091430821325
gaussian_blur,medium,standard_conformal,0.2,hybrid,0.5,number_accepted,3,3,True,5793.333333333333,171.06236679449205,5368.3908569178675,6218.275809748799
gaussian_blur,medium,standard_conformal,0.2,hybrid,0.5,selective_accuracy,3,3,True,0.9798886553808676,0.010138755298782207,0.9547025909929542,1.0050747197687808
gaussian_blur,medium,standard_conformal,0.2,hybrid,0.5,selective_risk,3,3,True,0.020111344619132443,0.010138755298782207,-0.005074719768780923,0.045297409007045805
gaussian_blur,medium,standard_conformal,0.2,hybrid,0.6,abstention_rate,3,3,True,0.4206666666666667,0.01710623667944921,0.37817241902512017,0.4631609143082132
gaussian_blur,medium,standard_conformal,0.2,hybrid,0.6,acceptance_rate,3,3,True,0.5793333333333334,0.01710623667944921,0.5368390856917868,0.6218275809748799
gaussian_blur,medium,standard_conformal,0.2,hybrid,0.6,number_abstained,3,3,True,4206.666666666667,171.06236679449205,3781.724190251202,4631.6091430821325
gaussian_blur,medium,standard_conformal,0.2,hybrid,0.6,number_accepted,3,3,True,5793.333333333333,171.06236679449205,5368.3908569178675,6218.275809748799
gaussian_blur,medium,standard_conformal,0.2,hybrid,0.6,selective_accuracy,3,3,True,0.9798886553808676,0.010138755298782207,0.9547025909929542,1.0050747197687808
gaussian_blur,medium,standard_conformal,0.2,hybrid,0.6,selective_risk,3,3,True,0.020111344619132443,0.010138755298782207,-0.005074719768780923,0.045297409007045805
gaussian_blur,medium,standard_conformal,0.2,hybrid,0.7,abstention_rate,3,3,True,0.4206666666666667,0.01710623667944921,0.37817241902512017,0.4631609143082132
gaussian_blur,medium,standard_conformal,0.2,hybrid,0.7,acceptance_rate,3,3,True,0.5793333333333334,0.01710623667944921,0.5368390856917868,0.6218275809748799
gaussian_blur,medium,standard_conformal,0.2,hybrid,0.7,number_abstained,3,3,True,4206.666666666667,171.06236679449205,3781.724190251202,4631.6091430821325
gaussian_blur,medium,standard_conformal,0.2,hybrid,0.7,number_accepted,3,3,True,5793.333333333333,171.06236679449205,5368.3908569178675,6218.275809748799
gaussian_blur,medium,standard_conformal,0.2,hybrid,0.7,selective_accuracy,3,3,True,0.9798886553808676,0.010138755298782207,0.9547025909929542,1.0050747197687808
gaussian_blur,medium,standard_conformal,0.2,hybrid,0.7,selective_risk,3,3,True,0.020111344619132443,0.010138755298782207,-0.005074719768780923,0.045297409007045805
gaussian_blur,medium,standard_conformal,0.2,hybrid,0.8,abstention_rate,3,3,True,0.4206666666666667,0.01710623667944921,0.37817241902512017,0.4631609143082132
gaussian_blur,medium,standard_conformal,0.2,hybrid,0.8,acceptance_rate,3,3,True,0.5793333333333334,0.01710623667944921,0.5368390856917868,0.6218275809748799
gaussian_blur,medium,standard_conformal,0.2,hybrid,0.8,number_abstained,3,3,True,4206.666666666667,171.06236679449205,3781.724190251202,4631.6091430821325
gaussian_blur,medium,standard_conformal,0.2,hybrid,0.8,number_accepted,3,3,True,5793.333333333333,171.06236679449205,5368.3908569178675,6218.275809748799
gaussian_blur,medium,standard_conformal,0.2,hybrid,0.8,selective_accuracy,3,3,True,0.9798886553808676,0.010138755298782207,0.9547025909929542,1.0050747197687808
gaussian_blur,medium,standard_conformal,0.2,hybrid,0.8,selective_risk,3,3,True,0.020111344619132443,0.010138755298782207,-0.005074719768780923,0.045297409007045805
gaussian_blur,medium,standard_conformal,0.2,hybrid,0.9,abstention_rate,3,3,True,0.5168333333333334,0.011875324556968273,0.48733339176209367,0.5463332749045731
gaussian_blur,medium,standard_conformal,0.2,hybrid,0.9,acceptance_rate,3,3,True,0.4831666666666667,0.011875324556968261,0.45366672509542705,0.5126666082379063
gaussian_blur,medium,standard_conformal,0.2,hybrid,0.9,number_abstained,3,3,True,5168.333333333333,118.75324556968256,4873.3339176209365,5463.3327490457295
gaussian_blur,medium,standard_conformal,0.2,hybrid,0.9,number_accepted,3,3,True,4831.666666666667,118.75324556968256,4536.6672509542705,5126.6660823790635
gaussian_blur,medium,standard_conformal,0.2,hybrid,0.9,selective_accuracy,3,3,True,0.9892268471311395,0.006204621835363175,0.9738137120427643,1.0046399822195147
gaussian_blur,medium,standard_conformal,0.2,hybrid,0.9,selective_risk,3,3,True,0.010773152868860528,0.006204621835363175,-0.004639982219514683,0.026186287957235738
gaussian_blur,medium,standard_conformal,0.2,hybrid,0.95,abstention_rate,3,3,True,0.5997,0.016049610587176216,0.5598305570814882,0.6395694429185118
gaussian_blur,medium,standard_conformal,0.2,hybrid,0.95,acceptance_rate,3,3,True,0.40029999999999993,0.016049610587176265,0.360430557081488,0.44016944291851184
gaussian_blur,medium,standard_conformal,0.2,hybrid,0.95,number_abstained,3,3,True,5997.0,160.4961058717625,5598.305570814881,6395.694429185119
gaussian_blur,medium,standard_conformal,0.2,hybrid,0.95,number_accepted,3,3,True,4003.0,160.4961058717625,3604.3055708148813,4401.694429185119
gaussian_blur,medium,standard_conformal,0.2,hybrid,0.95,selective_accuracy,3,3,True,0.9953673695706383,0.002772584208770433,0.9884798885786282,1.0022548505626483
gaussian_blur,medium,standard_conformal,0.2,hybrid,0.95,selective_risk,3,3,True,0.0046326304293616465,0.0027725842087704326,-0.002254850562648435,0.011520111421371729
gaussian_blur,medium,standard_conformal,0.2,singleton_conformal,,abstention_rate,3,3,True,0.4206666666666667,0.01710623667944921,0.37817241902512017,0.4631609143082132
gaussian_blur,medium,standard_conformal,0.2,singleton_conformal,,acceptance_rate,3,3,True,0.5793333333333334,0.01710623667944921,0.5368390856917868,0.6218275809748799
gaussian_blur,medium,standard_conformal,0.2,singleton_conformal,,number_abstained,3,3,True,4206.666666666667,171.06236679449205,3781.724190251202,4631.6091430821325
gaussian_blur,medium,standard_conformal,0.2,singleton_conformal,,number_accepted,3,3,True,5793.333333333333,171.06236679449205,5368.3908569178675,6218.275809748799
gaussian_blur,medium,standard_conformal,0.2,singleton_conformal,,selective_accuracy,3,3,True,0.9798886553808676,0.010138755298782207,0.9547025909929542,1.0050747197687808
gaussian_blur,medium,standard_conformal,0.2,singleton_conformal,,selective_risk,3,3,True,0.020111344619132443,0.010138755298782207,-0.005074719768780923,0.045297409007045805
gaussian_blur,medium,standard_conformal,0.2,,,average_set_size,3,3,True,0.5793333333333334,0.01710623667944921,0.5368390856917868,0.6218275809748799
gaussian_blur,medium,standard_conformal,0.2,,,coverage_gap,3,3,True,-0.23243333333333338,0.01081033456158194,-0.25928769309439703,-0.2055789735722697
gaussian_blur,medium,standard_conformal,0.2,,,empirical_coverage,3,3,True,0.5675666666666667,0.01081033456158194,0.540712306905603,0.5944210264277303
gaussian_blur,medium,standard_conformal,0.2,,,empty_set_rate,3,3,True,0.4206666666666667,0.01710623667944921,0.37817241902512017,0.4631609143082132
gaussian_blur,medium,standard_conformal,0.2,,,median_set_size,3,3,True,1.0,0.0,1.0,1.0
gaussian_blur,medium,standard_conformal,0.2,,,multiclass_set_rate,3,3,True,0.0,0.0,0.0,0.0
gaussian_blur,medium,standard_conformal,0.2,,,singleton_set_rate,3,3,True,0.5793333333333334,0.01710623667944921,0.5368390856917868,0.6218275809748799
gaussian_blur,medium,standard_conformal,0.2,,,worst_class_coverage,3,3,True,0.032,0.04603259714593562,-0.0823513105400293,0.1463513105400293
gaussian_blur,medium,temperature_scaled,,confidence_threshold,0.5,abstention_rate,3,3,True,0.12413333333333332,0.009046730532813128,0.10166000884872907,0.14660665781793758
gaussian_blur,medium,temperature_scaled,,confidence_threshold,0.5,acceptance_rate,3,3,True,0.8758666666666667,0.009046730532813128,0.8533933421820624,0.898339991151271
gaussian_blur,medium,temperature_scaled,,confidence_threshold,0.5,number_abstained,3,3,True,1241.3333333333333,90.46730532813129,1016.6000884872908,1466.0665781793757
gaussian_blur,medium,temperature_scaled,,confidence_threshold,0.5,number_accepted,3,3,True,8758.666666666666,90.46730532813129,8533.933421820624,8983.399911512708
gaussian_blur,medium,temperature_scaled,,confidence_threshold,0.5,selective_accuracy,3,3,True,0.898292159594286,0.0306852350565045,0.8220658099964999,0.9745185091920721
gaussian_blur,medium,temperature_scaled,,confidence_threshold,0.5,selective_risk,3,3,True,0.10170784040571394,0.0306852350565045,0.02548149080792783,0.17793419000350005
gaussian_blur,medium,temperature_scaled,,confidence_threshold,0.6,abstention_rate,3,3,True,0.21576666666666666,0.006013595707505901,0.20082806678643134,0.230705266546902
gaussian_blur,medium,temperature_scaled,,confidence_threshold,0.6,acceptance_rate,3,3,True,0.7842333333333333,0.006013595707505898,0.7692947334530981,0.7991719332135686
gaussian_blur,medium,temperature_scaled,,confidence_threshold,0.6,number_abstained,3,3,True,2157.6666666666665,60.135957075058954,2008.2806678643135,2307.0526654690193
gaussian_blur,medium,temperature_scaled,,confidence_threshold,0.6,number_accepted,3,3,True,7842.333333333333,60.135957075058954,7692.94733453098,7991.719332135686
gaussian_blur,medium,temperature_scaled,,confidence_threshold,0.6,selective_accuracy,3,3,True,0.934717045411316,0.020226999535629505,0.8844703930693023,0.9849636977533296
gaussian_blur,medium,temperature_scaled,,confidence_threshold,0.6,selective_risk,3,3,True,0.06528295458868401,0.020226999535629505,0.015036302246670345,0.11552960693069766
gaussian_blur,medium,temperature_scaled,,confidence_threshold,0.7,abstention_rate,3,3,True,0.30456666666666665,0.008938866445659258,0.28236129142870486,0.32677204190462844
gaussian_blur,medium,temperature_scaled,,confidence_threshold,0.7,acceptance_rate,3,3,True,0.6954333333333333,0.008938866445659279,0.6732279580953715,0.7176387085712952
gaussian_blur,medium,temperature_scaled,,confidence_threshold,0.7,number_abstained,3,3,True,3045.6666666666665,89.38866445659278,2823.612914287048,3267.720419046285
gaussian_blur,medium,temperature_scaled,,confidence_threshold,0.7,number_accepted,3,3,True,6954.333333333333,89.38866445659278,6732.279580953715,7176.387085712951
gaussian_blur,medium,temperature_scaled,,confidence_threshold,0.7,selective_accuracy,3,3,True,0.9587651245176226,0.011633188736233207,0.9298666816700366,0.9876635673652087
gaussian_blur,medium,temperature_scaled,,confidence_threshold,0.7,selective_risk,3,3,True,0.04123487548237733,0.011633188736233207,0.012336432634791256,0.0701333183299634
gaussian_blur,medium,temperature_scaled,,confidence_threshold,0.8,abstention_rate,3,3,True,0.4025,0.013425721582097533,0.3691486587104512,0.43585134128954883
gaussian_blur,medium,temperature_scaled,,confidence_threshold,0.8,acceptance_rate,3,3,True,0.5975,0.013425721582097582,0.5641486587104512,0.6308513412895489
gaussian_blur,medium,temperature_scaled,,confidence_threshold,0.8,number_abstained,3,3,True,4025.0,134.25721582097552,3691.4865871045117,4358.513412895489
gaussian_blur,medium,temperature_scaled,,confidence_threshold,0.8,number_accepted,3,3,True,5975.0,134.25721582097552,5641.486587104511,6308.513412895489
gaussian_blur,medium,temperature_scaled,,confidence_threshold,0.8,selective_accuracy,3,3,True,0.9775921222913763,0.008833360603123184,0.9556488380956684,0.9995354064870842
gaussian_blur,medium,temperature_scaled,,confidence_threshold,0.8,selective_risk,3,3,True,0.022407877708623698,0.008833360603123184,0.00046459351291575773,0.04435116190433164
gaussian_blur,medium,temperature_scaled,,confidence_threshold,0.9,abstention_rate,3,3,True,0.5168333333333334,0.011875324556968273,0.48733339176209367,0.5463332749045731
gaussian_blur,medium,temperature_scaled,,confidence_threshold,0.9,acceptance_rate,3,3,True,0.4831666666666667,0.011875324556968261,0.45366672509542705,0.5126666082379063
gaussian_blur,medium,temperature_scaled,,confidence_threshold,0.9,number_abstained,3,3,True,5168.333333333333,118.75324556968256,4873.3339176209365,5463.3327490457295
gaussian_blur,medium,temperature_scaled,,confidence_threshold,0.9,number_accepted,3,3,True,4831.666666666667,118.75324556968256,4536.6672509542705,5126.6660823790635
gaussian_blur,medium,temperature_scaled,,confidence_threshold,0.9,selective_accuracy,3,3,True,0.9892268471311395,0.006204621835363175,0.9738137120427643,1.0046399822195147
gaussian_blur,medium,temperature_scaled,,confidence_threshold,0.9,selective_risk,3,3,True,0.010773152868860528,0.006204621835363175,-0.004639982219514683,0.026186287957235738
gaussian_blur,medium,temperature_scaled,,confidence_threshold,0.95,abstention_rate,3,3,True,0.5997,0.016049610587176216,0.5598305570814882,0.6395694429185118
gaussian_blur,medium,temperature_scaled,,confidence_threshold,0.95,acceptance_rate,3,3,True,0.40029999999999993,0.016049610587176265,0.360430557081488,0.44016944291851184
gaussian_blur,medium,temperature_scaled,,confidence_threshold,0.95,number_abstained,3,3,True,5997.0,160.4961058717625,5598.305570814881,6395.694429185119
gaussian_blur,medium,temperature_scaled,,confidence_threshold,0.95,number_accepted,3,3,True,4003.0,160.4961058717625,3604.3055708148813,4401.694429185119
gaussian_blur,medium,temperature_scaled,,confidence_threshold,0.95,selective_accuracy,3,3,True,0.9953673695706383,0.002772584208770433,0.9884798885786282,1.0022548505626483
gaussian_blur,medium,temperature_scaled,,confidence_threshold,0.95,selective_risk,3,3,True,0.0046326304293616465,0.0027725842087704326,-0.002254850562648435,0.011520111421371729
gaussian_blur,medium,temperature_scaled,,,,accuracy_confidence_gap,3,3,True,0.041151351672907656,0.03667798694815796,-0.04996181889609793,0.13226452224191323
gaussian_blur,medium,temperature_scaled,,,,brier_score,3,3,True,0.22117068623085526,0.026160805962508537,0.1561836415696049,0.2861577308921056
gaussian_blur,medium,temperature_scaled,,,,expected_calibration_error,3,3,True,0.04968187517374755,0.023185647408931243,-0.00791446592612488,0.10727821627361998
gaussian_blur,medium,temperature_scaled,,,,maximum_calibration_error,3,3,True,0.25821864091723784,0.19805554004778614,-0.23377859513654548,0.7502158769710212
gaussian_blur,medium,temperature_scaled,,,,mean_confidence,3,3,True,0.8016486483270923,0.005345448661245697,0.7883698177214665,0.814927478932718
gaussian_blur,medium,temperature_scaled,,,,negative_log_likelihood,3,3,True,0.4292949523737633,0.04111583638670461,0.327157552655394,0.5314323520921327
gaussian_blur,mild,class_conditional_conformal,0.05,,,average_set_size,3,3,True,1.1789333333333334,0.010379948619012234,1.1531481115228144,1.2047185551438524
gaussian_blur,mild,class_conditional_conformal,0.05,,,coverage_gap,3,3,True,-0.005033333333333334,0.003521836642056714,-0.013782060550490567,0.0037153938838238986
gaussian_blur,mild,class_conditional_conformal,0.05,,,empirical_coverage,3,3,True,0.9449666666666666,0.003521836642056714,0.9362179394495094,0.9537153938838239
gaussian_blur,mild,class_conditional_conformal,0.05,,,empty_set_rate,3,3,True,0.0223,0.0025999999999999994,0.015841241949449143,0.028758758050550857
gaussian_blur,mild,class_conditional_conformal,0.05,,,median_set_size,3,3,True,1.0,0.0,1.0,1.0
gaussian_blur,mild,class_conditional_conformal,0.05,,,multiclass_set_rate,3,3,True,0.17673333333333333,0.005965176722724432,0.16191501287915833,0.19155165378750832
gaussian_blur,mild,class_conditional_conformal,0.05,,,singleton_set_rate,3,3,True,0.8009666666666666,0.005407710544521915,0.7875331689687898,0.8144001643645434
gaussian_blur,mild,class_conditional_conformal,0.05,,,worst_class_coverage,3,3,True,0.9186666666666667,0.007094598884597594,0.901042706027696,0.9362906273056375
gaussian_blur,mild,class_conditional_conformal,0.1,,,average_set_size,3,3,True,0.9875666666666666,0.0065683584961033865,0.9712499596222005,1.0038833737111328
gaussian_blur,mild,class_conditional_conformal,0.1,,,coverage_gap,3,3,True,-0.025766666666666677,0.009215385685544237,-0.04865895377645128,-0.002874379556882068
gaussian_blur,mild,class_conditional_conformal,0.1,,,empirical_coverage,3,3,True,0.8742333333333333,0.009215385685544237,0.8513410462235487,0.8971256204431179
gaussian_blur,mild,class_conditional_conformal,0.1,,,empty_set_rate,3,3,True,0.07540000000000001,0.0053329166503893535,0.06215230063514657,0.08864769936485345
gaussian_blur,mild,class_conditional_conformal,0.1,,,median_set_size,3,3,True,1.0,0.0,1.0,1.0
gaussian_blur,mild,class_conditional_conformal,0.1,,,multiclass_set_rate,3,3,True,0.06276666666666668,0.0018903262505010426,0.058070835940285434,0.06746249739304792
gaussian_blur,mild,class_conditional_conformal,0.1,,,singleton_set_rate,3,3,True,0.8618333333333332,0.004708856903042783,0.8501358843212488,0.8735307823454177
gaussian_blur,mild,class_conditional_conformal,0.1,,,worst_class_coverage,3,3,True,0.827,0.023643180835073736,0.7682670828618606,0.8857329171381393
gaussian_blur,mild,class_conditional_conformal,0.2,,,average_set_size,3,3,True,0.7688,0.00936429388688755,0.7455378044116696,0.7920621955883305
gaussian_blur,mild,class_conditional_conformal,0.2,,,coverage_gap,3,3,True,-0.0732666666666667,0.00754342981231571,-0.09200558513938187,-0.054527748193951536
gaussian_blur,mild,class_conditional_conformal,0.2,,,empirical_coverage,3,3,True,0.7267333333333333,0.00754342981231571,0.7079944148606182,0.7454722518060485
gaussian_blur,mild,class_conditional_conformal,0.2,,,empty_set_rate,3,3,True,0.23163333333333333,0.009571485429824002,0.2078564454196387,0.25541022124702795
gaussian_blur,mild,class_conditional_conformal,0.2,,,median_set_size,3,3,True,1.0,0.0,1.0,1.0
gaussian_blur,mild,class_conditional_conformal,0.2,,,multiclass_set_rate,3,3,True,0.0004333333333333333,0.00020816659994661325,-8.37811679208929e-05,0.0009504478345875595
gaussian_blur,mild,class_conditional_conformal,0.2,,,singleton_set_rate,3,3,True,0.7679333333333332,0.009778718389100547,0.7436416502103821,0.7922250164562844
gaussian_blur,mild,class_conditional_conformal,0.2,,,worst_class_coverage,3,3,True,0.6246666666666666,0.030989245446337264,0.547685113394733,0.7016482199386002
gaussian_blur,mild,raw_softmax,,,,accuracy,3,3,True,0.9097,0.007762087348130047,0.89041790609661,0.9289820939033899
gaussian_blur,mild,raw_softmax,,,,accuracy_confidence_gap,3,3,True,-0.008833871770401772,0.0033014493971308756,-0.017035126721249974,-0.0006326168195535716
gaussian_blur,mild,raw_softmax,,,,brier_score,3,3,True,0.1306569490144248,0.008458176593967958,0.10964567356470503,0.15166822446414455
gaussian_blur,mild,raw_softmax,,,,evaluation_seconds,3,3,True,8.907922566664638,0.05092126722699143,8.781427126415952,9.034418006913324
gaussian_blur,mild,raw_softmax,,,,expected_calibration_error,3,3,True,0.011335766999423506,0.0028323456909802474,0.004299830255745926,0.018371703743101087
gaussian_blur,mild,raw_softmax,,,,macro_f1,3,3,True,0.9077233771056682,0.008207333593924039,0.8873352302120862,0.9281115239992502
gaussian_blur,mild,raw_softmax,,,,maximum_calibration_error,3,3,True,0.150074878145778,0.08761206944466675,-0.06756556756620749,0.3677153238577635
gaussian_blur,mild,raw_softmax,,,,mean_confidence,3,3,True,0.9185338717704017,0.011063453585092592,0.8910507294974738,0.9460170140433296
gaussian_blur,mild,raw_softmax,,,,mean_inference_seconds_per_image,3,3,True,0.0008907922566664637,5.0921267226991495e-06,0.0008781427126415952,0.0009034418006913323
gaussian_blur,mild,raw_softmax,,,,negative_log_likelihood,3,3,True,0.250695399964553,0.011463919321936704,0.22221744565246673,0.2791733542766392
gaussian_blur,mild,raw_softmax,,,,sample_count,3,3,True,10000.0,0.0,10000.0,10000.0
gaussian_blur,mild,standard_conformal,0.05,hybrid,0.5,abstention_rate,3,3,True,0.11113333333333335,0.007488880646220323,0.09252992250126027,0.12973674416540643
gaussian_blur,mild,standard_conformal,0.05,hybrid,0.5,acceptance_rate,3,3,True,0.8888666666666666,0.007488880646220299,0.8702632558345935,0.9074700774987396
gaussian_blur,mild,standard_conformal,0.05,hybrid,0.5,number_abstained,3,3,True,1111.3333333333333,74.88880646220323,925.2992250126024,1297.3674416540641
gaussian_blur,mild,standard_conformal,0.05,hybrid,0.5,number_accepted,3,3,True,8888.666666666666,74.88880646220323,8702.632558345935,9074.700774987397
gaussian_blur,mild,standard_conformal,0.05,hybrid,0.5,selective_accuracy,3,3,True,0.9538575201758878,0.003633032851179275,0.9448325662622455,0.96288247408953
gaussian_blur,mild,standard_conformal,0.05,hybrid,0.5,selective_risk,3,3,True,0.04614247982411224,0.003633032851179275,0.037117525910469976,0.0551674337377545
gaussian_blur,mild,standard_conformal,0.05,hybrid,0.6,abstention_rate,3,3,True,0.12470000000000002,0.00494873721266345,0.11240665526448053,0.1369933447355195
gaussian_blur,mild,standard_conformal,0.05,hybrid,0.6,acceptance_rate,3,3,True,0.8753000000000001,0.004948737212663462,0.8630066552644805,0.8875933447355197
gaussian_blur,mild,standard_conformal,0.05,hybrid,0.6,number_abstained,3,3,True,1247.0,49.48737212663449,1124.0665526448051,1369.9334473551949
gaussian_blur,mild,standard_conformal,0.05,hybrid,0.6,number_accepted,3,3,True,8753.0,49.48737212663449,8630.066552644805,8875.933447355195
gaussian_blur,mild,standard_conformal,0.05,hybrid,0.6,selective_accuracy,3,3,True,0.9592758621456637,0.004023226566607582,0.949281613308638,0.9692701109826894
gaussian_blur,mild,standard_conformal,0.05,hybrid,0.6,selective_risk,3,3,True,0.04072413785433615,0.004023226566607582,0.030729889017310455,0.05071838669136185
gaussian_blur,mild,standard_conformal,0.05,hybrid,0.7,abstention_rate,3,3,True,0.15009999999999998,0.004160528812542944,0.13976467347593824,0.16043532652406173
gaussian_blur,mild,standard_conformal,0.05,hybrid,0.7,acceptance_rate,3,3,True,0.8499,0.004160528812542947,0.8395646734759382,0.8602353265240618
gaussian_blur,mild,standard_conformal,0.05,hybrid,0.7,number_abstained,3,3,True,1501.0,41.60528812542944,1397.6467347593825,1604.3532652406175
gaussian_blur,mild,standard_conformal,0.05,hybrid,0.7,number_accepted,3,3,True,8499.0,41.60528812542944,8395.646734759383,8602.353265240617
gaussian_blur,mild,standard_conformal,0.05,hybrid,0.7,selective_accuracy,3,3,True,0.9655509062644702,0.00472226976020819,0.9538201378680788,0.9772816746608615
gaussian_blur,mild,standard_conformal,0.05,hybrid,0.7,selective_risk,3,3,True,0.03444909373552981,0.00472226976020819,0.022718325339138458,0.046179862131921164
gaussian_blur,mild,standard_conformal,0.05,hybrid,0.8,abstention_rate,3,3,True,0.20906666666666665,0.0064236542040596615,0.1931094250111185,0.2250239083222148
gaussian_blur,mild,standard_conformal,0.05,hybrid,0.8,acceptance_rate,3,3,True,0.7909333333333333,0.006423654204059665,0.7749760916777851,0.8068905749888814
gaussian_blur,mild,standard_conformal,0.05,hybrid,0.8,number_abstained,3,3,True,2090.6666666666665,64.2365420405966,1931.094250111185,2250.239083222148
gaussian_blur,mild,standard_conformal,0.05,hybrid,0.8,number_accepted,3,3,True,7909.333333333333,64.2365420405966,7749.760916777852,8068.905749888814
gaussian_blur,mild,standard_conformal,0.05,hybrid,0.8,selective_accuracy,3,3,True,0.9776165514340346,0.0033989097970417805,0.9691731914283654,0.9860599114397037
gaussian_blur,mild,standard_conformal,0.05,hybrid,0.8,selective_risk,3,3,True,0.022383448565965487,0.00339890979704178,0.01394008856029634,0.030826808571634633
gaussian_blur,mild,standard_conformal,0.05,hybrid,0.9,abstention_rate,3,3,True,0.2944333333333333,0.013740572525674961,0.2602998589412637,0.328566807725403
gaussian_blur,mild,standard_conformal,0.05,hybrid,0.9,acceptance_rate,3,3,True,0.7055666666666666,0.01374057252567495,0.671433192274597,0.7397001410587362
gaussian_blur,mild,standard_conformal,0.05,hybrid,0.9,number_abstained,3,3,True,2944.3333333333335,137.40572525674952,2602.998589412637,3285.66807725403
gaussian_blur,mild,standard_conformal,0.05,hybrid,0.9,number_accepted,3,3,True,7055.666666666667,137.40572525674952,6714.331922745971,7397.001410587363
gaussian_blur,mild,standard_conformal,0.05,hybrid,0.9,selective_accuracy,3,3,True,0.9888886893529736,0.002120855306915867,0.9836201927038981,0.994157186002049
gaussian_blur,mild,standard_conformal,0.05,hybrid,0.9,selective_risk,3,3,True,0.011111310647026381,0.002120855306915867,0.005842813997950856,0.016379807296101907
gaussian_blur,mild,standard_conformal,0.05,hybrid,0.95,abstention_rate,3,3,True,0.3705333333333333,0.015270014189035098,0.3326005152273886,0.40846615143927806
gaussian_blur,mild,standard_conformal,0.05,hybrid,0.95,acceptance_rate,3,3,True,0.6294666666666667,0.01527001418903512,0.591533848560722,0.6673994847726115
gaussian_blur,mild,standard_conformal,0.05,hybrid,0.95,number_abstained,3,3,True,3705.3333333333335,152.700141890351,3326.0051522738863,4084.6615143927806
gaussian_blur,mild,standard_conformal,0.05,hybrid,0.95,number_accepted,3,3,True,6294.666666666667,152.70014189035103,5915.33848560722,6673.994847726114
gaussian_blur,mild,standard_conformal,0.05,hybrid,0.95,selective_accuracy,3,3,True,0.9943172735707959,0.001929950723183197,0.9895230101975168,0.9991115369440751
gaussian_blur,mild,standard_conformal,0.05,hybrid,0.95,selective_risk,3,3,True,0.005682726429204088,0.001929950723183197,0.0008884630559248862,0.01047698980248329
gaussian_blur,mild,standard_conformal,0.05,singleton_conformal,,abstention_rate,3,3,True,0.0976,0.008043009387039154,0.07762005706569414,0.11757994293430588
gaussian_blur,mild,standard_conformal,0.05,singleton_conformal,,acceptance_rate,3,3,True,0.9024000000000001,0.008043009387039113,0.8824200570656944,0.9223799429343058
gaussian_blur,mild,standard_conformal,0.05,singleton_conformal,,number_abstained,3,3,True,976.0,80.43009387039157,776.2005706569412,1175.7994293430588
gaussian_blur,mild,standard_conformal,0.05,singleton_conformal,,number_accepted,3,3,True,9024.0,80.43009387039157,8824.200570656942,9223.799429343058
gaussian_blur,mild,standard_conformal,0.05,singleton_conformal,,selective_accuracy,3,3,True,0.9463809439812411,0.004742953732641978,0.9345987937488981,0.958163094213584
gaussian_blur,mild,standard_conformal,0.05,singleton_conformal,,selective_risk,3,3,True,0.05361905601875901,0.004742953732641978,0.041836905786416086,0.06540120625110195
gaussian_blur,mild,standard_conformal,0.05,,,average_set_size,3,3,True,1.0958333333333332,0.009660400267759816,1.071835568717588,1.1198310979490784
gaussian_blur,mild,standard_conformal,0.05,,,coverage_gap,3,3,True,-0.005566666666666609,0.002929732638541129,-0.012844525999412425,0.0017111926660792077
gaussian_blur,mild,standard_conformal,0.05,,,empirical_coverage,3,3,True,0.9444333333333333,0.002929732638541129,0.9371554740005875,0.9517111926660792
gaussian_blur,mild,standard_conformal,0.05,,,empty_set_rate,3,3,True,0.0013666666666666664,0.0007637626158259734,-0.0005306248501317137,0.0032639581834650465
gaussian_blur,mild,standard_conformal,0.05,,,median_set_size,3,3,True,1.0,0.0,1.0,1.0
gaussian_blur,mild,standard_conformal,0.05,,,multiclass_set_rate,3,3,True,0.09623333333333334,0.008730597535869657,0.07454532674836502,0.11792133991830166
gaussian_blur,mild,standard_conformal,0.05,,,singleton_set_rate,3,3,True,0.9024000000000001,0.008043009387039113,0.8824200570656944,0.9223799429343058
gaussian_blur,mild,standard_conformal,0.05,,,worst_class_coverage,3,3,True,0.7613333333333334,0.028501461950807622,0.6905317768613151,0.8321348898053518
gaussian_blur,mild,standard_conformal,0.1,hybrid,0.5,abstention_rate,3,3,True,0.05960000000000001,0.003100000000000002,0.051899173093573975,0.06730082690642604
gaussian_blur,mild,standard_conformal,0.1,hybrid,0.5,acceptance_rate,3,3,True,0.9404,0.0030999999999999917,0.932699173093574,0.948100826906426
gaussian_blur,mild,standard_conformal,0.1,hybrid,0.5,number_abstained,3,3,True,596.0,31.0,518.9917309357397,673.0082690642603
gaussian_blur,mild,standard_conformal,0.1,hybrid,0.5,number_accepted,3,3,True,9404.0,31.0,9326.99173093574,9481.00826906426
gaussian_blur,mild,standard_conformal,0.1,hybrid,0.5,selective_accuracy,3,3,True,0.9367602744608191,0.006436590611494523,0.9207708969877074,0.9527496519339308
gaussian_blur,mild,standard_conformal,0.1,hybrid,0.5,selective_risk,3,3,True,0.06323972553918085,0.006436590611494523,0.04725034806606919,0.07922910301229251
gaussian_blur,mild,standard_conformal,0.1,hybrid,0.6,abstention_rate,3,3,True,0.0973,0.00437149859887888,0.08644059547366124,0.10815940452633875
gaussian_blur,mild,standard_conformal,0.1,hybrid,0.6,acceptance_rate,3,3,True,0.9027,0.004371498598878859,0.8918405954736612,0.9135594045263387
gaussian_blur,mild,standard_conformal,0.1,hybrid,0.6,number_abstained,3,3,True,973.0,43.71498598878879,864.4059547366124,1081.5940452633874
gaussian_blur,mild,standard_conformal,0.1,hybrid,0.6,number_accepted,3,3,True,9027.0,43.71498598878879,8918.405954736612,9135.594045263388
gaussian_blur,mild,standard_conformal,0.1,hybrid,0.6,selective_accuracy,3,3,True,0.9510267282942212,0.004605844978779168,0.9395851750879599,0.9624682815004825
gaussian_blur,mild,standard_conformal,0.1,hybrid,0.6,selective_risk,3,3,True,0.048973271705778774,0.004605844978779168,0.037531718499517544,0.060414824912040005
gaussian_blur,mild,standard_conformal,0.1,hybrid,0.7,abstention_rate,3,3,True,0.14843333333333333,0.004110150037812899,0.13822315462345025,0.15864351204321642
gaussian_blur,mild,standard_conformal,0.1,hybrid,0.7,acceptance_rate,3,3,True,0.8515666666666667,0.004110150037812885,0.8413564879567836,0.8617768453765497
gaussian_blur,mild,standard_conformal,0.1,hybrid,0.7,number_abstained,3,3,True,1484.3333333333333,41.10150037812894,1382.2315462345027,1586.4351204321638
gaussian_blur,mild,standard_conformal,0.1,hybrid,0.7,number_accepted,3,3,True,8515.666666666666,41.10150037812894,8413.564879567835,8617.768453765497
gaussian_blur,mild,standard_conformal,0.1,hybrid,0.7,selective_accuracy,3,3,True,0.9650689160267198,0.004697193891283468,0.9534004395419793,0.9767373925114604
gaussian_blur,mild,standard_conformal,0.1,hybrid,0.7,selective_risk,3,3,True,0.03493108397328012,0.004697193891283468,0.023262607488539574,0.04659956045802066
gaussian_blur,mild,standard_conformal,0.1,hybrid,0.8,abstention_rate,3,3,True,0.20906666666666665,0.0064236542040596615,0.1931094250111185,0.2250239083222148
gaussian_blur,mild,standard_conformal,0.1,hybrid,0.8,acceptance_rate,3,3,True,0.7909333333333333,0.006423654204059665,0.7749760916777851,0.8068905749888814
gaussian_blur,mild,standard_conformal,0.1,hybrid,0.8,number_abstained,3,3,True,2090.6666666666665,64.2365420405966,1931.094250111185,2250.239083222148
gaussian_blur,mild,standard_conformal,0.1,hybrid,0.8,number_accepted,3,3,True,7909.333333333333,64.2365420405966,7749.760916777852,8068.905749888814
gaussian_blur,mild,standard_conformal,0.1,hybrid,0.8,selective_accuracy,3,3,True,0.9776165514340346,0.0033989097970417805,0.9691731914283654,0.9860599114397037
gaussian_blur,mild,standard_conformal,0.1,hybrid,0.8,selective_risk,3,3,True,0.022383448565965487,0.00339890979704178,0.01394008856029634,0.030826808571634633
gaussian_blur,mild,standard_conformal,0.1,hybrid,0.9,abstention_rate,3,3,True,0.2944333333333333,0.013740572525674961,0.2602998589412637,0.328566807725403
gaussian_blur,mild,standard_conformal,0.1,hybrid,0.9,acceptance_rate,3,3,True,0.7055666666666666,0.01374057252567495,0.671433192274597,0.7397001410587362
gaussian_blur,mild,standard_conformal,0.1,hybrid,0.9,number_abstained,3,3,True,2944.3333333333335,137.40572525674952,2602.998589412637,3285.66807725403
gaussian_blur,mild,standard_conformal,0.1,hybrid,0.9,number_accepted,3,3,True,7055.666666666667,137.40572525674952,6714.331922745971,7397.001410587363
gaussian_blur,mild,standard_conformal,0.1,hybrid,0.9,selective_accuracy,3,3,True,0.9888886893529736,0.002120855306915867,0.9836201927038981,0.994157186002049
gaussian_blur,mild,standard_conformal,0.1,hybrid,0.9,selective_risk,3,3,True,0.011111310647026381,0.002120855306915867,0.005842813997950856,0.016379807296101907
gaussian_blur,mild,standard_conformal,0.1,hybrid,0.95,abstention_rate,3,3,True,0.3705333333333333,0.015270014189035098,0.3326005152273886,0.40846615143927806
gaussian_blur,mild,standard_conformal,0.1,hybrid,0.95,acceptance_rate,3,3,True,0.6294666666666667,0.01527001418903512,0.591533848560722,0.6673994847726115
gaussian_blur,mild,standard_conformal,0.1,hybrid,0.95,number_abstained,3,3,True,3705.3333333333335,152.700141890351,3326.0051522738863,4084.6615143927806
gaussian_blur,mild,standard_conformal,0.1,hybrid,0.95,number_accepted,3,3,True,6294.666666666667,152.70014189035103,5915.33848560722,6673.994847726114
gaussian_blur,mild,standard_conformal,0.1,hybrid,0.95,selective_accuracy,3,3,True,0.9943172735707959,0.001929950723183197,0.9895230101975168,0.9991115369440751
gaussian_blur,mild,standard_conformal,0.1,hybrid,0.95,selective_risk,3,3,True,0.005682726429204088,0.001929950723183197,0.0008884630559248862,0.01047698980248329
gaussian_blur,mild,standard_conformal,0.1,singleton_conformal,,abstention_rate,3,3,True,0.05960000000000001,0.003100000000000002,0.051899173093573975,0.06730082690642604
gaussian_blur,mild,standard_conformal,0.1,singleton_conformal,,acceptance_rate,3,3,True,0.9404,0.0030999999999999917,0.932699173093574,0.948100826906426
gaussian_blur,mild,standard_conformal,0.1,singleton_conformal,,number_abstained,3,3,True,596.0,31.0,518.9917309357397,673.0082690642603
gaussian_blur,mild,standard_conformal,0.1,singleton_conformal,,number_accepted,3,3,True,9404.0,31.0,9326.99173093574,9481.00826906426
gaussian_blur,mild,standard_conformal,0.1,singleton_conformal,,selective_accuracy,3,3,True,0.9367602744608191,0.006436590611494523,0.9207708969877074,0.9527496519339308
gaussian_blur,mild,standard_conformal,0.1,singleton_conformal,,selective_risk,3,3,True,0.06323972553918085,0.006436590611494523,0.04725034806606919,0.07922910301229251
gaussian_blur,mild,standard_conformal,0.1,,,average_set_size,3,3,True,0.9404,0.0030999999999999917,0.932699173093574,0.948100826906426
gaussian_blur,mild,standard_conformal,0.1,,,coverage_gap,3,3,True,-0.019066666666666714,0.007444684904905838,-0.03756028919104172,-0.0005730441422917044
gaussian_blur,mild,standard_conformal,0.1,,,empirical_coverage,3,3,True,0.8809333333333332,0.007444684904905839,0.8624397108089582,0.8994269558577083
gaussian_blur,mild,standard_conformal,0.1,,,empty_set_rate,3,3,True,0.05960000000000001,0.003100000000000002,0.051899173093573975,0.06730082690642604
gaussian_blur,mild,standard_conformal,0.1,,,median_set_size,3,3,True,1.0,0.0,1.0,1.0
gaussian_blur,mild,standard_conformal,0.1,,,multiclass_set_rate,3,3,True,0.0,0.0,0.0,0.0
gaussian_blur,mild,standard_conformal,0.1,,,singleton_set_rate,3,3,True,0.9404,0.0030999999999999917,0.932699173093574,0.948100826906426
gaussian_blur,mild,standard_conformal,0.1,,,worst_class_coverage,3,3,True,0.5243333333333333,0.0664554988946237,0.35924872237601624,0.6894179442906504
gaussian_blur,mild,standard_conformal,0.2,hybrid,0.5,abstention_rate,3,3,True,0.22206666666666666,0.0061329710037903535,0.20683152211107977,0.23730181122225355
gaussian_blur,mild,standard_conformal,0.2,hybrid,0.5,acceptance_rate,3,3,True,0.7779333333333334,0.0061329710037903535,0.7626981887777464,0.7931684778889203
gaussian_blur,mild,standard_conformal,0.2,hybrid,0.5,number_abstained,3,3,True,2220.6666666666665,61.3297100379036,2068.315221110797,2373.018112222536
gaussian_blur,mild,standard_conformal,0.2,hybrid,0.5,number_accepted,3,3,True,7779.333333333333,61.3297100379036,7626.981887777464,7931.684778889202
gaussian_blur,mild,standard_conformal,0.2,hybrid,0.5,selective_accuracy,3,3,True,0.97988748769976,0.0051748800413922375,0.9670323730351534,0.9927426023643665
gaussian_blur,mild,standard_conformal,0.2,hybrid,0.5,selective_risk,3,3,True,0.020112512300239877,0.005174880041392238,0.007257397635633309,0.032967626964846446
gaussian_blur,mild,standard_conformal,0.2,hybrid,0.6,abstention_rate,3,3,True,0.22206666666666666,0.0061329710037903535,0.20683152211107977,0.23730181122225355
gaussian_blur,mild,standard_conformal,0.2,hybrid,0.6,acceptance_rate,3,3,True,0.7779333333333334,0.0061329710037903535,0.7626981887777464,0.7931684778889203
gaussian_blur,mild,standard_conformal,0.2,hybrid,0.6,number_abstained,3,3,True,2220.6666666666665,61.3297100379036,2068.315221110797,2373.018112222536
gaussian_blur,mild,standard_conformal,0.2,hybrid,0.6,number_accepted,3,3,True,7779.333333333333,61.3297100379036,7626.981887777464,7931.684778889202
gaussian_blur,mild,standard_conformal,0.2,hybrid,0.6,selective_accuracy,3,3,True,0.97988748769976,0.0051748800413922375,0.9670323730351534,0.9927426023643665
gaussian_blur,mild,standard_conformal,0.2,hybrid,0.6,selective_risk,3,3,True,0.020112512300239877,0.005174880041392238,0.007257397635633309,0.032967626964846446
gaussian_blur,mild,standard_conformal,0.2,hybrid,0.7,abstention_rate,3,3,True,0.22206666666666666,0.0061329710037903535,0.20683152211107977,0.23730181122225355
gaussian_blur,mild,standard_conformal,0.2,hybrid,0.7,acceptance_rate,3,3,True,0.7779333333333334,0.0061329710037903535,0.7626981887777464,0.7931684778889203
gaussian_blur,mild,standard_conformal,0.2,hybrid,0.7,number_abstained,3,3,True,2220.6666666666665,61.3297100379036,2068.315221110797,2373.018112222536
gaussian_blur,mild,standard_conformal,0.2,hybrid,0.7,number_accepted,3,3,True,7779.333333333333,61.3297100379036,7626.981887777464,7931.684778889202
gaussian_blur,mild,standard_conformal,0.2,hybrid,0.7,selective_accuracy,3,3,True,0.97988748769976,0.0051748800413922375,0.9670323730351534,0.9927426023643665
gaussian_blur,mild,standard_conformal,0.2,hybrid,0.7,selective_risk,3,3,True,0.020112512300239877,0.005174880041392238,0.007257397635633309,0.032967626964846446
gaussian_blur,mild,standard_conformal,0.2,hybrid,0.8,abstention_rate,3,3,True,0.22206666666666666,0.0061329710037903535,0.20683152211107977,0.23730181122225355
gaussian_blur,mild,standard_conformal,0.2,hybrid,0.8,acceptance_rate,3,3,True,0.7779333333333334,0.0061329710037903535,0.7626981887777464,0.7931684778889203
gaussian_blur,mild,standard_conformal,0.2,hybrid,0.8,number_abstained,3,3,True,2220.6666666666665,61.3297100379036,2068.315221110797,2373.018112222536
gaussian_blur,mild,standard_conformal,0.2,hybrid,0.8,number_accepted,3,3,True,7779.333333333333,61.3297100379036,7626.981887777464,7931.684778889202
gaussian_blur,mild,standard_conformal,0.2,hybrid,0.8,selective_accuracy,3,3,True,0.97988748769976,0.0051748800413922375,0.9670323730351534,0.9927426023643665
gaussian_blur,mild,standard_conformal,0.2,hybrid,0.8,selective_risk,3,3,True,0.020112512300239877,0.005174880041392238,0.007257397635633309,0.032967626964846446
gaussian_blur,mild,standard_conformal,0.2,hybrid,0.9,abstention_rate,3,3,True,0.2944333333333333,0.013740572525674961,0.2602998589412637,0.328566807725403
gaussian_blur,mild,standard_conformal,0.2,hybrid,0.9,acceptance_rate,3,3,True,0.7055666666666666,0.01374057252567495,0.671433192274597,0.7397001410587362
gaussian_blur,mild,standard_conformal,0.2,hybrid,0.9,number_abstained,3,3,True,2944.3333333333335,137.40572525674952,2602.998589412637,3285.66807725403
gaussian_blur,mild,standard_conformal,0.2,hybrid,0.9,number_accepted,3,3,True,7055.666666666667,137.40572525674952,6714.331922745971,7397.001410587363
gaussian_blur,mild,standard_conformal,0.2,hybrid,0.9,selective_accuracy,3,3,True,0.9888886893529736,0.002120855306915867,0.9836201927038981,0.994157186002049
gaussian_blur,mild,standard_conformal,0.2,hybrid,0.9,selective_risk,3,3,True,0.011111310647026381,0.002120855306915867,0.005842813997950856,0.016379807296101907
gaussian_blur,mild,standard_conformal,0.2,hybrid,0.95,abstention_rate,3,3,True,0.3705333333333333,0.015270014189035098,0.3326005152273886,0.40846615143927806
gaussian_blur,mild,standard_conformal,0.2,hybrid,0.95,acceptance_rate,3,3,True,0.6294666666666667,0.01527001418903512,0.591533848560722,0.6673994847726115
gaussian_blur,mild,standard_conformal,0.2,hybrid,0.95,number_abstained,3,3,True,3705.3333333333335,152.700141890351,3326.0051522738863,4084.6615143927806
gaussian_blur,mild,standard_conformal,0.2,hybrid,0.95,number_accepted,3,3,True,6294.666666666667,152.70014189035103,5915.33848560722,6673.994847726114
gaussian_blur,mild,standard_conformal,0.2,hybrid,0.95,selective_accuracy,3,3,True,0.9943172735707959,0.001929950723183197,0.9895230101975168,0.9991115369440751
gaussian_blur,mild,standard_conformal,0.2,hybrid,0.95,selective_risk,3,3,True,0.005682726429204088,0.001929950723183197,0.0008884630559248862,0.01047698980248329
gaussian_blur,mild,standard_conformal,0.2,singleton_conformal,,abstention_rate,3,3,True,0.22206666666666666,0.0061329710037903535,0.20683152211107977,0.23730181122225355
gaussian_blur,mild,standard_conformal,0.2,singleton_conformal,,acceptance_rate,3,3,True,0.7779333333333334,0.0061329710037903535,0.7626981887777464,0.7931684778889203
gaussian_blur,mild,standard_conformal,0.2,singleton_conformal,,number_abstained,3,3,True,2220.6666666666665,61.3297100379036,2068.315221110797,2373.018112222536
gaussian_blur,mild,standard_conformal,0.2,singleton_conformal,,number_accepted,3,3,True,7779.333333333333,61.3297100379036,7626.981887777464,7931.684778889202
gaussian_blur,mild,standard_conformal,0.2,singleton_conformal,,selective_accuracy,3,3,True,0.97988748769976,0.0051748800413922375,0.9670323730351534,0.9927426023643665
gaussian_blur,mild,standard_conformal,0.2,singleton_conformal,,selective_risk,3,3,True,0.020112512300239877,0.005174880041392238,0.007257397635633309,0.032967626964846446
gaussian_blur,mild,standard_conformal,0.2,,,average_set_size,3,3,True,0.7779333333333334,0.0061329710037903535,0.7626981887777464,0.7931684778889203
gaussian_blur,mild,standard_conformal,0.2,,,coverage_gap,3,3,True,-0.03773333333333336,0.0023437861108328985,-0.04355562079953,-0.03191104586713672
gaussian_blur,mild,standard_conformal,0.2,,,empirical_coverage,3,3,True,0.7622666666666668,0.0023437861108328985,0.7564443792004701,0.7680889541328634
gaussian_blur,mild,standard_conformal,0.2,,,empty_set_rate,3,3,True,0.22206666666666666,0.0061329710037903535,0.20683152211107977,0.23730181122225355
gaussian_blur,mild,standard_conformal,0.2,,,median_set_size,3,3,True,1.0,0.0,1.0,1.0
gaussian_blur,mild,standard_conformal,0.2,,,multiclass_set_rate,3,3,True,0.0,0.0,0.0,0.0
gaussian_blur,mild,standard_conformal,0.2,,,singleton_set_rate,3,3,True,0.7779333333333334,0.0061329710037903535,0.7626981887777464,0.7931684778889203
gaussian_blur,mild,standard_conformal,0.2,,,worst_class_coverage,3,3,True,0.291,0.059025418253494805,0.1443727325646572,0.43762726743534275
gaussian_blur,mild,temperature_scaled,,confidence_threshold,0.5,abstention_rate,3,3,True,0.0448,0.0027073972741361754,0.03807445233062828,0.051525547669371716
gaussian_blur,mild,temperature_scaled,,confidence_threshold,0.5,acceptance_rate,3,3,True,0.9552,0.0027073972741361962,0.9484744523306283,0.9619255476693718
gaussian_blur,mild,temperature_scaled,,confidence_threshold,0.5,number_abstained,3,3,True,448.0,27.073972741361768,380.74452330628276,515.2554766937172
gaussian_blur,mild,temperature_scaled,,confidence_threshold,0.5,number_accepted,3,3,True,9552.0,27.073972741361768,9484.744523306283,9619.255476693717
gaussian_blur,mild,temperature_scaled,,confidence_threshold,0.5,selective_accuracy,3,3,True,0.9306163411322282,0.005388737197797868,0.9172299758404667,0.9440027064239898
gaussian_blur,mild,temperature_scaled,,confidence_threshold,0.5,selective_risk,3,3,True,0.06938365886777187,0.005388737197797868,0.05599729357601039,0.08277002415953336
gaussian_blur,mild,temperature_scaled,,confidence_threshold,0.6,abstention_rate,3,3,True,0.0973,0.00437149859887888,0.08644059547366124,0.10815940452633875
gaussian_blur,mild,temperature_scaled,,confidence_threshold,0.6,acceptance_rate,3,3,True,0.9027,0.004371498598878859,0.8918405954736612,0.9135594045263387
gaussian_blur,mild,temperature_scaled,,confidence_threshold,0.6,number_abstained,3,3,True,973.0,43.71498598878879,864.4059547366124,1081.5940452633874
gaussian_blur,mild,temperature_scaled,,confidence_threshold,0.6,number_accepted,3,3,True,9027.0,43.71498598878879,8918.405954736612,9135.594045263388
gaussian_blur,mild,temperature_scaled,,confidence_threshold,0.6,selective_accuracy,3,3,True,0.9510267282942212,0.004605844978779168,0.9395851750879599,0.9624682815004825
gaussian_blur,mild,temperature_scaled,,confidence_threshold,0.6,selective_risk,3,3,True,0.048973271705778774,0.004605844978779168,0.037531718499517544,0.060414824912040005
gaussian_blur,mild,temperature_scaled,,confidence_threshold,0.7,abstention_rate,3,3,True,0.14843333333333333,0.004110150037812899,0.13822315462345025,0.15864351204321642
gaussian_blur,mild,temperature_scaled,,confidence_threshold,0.7,acceptance_rate,3,3,True,0.8515666666666667,0.004110150037812885,0.8413564879567836,0.8617768453765497
gaussian_blur,mild,temperature_scaled,,confidence_threshold,0.7,number_abstained,3,3,True,1484.3333333333333,41.10150037812894,1382.2315462345027,1586.4351204321638
gaussian_blur,mild,temperature_scaled,,confidence_threshold,0.7,number_accepted,3,3,True,8515.666666666666,41.10150037812894,8413.564879567835,8617.768453765497
gaussian_blur,mild,temperature_scaled,,confidence_threshold,0.7,selective_accuracy,3,3,True,0.9650689160267198,0.004697193891283468,0.9534004395419793,0.9767373925114604
gaussian_blur,mild,temperature_scaled,,confidence_threshold,0.7,selective_risk,3,3,True,0.03493108397328012,0.004697193891283468,0.023262607488539574,0.04659956045802066
gaussian_blur,mild,temperature_scaled,,confidence_threshold,0.8,abstention_rate,3,3,True,0.20906666666666665,0.0064236542040596615,0.1931094250111185,0.2250239083222148
gaussian_blur,mild,temperature_scaled,,confidence_threshold,0.8,acceptance_rate,3,3,True,0.7909333333333333,0.006423654204059665,0.7749760916777851,0.8068905749888814
gaussian_blur,mild,temperature_scaled,,confidence_threshold,0.8,number_abstained,3,3,True,2090.6666666666665,64.2365420405966,1931.094250111185,2250.239083222148
gaussian_blur,mild,temperature_scaled,,confidence_threshold,0.8,number_accepted,3,3,True,7909.333333333333,64.2365420405966,7749.760916777852,8068.905749888814
gaussian_blur,mild,temperature_scaled,,confidence_threshold,0.8,selective_accuracy,3,3,True,0.9776165514340346,0.0033989097970417805,0.9691731914283654,0.9860599114397037
gaussian_blur,mild,temperature_scaled,,confidence_threshold,0.8,selective_risk,3,3,True,0.022383448565965487,0.00339890979704178,0.01394008856029634,0.030826808571634633
gaussian_blur,mild,temperature_scaled,,confidence_threshold,0.9,abstention_rate,3,3,True,0.2944333333333333,0.013740572525674961,0.2602998589412637,0.328566807725403
gaussian_blur,mild,temperature_scaled,,confidence_threshold,0.9,acceptance_rate,3,3,True,0.7055666666666666,0.01374057252567495,0.671433192274597,0.7397001410587362
gaussian_blur,mild,temperature_scaled,,confidence_threshold,0.9,number_abstained,3,3,True,2944.3333333333335,137.40572525674952,2602.998589412637,3285.66807725403
gaussian_blur,mild,temperature_scaled,,confidence_threshold,0.9,number_accepted,3,3,True,7055.666666666667,137.40572525674952,6714.331922745971,7397.001410587363
gaussian_blur,mild,temperature_scaled,,confidence_threshold,0.9,selective_accuracy,3,3,True,0.9888886893529736,0.002120855306915867,0.9836201927038981,0.994157186002049
gaussian_blur,mild,temperature_scaled,,confidence_threshold,0.9,selective_risk,3,3,True,0.011111310647026381,0.002120855306915867,0.005842813997950856,0.016379807296101907
gaussian_blur,mild,temperature_scaled,,confidence_threshold,0.95,abstention_rate,3,3,True,0.3705333333333333,0.015270014189035098,0.3326005152273886,0.40846615143927806
gaussian_blur,mild,temperature_scaled,,confidence_threshold,0.95,acceptance_rate,3,3,True,0.6294666666666667,0.01527001418903512,0.591533848560722,0.6673994847726115
gaussian_blur,mild,temperature_scaled,,confidence_threshold,0.95,number_abstained,3,3,True,3705.3333333333335,152.700141890351,3326.0051522738863,4084.6615143927806
gaussian_blur,mild,temperature_scaled,,confidence_threshold,0.95,number_accepted,3,3,True,6294.666666666667,152.70014189035103,5915.33848560722,6673.994847726114
gaussian_blur,mild,temperature_scaled,,confidence_threshold,0.95,selective_accuracy,3,3,True,0.9943172735707959,0.001929950723183197,0.9895230101975168,0.9991115369440751
gaussian_blur,mild,temperature_scaled,,confidence_threshold,0.95,selective_risk,3,3,True,0.005682726429204088,0.001929950723183197,0.0008884630559248862,0.01047698980248329
gaussian_blur,mild,temperature_scaled,,,,accuracy_confidence_gap,3,3,True,0.014318583438297098,0.004957005075765766,0.0020047001922495564,0.026632466684344637
gaussian_blur,mild,temperature_scaled,,,,brier_score,3,3,True,0.13137153382475958,0.008181954793792981,0.11104643136566204,0.15169663628385713
gaussian_blur,mild,temperature_scaled,,,,expected_calibration_error,3,3,True,0.014936583940684747,0.005100067917769703,0.002267312893665047,0.027605854987704445
gaussian_blur,mild,temperature_scaled,,,,maximum_calibration_error,3,3,True,0.23703928114610343,0.11443067853829336,-0.04722228279205029,0.5213008450842571
gaussian_blur,mild,temperature_scaled,,,,mean_confidence,3,3,True,0.8953814165617029,0.0033814459374332763,0.88698143918828,0.9037813939351258
gaussian_blur,mild,temperature_scaled,,,,negative_log_likelihood,3,3,True,0.24948856370197922,0.013152191652668965,0.21681670842541634,0.2821604189785421
gaussian_blur,strong,class_conditional_conformal,0.05,,,average_set_size,3,3,True,1.2326333333333332,0.0635655042718402,1.0747278670052283,1.3905387996614382
gaussian_blur,strong,class_conditional_conformal,0.05,,,coverage_gap,3,3,True,-0.24836666666666662,0.03880725877118007,-0.3447692416698088,-0.15196409166352445
gaussian_blur,strong,class_conditional_conformal,0.05,,,empirical_coverage,3,3,True,0.7016333333333334,0.038807258771180075,0.6052307583301912,0.7980359083364756
gaussian_blur,strong,class_conditional_conformal,0.05,,,empty_set_rate,3,3,True,0.19213333333333335,0.019202170016259446,0.14443249864850183,0.23983416801816487
gaussian_blur,strong,class_conditional_conformal,0.05,,,median_set_size,3,3,True,1.0,0.0,1.0,1.0
gaussian_blur,strong,class_conditional_conformal,0.05,,,multiclass_set_rate,3,3,True,0.3295666666666667,0.01597132847741016,0.28989168728918013,0.3692416460441532
gaussian_blur,strong,class_conditional_conformal,0.05,,,singleton_set_rate,3,3,True,0.4783,0.02372741030959762,0.419357845247755,0.537242154752245
gaussian_blur,strong,class_conditional_conformal,0.05,,,worst_class_coverage,3,3,True,0.06366666666666666,0.08157409719594409,-0.13897462447976494,0.26630795781309824
gaussian_blur,strong,class_conditional_conformal,0.1,,,average_set_size,3,3,True,0.6032666666666667,0.02970359125313526,0.5294788554603362,0.6770544778729972
gaussian_blur,strong,class_conditional_conformal,0.1,,,coverage_gap,3,3,True,-0.4607666666666667,0.01828833872535537,-0.506197418579586,-0.4153359147537475
gaussian_blur,strong,class_conditional_conformal,0.1,,,empirical_coverage,3,3,True,0.4392333333333333,0.01828833872535537,0.3938025814204141,0.48466408524625254
gaussian_blur,strong,class_conditional_conformal,0.1,,,empty_set_rate,3,3,True,0.4552,0.018851790365904248,0.4083695566180457,0.5020304433819542
gaussian_blur,strong,class_conditional_conformal,0.1,,,median_set_size,3,3,True,1.0,0.0,1.0,1.0
gaussian_blur,strong,class_conditional_conformal,0.1,,,multiclass_set_rate,3,3,True,0.05786666666666666,0.024457377891616533,-0.0028888280844267533,0.11862216141776007
gaussian_blur,strong,class_conditional_conformal,0.1,,,singleton_set_rate,3,3,True,0.4869333333333333,0.0328131579299118,0.40542093027801995,0.5684457363886466
gaussian_blur,strong,class_conditional_conformal,0.1,,,worst_class_coverage,3,3,True,0.0,0.0,0.0,0.0
gaussian_blur,strong,class_conditional_conformal,0.2,,,average_set_size,3,3,True,0.161,0.0263034218306288,0.0956586778824581,0.2263413221175419
gaussian_blur,strong,class_conditional_conformal,0.2,,,coverage_gap,3,3,True,-0.6603333333333333,0.018480891031910054,-0.7062424116924496,-0.614424254974217
gaussian_blur,strong,class_conditional_conformal,0.2,,,empirical_coverage,3,3,True,0.13966666666666666,0.018480891031910057,0.09375758830755042,0.1855757450257829
gaussian_blur,strong,class_conditional_conformal,0.2,,,empty_set_rate,3,3,True,0.8390000000000001,0.026303421830628768,0.7736586778824582,0.9043413221175419
gaussian_blur,strong,class_conditional_conformal,0.2,,,median_set_size,3,3,True,0.0,0.0,0.0,0.0
gaussian_blur,strong,class_conditional_conformal,0.2,,,multiclass_set_rate,3,3,True,0.0,0.0,0.0,0.0
gaussian_blur,strong,class_conditional_conformal,0.2,,,singleton_set_rate,3,3,True,0.161,0.0263034218306288,0.0956586778824581,0.2263413221175419
gaussian_blur,strong,class_conditional_conformal,0.2,,,worst_class_coverage,3,3,True,0.0,0.0,0.0,0.0
gaussian_blur,strong,raw_softmax,,,,accuracy,3,3,True,0.7547666666666667,0.04025199788002246,0.6547751607596086,0.8547581725737248
gaussian_blur,strong,raw_softmax,,,,accuracy_confidence_gap,3,3,True,0.0039263139953216175,0.03752018755674368,-0.08927899886633084,0.09713162685697407
gaussian_blur,strong,raw_softmax,,,,brier_score,3,3,True,0.3320658056855012,0.042060192371507286,0.22758249565196642,0.436549115719036
gaussian_blur,strong,raw_softmax,,,,evaluation_seconds,3,3,True,10.088268066669116,0.9310261016862622,7.7754710168463745,12.401065116491857
gaussian_blur,strong,raw_softmax,,,,expected_calibration_error,3,3,True,0.033023192405700695,0.016727912175833724,-0.00853124506913537,0.07457762988053676
gaussian_blur,strong,raw_softmax,,,,macro_f1,3,3,True,0.73130832756343,0.05562435658926347,0.5931297656681926,0.8694868894586674
gaussian_blur,strong,raw_softmax,,,,maximum_calibration_error,3,3,True,0.14527224670716973,0.04781556261263566,0.02649180441256234,0.26405268900177714
gaussian_blur,strong,raw_softmax,,,,mean_confidence,3,3,True,0.7508403526713451,0.015385536925498648,0.7126205601791866,0.7890601451635035
gaussian_blur,strong,raw_softmax,,,,mean_inference_seconds_per_image,3,3,True,0.0010088268066669114,9.310261016862621e-05,0.0007775471016846372,0.0012401065116491856
gaussian_blur,strong,raw_softmax,,,,negative_log_likelihood,3,3,True,0.655428484894138,0.0860491745211671,0.4416704854011211,0.8691864843871548
gaussian_blur,strong,raw_softmax,,,,sample_count,3,3,True,10000.0,0.0,10000.0,10000.0
gaussian_blur,strong,standard_conformal,0.05,hybrid,0.5,abstention_rate,3,3,True,0.32206666666666667,0.03022521022810815,0.24698308209344144,0.3971502512398919
gaussian_blur,strong,standard_conformal,0.05,hybrid,0.5,acceptance_rate,3,3,True,0.6779333333333334,0.030225210228108132,0.6028497487601082,0.7530169179065586
gaussian_blur,strong,standard_conformal,0.05,hybrid,0.5,number_abstained,3,3,True,3220.6666666666665,302.2521022810815,2469.830820934414,3971.502512398919
gaussian_blur,strong,standard_conformal,0.05,hybrid,0.5,number_accepted,3,3,True,6779.333333333333,302.2521022810815,6028.49748760108,7530.169179065586
gaussian_blur,strong,standard_conformal,0.05,hybrid,0.5,selective_accuracy,3,3,True,0.8835145579867542,0.04580815552405162,0.7697207913437334,0.9973083246297749
gaussian_blur,strong,standard_conformal,0.05,hybrid,0.5,selective_risk,3,3,True,0.11648544201324573,0.04580815552405162,0.0026916753702249108,0.23027920865626655
gaussian_blur,strong,standard_conformal,0.05,hybrid,0.6,abstention_rate,3,3,True,0.40969999999999995,0.016794939714092436,0.3679790568896496,0.4514209431103503
gaussian_blur,strong,standard_conformal,0.05,hybrid,0.6,acceptance_rate,3,3,True,0.5903,0.01679493971409247,0.5485790568896496,0.6320209431103505
gaussian_blur,strong,standard_conformal,0.05,hybrid,0.6,number_abstained,3,3,True,4097.0,167.94939714092456,3679.790568896496,4514.209431103503
gaussian_blur,strong,standard_conformal,0.05,hybrid,0.6,number_accepted,3,3,True,5903.0,167.94939714092456,5485.790568896497,6320.209431103503
gaussian_blur,strong,standard_conformal,0.05,hybrid,0.6,selective_accuracy,3,3,True,0.919822489041812,0.02418185074423381,0.859751441668143,0.9798935364154809
gaussian_blur,strong,standard_conformal,0.05,hybrid,0.6,selective_risk,3,3,True,0.0801775109581881,0.02418185074423381,0.02010646358451911,0.1402485583318571
gaussian_blur,strong,standard_conformal,0.05,hybrid,0.7,abstention_rate,3,3,True,0.5025666666666667,0.010414573122952927,0.4766954328201579,0.5284379005131755
gaussian_blur,strong,standard_conformal,0.05,hybrid,0.7,acceptance_rate,3,3,True,0.49743333333333334,0.010414573122952906,0.4715620994868246,0.5233045671798421
gaussian_blur,strong,standard_conformal,0.05,hybrid,0.7,number_abstained,3,3,True,5025.666666666667,104.1457312295292,4766.954328201579,5284.379005131755
gaussian_blur,strong,standard_conformal,0.05,hybrid,0.7,number_accepted,3,3,True,4974.333333333333,104.1457312295292,4715.620994868245,5233.045671798421
gaussian_blur,strong,standard_conformal,0.05,hybrid,0.7,selective_accuracy,3,3,True,0.9449905334307295,0.015514780627999913,0.9064496817831814,0.9835313850782775
gaussian_blur,strong,standard_conformal,0.05,hybrid,0.7,selective_risk,3,3,True,0.0550094665692706,0.015514780627999913,0.016468614921722552,0.09355031821681865
gaussian_blur,strong,standard_conformal,0.05,hybrid,0.8,abstention_rate,3,3,True,0.6064666666666666,0.009810368664496421,0.5820963599010173,0.6308369734323159
gaussian_blur,strong,standard_conformal,0.05,hybrid,0.8,acceptance_rate,3,3,True,0.39353333333333335,0.009810368664496421,0.36916302656768407,0.4179036400989826
gaussian_blur,strong,standard_conformal,0.05,hybrid,0.8,number_abstained,3,3,True,6064.666666666667,98.10368664496424,5820.963599010174,6308.36973432316
gaussian_blur,strong,standard_conformal,0.05,hybrid,0.8,number_accepted,3,3,True,3935.3333333333335,98.10368664496423,3691.6302656768407,4179.036400989827
gaussian_blur,strong,standard_conformal,0.05,hybrid,0.8,selective_accuracy,3,3,True,0.9669757660394951,0.011461195342644174,0.9385045784670955,0.9954469536118947
gaussian_blur,strong,standard_conformal,0.05,hybrid,0.8,selective_risk,3,3,True,0.033024233960504946,0.011461195342644174,0.004553046388105306,0.06149542153290459
gaussian_blur,strong,standard_conformal,0.05,hybrid,0.9,abstention_rate,3,3,True,0.7331,0.008072793816269535,0.71304606844182,0.75315393155818
gaussian_blur,strong,standard_conformal,0.05,hybrid,0.9,acceptance_rate,3,3,True,0.26689999999999997,0.008072793816269568,0.24684606844181986,0.28695393155818005
gaussian_blur,strong,standard_conformal,0.05,hybrid,0.9,number_abstained,3,3,True,7331.0,80.72793816269557,7130.460684418199,7531.539315581801
gaussian_blur,strong,standard_conformal,0.05,hybrid,0.9,number_accepted,3,3,True,2669.0,80.72793816269557,2468.4606844181994,2869.5393155818006
gaussian_blur,strong,standard_conformal,0.05,hybrid,0.9,selective_accuracy,3,3,True,0.9858095758922326,0.00573304311197352,0.9715679072946887,1.0000512444897764
gaussian_blur,strong,standard_conformal,0.05,hybrid,0.9,selective_risk,3,3,True,0.014190424107767422,0.00573304311197352,-5.124448977647002e-05,0.028432092705311315
gaussian_blur,strong,standard_conformal,0.05,hybrid,0.95,abstention_rate,3,3,True,0.8300333333333333,0.01473578410989158,0.7934276163137404,0.8666390503529262
gaussian_blur,strong,standard_conformal,0.05,hybrid,0.95,acceptance_rate,3,3,True,0.16996666666666668,0.014735784109891582,0.13336094964707373,0.20657238368625963
gaussian_blur,strong,standard_conformal,0.05,hybrid,0.95,number_abstained,3,3,True,8300.333333333334,147.35784109891586,7934.276163137404,8666.390503529263
gaussian_blur,strong,standard_conformal,0.05,hybrid,0.95,number_accepted,3,3,True,1699.6666666666667,147.35784109891586,1333.6094964707372,2065.7238368625963
gaussian_blur,strong,standard_conformal,0.05,hybrid,0.95,selective_accuracy,3,3,True,0.9943770943507989,0.0028169597515613084,0.9873793783994627,1.0013748103021352
gaussian_blur,strong,standard_conformal,0.05,hybrid,0.95,selective_risk,3,3,True,0.005622905649201019,0.002816959751561309,-0.0013748103021352688,0.012620621600537308
gaussian_blur,strong,standard_conformal,0.05,singleton_conformal,,abstention_rate,3,3,True,0.17679999999999998,0.023444402316971102,0.11856087607496525,0.23503912392503473
gaussian_blur,strong,standard_conformal,0.05,singleton_conformal,,acceptance_rate,3,3,True,0.8231999999999999,0.023444402316971088,0.7649608760749652,0.8814391239250347
gaussian_blur,strong,standard_conformal,0.05,singleton_conformal,,number_abstained,3,3,True,1768.0,234.44402316971102,1185.6087607496527,2350.391239250347
gaussian_blur,strong,standard_conformal,0.05,singleton_conformal,,number_accepted,3,3,True,8232.0,234.44402316971102,7649.608760749653,8814.391239250348
gaussian_blur,strong,standard_conformal,0.05,singleton_conformal,,selective_accuracy,3,3,True,0.8087629371195296,0.05177583654993024,0.6801446289884268,0.9373812452506325
gaussian_blur,strong,standard_conformal,0.05,singleton_conformal,,selective_risk,3,3,True,0.19123706288047038,0.05177583654993024,0.06261875474936757,0.3198553710115732
gaussian_blur,strong,standard_conformal,0.05,,,average_set_size,3,3,True,1.1222333333333332,0.016164570310816594,1.082078314629994,1.1623883520366725
gaussian_blur,strong,standard_conformal,0.05,,,coverage_gap,3,3,True,-0.1512333333333333,0.041588620238393714,-0.25454519324719016,-0.047921473419476474
gaussian_blur,strong,standard_conformal,0.05,,,empirical_coverage,3,3,True,0.7987666666666667,0.04158862023839372,0.6954548067528099,0.9020785265805236
gaussian_blur,strong,standard_conformal,0.05,,,empty_set_rate,3,3,True,0.027700000000000002,0.011915116449284079,-0.0018987901115632665,0.057298790111563275
gaussian_blur,strong,standard_conformal,0.05,,,median_set_size,3,3,True,1.0,0.0,1.0,1.0
gaussian_blur,strong,standard_conformal,0.05,,,multiclass_set_rate,3,3,True,0.1491,0.015943337166352597,0.10949455489391288,0.18870544510608714
gaussian_blur,strong,standard_conformal,0.05,,,singleton_set_rate,3,3,True,0.8231999999999999,0.023444402316971088,0.7649608760749652,0.8814391239250347
gaussian_blur,strong,standard_conformal,0.05,,,worst_class_coverage,3,3,True,0.2336666666666667,0.19144276777494973,-0.24190353240494672,0.7092368657382802
gaussian_blur,strong,standard_conformal,0.1,hybrid,0.5,abstention_rate,3,3,True,0.29963333333333336,0.03651113985256188,0.208934633926594,0.3903320327400727
gaussian_blur,strong,standard_conformal,0.1,hybrid,0.5,acceptance_rate,3,3,True,0.7003666666666666,0.0365111398525619,0.6096679672599272,0.7910653660734059
gaussian_blur,strong,standard_conformal,0.1,hybrid,0.5,number_abstained,3,3,True,2996.3333333333335,365.11139852561894,2089.3463392659396,3903.3203274007274
gaussian_blur,strong,standard_conformal,0.1,hybrid,0.5,number_accepted,3,3,True,7003.666666666667,365.11139852561894,6096.6796725992735,7910.65366073406
gaussian_blur,strong,standard_conformal,0.1,hybrid,0.5,selective_accuracy,3,3,True,0.8788063469195319,0.04198800418751278,0.7745023622762006,0.9831103315628631
gaussian_blur,strong,standard_conformal,0.1,hybrid,0.5,selective_risk,3,3,True,0.12119365308046821,0.04198800418751278,0.016889668437136948,0.2254976377237995
gaussian_blur,strong,standard_conformal,0.1,hybrid,0.6,abstention_rate,3,3,True,0.3897333333333333,0.01723523522709608,0.34691863553481617,0.4325480311318505
gaussian_blur,strong,standard_conformal,0.1,hybrid,0.6,acceptance_rate,3,3,True,0.6102666666666666,0.017235235227096104,0.5674519688681494,0.6530813644651838
gaussian_blur,strong,standard_conformal,0.1,hybrid,0.6,number_abstained,3,3,True,3897.3333333333335,172.3523522709607,3469.1863553481626,4325.480311318504
gaussian_blur,strong,standard_conformal,0.1,hybrid,0.6,number_accepted,3,3,True,6102.666666666667,172.35235227096072,5674.519688681496,6530.813644651838
gaussian_blur,strong,standard_conformal,0.1,hybrid,0.6,selective_accuracy,3,3,True,0.9140035510115528,0.023481076685392534,0.8556733229048678,0.9723337791182379
gaussian_blur,strong,standard_conformal,0.1,hybrid,0.6,selective_risk,3,3,True,0.08599644898844723,0.023481076685392534,0.02766622088176219,0.14432667709513228
gaussian_blur,strong,standard_conformal,0.1,hybrid,0.7,abstention_rate,3,3,True,0.5019666666666667,0.010193298452087692,0.47664510957470935,0.5272882237586239
gaussian_blur,strong,standard_conformal,0.1,hybrid,0.7,acceptance_rate,3,3,True,0.49803333333333333,0.010193298452087671,0.47271177624137606,0.5233548904252906
gaussian_blur,strong,standard_conformal,0.1,hybrid,0.7,number_abstained,3,3,True,5019.666666666667,101.93298452087691,4766.451095747094,5272.88223758624
gaussian_blur,strong,standard_conformal,0.1,hybrid,0.7,number_accepted,3,3,True,4980.333333333333,101.93298452087691,4727.11776241376,5233.548904252906
gaussian_blur,strong,standard_conformal,0.1,hybrid,0.7,selective_accuracy,3,3,True,0.9447130962280718,0.015231052929106585,0.9068770632572127,0.9825491291989308
gaussian_blur,strong,standard_conformal,0.1,hybrid,0.7,selective_risk,3,3,True,0.05528690377192828,0.015231052929106587,0.017450870801069274,0.09312293674278728
gaussian_blur,strong,standard_conformal,0.1,hybrid,0.8,abstention_rate,3,3,True,0.6064666666666666,0.009810368664496421,0.5820963599010173,0.6308369734323159
gaussian_blur,strong,standard_conformal,0.1,hybrid,0.8,acceptance_rate,3,3,True,0.39353333333333335,0.009810368664496421,0.36916302656768407,0.4179036400989826
gaussian_blur,strong,standard_conformal,0.1,hybrid,0.8,number_abstained,3,3,True,6064.666666666667,98.10368664496424,5820.963599010174,6308.36973432316
gaussian_blur,strong,standard_conformal,0.1,hybrid,0.8,number_accepted,3,3,True,3935.3333333333335,98.10368664496423,3691.6302656768407,4179.036400989827
gaussian_blur,strong,standard_conformal,0.1,hybrid,0.8,selective_accuracy,3,3,True,0.9669757660394951,0.011461195342644174,0.9385045784670955,0.9954469536118947
gaussian_blur,strong,standard_conformal,0.1,hybrid,0.8,selective_risk,3,3,True,0.033024233960504946,0.011461195342644174,0.004553046388105306,0.06149542153290459
gaussian_blur,strong,standard_conformal,0.1,hybrid,0.9,abstention_rate,3,3,True,0.7331,0.008072793816269535,0.71304606844182,0.75315393155818
gaussian_blur,strong,standard_conformal,0.1,hybrid,0.9,acceptance_rate,3,3,True,0.26689999999999997,0.008072793816269568,0.24684606844181986,0.28695393155818005
gaussian_blur,strong,standard_conformal,0.1,hybrid,0.9,number_abstained,3,3,True,7331.0,80.72793816269557,7130.460684418199,7531.539315581801
gaussian_blur,strong,standard_conformal,0.1,hybrid,0.9,number_accepted,3,3,True,2669.0,80.72793816269557,2468.4606844181994,2869.5393155818006
gaussian_blur,strong,standard_conformal,0.1,hybrid,0.9,selective_accuracy,3,3,True,0.9858095758922326,0.00573304311197352,0.9715679072946887,1.0000512444897764
gaussian_blur,strong,standard_conformal,0.1,hybrid,0.9,selective_risk,3,3,True,0.014190424107767422,0.00573304311197352,-5.124448977647002e-05,0.028432092705311315
gaussian_blur,strong,standard_conformal,0.1,hybrid,0.95,abstention_rate,3,3,True,0.8300333333333333,0.01473578410989158,0.7934276163137404,0.8666390503529262
gaussian_blur,strong,standard_conformal,0.1,hybrid,0.95,acceptance_rate,3,3,True,0.16996666666666668,0.014735784109891582,0.13336094964707373,0.20657238368625963
gaussian_blur,strong,standard_conformal,0.1,hybrid,0.95,number_abstained,3,3,True,8300.333333333334,147.35784109891586,7934.276163137404,8666.390503529263
gaussian_blur,strong,standard_conformal,0.1,hybrid,0.95,number_accepted,3,3,True,1699.6666666666667,147.35784109891586,1333.6094964707372,2065.7238368625963
gaussian_blur,strong,standard_conformal,0.1,hybrid,0.95,selective_accuracy,3,3,True,0.9943770943507989,0.0028169597515613084,0.9873793783994627,1.0013748103021352
gaussian_blur,strong,standard_conformal,0.1,hybrid,0.95,selective_risk,3,3,True,0.005622905649201019,0.002816959751561309,-0.0013748103021352688,0.012620621600537308
gaussian_blur,strong,standard_conformal,0.1,singleton_conformal,,abstention_rate,3,3,True,0.29963333333333336,0.03651113985256188,0.208934633926594,0.3903320327400727
gaussian_blur,strong,standard_conformal,0.1,singleton_conformal,,acceptance_rate,3,3,True,0.7003666666666666,0.0365111398525619,0.6096679672599272,0.7910653660734059
gaussian_blur,strong,standard_conformal,0.1,singleton_conformal,,number_abstained,3,3,True,2996.3333333333335,365.11139852561894,2089.3463392659396,3903.3203274007274
gaussian_blur,strong,standard_conformal,0.1,singleton_conformal,,number_accepted,3,3,True,7003.666666666667,365.11139852561894,6096.6796725992735,7910.65366073406
gaussian_blur,strong,standard_conformal,0.1,singleton_conformal,,selective_accuracy,3,3,True,0.8788063469195319,0.04198800418751278,0.7745023622762006,0.9831103315628631
gaussian_blur,strong,standard_conformal,0.1,singleton_conformal,,selective_risk,3,3,True,0.12119365308046821,0.04198800418751278,0.016889668437136948,0.2254976377237995
gaussian_blur,strong,standard_conformal,0.1,,,average_set_size,3,3,True,0.7003666666666666,0.0365111398525619,0.6096679672599272,0.7910653660734059
gaussian_blur,strong,standard_conformal,0.1,,,coverage_gap,3,3,True,-0.28550000000000003,0.008346855695410075,-0.30623473900750625,-0.2647652609924938
gaussian_blur,strong,standard_conformal,0.1,,,empirical_coverage,3,3,True,0.6145,0.008346855695410075,0.5937652609924938,0.6352347390075063
gaussian_blur,strong,standard_conformal,0.1,,,empty_set_rate,3,3,True,0.29963333333333336,0.03651113985256188,0.208934633926594,0.3903320327400727
gaussian_blur,strong,standard_conformal,0.1,,,median_set_size,3,3,True,1.0,0.0,1.0,1.0
gaussian_blur,strong,standard_conformal,0.1,,,multiclass_set_rate,3,3,True,0.0,0.0,0.0,0.0
gaussian_blur,strong,standard_conformal,0.1,,,singleton_set_rate,3,3,True,0.7003666666666666,0.0365111398525619,0.6096679672599272,0.7910653660734059
gaussian_blur,strong,standard_conformal,0.1,,,worst_class_coverage,3,3,True,0.03166666666666667,0.045390894828515264,-0.08109056694694114,0.14442390028027446
gaussian_blur,strong,standard_conformal,0.2,hybrid,0.5,abstention_rate,3,3,True,0.6258,0.025272119024727587,0.5630205760748312,0.6885794239251688
gaussian_blur,strong,standard_conformal,0.2,hybrid,0.5,acceptance_rate,3,3,True,0.37420000000000003,0.02527211902472764,0.31142057607483115,0.4369794239251689
gaussian_blur,strong,standard_conformal,0.2,hybrid,0.5,number_abstained,3,3,True,6258.0,252.72119024727627,5630.205760748311,6885.794239251689
gaussian_blur,strong,standard_conformal,0.2,hybrid,0.5,number_accepted,3,3,True,3742.0,252.72119024727627,3114.205760748311,4369.794239251689
gaussian_blur,strong,standard_conformal,0.2,hybrid,0.5,selective_accuracy,3,3,True,0.9698839654315932,0.013449179602240957,0.9364743511895631,1.0032935796736233
gaussian_blur,strong,standard_conformal,0.2,hybrid,0.5,selective_risk,3,3,True,0.030116034568406874,0.013449179602240957,-0.0032935796736231933,0.06352564881043694
gaussian_blur,strong,standard_conformal,0.2,hybrid,0.6,abstention_rate,3,3,True,0.6258,0.025272119024727587,0.5630205760748312,0.6885794239251688
gaussian_blur,strong,standard_conformal,0.2,hybrid,0.6,acceptance_rate,3,3,True,0.37420000000000003,0.02527211902472764,0.31142057607483115,0.4369794239251689
gaussian_blur,strong,standard_conformal,0.2,hybrid,0.6,number_abstained,3,3,True,6258.0,252.72119024727627,5630.205760748311,6885.794239251689
gaussian_blur,strong,standard_conformal,0.2,hybrid,0.6,number_accepted,3,3,True,3742.0,252.72119024727627,3114.205760748311,4369.794239251689
gaussian_blur,strong,standard_conformal,0.2,hybrid,0.6,selective_accuracy,3,3,True,0.9698839654315932,0.013449179602240957,0.9364743511895631,1.0032935796736233
gaussian_blur,strong,standard_conformal,0.2,hybrid,0.6,selective_risk,3,3,True,0.030116034568406874,0.013449179602240957,-0.0032935796736231933,0.06352564881043694
gaussian_blur,strong,standard_conformal,0.2,hybrid,0.7,abstention_rate,3,3,True,0.6258,0.025272119024727587,0.5630205760748312,0.6885794239251688
gaussian_blur,strong,standard_conformal,0.2,hybrid,0.7,acceptance_rate,3,3,True,0.37420000000000003,0.02527211902472764,0.31142057607483115,0.4369794239251689
gaussian_blur,strong,standard_conformal,0.2,hybrid,0.7,number_abstained,3,3,True,6258.0,252.72119024727627,5630.205760748311,6885.794239251689
gaussian_blur,strong,standard_conformal,0.2,hybrid,0.7,number_accepted,3,3,True,3742.0,252.72119024727627,3114.205760748311,4369.794239251689
gaussian_blur,strong,standard_conformal,0.2,hybrid,0.7,selective_accuracy,3,3,True,0.9698839654315932,0.013449179602240957,0.9364743511895631,1.0032935796736233
gaussian_blur,strong,standard_conformal,0.2,hybrid,0.7,selective_risk,3,3,True,0.030116034568406874,0.013449179602240957,-0.0032935796736231933,0.06352564881043694
gaussian_blur,strong,standard_conformal,0.2,hybrid,0.8,abstention_rate,3,3,True,0.6258,0.025272119024727587,0.5630205760748312,0.6885794239251688
gaussian_blur,strong,standard_conformal,0.2,hybrid,0.8,acceptance_rate,3,3,True,0.37420000000000003,0.02527211902472764,0.31142057607483115,0.4369794239251689
gaussian_blur,strong,standard_conformal,0.2,hybrid,0.8,number_abstained,3,3,True,6258.0,252.72119024727627,5630.205760748311,6885.794239251689
gaussian_blur,strong,standard_conformal,0.2,hybrid,0.8,number_accepted,3,3,True,3742.0,252.72119024727627,3114.205760748311,4369.794239251689
gaussian_blur,strong,standard_conformal,0.2,hybrid,0.8,selective_accuracy,3,3,True,0.9698839654315932,0.013449179602240957,0.9364743511895631,1.0032935796736233
gaussian_blur,strong,standard_conformal,0.2,hybrid,0.8,selective_risk,3,3,True,0.030116034568406874,0.013449179602240957,-0.0032935796736231933,0.06352564881043694
gaussian_blur,strong,standard_conformal,0.2,hybrid,0.9,abstention_rate,3,3,True,0.7331,0.008072793816269535,0.71304606844182,0.75315393155818
gaussian_blur,strong,standard_conformal,0.2,hybrid,0.9,acceptance_rate,3,3,True,0.26689999999999997,0.008072793816269568,0.24684606844181986,0.28695393155818005
gaussian_blur,strong,standard_conformal,0.2,hybrid,0.9,number_abstained,3,3,True,7331.0,80.72793816269557,7130.460684418199,7531.539315581801
gaussian_blur,strong,standard_conformal,0.2,hybrid,0.9,number_accepted,3,3,True,2669.0,80.72793816269557,2468.4606844181994,2869.5393155818006
gaussian_blur,strong,standard_conformal,0.2,hybrid,0.9,selective_accuracy,3,3,True,0.9858095758922326,0.00573304311197352,0.9715679072946887,1.0000512444897764
gaussian_blur,strong,standard_conformal,0.2,hybrid,0.9,selective_risk,3,3,True,0.014190424107767422,0.00573304311197352,-5.124448977647002e-05,0.028432092705311315
gaussian_blur,strong,standard_conformal,0.2,hybrid,0.95,abstention_rate,3,3,True,0.8300333333333333,0.01473578410989158,0.7934276163137404,0.8666390503529262
gaussian_blur,strong,standard_conformal,0.2,hybrid,0.95,acceptance_rate,3,3,True,0.16996666666666668,0.014735784109891582,0.13336094964707373,0.20657238368625963
gaussian_blur,strong,standard_conformal,0.2,hybrid,0.95,number_abstained,3,3,True,8300.333333333334,147.35784109891586,7934.276163137404,8666.390503529263
gaussian_blur,strong,standard_conformal,0.2,hybrid,0.95,number_accepted,3,3,True,1699.6666666666667,147.35784109891586,1333.6094964707372,2065.7238368625963
gaussian_blur,strong,standard_conformal,0.2,hybrid,0.95,selective_accuracy,3,3,True,0.9943770943507989,0.0028169597515613084,0.9873793783994627,1.0013748103021352
gaussian_blur,strong,standard_conformal,0.2,hybrid,0.95,selective_risk,3,3,True,0.005622905649201019,0.002816959751561309,-0.0013748103021352688,0.012620621600537308
gaussian_blur,strong,standard_conformal,0.2,singleton_conformal,,abstention_rate,3,3,True,0.6258,0.025272119024727587,0.5630205760748312,0.6885794239251688
gaussian_blur,strong,standard_conformal,0.2,singleton_conformal,,acceptance_rate,3,3,True,0.37420000000000003,0.02527211902472764,0.31142057607483115,0.4369794239251689
gaussian_blur,strong,standard_conformal,0.2,singleton_conformal,,number_abstained,3,3,True,6258.0,252.72119024727627,5630.205760748311,6885.794239251689
gaussian_blur,strong,standard_conformal,0.2,singleton_conformal,,number_accepted,3,3,True,3742.0,252.72119024727627,3114.205760748311,4369.794239251689
gaussian_blur,strong,standard_conformal,0.2,singleton_conformal,,selective_accuracy,3,3,True,0.9698839654315932,0.013449179602240957,0.9364743511895631,1.0032935796736233
gaussian_blur,strong,standard_conformal,0.2,singleton_conformal,,selective_risk,3,3,True,0.030116034568406874,0.013449179602240957,-0.0032935796736231933,0.06352564881043694
gaussian_blur,strong,standard_conformal,0.2,,,average_set_size,3,3,True,0.37420000000000003,0.02527211902472764,0.31142057607483115,0.4369794239251689
gaussian_blur,strong,standard_conformal,0.2,,,coverage_gap,3,3,True,-0.4372666666666667,0.020274696874018446,-0.48763180576572246,-0.3869015275676109
gaussian_blur,strong,standard_conformal,0.2,,,empirical_coverage,3,3,True,0.36273333333333335,0.020274696874018446,0.3123681942342776,0.4130984724323891
gaussian_blur,strong,standard_conformal,0.2,,,empty_set_rate,3,3,True,0.6258,0.025272119024727587,0.5630205760748312,0.6885794239251688
gaussian_blur,strong,standard_conformal,0.2,,,median_set_size,3,3,True,0.0,0.0,0.0,0.0
gaussian_blur,strong,standard_conformal,0.2,,,multiclass_set_rate,3,3,True,0.0,0.0,0.0,0.0
gaussian_blur,strong,standard_conformal,0.2,,,singleton_set_rate,3,3,True,0.37420000000000003,0.02527211902472764,0.31142057607483115,0.4369794239251689
gaussian_blur,strong,standard_conformal,0.2,,,worst_class_coverage,3,3,True,0.0,0.0,0.0,0.0
gaussian_blur,strong,temperature_scaled,,confidence_threshold,0.5,abstention_rate,3,3,True,0.2607333333333333,0.032435217485525414,0.18015978638871594,0.3413068802779507
gaussian_blur,strong,temperature_scaled,,confidence_threshold,0.5,acceptance_rate,3,3,True,0.7392666666666666,0.032435217485525365,0.6586931197220494,0.8198402136112839
gaussian_blur,strong,temperature_scaled,,confidence_threshold,0.5,number_abstained,3,3,True,2607.3333333333335,324.35217485525413,1801.5978638871595,3413.0688027795077
gaussian_blur,strong,temperature_scaled,,confidence_threshold,0.5,number_accepted,3,3,True,7392.666666666667,324.3521748552541,6586.931197220493,8198.402136112842
gaussian_blur,strong,temperature_scaled,,confidence_threshold,0.5,selective_accuracy,3,3,True,0.8636093974050102,0.042513834716942,0.7579991773135342,0.9692196174964862
gaussian_blur,strong,temperature_scaled,,confidence_threshold,0.5,selective_risk,3,3,True,0.1363906025949898,0.042513834716942,0.030780382503513767,0.24200082268646583
gaussian_blur,strong,temperature_scaled,,confidence_threshold,0.6,abstention_rate,3,3,True,0.3897333333333333,0.01723523522709608,0.34691863553481617,0.4325480311318505
gaussian_blur,strong,temperature_scaled,,confidence_threshold,0.6,acceptance_rate,3,3,True,0.6102666666666666,0.017235235227096104,0.5674519688681494,0.6530813644651838
gaussian_blur,strong,temperature_scaled,,confidence_threshold,0.6,number_abstained,3,3,True,3897.3333333333335,172.3523522709607,3469.1863553481626,4325.480311318504
gaussian_blur,strong,temperature_scaled,,confidence_threshold,0.6,number_accepted,3,3,True,6102.666666666667,172.35235227096072,5674.519688681496,6530.813644651838
gaussian_blur,strong,temperature_scaled,,confidence_threshold,0.6,selective_accuracy,3,3,True,0.9140035510115528,0.023481076685392534,0.8556733229048678,0.9723337791182379
gaussian_blur,strong,temperature_scaled,,confidence_threshold,0.6,selective_risk,3,3,True,0.08599644898844723,0.023481076685392534,0.02766622088176219,0.14432667709513228
gaussian_blur,strong,temperature_scaled,,confidence_threshold,0.7,abstention_rate,3,3,True,0.5019666666666667,0.010193298452087692,0.47664510957470935,0.5272882237586239
gaussian_blur,strong,temperature_scaled,,confidence_threshold,0.7,acceptance_rate,3,3,True,0.49803333333333333,0.010193298452087671,0.47271177624137606,0.5233548904252906
gaussian_blur,strong,temperature_scaled,,confidence_threshold,0.7,number_abstained,3,3,True,5019.666666666667,101.93298452087691,4766.451095747094,5272.88223758624
gaussian_blur,strong,temperature_scaled,,confidence_threshold,0.7,number_accepted,3,3,True,4980.333333333333,101.93298452087691,4727.11776241376,5233.548904252906
gaussian_blur,strong,temperature_scaled,,confidence_threshold,0.7,selective_accuracy,3,3,True,0.9447130962280718,0.015231052929106585,0.9068770632572127,0.9825491291989308
gaussian_blur,strong,temperature_scaled,,confidence_threshold,0.7,selective_risk,3,3,True,0.05528690377192828,0.015231052929106587,0.017450870801069274,0.09312293674278728
gaussian_blur,strong,temperature_scaled,,confidence_threshold,0.8,abstention_rate,3,3,True,0.6064666666666666,0.009810368664496421,0.5820963599010173,0.6308369734323159
gaussian_blur,strong,temperature_scaled,,confidence_threshold,0.8,acceptance_rate,3,3,True,0.39353333333333335,0.009810368664496421,0.36916302656768407,0.4179036400989826
gaussian_blur,strong,temperature_scaled,,confidence_threshold,0.8,number_abstained,3,3,True,6064.666666666667,98.10368664496424,5820.963599010174,6308.36973432316
gaussian_blur,strong,temperature_scaled,,confidence_threshold,0.8,number_accepted,3,3,True,3935.3333333333335,98.10368664496423,3691.6302656768407,4179.036400989827
gaussian_blur,strong,temperature_scaled,,confidence_threshold,0.8,selective_accuracy,3,3,True,0.9669757660394951,0.011461195342644174,0.9385045784670955,0.9954469536118947
gaussian_blur,strong,temperature_scaled,,confidence_threshold,0.8,selective_risk,3,3,True,0.033024233960504946,0.011461195342644174,0.004553046388105306,0.06149542153290459
gaussian_blur,strong,temperature_scaled,,confidence_threshold,0.9,abstention_rate,3,3,True,0.7331,0.008072793816269535,0.71304606844182,0.75315393155818
gaussian_blur,strong,temperature_scaled,,confidence_threshold,0.9,acceptance_rate,3,3,True,0.26689999999999997,0.008072793816269568,0.24684606844181986,0.28695393155818005
gaussian_blur,strong,temperature_scaled,,confidence_threshold,0.9,number_abstained,3,3,True,7331.0,80.72793816269557,7130.460684418199,7531.539315581801
gaussian_blur,strong,temperature_scaled,,confidence_threshold,0.9,number_accepted,3,3,True,2669.0,80.72793816269557,2468.4606844181994,2869.5393155818006
gaussian_blur,strong,temperature_scaled,,confidence_threshold,0.9,selective_accuracy,3,3,True,0.9858095758922326,0.00573304311197352,0.9715679072946887,1.0000512444897764
gaussian_blur,strong,temperature_scaled,,confidence_threshold,0.9,selective_risk,3,3,True,0.014190424107767422,0.00573304311197352,-5.124448977647002e-05,0.028432092705311315
gaussian_blur,strong,temperature_scaled,,confidence_threshold,0.95,abstention_rate,3,3,True,0.8300333333333333,0.01473578410989158,0.7934276163137404,0.8666390503529262
gaussian_blur,strong,temperature_scaled,,confidence_threshold,0.95,acceptance_rate,3,3,True,0.16996666666666668,0.014735784109891582,0.13336094964707373,0.20657238368625963
gaussian_blur,strong,temperature_scaled,,confidence_threshold,0.95,number_abstained,3,3,True,8300.333333333334,147.35784109891586,7934.276163137404,8666.390503529263
gaussian_blur,strong,temperature_scaled,,confidence_threshold,0.95,number_accepted,3,3,True,1699.6666666666667,147.35784109891586,1333.6094964707372,2065.7238368625963
gaussian_blur,strong,temperature_scaled,,confidence_threshold,0.95,selective_accuracy,3,3,True,0.9943770943507989,0.0028169597515613084,0.9873793783994627,1.0013748103021352
gaussian_blur,strong,temperature_scaled,,confidence_threshold,0.95,selective_risk,3,3,True,0.005622905649201019,0.002816959751561309,-0.0013748103021352688,0.012620621600537308
gaussian_blur,strong,temperature_scaled,,,,accuracy_confidence_gap,3,3,True,0.06767916158686078,0.05082405889174561,-0.058574799770344174,0.19393312294406573
gaussian_blur,strong,temperature_scaled,,,,brier_score,3,3,True,0.3416729361304478,0.0331016928998486,0.2594437724751557,0.4239020997857399
gaussian_blur,strong,temperature_scaled,,,,expected_calibration_error,3,3,True,0.0795115544791023,0.03195973060271877,0.00011918243150749186,0.1589039265266971
gaussian_blur,strong,temperature_scaled,,,,maximum_calibration_error,3,3,True,0.13342731090019602,0.05440052788901113,-0.0017110919680221048,0.26856571376841415
gaussian_blur,strong,temperature_scaled,,,,mean_confidence,3,3,True,0.6870875050798059,0.011141483815974946,0.6594105249676865,0.7147644851919253
gaussian_blur,strong,temperature_scaled,,,,negative_log_likelihood,3,3,True,0.6916366424103318,0.06275712570518584,0.5357392997650237,0.84753398505564
gaussian_noise,medium,class_conditional_conformal,0.05,,,average_set_size,3,3,True,1.1199000000000001,0.040916133737194695,1.0182586891644148,1.2215413108355855
gaussian_noise,medium,class_conditional_conformal,0.05,,,coverage_gap,3,3,True,-0.25466666666666665,0.0344466737629823,-0.34023694800565163,-0.16909638532768168
gaussian_noise,medium,class_conditional_conformal,0.05,,,empirical_coverage,3,3,True,0.6953333333333335,0.0344466737629823,0.6097630519943484,0.7809036146723185
gaussian_noise,medium,class_conditional_conformal,0.05,,,empty_set_rate,3,3,True,0.11373333333333334,0.003501904243884083,0.10503412093816236,0.12243254572850432
gaussian_noise,medium,class_conditional_conformal,0.05,,,median_set_size,3,3,True,1.0,0.0,1.0,1.0
gaussian_noise,medium,class_conditional_conformal,0.05,,,multiclass_set_rate,3,3,True,0.21753333333333333,0.036377099023057524,0.12716760980608005,0.3078990568605866
gaussian_noise,medium,class_conditional_conformal,0.05,,,singleton_set_rate,3,3,True,0.6687333333333333,0.034086996543158984,0.5840565397401689,0.7534101269264977
gaussian_noise,medium,class_conditional_conformal,0.05,,,worst_class_coverage,3,3,True,0.26166666666666666,0.03350124375800596,0.17844496365686371,0.34488836967646963
gaussian_noise,medium,class_conditional_conformal,0.1,,,average_set_size,3,3,True,0.8302666666666667,0.027335020273146562,0.7623627119546835,0.8981706213786499
gaussian_noise,medium,class_conditional_conformal,0.1,,,coverage_gap,3,3,True,-0.38186666666666663,0.030054006943057272,-0.4565249587031215,-0.3072083746302118
gaussian_noise,medium,class_conditional_conformal,0.1,,,empirical_coverage,3,3,True,0.5181333333333333,0.030054006943057272,0.44347504129687854,0.5927916253697881
gaussian_noise,medium,class_conditional_conformal,0.1,,,empty_set_rate,3,3,True,0.2503666666666667,0.012313542680046773,0.21977813092991527,0.2809552024034181
gaussian_noise,medium,class_conditional_conformal,0.1,,,median_set_size,3,3,True,1.0,0.0,1.0,1.0
gaussian_noise,medium,class_conditional_conformal,0.1,,,multiclass_set_rate,3,3,True,0.08063333333333333,0.015052353082934681,0.04324121538943395,0.11802545127723271
gaussian_noise,medium,class_conditional_conformal,0.1,,,singleton_set_rate,3,3,True,0.669,0.0030315012782448103,0.6614693333514928,0.6765306666485073
gaussian_noise,medium,class_conditional_conformal,0.1,,,worst_class_coverage,3,3,True,0.08700000000000001,0.0049999999999999975,0.07457931144124837,0.09942068855875165
gaussian_noise,medium,class_conditional_conformal,0.2,,,average_set_size,3,3,True,0.5437,0.025073491978581695,0.4814139930107358,0.6059860069892642
gaussian_noise,medium,class_conditional_conformal,0.2,,,coverage_gap,3,3,True,-0.48046666666666676,0.014350029035975242,-0.5161141149596451,-0.44481921837368843
gaussian_noise,medium,class_conditional_conformal,0.2,,,empirical_coverage,3,3,True,0.31953333333333334,0.014350029035975244,0.283885885040355,0.35518078162631167
gaussian_noise,medium,class_conditional_conformal,0.2,,,empty_set_rate,3,3,True,0.4585333333333333,0.022490961147388387,0.40266268857359433,0.5144039780930723
gaussian_noise,medium,class_conditional_conformal,0.2,,,median_set_size,3,3,True,1.0,0.0,1.0,1.0
gaussian_noise,medium,class_conditional_conformal,0.2,,,multiclass_set_rate,3,3,True,0.0022333333333333333,0.003438507428134093,-0.006308392641028204,0.010775059307694871
gaussian_noise,medium,class_conditional_conformal,0.2,,,singleton_set_rate,3,3,True,0.5392333333333333,0.02016564735715999,0.48913908825155383,0.5893275784151129
gaussian_noise,medium,class_conditional_conformal,0.2,,,worst_class_coverage,3,3,True,0.016,0.00608276253029822,0.0008895802068643339,0.03111041979313567
gaussian_noise,medium,raw_softmax,,,,accuracy,3,3,True,0.6917,0.045685555704182895,0.5782107881929688,0.8051892118070312
gaussian_noise,medium,raw_softmax,,,,accuracy_confidence_gap,3,3,True,-0.16019795721669994,0.05800515437878855,-0.3042907486849484,-0.0161051657484515
gaussian_noise,medium,raw_softmax,,,,brier_score,3,3,True,0.4560459381818613,0.08699191042493848,0.23994605287806495,0.6721458234856577
gaussian_noise,medium,raw_softmax,,,,evaluation_seconds,3,3,True,5.901308633338583,0.47811730508873834,4.71359940512721,7.089017861549955
gaussian_noise,medium,raw_softmax,,,,expected_calibration_error,3,3,True,0.16023537178834277,0.057976315491095456,0.016214220088577702,0.30425652348810783
gaussian_noise,medium,raw_softmax,,,,macro_f1,3,3,True,0.6765176347281905,0.04642249257929943,0.5611977702385029,0.791837499217878
gaussian_noise,medium,raw_softmax,,,,maximum_calibration_error,3,3,True,0.30236390310161443,0.08831473174436834,0.08297794747231502,0.5217498587309138
gaussian_noise,medium,raw_softmax,,,,mean_confidence,3,3,True,0.8518979572166998,0.0185940088299429,0.80570787866962,0.8980880357637796
gaussian_noise,medium,raw_softmax,,,,mean_inference_seconds_per_image,3,3,True,0.0005901308633338583,4.781173050887382e-05,0.00047135994051272106,0.0007089017861549955
gaussian_noise,medium,raw_softmax,,,,negative_log_likelihood,3,3,True,0.9647577607251169,0.23650845549857377,0.37723818727328506,1.5522773341769487
gaussian_noise,medium,raw_softmax,,,,sample_count,3,3,True,10000.0,0.0,10000.0,10000.0
gaussian_noise,medium,standard_conformal,0.05,hybrid,0.5,abstention_rate,3,3,True,0.19946666666666668,0.012458865651949761,0.1685171286550274,0.23041620467830595
gaussian_noise,medium,standard_conformal,0.05,hybrid,0.5,acceptance_rate,3,3,True,0.8005333333333334,0.012458865651949732,0.7695837953216942,0.8314828713449727
gaussian_noise,medium,standard_conformal,0.05,hybrid,0.5,number_abstained,3,3,True,1994.6666666666667,124.58865651949752,1685.1712865502743,2304.162046783059
gaussian_noise,medium,standard_conformal,0.05,hybrid,0.5,number_accepted,3,3,True,8005.333333333333,124.58865651949752,7695.837953216941,8314.828713449726
gaussian_noise,medium,standard_conformal,0.05,hybrid,0.5,selective_accuracy,3,3,True,0.759785960538173,0.05691189327030395,0.6184089802183012,0.9011629408580449
gaussian_noise,medium,standard_conformal,0.05,hybrid,0.5,selective_risk,3,3,True,0.24021403946182687,0.05691189327030396,0.09883705914195498,0.38159101978169874
gaussian_noise,medium,standard_conformal,0.05,hybrid,0.6,abstention_rate,3,3,True,0.2336,0.017707907838025366,0.18961111834336195,0.2775888816566381
gaussian_noise,medium,standard_conformal,0.05,hybrid,0.6,acceptance_rate,3,3,True,0.7664,0.017707907838025342,0.7224111183433619,0.810388881656638
gaussian_noise,medium,standard_conformal,0.05,hybrid,0.6,number_abstained,3,3,True,2336.0,177.0790783802536,1896.1111834336195,2775.8888165663807
gaussian_noise,medium,standard_conformal,0.05,hybrid,0.6,number_accepted,3,3,True,7664.0,177.0790783802536,7224.11118343362,8103.88881656638
gaussian_noise,medium,standard_conformal,0.05,hybrid,0.6,selective_accuracy,3,3,True,0.7762545639047623,0.06117286425199068,0.6242927448806086,0.9282163829289161
gaussian_noise,medium,standard_conformal,0.05,hybrid,0.6,selective_risk,3,3,True,0.22374543609523764,0.06117286425199067,0.07178361707108397,0.3757072551193913
gaussian_noise,medium,standard_conformal,0.05,hybrid,0.7,abstention_rate,3,3,True,0.2962,0.02934910560817825,0.22329277995258132,0.3691072200474187
gaussian_noise,medium,standard_conformal,0.05,hybrid,0.7,acceptance_rate,3,3,True,0.7037999999999999,0.02934910560817825,0.6308927799525812,0.7767072200474185
gaussian_noise,medium,standard_conformal,0.05,hybrid,0.7,number_abstained,3,3,True,2962.0,293.4910560817825,2232.927799525813,3691.072200474187
gaussian_noise,medium,standard_conformal,0.05,hybrid,0.7,number_accepted,3,3,True,7038.0,293.4910560817825,6308.927799525813,7767.072200474187
gaussian_noise,medium,standard_conformal,0.05,hybrid,0.7,selective_accuracy,3,3,True,0.8033649438884222,0.06860969285192535,0.6329290184833474,0.973800869293497
gaussian_noise,medium,standard_conformal,0.05,hybrid,0.7,selective_risk,3,3,True,0.19663505611157783,0.06860969285192535,0.02619913070650301,0.36707098151665263
gaussian_noise,medium,standard_conformal,0.05,hybrid,0.8,abstention_rate,3,3,True,0.3990666666666667,0.03583578286201285,0.31004564702904436,0.488087686304289
gaussian_noise,medium,standard_conformal,0.05,hybrid,0.8,acceptance_rate,3,3,True,0.6009333333333333,0.03583578286201285,0.511912313695711,0.6899543529709556
gaussian_noise,medium,standard_conformal,0.05,hybrid,0.8,number_abstained,3,3,True,3990.6666666666665,358.35782862012843,3100.4564702904436,4880.876863042889
gaussian_noise,medium,standard_conformal,0.05,hybrid,0.8,number_accepted,3,3,True,6009.333333333333,358.35782862012843,5119.123136957111,6899.5435297095555
gaussian_noise,medium,standard_conformal,0.05,hybrid,0.8,selective_accuracy,3,3,True,0.8487534598536494,0.07449602989259871,0.663695062621765,1.0338118570855337
gaussian_noise,medium,standard_conformal,0.05,hybrid,0.8,selective_risk,3,3,True,0.15124654014635053,0.0744960298925987,-0.0338118570855338,0.33630493737823486
gaussian_noise,medium,standard_conformal,0.05,hybrid,0.9,abstention_rate,3,3,True,0.5217333333333333,0.03089989212494652,0.44497374601673656,0.59849292064993
gaussian_noise,medium,standard_conformal,0.05,hybrid,0.9,acceptance_rate,3,3,True,0.4782666666666667,0.030899892124946565,0.40150707935006985,0.5550262539832634
gaussian_noise,medium,standard_conformal,0.05,hybrid,0.9,number_abstained,3,3,True,5217.333333333333,308.9989212494654,4449.7374601673655,5984.929206499301
gaussian_noise,medium,standard_conformal,0.05,hybrid,0.9,number_accepted,3,3,True,4782.666666666667,308.9989212494654,4015.0707935006994,5550.2625398326345
gaussian_noise,medium,standard_conformal,0.05,hybrid,0.9,selective_accuracy,3,3,True,0.9045353707867143,0.06880813753153411,0.7336064814693272,1.0754642601041016
gaussian_noise,medium,standard_conformal,0.05,hybrid,0.9,selective_risk,3,3,True,0.09546462921328565,0.06880813753153411,-0.0754642601041015,0.2663935185306728
gaussian_noise,medium,standard_conformal,0.05,hybrid,0.95,abstention_rate,3,3,True,0.6063666666666666,0.02619204713903314,0.5413020146206521,0.6714313187126811
gaussian_noise,medium,standard_conformal,0.05,hybrid,0.95,acceptance_rate,3,3,True,0.39363333333333334,0.026192047139033118,0.3285686812873188,0.45869798537934786
gaussian_noise,medium,standard_conformal,0.05,hybrid,0.95,number_abstained,3,3,True,6063.666666666667,261.9204713903313,5413.0201462065215,6714.313187126812
gaussian_noise,medium,standard_conformal,0.05,hybrid,0.95,number_accepted,3,3,True,3936.3333333333335,261.9204713903313,3285.686812873188,4586.9798537934785
gaussian_noise,medium,standard_conformal,0.05,hybrid,0.95,selective_accuracy,3,3,True,0.9452810135368274,0.050409957887002435,0.8200557361019787,1.070506290971676
gaussian_noise,medium,standard_conformal,0.05,hybrid,0.95,selective_risk,3,3,True,0.0547189864631726,0.050409957887002435,-0.07050629097167613,0.17994426389802134
gaussian_noise,medium,standard_conformal,0.05,singleton_conformal,,abstention_rate,3,3,True,0.16703333333333334,0.010435196851681003,0.14111086730453426,0.19295579936213242
gaussian_noise,medium,standard_conformal,0.05,singleton_conformal,,acceptance_rate,3,3,True,0.8329666666666666,0.01043519685168104,0.8070442006378674,0.8588891326954659
gaussian_noise,medium,standard_conformal,0.05,singleton_conformal,,number_abstained,3,3,True,1670.3333333333333,104.35196851681013,1411.1086730453421,1929.5579936213244
gaussian_noise,medium,standard_conformal,0.05,singleton_conformal,,number_accepted,3,3,True,8329.666666666666,104.35196851681013,8070.442006378675,8588.891326954657
gaussian_noise,medium,standard_conformal,0.05,singleton_conformal,,selective_accuracy,3,3,True,0.7442618868137698,0.052861728386116934,0.6129460738215138,0.8755776998060258
gaussian_noise,medium,standard_conformal,0.05,singleton_conformal,,selective_risk,3,3,True,0.2557381131862302,0.052861728386116934,0.12442230019397418,0.3870539261784862
gaussian_noise,medium,standard_conformal,0.05,,,average_set_size,3,3,True,1.1636,0.011001363551851159,1.136271097920171,1.190928902079829
gaussian_noise,medium,standard_conformal,0.05,,,coverage_gap,3,3,True,-0.19459999999999997,0.04472728473761851,-0.3057087347609131,-0.08349126523908687
gaussian_noise,medium,standard_conformal,0.05,,,empirical_coverage,3,3,True,0.7554,0.04472728473761851,0.6442912652390869,0.8665087347609131
gaussian_noise,medium,standard_conformal,0.05,,,empty_set_rate,3,3,True,0.0022,0.0011269427669584645,-0.0005994810263857853,0.004999481026385786
gaussian_noise,medium,standard_conformal,0.05,,,median_set_size,3,3,True,1.0,0.0,1.0,1.0
gaussian_noise,medium,standard_conformal,0.05,,,multiclass_set_rate,3,3,True,0.1648333333333333,0.010625598022386,0.13843788457602452,0.1912287820906421
gaussian_noise,medium,standard_conformal,0.05,,,singleton_set_rate,3,3,True,0.8329666666666666,0.01043519685168104,0.8070442006378674,0.8588891326954659
gaussian_noise,medium,standard_conformal,0.05,,,worst_class_coverage,3,3,True,0.14,0.027730849247724097,0.07111275160486531,0.20888724839513473
gaussian_noise,medium,standard_conformal,0.1,hybrid,0.5,abstention_rate,3,3,True,0.12186666666666666,0.021297495940446453,0.06896075383515407,0.17477257949817926
gaussian_noise,medium,standard_conformal,0.1,hybrid,0.5,acceptance_rate,3,3,True,0.8781333333333333,0.021297495940446484,0.8252274205018206,0.931039246164846
gaussian_noise,medium,standard_conformal,0.1,hybrid,0.5,number_abstained,3,3,True,1218.6666666666667,212.97495940446458,689.6075383515407,1747.7257949817927
gaussian_noise,medium,standard_conformal,0.1,hybrid,0.5,number_accepted,3,3,True,8781.333333333334,212.97495940446456,8252.274205018208,9310.39246164846
gaussian_noise,medium,standard_conformal,0.1,hybrid,0.5,selective_accuracy,3,3,True,0.7339010839131884,0.05616972975134694,0.594367739979043,0.8734344278473338
gaussian_noise,medium,standard_conformal,0.1,hybrid,0.5,selective_risk,3,3,True,0.26609891608681163,0.05616972975134694,0.12656557215266623,0.40563226002095704
gaussian_noise,medium,standard_conformal,0.1,hybrid,0.6,abstention_rate,3,3,True,0.19603333333333336,0.01984699809375044,0.14673065690361098,0.24533600976305575
gaussian_noise,medium,standard_conformal,0.1,hybrid,0.6,acceptance_rate,3,3,True,0.8039666666666667,0.019846998093750453,0.7546639902369443,0.8532693430963891
gaussian_noise,medium,standard_conformal,0.1,hybrid,0.6,number_abstained,3,3,True,1960.3333333333333,198.46998093750435,1467.3065690361095,2453.360097630557
gaussian_noise,medium,standard_conformal,0.1,hybrid,0.6,number_accepted,3,3,True,8039.666666666667,198.46998093750432,7546.639902369443,8532.693430963891
gaussian_noise,medium,standard_conformal,0.1,hybrid,0.6,selective_accuracy,3,3,True,0.7628276761842296,0.059964406636088485,0.6138678322967905,0.9117875200716687
gaussian_noise,medium,standard_conformal,0.1,hybrid,0.6,selective_risk,3,3,True,0.2371723238157704,0.05996440663608849,0.0882124799283312,0.3861321677032096
gaussian_noise,medium,standard_conformal,0.1,hybrid,0.7,abstention_rate,3,3,True,0.2948,0.03033166662087659,0.21945196308684176,0.37014803691315823
gaussian_noise,medium,standard_conformal,0.1,hybrid,0.7,acceptance_rate,3,3,True,0.7052,0.03033166662087662,0.6298519630868418,0.7805480369131583
gaussian_noise,medium,standard_conformal,0.1,hybrid,0.7,number_abstained,3,3,True,2948.0,303.31666620876604,2194.519630868417,3701.480369131583
gaussian_noise,medium,standard_conformal,0.1,hybrid,0.7,number_accepted,3,3,True,7052.0,303.31666620876604,6298.519630868417,7805.480369131583
gaussian_noise,medium,standard_conformal,0.1,hybrid,0.7,selective_accuracy,3,3,True,0.8028401951668092,0.06908058021927146,0.631234520694523,0.9744458696390953
gaussian_noise,medium,standard_conformal,0.1,hybrid,0.7,selective_risk,3,3,True,0.19715980483319082,0.06908058021927146,0.025554130360904675,0.368765479305477
gaussian_noise,medium,standard_conformal,0.1,hybrid,0.8,abstention_rate,3,3,True,0.3990666666666667,0.03583578286201285,0.31004564702904436,0.488087686304289
gaussian_noise,medium,standard_conformal,0.1,hybrid,0.8,acceptance_rate,3,3,True,0.6009333333333333,0.03583578286201285,0.511912313695711,0.6899543529709556
gaussian_noise,medium,standard_conformal,0.1,hybrid,0.8,number_abstained,3,3,True,3990.6666666666665,358.35782862012843,3100.4564702904436,4880.876863042889
gaussian_noise,medium,standard_conformal,0.1,hybrid,0.8,number_accepted,3,3,True,6009.333333333333,358.35782862012843,5119.123136957111,6899.5435297095555
gaussian_noise,medium,standard_conformal,0.1,hybrid,0.8,selective_accuracy,3,3,True,0.8487534598536494,0.07449602989259871,0.663695062621765,1.0338118570855337
gaussian_noise,medium,standard_conformal,0.1,hybrid,0.8,selective_risk,3,3,True,0.15124654014635053,0.0744960298925987,-0.0338118570855338,0.33630493737823486
gaussian_noise,medium,standard_conformal,0.1,hybrid,0.9,abstention_rate,3,3,True,0.5217333333333333,0.03089989212494652,0.44497374601673656,0.59849292064993
gaussian_noise,medium,standard_conformal,0.1,hybrid,0.9,acceptance_rate,3,3,True,0.4782666666666667,0.030899892124946565,0.40150707935006985,0.5550262539832634
gaussian_noise,medium,standard_conformal,0.1,hybrid,0.9,number_abstained,3,3,True,5217.333333333333,308.9989212494654,4449.7374601673655,5984.929206499301
gaussian_noise,medium,standard_conformal,0.1,hybrid,0.9,number_accepted,3,3,True,4782.666666666667,308.9989212494654,4015.0707935006994,5550.2625398326345
gaussian_noise,medium,standard_conformal,0.1,hybrid,0.9,selective_accuracy,3,3,True,0.9045353707867143,0.06880813753153411,0.7336064814693272,1.0754642601041016
gaussian_noise,medium,standard_conformal,0.1,hybrid,0.9,selective_risk,3,3,True,0.09546462921328565,0.06880813753153411,-0.0754642601041015,0.2663935185306728
gaussian_noise,medium,standard_conformal,0.1,hybrid,0.95,abstention_rate,3,3,True,0.6063666666666666,0.02619204713903314,0.5413020146206521,0.6714313187126811
gaussian_noise,medium,standard_conformal,0.1,hybrid,0.95,acceptance_rate,3,3,True,0.39363333333333334,0.026192047139033118,0.3285686812873188,0.45869798537934786
gaussian_noise,medium,standard_conformal,0.1,hybrid,0.95,number_abstained,3,3,True,6063.666666666667,261.9204713903313,5413.0201462065215,6714.313187126812
gaussian_noise,medium,standard_conformal,0.1,hybrid,0.95,number_accepted,3,3,True,3936.3333333333335,261.9204713903313,3285.686812873188,4586.9798537934785
gaussian_noise,medium,standard_conformal,0.1,hybrid,0.95,selective_accuracy,3,3,True,0.9452810135368274,0.050409957887002435,0.8200557361019787,1.070506290971676
gaussian_noise,medium,standard_conformal,0.1,hybrid,0.95,selective_risk,3,3,True,0.0547189864631726,0.050409957887002435,-0.07050629097167613,0.17994426389802134
gaussian_noise,medium,standard_conformal,0.1,singleton_conformal,,abstention_rate,3,3,True,0.12186666666666666,0.021297495940446453,0.06896075383515407,0.17477257949817926
gaussian_noise,medium,standard_conformal,0.1,singleton_conformal,,acceptance_rate,3,3,True,0.8781333333333333,0.021297495940446484,0.8252274205018206,0.931039246164846
gaussian_noise,medium,standard_conformal,0.1,singleton_conformal,,number_abstained,3,3,True,1218.6666666666667,212.97495940446458,689.6075383515407,1747.7257949817927
gaussian_noise,medium,standard_conformal,0.1,singleton_conformal,,number_accepted,3,3,True,8781.333333333334,212.97495940446456,8252.274205018208,9310.39246164846
gaussian_noise,medium,standard_conformal,0.1,singleton_conformal,,selective_accuracy,3,3,True,0.7339010839131884,0.05616972975134694,0.594367739979043,0.8734344278473338
gaussian_noise,medium,standard_conformal,0.1,singleton_conformal,,selective_risk,3,3,True,0.26609891608681163,0.05616972975134694,0.12656557215266623,0.40563226002095704
gaussian_noise,medium,standard_conformal,0.1,,,average_set_size,3,3,True,0.8781333333333333,0.021297495940446484,0.8252274205018206,0.931039246164846
gaussian_noise,medium,standard_conformal,0.1,,,coverage_gap,3,3,True,-0.25623333333333337,0.03675953391071942,-0.3475490777873166,-0.16491758887935015
gaussian_noise,medium,standard_conformal,0.1,,,empirical_coverage,3,3,True,0.6437666666666667,0.03675953391071942,0.5524509222126834,0.73508241112065
gaussian_noise,medium,standard_conformal,0.1,,,empty_set_rate,3,3,True,0.12186666666666666,0.021297495940446453,0.06896075383515407,0.17477257949817926
gaussian_noise,medium,standard_conformal,0.1,,,median_set_size,3,3,True,1.0,0.0,1.0,1.0
gaussian_noise,medium,standard_conformal,0.1,,,multiclass_set_rate,3,3,True,0.0,0.0,0.0,0.0
gaussian_noise,medium,standard_conformal,0.1,,,singleton_set_rate,3,3,True,0.8781333333333333,0.021297495940446484,0.8252274205018206,0.931039246164846
gaussian_noise,medium,standard_conformal,0.1,,,worst_class_coverage,3,3,True,0.042333333333333334,0.00832666399786453,0.021648753283164283,0.06301791338350238
gaussian_noise,medium,standard_conformal,0.2,hybrid,0.5,abstention_rate,3,3,True,0.4188,0.047845166945053065,0.29994601646680336,0.5376539835331966
gaussian_noise,medium,standard_conformal,0.2,hybrid,0.5,acceptance_rate,3,3,True,0.5812,0.04784516694505309,0.46234601646680334,0.7000539835331968
gaussian_noise,medium,standard_conformal,0.2,hybrid,0.5,number_abstained,3,3,True,4188.0,478.4516694505308,2999.460164668033,5376.539835331967
gaussian_noise,medium,standard_conformal,0.2,hybrid,0.5,number_accepted,3,3,True,5812.0,478.4516694505308,4623.460164668033,7000.539835331967
gaussian_noise,medium,standard_conformal,0.2,hybrid,0.5,selective_accuracy,3,3,True,0.8588619337821316,0.07994712208790626,0.6602622728576559,1.0574615947066073
gaussian_noise,medium,standard_conformal,0.2,hybrid,0.5,selective_risk,3,3,True,0.1411380662178685,0.07994712208790626,-0.05746159470660722,0.33973772714234424
gaussian_noise,medium,standard_conformal,0.2,hybrid,0.6,abstention_rate,3,3,True,0.4188,0.047845166945053065,0.29994601646680336,0.5376539835331966
gaussian_noise,medium,standard_conformal,0.2,hybrid,0.6,acceptance_rate,3,3,True,0.5812,0.04784516694505309,0.46234601646680334,0.7000539835331968
gaussian_noise,medium,standard_conformal,0.2,hybrid,0.6,number_abstained,3,3,True,4188.0,478.4516694505308,2999.460164668033,5376.539835331967
gaussian_noise,medium,standard_conformal,0.2,hybrid,0.6,number_accepted,3,3,True,5812.0,478.4516694505308,4623.460164668033,7000.539835331967
gaussian_noise,medium,standard_conformal,0.2,hybrid,0.6,selective_accuracy,3,3,True,0.8588619337821316,0.07994712208790626,0.6602622728576559,1.0574615947066073
gaussian_noise,medium,standard_conformal,0.2,hybrid,0.6,selective_risk,3,3,True,0.1411380662178685,0.07994712208790626,-0.05746159470660722,0.33973772714234424
gaussian_noise,medium,standard_conformal,0.2,hybrid,0.7,abstention_rate,3,3,True,0.4188,0.047845166945053065,0.29994601646680336,0.5376539835331966
gaussian_noise,medium,standard_conformal,0.2,hybrid,0.7,acceptance_rate,3,3,True,0.5812,0.04784516694505309,0.46234601646680334,0.7000539835331968
gaussian_noise,medium,standard_conformal,0.2,hybrid,0.7,number_abstained,3,3,True,4188.0,478.4516694505308,2999.460164668033,5376.539835331967
gaussian_noise,medium,standard_conformal,0.2,hybrid,0.7,number_accepted,3,3,True,5812.0,478.4516694505308,4623.460164668033,7000.539835331967
gaussian_noise,medium,standard_conformal,0.2,hybrid,0.7,selective_accuracy,3,3,True,0.8588619337821316,0.07994712208790626,0.6602622728576559,1.0574615947066073
gaussian_noise,medium,standard_conformal,0.2,hybrid,0.7,selective_risk,3,3,True,0.1411380662178685,0.07994712208790626,-0.05746159470660722,0.33973772714234424
gaussian_noise,medium,standard_conformal,0.2,hybrid,0.8,abstention_rate,3,3,True,0.4188,0.047845166945053065,0.29994601646680336,0.5376539835331966
gaussian_noise,medium,standard_conformal,0.2,hybrid,0.8,acceptance_rate,3,3,True,0.5812,0.04784516694505309,0.46234601646680334,0.7000539835331968
gaussian_noise,medium,standard_conformal,0.2,hybrid,0.8,number_abstained,3,3,True,4188.0,478.4516694505308,2999.460164668033,5376.539835331967
gaussian_noise,medium,standard_conformal,0.2,hybrid,0.8,number_accepted,3,3,True,5812.0,478.4516694505308,4623.460164668033,7000.539835331967
gaussian_noise,medium,standard_conformal,0.2,hybrid,0.8,selective_accuracy,3,3,True,0.8588619337821316,0.07994712208790626,0.6602622728576559,1.0574615947066073
gaussian_noise,medium,standard_conformal,0.2,hybrid,0.8,selective_risk,3,3,True,0.1411380662178685,0.07994712208790626,-0.05746159470660722,0.33973772714234424
gaussian_noise,medium,standard_conformal,0.2,hybrid,0.9,abstention_rate,3,3,True,0.5217333333333333,0.03089989212494652,0.44497374601673656,0.59849292064993
gaussian_noise,medium,standard_conformal,0.2,hybrid,0.9,acceptance_rate,3,3,True,0.4782666666666667,0.030899892124946565,0.40150707935006985,0.5550262539832634
gaussian_noise,medium,standard_conformal,0.2,hybrid,0.9,number_abstained,3,3,True,5217.333333333333,308.9989212494654,4449.7374601673655,5984.929206499301
gaussian_noise,medium,standard_conformal,0.2,hybrid,0.9,number_accepted,3,3,True,4782.666666666667,308.9989212494654,4015.0707935006994,5550.2625398326345
gaussian_noise,medium,standard_conformal,0.2,hybrid,0.9,selective_accuracy,3,3,True,0.9045353707867143,0.06880813753153411,0.7336064814693272,1.0754642601041016
gaussian_noise,medium,standard_conformal,0.2,hybrid,0.9,selective_risk,3,3,True,0.09546462921328565,0.06880813753153411,-0.0754642601041015,0.2663935185306728
gaussian_noise,medium,standard_conformal,0.2,hybrid,0.95,abstention_rate,3,3,True,0.6063666666666666,0.02619204713903314,0.5413020146206521,0.6714313187126811
gaussian_noise,medium,standard_conformal,0.2,hybrid,0.95,acceptance_rate,3,3,True,0.39363333333333334,0.026192047139033118,0.3285686812873188,0.45869798537934786
gaussian_noise,medium,standard_conformal,0.2,hybrid,0.95,number_abstained,3,3,True,6063.666666666667,261.9204713903313,5413.0201462065215,6714.313187126812
gaussian_noise,medium,standard_conformal,0.2,hybrid,0.95,number_accepted,3,3,True,3936.3333333333335,261.9204713903313,3285.686812873188,4586.9798537934785
gaussian_noise,medium,standard_conformal,0.2,hybrid,0.95,selective_accuracy,3,3,True,0.9452810135368274,0.050409957887002435,0.8200557361019787,1.070506290971676
gaussian_noise,medium,standard_conformal,0.2,hybrid,0.95,selective_risk,3,3,True,0.0547189864631726,0.050409957887002435,-0.07050629097167613,0.17994426389802134
gaussian_noise,medium,standard_conformal,0.2,singleton_conformal,,abstention_rate,3,3,True,0.4188,0.047845166945053065,0.29994601646680336,0.5376539835331966
gaussian_noise,medium,standard_conformal,0.2,singleton_conformal,,acceptance_rate,3,3,True,0.5812,0.04784516694505309,0.46234601646680334,0.7000539835331968
gaussian_noise,medium,standard_conformal,0.2,singleton_conformal,,number_abstained,3,3,True,4188.0,478.4516694505308,2999.460164668033,5376.539835331967
gaussian_noise,medium,standard_conformal,0.2,singleton_conformal,,number_accepted,3,3,True,5812.0,478.4516694505308,4623.460164668033,7000.539835331967
gaussian_noise,medium,standard_conformal,0.2,singleton_conformal,,selective_accuracy,3,3,True,0.8588619337821316,0.07994712208790626,0.6602622728576559,1.0574615947066073
gaussian_noise,medium,standard_conformal,0.2,singleton_conformal,,selective_risk,3,3,True,0.1411380662178685,0.07994712208790626,-0.05746159470660722,0.33973772714234424
gaussian_noise,medium,standard_conformal,0.2,,,average_set_size,3,3,True,0.5812,0.04784516694505309,0.46234601646680334,0.7000539835331968
gaussian_noise,medium,standard_conformal,0.2,,,coverage_gap,3,3,True,-0.3033333333333334,0.01208649383954391,-0.33335784848298244,-0.27330881818368435
gaussian_noise,medium,standard_conformal,0.2,,,empirical_coverage,3,3,True,0.4966666666666666,0.012086493839543909,0.46664215151701754,0.5266911818163157
gaussian_noise,medium,standard_conformal,0.2,,,empty_set_rate,3,3,True,0.4188,0.047845166945053065,0.29994601646680336,0.5376539835331966
gaussian_noise,medium,standard_conformal,0.2,,,median_set_size,3,3,True,1.0,0.0,1.0,1.0
gaussian_noise,medium,standard_conformal,0.2,,,multiclass_set_rate,3,3,True,0.0,0.0,0.0,0.0
gaussian_noise,medium,standard_conformal,0.2,,,singleton_set_rate,3,3,True,0.5812,0.04784516694505309,0.46234601646680334,0.7000539835331968
gaussian_noise,medium,standard_conformal,0.2,,,worst_class_coverage,3,3,True,0.006999999999999999,0.003999999999999999,-0.0029365508470013194,0.016936550847001318
gaussian_noise,medium,temperature_scaled,,confidence_threshold,0.5,abstention_rate,3,3,True,0.09386666666666667,0.01546167304444552,0.05545774157020601,0.1322755917631273
gaussian_noise,medium,temperature_scaled,,confidence_threshold,0.5,acceptance_rate,3,3,True,0.9061333333333333,0.015461673044445517,0.8677244082368727,0.944542258429794
gaussian_noise,medium,temperature_scaled,,confidence_threshold,0.5,number_abstained,3,3,True,938.6666666666666,154.61673044445524,554.57741570206,1322.7559176312734
gaussian_noise,medium,temperature_scaled,,confidence_threshold,0.5,number_accepted,3,3,True,9061.333333333334,154.61673044445524,8677.244082368727,9445.422584297941
gaussian_noise,medium,temperature_scaled,,confidence_threshold,0.5,selective_accuracy,3,3,True,0.7243061867749253,0.0534037735903402,0.5916438588493849,0.8569685147004658
gaussian_noise,medium,temperature_scaled,,confidence_threshold,0.5,selective_risk,3,3,True,0.27569381322507464,0.0534037735903402,0.14303148529953422,0.408356141150615
gaussian_noise,medium,temperature_scaled,,confidence_threshold,0.6,abstention_rate,3,3,True,0.19603333333333336,0.01984699809375044,0.14673065690361098,0.24533600976305575
gaussian_noise,medium,temperature_scaled,,confidence_threshold,0.6,acceptance_rate,3,3,True,0.8039666666666667,0.019846998093750453,0.7546639902369443,0.8532693430963891
gaussian_noise,medium,temperature_scaled,,confidence_threshold,0.6,number_abstained,3,3,True,1960.3333333333333,198.46998093750435,1467.3065690361095,2453.360097630557
gaussian_noise,medium,temperature_scaled,,confidence_threshold,0.6,number_accepted,3,3,True,8039.666666666667,198.46998093750432,7546.639902369443,8532.693430963891
gaussian_noise,medium,temperature_scaled,,confidence_threshold,0.6,selective_accuracy,3,3,True,0.7628276761842296,0.059964406636088485,0.6138678322967905,0.9117875200716687
gaussian_noise,medium,temperature_scaled,,confidence_threshold,0.6,selective_risk,3,3,True,0.2371723238157704,0.05996440663608849,0.0882124799283312,0.3861321677032096
gaussian_noise,medium,temperature_scaled,,confidence_threshold,0.7,abstention_rate,3,3,True,0.2948,0.03033166662087659,0.21945196308684176,0.37014803691315823
gaussian_noise,medium,temperature_scaled,,confidence_threshold,0.7,acceptance_rate,3,3,True,0.7052,0.03033166662087662,0.6298519630868418,0.7805480369131583
gaussian_noise,medium,temperature_scaled,,confidence_threshold,0.7,number_abstained,3,3,True,2948.0,303.31666620876604,2194.519630868417,3701.480369131583
gaussian_noise,medium,temperature_scaled,,confidence_threshold,0.7,number_accepted,3,3,True,7052.0,303.31666620876604,6298.519630868417,7805.480369131583
gaussian_noise,medium,temperature_scaled,,confidence_threshold,0.7,selective_accuracy,3,3,True,0.8028401951668092,0.06908058021927146,0.631234520694523,0.9744458696390953
gaussian_noise,medium,temperature_scaled,,confidence_threshold,0.7,selective_risk,3,3,True,0.19715980483319082,0.06908058021927146,0.025554130360904675,0.368765479305477
gaussian_noise,medium,temperature_scaled,,confidence_threshold,0.8,abstention_rate,3,3,True,0.3990666666666667,0.03583578286201285,0.31004564702904436,0.488087686304289
gaussian_noise,medium,temperature_scaled,,confidence_threshold,0.8,acceptance_rate,3,3,True,0.6009333333333333,0.03583578286201285,0.511912313695711,0.6899543529709556
gaussian_noise,medium,temperature_scaled,,confidence_threshold,0.8,number_abstained,3,3,True,3990.6666666666665,358.35782862012843,3100.4564702904436,4880.876863042889
gaussian_noise,medium,temperature_scaled,,confidence_threshold,0.8,number_accepted,3,3,True,6009.333333333333,358.35782862012843,5119.123136957111,6899.5435297095555
gaussian_noise,medium,temperature_scaled,,confidence_threshold,0.8,selective_accuracy,3,3,True,0.8487534598536494,0.07449602989259871,0.663695062621765,1.0338118570855337
gaussian_noise,medium,temperature_scaled,,confidence_threshold,0.8,selective_risk,3,3,True,0.15124654014635053,0.0744960298925987,-0.0338118570855338,0.33630493737823486
gaussian_noise,medium,temperature_scaled,,confidence_threshold,0.9,abstention_rate,3,3,True,0.5217333333333333,0.03089989212494652,0.44497374601673656,0.59849292064993
gaussian_noise,medium,temperature_scaled,,confidence_threshold,0.9,acceptance_rate,3,3,True,0.4782666666666667,0.030899892124946565,0.40150707935006985,0.5550262539832634
gaussian_noise,medium,temperature_scaled,,confidence_threshold,0.9,number_abstained,3,3,True,5217.333333333333,308.9989212494654,4449.7374601673655,5984.929206499301
gaussian_noise,medium,temperature_scaled,,confidence_threshold,0.9,number_accepted,3,3,True,4782.666666666667,308.9989212494654,4015.0707935006994,5550.2625398326345
gaussian_noise,medium,temperature_scaled,,confidence_threshold,0.9,selective_accuracy,3,3,True,0.9045353707867143,0.06880813753153411,0.7336064814693272,1.0754642601041016
gaussian_noise,medium,temperature_scaled,,confidence_threshold,0.9,selective_risk,3,3,True,0.09546462921328565,0.06880813753153411,-0.0754642601041015,0.2663935185306728
gaussian_noise,medium,temperature_scaled,,confidence_threshold,0.95,abstention_rate,3,3,True,0.6063666666666666,0.02619204713903314,0.5413020146206521,0.6714313187126811
gaussian_noise,medium,temperature_scaled,,confidence_threshold,0.95,acceptance_rate,3,3,True,0.39363333333333334,0.026192047139033118,0.3285686812873188,0.45869798537934786
gaussian_noise,medium,temperature_scaled,,confidence_threshold,0.95,number_abstained,3,3,True,6063.666666666667,261.9204713903313,5413.0201462065215,6714.313187126812
gaussian_noise,medium,temperature_scaled,,confidence_threshold,0.95,number_accepted,3,3,True,3936.3333333333335,261.9204713903313,3285.686812873188,4586.9798537934785
gaussian_noise,medium,temperature_scaled,,confidence_threshold,0.95,selective_accuracy,3,3,True,0.9452810135368274,0.050409957887002435,0.8200557361019787,1.070506290971676
gaussian_noise,medium,temperature_scaled,,confidence_threshold,0.95,selective_risk,3,3,True,0.0547189864631726,0.050409957887002435,-0.07050629097167613,0.17994426389802134
gaussian_noise,medium,temperature_scaled,,,,accuracy_confidence_gap,3,3,True,-0.11933631015668311,0.05983247127998174,-0.2679684084505043,0.029295788137138068
gaussian_noise,medium,temperature_scaled,,,,brier_score,3,3,True,0.43198087738034524,0.07918348980962922,0.23527818419624733,0.6286835705644431
gaussian_noise,medium,temperature_scaled,,,,expected_calibration_error,3,3,True,0.12002920442571242,0.060157227748807676,-0.029409633659454135,0.26946804251087897
gaussian_noise,medium,temperature_scaled,,,,maximum_calibration_error,3,3,True,0.22822818385245278,0.09532002066932807,-0.00855987417704604,0.46501624188195156
gaussian_noise,medium,temperature_scaled,,,,mean_confidence,3,3,True,0.8110363101566831,0.014146915956172783,0.7758934227249918,0.8461791975883743
gaussian_noise,medium,temperature_scaled,,,,negative_log_likelihood,3,3,True,0.8505990674655841,0.17092028634469858,0.4260095384535534,1.2751885964776148
gaussian_noise,mild,class_conditional_conformal,0.05,,,average_set_size,3,3,True,1.231,0.0015874507866387054,1.2270565536353633,1.234943446364637
gaussian_noise,mild,class_conditional_conformal,0.05,,,coverage_gap,3,3,True,-0.04379999999999995,0.002443358344574147,-0.049869638607076446,-0.037730361392923455
gaussian_noise,mild,class_conditional_conformal,0.05,,,empirical_coverage,3,3,True,0.9062,0.002443358344574147,0.9001303613929235,0.9122696386070765
gaussian_noise,mild,class_conditional_conformal,0.05,,,empty_set_rate,3,3,True,0.030233333333333334,0.004476978147515726,0.019111903082407386,0.04135476358425928
gaussian_noise,mild,class_conditional_conformal,0.05,,,median_set_size,3,3,True,1.0,0.0,1.0,1.0
gaussian_noise,mild,class_conditional_conformal,0.05,,,multiclass_set_rate,3,3,True,0.23563333333333336,0.005291817583149785,0.2224877297113275,0.24877893695533923
gaussian_noise,mild,class_conditional_conformal,0.05,,,singleton_set_rate,3,3,True,0.7341333333333333,0.009768486747359294,0.7098670670174848,0.7583995996491818
gaussian_noise,mild,class_conditional_conformal,0.05,,,worst_class_coverage,3,3,True,0.7486666666666667,0.013576941236277546,0.7149396749314115,0.7823936584019219
gaussian_noise,mild,class_conditional_conformal,0.1,,,average_set_size,3,3,True,1.0089666666666668,0.009975135755133067,0.9841870557575116,1.033746277575822
gaussian_noise,mild,class_conditional_conformal,0.1,,,coverage_gap,3,3,True,-0.10063333333333335,0.0024006943440041386,-0.10659698868765975,-0.09466967797900695
gaussian_noise,mild,class_conditional_conformal,0.1,,,empirical_coverage,3,3,True,0.7993666666666667,0.0024006943440041386,0.7934030113123403,0.8053303220209931
gaussian_noise,mild,class_conditional_conformal,0.1,,,empty_set_rate,3,3,True,0.0943,0.00486929152957594,0.08220400928187396,0.10639599071812603
gaussian_noise,mild,class_conditional_conformal,0.1,,,median_set_size,3,3,True,1.0,0.0,1.0,1.0
gaussian_noise,mild,class_conditional_conformal,0.1,,,multiclass_set_rate,3,3,True,0.103,0.0056293871780150285,0.08901582701704909,0.1169841729829509
gaussian_noise,mild,class_conditional_conformal,0.1,,,singleton_set_rate,3,3,True,0.8027000000000001,0.0032046840717923804,0.794739123443015,0.8106608765569852
gaussian_noise,mild,class_conditional_conformal,0.1,,,worst_class_coverage,3,3,True,0.5213333333333333,0.019035055380358996,0.4740476344177275,0.5686190322489392
gaussian_noise,mild,class_conditional_conformal,0.2,,,average_set_size,3,3,True,0.7342,0.021746953809671836,0.6801775719257016,0.7882224280742983
gaussian_noise,mild,class_conditional_conformal,0.2,,,coverage_gap,3,3,True,-0.17666666666666672,0.013432919762037327,-0.2100358892264599,-0.14329744410687353
gaussian_noise,mild,class_conditional_conformal,0.2,,,empirical_coverage,3,3,True,0.6233333333333334,0.013432919762037327,0.5899641107735402,0.6567025558931266
gaussian_noise,mild,class_conditional_conformal,0.2,,,empty_set_rate,3,3,True,0.26789999999999997,0.02132627487396709,0.21492259633442481,0.32087740366557516
gaussian_noise,mild,class_conditional_conformal,0.2,,,median_set_size,3,3,True,1.0,0.0,1.0,1.0
gaussian_noise,mild,class_conditional_conformal,0.2,,,multiclass_set_rate,3,3,True,0.0021,0.0015874507866387542,-0.0018434463646370565,0.006043446364637056
gaussian_noise,mild,class_conditional_conformal,0.2,,,singleton_set_rate,3,3,True,0.73,0.021017373765530305,0.6777899492270941,0.7822100507729058
gaussian_noise,mild,class_conditional_conformal,0.2,,,worst_class_coverage,3,3,True,0.25166666666666665,0.05372460640463859,0.11820734584796061,0.3851259874853727
gaussian_noise,mild,raw_softmax,,,,accuracy,3,3,True,0.8581666666666666,0.006213158080504103,0.8427323263698201,0.8736010069635132
gaussian_noise,mild,raw_softmax,,,,accuracy_confidence_gap,3,3,True,-0.035491424248119206,0.013211479893413236,-0.06831055967937825,-0.0026722888168601577
gaussian_noise,mild,raw_softmax,,,,brier_score,3,3,True,0.2011231039229886,0.01118387983675334,0.17334080625682552,0.22890540158915168
gaussian_noise,mild,raw_softmax,,,,evaluation_seconds,3,3,True,5.349914599995827,0.9065558688519303,3.097904978372161,7.601924221619494
gaussian_noise,mild,raw_softmax,,,,expected_calibration_error,3,3,True,0.035491424248119165,0.01321147989341327,0.002672288816860026,0.0683105596793783
gaussian_noise,mild,raw_softmax,,,,macro_f1,3,3,True,0.857452105606936,0.005872183614937407,0.8428647928387476,0.8720394183751243
gaussian_noise,mild,raw_softmax,,,,maximum_calibration_error,3,3,True,0.17025528160514083,0.09052108064400163,-0.05461154853101649,0.3951221117412982
gaussian_noise,mild,raw_softmax,,,,mean_confidence,3,3,True,0.8936580909147859,0.009010096556148752,0.871275770273145,0.9160404115564268
gaussian_noise,mild,raw_softmax,,,,mean_inference_seconds_per_image,3,3,True,0.0005349914599995827,9.065558688519304e-05,0.000309790497837216,0.0007601924221619493
gaussian_noise,mild,raw_softmax,,,,negative_log_likelihood,3,3,True,0.38639305937093926,0.027541736026218497,0.3179755942611372,0.45481052448074133
gaussian_noise,mild,raw_softmax,,,,sample_count,3,3,True,10000.0,0.0,10000.0,10000.0
gaussian_noise,mild,standard_conformal,0.05,hybrid,0.5,abstention_rate,3,3,True,0.15556666666666666,0.005085600587279077,0.14293333446090709,0.16819999887242623
gaussian_noise,mild,standard_conformal,0.05,hybrid,0.5,acceptance_rate,3,3,True,0.8444333333333333,0.005085600587279089,0.8318000011275737,0.8570666655390928
gaussian_noise,mild,standard_conformal,0.05,hybrid,0.5,number_abstained,3,3,True,1555.6666666666667,50.85600587279081,1429.3333446090708,1681.9999887242627
gaussian_noise,mild,standard_conformal,0.05,hybrid,0.5,number_accepted,3,3,True,8444.333333333334,50.85600587279081,8318.000011275739,8570.666655390929
gaussian_noise,mild,standard_conformal,0.05,hybrid,0.5,selective_accuracy,3,3,True,0.9178343815102538,0.005763204517003308,0.903517787829036,0.9321509751914715
gaussian_noise,mild,standard_conformal,0.05,hybrid,0.5,selective_risk,3,3,True,0.08216561848974624,0.005763204517003308,0.06784902480852847,0.096482212170964
gaussian_noise,mild,standard_conformal,0.05,hybrid,0.6,abstention_rate,3,3,True,0.17406666666666668,0.002990540642314261,0.16663775187857177,0.18149558145476158
gaussian_noise,mild,standard_conformal,0.05,hybrid,0.6,acceptance_rate,3,3,True,0.8259333333333334,0.002990540642314261,0.8185044185452385,0.8333622481214283
gaussian_noise,mild,standard_conformal,0.05,hybrid,0.6,number_abstained,3,3,True,1740.6666666666667,29.905406423142512,1666.377518785718,1814.9558145476155
gaussian_noise,mild,standard_conformal,0.05,hybrid,0.6,number_accepted,3,3,True,8259.333333333334,29.905406423142512,8185.044185452385,8333.622481214283
gaussian_noise,mild,standard_conformal,0.05,hybrid,0.6,selective_accuracy,3,3,True,0.9272978141786846,0.007000463262524747,0.9099076993885241,0.9446879289688451
gaussian_noise,mild,standard_conformal,0.05,hybrid,0.6,selective_risk,3,3,True,0.07270218582131545,0.007000463262524747,0.05531207103115497,0.09009230061147593
gaussian_noise,mild,standard_conformal,0.05,hybrid,0.7,abstention_rate,3,3,True,0.20906666666666665,0.0042027768598075005,0.19862639017514722,0.21950694315818609
gaussian_noise,mild,standard_conformal,0.05,hybrid,0.7,acceptance_rate,3,3,True,0.7909333333333333,0.004202776859807492,0.7804930568418138,0.8013736098248527
gaussian_noise,mild,standard_conformal,0.05,hybrid,0.7,number_abstained,3,3,True,2090.6666666666665,42.027768598074935,1986.2639017514723,2195.069431581861
gaussian_noise,mild,standard_conformal,0.05,hybrid,0.7,number_accepted,3,3,True,7909.333333333333,42.02776859807493,7804.930568418139,8013.736098248527
gaussian_noise,mild,standard_conformal,0.05,hybrid,0.7,selective_accuracy,3,3,True,0.9423669649943754,0.009282652229444402,0.9193075785261493,0.9654263514626016
gaussian_noise,mild,standard_conformal,0.05,hybrid,0.7,selective_risk,3,3,True,0.057633035005624556,0.009282652229444402,0.03457364853739844,0.08069242147385067
gaussian_noise,mild,standard_conformal,0.05,hybrid,0.8,abstention_rate,3,3,True,0.2832333333333334,0.0025026652459594636,0.2770163682159586,0.2894502984507082
gaussian_noise,mild,standard_conformal,0.05,hybrid,0.8,acceptance_rate,3,3,True,0.7167666666666666,0.002502665245959465,0.7105497015492918,0.7229836317840413
gaussian_noise,mild,standard_conformal,0.05,hybrid,0.8,number_abstained,3,3,True,2832.3333333333335,25.026652459594615,2770.1636821595853,2894.5029845070817
gaussian_noise,mild,standard_conformal,0.05,hybrid,0.8,number_accepted,3,3,True,7167.666666666667,25.026652459594615,7105.497015492919,7229.836317840415
gaussian_noise,mild,standard_conformal,0.05,hybrid,0.8,selective_accuracy,3,3,True,0.9646237038318114,0.00782718981658934,0.9451798864313936,0.9840675212322292
gaussian_noise,mild,standard_conformal,0.05,hybrid,0.8,selective_risk,3,3,True,0.035376296168188714,0.00782718981658934,0.015932478767770986,0.05482011356860644
gaussian_noise,mild,standard_conformal,0.05,hybrid,0.9,abstention_rate,3,3,True,0.3774666666666667,0.001266227994214846,0.3743211819545636,0.38061215137876975
gaussian_noise,mild,standard_conformal,0.05,hybrid,0.9,acceptance_rate,3,3,True,0.6225333333333333,0.0012662279942148673,0.6193878486212301,0.6256788180454365
gaussian_noise,mild,standard_conformal,0.05,hybrid,0.9,number_abstained,3,3,True,3774.6666666666665,12.662279942148386,3743.211819545636,3806.121513787697
gaussian_noise,mild,standard_conformal,0.05,hybrid,0.9,number_accepted,3,3,True,6225.333333333333,12.662279942148386,6193.878486212302,6256.788180454364
gaussian_noise,mild,standard_conformal,0.05,hybrid,0.9,selective_accuracy,3,3,True,0.9849487450128741,0.004574586288464591,0.9735848426980432,0.996312647327705
gaussian_noise,mild,standard_conformal,0.05,hybrid,0.9,selective_risk,3,3,True,0.015051254987126006,0.004574586288464591,0.003687352672295141,0.02641515730195687
gaussian_noise,mild,standard_conformal,0.05,hybrid,0.95,abstention_rate,3,3,True,0.44683333333333336,0.004712041312778691,0.43512797380893425,0.45853869285773247
gaussian_noise,mild,standard_conformal,0.05,hybrid,0.95,acceptance_rate,3,3,True,0.5531666666666667,0.004712041312778706,0.5414613071422676,0.5648720261910658
gaussian_noise,mild,standard_conformal,0.05,hybrid,0.95,number_abstained,3,3,True,4468.333333333333,47.120413127787124,4351.279738089342,4585.386928577324
gaussian_noise,mild,standard_conformal,0.05,hybrid,0.95,number_accepted,3,3,True,5531.666666666667,47.120413127787124,5414.613071422676,5648.720261910658
gaussian_noise,mild,standard_conformal,0.05,hybrid,0.95,selective_accuracy,3,3,True,0.9927608538862188,0.0016743034966844495,0.9886016534291895,0.9969200543432482
gaussian_noise,mild,standard_conformal,0.05,hybrid,0.95,selective_risk,3,3,True,0.0072391461137811435,0.001674303496684449,0.00307994565675186,0.011398346570810427
gaussian_noise,mild,standard_conformal,0.05,singleton_conformal,,abstention_rate,3,3,True,0.14166666666666664,0.008719136042827485,0.12000713200879734,0.16332620132453593
gaussian_noise,mild,standard_conformal,0.05,singleton_conformal,,acceptance_rate,3,3,True,0.8583333333333334,0.008719136042827468,0.8366737986754641,0.8799928679912027
gaussian_noise,mild,standard_conformal,0.05,singleton_conformal,,number_abstained,3,3,True,1416.6666666666667,87.19136042827485,1200.0713200879738,1633.2620132453596
gaussian_noise,mild,standard_conformal,0.05,singleton_conformal,,number_accepted,3,3,True,8583.333333333334,87.19136042827485,8366.73798675464,8799.928679912027
gaussian_noise,mild,standard_conformal,0.05,singleton_conformal,,selective_accuracy,3,3,True,0.9093835617566732,0.00520803103904313,0.89644609544862,0.9223210280647265
gaussian_noise,mild,standard_conformal,0.05,singleton_conformal,,selective_risk,3,3,True,0.09061643824332666,0.005208031039043131,0.07767897193527336,0.10355390455137996
gaussian_noise,mild,standard_conformal,0.05,,,average_set_size,3,3,True,1.1411,0.009453570753953307,1.1176160283794045,1.1645839716205955
gaussian_noise,mild,standard_conformal,0.05,,,coverage_gap,3,3,True,-0.04153333333333331,0.005357549190939202,-0.05484222332110285,-0.02822444334556377
gaussian_noise,mild,standard_conformal,0.05,,,empirical_coverage,3,3,True,0.9084666666666666,0.005357549190939202,0.8951577766788971,0.9217755566544362
gaussian_noise,mild,standard_conformal,0.05,,,empty_set_rate,3,3,True,0.0009666666666666666,0.0003055050463303893,0.00020775005994731462,0.0017255832733860184
gaussian_noise,mild,standard_conformal,0.05,,,median_set_size,3,3,True,1.0,0.0,1.0,1.0
gaussian_noise,mild,standard_conformal,0.05,,,multiclass_set_rate,3,3,True,0.14070000000000002,0.008906739021662185,0.11857443370757074,0.16282556629242928
gaussian_noise,mild,standard_conformal,0.05,,,singleton_set_rate,3,3,True,0.8583333333333334,0.008719136042827468,0.8366737986754641,0.8799928679912027
gaussian_noise,mild,standard_conformal,0.05,,,worst_class_coverage,3,3,True,0.6076666666666667,0.014640127503998512,0.5712985738291507,0.6440347595041827
gaussian_noise,mild,standard_conformal,0.1,hybrid,0.5,abstention_rate,3,3,True,0.07546666666666667,0.009215385685544225,0.05257437955688209,0.09835895377645124
gaussian_noise,mild,standard_conformal,0.1,hybrid,0.5,acceptance_rate,3,3,True,0.9245333333333333,0.009215385685544194,0.9016410462235488,0.9474256204431178
gaussian_noise,mild,standard_conformal,0.1,hybrid,0.5,number_abstained,3,3,True,754.6666666666666,92.15385685544221,525.7437955688209,983.5895377645123
gaussian_noise,mild,standard_conformal,0.1,hybrid,0.5,number_accepted,3,3,True,9245.333333333334,92.1538568554422,9016.410462235488,9474.25620443118
gaussian_noise,mild,standard_conformal,0.1,hybrid,0.5,selective_accuracy,3,3,True,0.89280038642194,0.0079259594799024,0.8731112115761095,0.9124895612677706
gaussian_noise,mild,standard_conformal,0.1,hybrid,0.5,selective_risk,3,3,True,0.10719961357805996,0.0079259594799024,0.08751043873222937,0.12688878842389054
gaussian_noise,mild,standard_conformal,0.1,hybrid,0.6,abstention_rate,3,3,True,0.13176666666666667,0.00566950909103542,0.11768282532651425,0.1458505080068191
gaussian_noise,mild,standard_conformal,0.1,hybrid,0.6,acceptance_rate,3,3,True,0.8682333333333334,0.00566950909103543,0.854149491993181,0.8823171746734858
gaussian_noise,mild,standard_conformal,0.1,hybrid,0.6,number_abstained,3,3,True,1317.6666666666667,56.69509091035425,1176.8282532651424,1458.505080068191
gaussian_noise,mild,standard_conformal,0.1,hybrid,0.6,number_accepted,3,3,True,8682.333333333334,56.69509091035425,8541.494919931809,8823.171746734859
gaussian_noise,mild,standard_conformal,0.1,hybrid,0.6,selective_accuracy,3,3,True,0.9137521057679608,0.007838643477290554,0.8942798358970576,0.9332243756388641
gaussian_noise,mild,standard_conformal,0.1,hybrid,0.6,selective_risk,3,3,True,0.08624789423203912,0.007838643477290554,0.0667756243611359,0.10572016410294233
gaussian_noise,mild,standard_conformal,0.1,hybrid,0.7,abstention_rate,3,3,True,0.2075,0.005109794516416485,0.19480656674247476,0.22019343325752522
gaussian_noise,mild,standard_conformal,0.1,hybrid,0.7,acceptance_rate,3,3,True,0.7925,0.0051097945164164825,0.7798065667424747,0.8051934332575252
gaussian_noise,mild,standard_conformal,0.1,hybrid,0.7,number_abstained,3,3,True,2075.0,51.09794516416487,1948.0656674247477,2201.9343325752525
gaussian_noise,mild,standard_conformal,0.1,hybrid,0.7,number_accepted,3,3,True,7925.0,51.09794516416487,7798.0656674247475,8051.9343325752525
gaussian_noise,mild,standard_conformal,0.1,hybrid,0.7,selective_accuracy,3,3,True,0.9418169494905274,0.00976320868196751,0.9175637946159637,0.9660701043650911
gaussian_noise,mild,standard_conformal,0.1,hybrid,0.7,selective_risk,3,3,True,0.05818305050947259,0.00976320868196751,0.03392989563490886,0.08243620538403632
gaussian_noise,mild,standard_conformal,0.1,hybrid,0.8,abstention_rate,3,3,True,0.2832333333333334,0.0025026652459594636,0.2770163682159586,0.2894502984507082
gaussian_noise,mild,standard_conformal,0.1,hybrid,0.8,acceptance_rate,3,3,True,0.7167666666666666,0.002502665245959465,0.7105497015492918,0.7229836317840413
gaussian_noise,mild,standard_conformal,0.1,hybrid,0.8,number_abstained,3,3,True,2832.3333333333335,25.026652459594615,2770.1636821595853,2894.5029845070817
gaussian_noise,mild,standard_conformal,0.1,hybrid,0.8,number_accepted,3,3,True,7167.666666666667,25.026652459594615,7105.497015492919,7229.836317840415
gaussian_noise,mild,standard_conformal,0.1,hybrid,0.8,selective_accuracy,3,3,True,0.9646237038318114,0.00782718981658934,0.9451798864313936,0.9840675212322292
gaussian_noise,mild,standard_conformal,0.1,hybrid,0.8,selective_risk,3,3,True,0.035376296168188714,0.00782718981658934,0.015932478767770986,0.05482011356860644
gaussian_noise,mild,standard_conformal,0.1,hybrid,0.9,abstention_rate,3,3,True,0.3774666666666667,0.001266227994214846,0.3743211819545636,0.38061215137876975
gaussian_noise,mild,standard_conformal,0.1,hybrid,0.9,acceptance_rate,3,3,True,0.6225333333333333,0.0012662279942148673,0.6193878486212301,0.6256788180454365
gaussian_noise,mild,standard_conformal,0.1,hybrid,0.9,number_abstained,3,3,True,3774.6666666666665,12.662279942148386,3743.211819545636,3806.121513787697
gaussian_noise,mild,standard_conformal,0.1,hybrid,0.9,number_accepted,3,3,True,6225.333333333333,12.662279942148386,6193.878486212302,6256.788180454364
gaussian_noise,mild,standard_conformal,0.1,hybrid,0.9,selective_accuracy,3,3,True,0.9849487450128741,0.004574586288464591,0.9735848426980432,0.996312647327705
gaussian_noise,mild,standard_conformal,0.1,hybrid,0.9,selective_risk,3,3,True,0.015051254987126006,0.004574586288464591,0.003687352672295141,0.02641515730195687
gaussian_noise,mild,standard_conformal,0.1,hybrid,0.95,abstention_rate,3,3,True,0.44683333333333336,0.004712041312778691,0.43512797380893425,0.45853869285773247
gaussian_noise,mild,standard_conformal,0.1,hybrid,0.95,acceptance_rate,3,3,True,0.5531666666666667,0.004712041312778706,0.5414613071422676,0.5648720261910658
gaussian_noise,mild,standard_conformal,0.1,hybrid,0.95,number_abstained,3,3,True,4468.333333333333,47.120413127787124,4351.279738089342,4585.386928577324
gaussian_noise,mild,standard_conformal,0.1,hybrid,0.95,number_accepted,3,3,True,5531.666666666667,47.120413127787124,5414.613071422676,5648.720261910658
gaussian_noise,mild,standard_conformal,0.1,hybrid,0.95,selective_accuracy,3,3,True,0.9927608538862188,0.0016743034966844495,0.9886016534291895,0.9969200543432482
gaussian_noise,mild,standard_conformal,0.1,hybrid,0.95,selective_risk,3,3,True,0.0072391461137811435,0.001674303496684449,0.00307994565675186,0.011398346570810427
gaussian_noise,mild,standard_conformal,0.1,singleton_conformal,,abstention_rate,3,3,True,0.07546666666666667,0.009215385685544225,0.05257437955688209,0.09835895377645124
gaussian_noise,mild,standard_conformal,0.1,singleton_conformal,,acceptance_rate,3,3,True,0.9245333333333333,0.009215385685544194,0.9016410462235488,0.9474256204431178
gaussian_noise,mild,standard_conformal,0.1,singleton_conformal,,number_abstained,3,3,True,754.6666666666666,92.15385685544221,525.7437955688209,983.5895377645123
gaussian_noise,mild,standard_conformal,0.1,singleton_conformal,,number_accepted,3,3,True,9245.333333333334,92.1538568554422,9016.410462235488,9474.25620443118
gaussian_noise,mild,standard_conformal,0.1,singleton_conformal,,selective_accuracy,3,3,True,0.89280038642194,0.0079259594799024,0.8731112115761095,0.9124895612677706
gaussian_noise,mild,standard_conformal,0.1,singleton_conformal,,selective_risk,3,3,True,0.10719961357805996,0.0079259594799024,0.08751043873222937,0.12688878842389054
gaussian_noise,mild,standard_conformal,0.1,,,average_set_size,3,3,True,0.9245333333333333,0.009215385685544194,0.9016410462235488,0.9474256204431178
gaussian_noise,mild,standard_conformal,0.1,,,coverage_gap,3,3,True,-0.07460000000000004,0.007950471684120412,-0.09435006653672671,-0.05484993346327337
gaussian_noise,mild,standard_conformal,0.1,,,empirical_coverage,3,3,True,0.8254,0.007950471684120412,0.8056499334632734,0.8451500665367266
gaussian_noise,mild,standard_conformal,0.1,,,empty_set_rate,3,3,True,0.07546666666666667,0.009215385685544225,0.05257437955688209,0.09835895377645124
gaussian_noise,mild,standard_conformal,0.1,,,median_set_size,3,3,True,1.0,0.0,1.0,1.0
gaussian_noise,mild,standard_conformal,0.1,,,multiclass_set_rate,3,3,True,0.0,0.0,0.0,0.0
gaussian_noise,mild,standard_conformal,0.1,,,singleton_set_rate,3,3,True,0.9245333333333333,0.009215385685544194,0.9016410462235488,0.9474256204431178
gaussian_noise,mild,standard_conformal,0.1,,,worst_class_coverage,3,3,True,0.37600000000000006,0.019313207915827985,0.32802333188141675,0.42397666811858337
gaussian_noise,mild,standard_conformal,0.2,hybrid,0.5,abstention_rate,3,3,True,0.29816666666666664,0.016580812203668853,0.25697764578008275,0.3393556875532505
gaussian_noise,mild,standard_conformal,0.2,hybrid,0.5,acceptance_rate,3,3,True,0.7018333333333334,0.016580812203668836,0.6606443124467496,0.7430223542199172
gaussian_noise,mild,standard_conformal,0.2,hybrid,0.5,number_abstained,3,3,True,2981.6666666666665,165.80812203668836,2569.776457800828,3393.556875532505
gaussian_noise,mild,standard_conformal,0.2,hybrid,0.5,number_accepted,3,3,True,7018.333333333333,165.80812203668836,6606.443124467494,7430.223542199172
gaussian_noise,mild,standard_conformal,0.2,hybrid,0.5,selective_accuracy,3,3,True,0.9679263671628794,0.008183053112501898,0.9475985363288575,0.9882541979969013
gaussian_noise,mild,standard_conformal,0.2,hybrid,0.5,selective_risk,3,3,True,0.032073632837120725,0.008183053112501898,0.011745802003098844,0.05240146367114261
gaussian_noise,mild,standard_conformal,0.2,hybrid,0.6,abstention_rate,3,3,True,0.29816666666666664,0.016580812203668853,0.25697764578008275,0.3393556875532505
gaussian_noise,mild,standard_conformal,0.2,hybrid,0.6,acceptance_rate,3,3,True,0.7018333333333334,0.016580812203668836,0.6606443124467496,0.7430223542199172
gaussian_noise,mild,standard_conformal,0.2,hybrid,0.6,number_abstained,3,3,True,2981.6666666666665,165.80812203668836,2569.776457800828,3393.556875532505
gaussian_noise,mild,standard_conformal,0.2,hybrid,0.6,number_accepted,3,3,True,7018.333333333333,165.80812203668836,6606.443124467494,7430.223542199172
gaussian_noise,mild,standard_conformal,0.2,hybrid,0.6,selective_accuracy,3,3,True,0.9679263671628794,0.008183053112501898,0.9475985363288575,0.9882541979969013
gaussian_noise,mild,standard_conformal,0.2,hybrid,0.6,selective_risk,3,3,True,0.032073632837120725,0.008183053112501898,0.011745802003098844,0.05240146367114261
gaussian_noise,mild,standard_conformal,0.2,hybrid,0.7,abstention_rate,3,3,True,0.29816666666666664,0.016580812203668853,0.25697764578008275,0.3393556875532505
gaussian_noise,mild,standard_conformal,0.2,hybrid,0.7,acceptance_rate,3,3,True,0.7018333333333334,0.016580812203668836,0.6606443124467496,0.7430223542199172
gaussian_noise,mild,standard_conformal,0.2,hybrid,0.7,number_abstained,3,3,True,2981.6666666666665,165.80812203668836,2569.776457800828,3393.556875532505
gaussian_noise,mild,standard_conformal,0.2,hybrid,0.7,number_accepted,3,3,True,7018.333333333333,165.80812203668836,6606.443124467494,7430.223542199172
gaussian_noise,mild,standard_conformal,0.2,hybrid,0.7,selective_accuracy,3,3,True,0.9679263671628794,0.008183053112501898,0.9475985363288575,0.9882541979969013
gaussian_noise,mild,standard_conformal,0.2,hybrid,0.7,selective_risk,3,3,True,0.032073632837120725,0.008183053112501898,0.011745802003098844,0.05240146367114261
gaussian_noise,mild,standard_conformal,0.2,hybrid,0.8,abstention_rate,3,3,True,0.29816666666666664,0.016580812203668853,0.25697764578008275,0.3393556875532505
gaussian_noise,mild,standard_conformal,0.2,hybrid,0.8,acceptance_rate,3,3,True,0.7018333333333334,0.016580812203668836,0.6606443124467496,0.7430223542199172
gaussian_noise,mild,standard_conformal,0.2,hybrid,0.8,number_abstained,3,3,True,2981.6666666666665,165.80812203668836,2569.776457800828,3393.556875532505
gaussian_noise,mild,standard_conformal,0.2,hybrid,0.8,number_accepted,3,3,True,7018.333333333333,165.80812203668836,6606.443124467494,7430.223542199172
gaussian_noise,mild,standard_conformal,0.2,hybrid,0.8,selective_accuracy,3,3,True,0.9679263671628794,0.008183053112501898,0.9475985363288575,0.9882541979969013
gaussian_noise,mild,standard_conformal,0.2,hybrid,0.8,selective_risk,3,3,True,0.032073632837120725,0.008183053112501898,0.011745802003098844,0.05240146367114261
gaussian_noise,mild,standard_conformal,0.2,hybrid,0.9,abstention_rate,3,3,True,0.3774666666666667,0.001266227994214846,0.3743211819545636,0.38061215137876975
gaussian_noise,mild,standard_conformal,0.2,hybrid,0.9,acceptance_rate,3,3,True,0.6225333333333333,0.0012662279942148673,0.6193878486212301,0.6256788180454365
gaussian_noise,mild,standard_conformal,0.2,hybrid,0.9,number_abstained,3,3,True,3774.6666666666665,12.662279942148386,3743.211819545636,3806.121513787697
gaussian_noise,mild,standard_conformal,0.2,hybrid,0.9,number_accepted,3,3,True,6225.333333333333,12.662279942148386,6193.878486212302,6256.788180454364
gaussian_noise,mild,standard_conformal,0.2,hybrid,0.9,selective_accuracy,3,3,True,0.9849487450128741,0.004574586288464591,0.9735848426980432,0.996312647327705
gaussian_noise,mild,standard_conformal,0.2,hybrid,0.9,selective_risk,3,3,True,0.015051254987126006,0.004574586288464591,0.003687352672295141,0.02641515730195687
gaussian_noise,mild,standard_conformal,0.2,hybrid,0.95,abstention_rate,3,3,True,0.44683333333333336,0.004712041312778691,0.43512797380893425,0.45853869285773247
gaussian_noise,mild,standard_conformal,0.2,hybrid,0.95,acceptance_rate,3,3,True,0.5531666666666667,0.004712041312778706,0.5414613071422676,0.5648720261910658
gaussian_noise,mild,standard_conformal,0.2,hybrid,0.95,number_abstained,3,3,True,4468.333333333333,47.120413127787124,4351.279738089342,4585.386928577324
gaussian_noise,mild,standard_conformal,0.2,hybrid,0.95,number_accepted,3,3,True,5531.666666666667,47.120413127787124,5414.613071422676,5648.720261910658
gaussian_noise,mild,standard_conformal,0.2,hybrid,0.95,selective_accuracy,3,3,True,0.9927608538862188,0.0016743034966844495,0.9886016534291895,0.9969200543432482
gaussian_noise,mild,standard_conformal,0.2,hybrid,0.95,selective_risk,3,3,True,0.0072391461137811435,0.001674303496684449,0.00307994565675186,0.011398346570810427
gaussian_noise,mild,standard_conformal,0.2,singleton_conformal,,abstention_rate,3,3,True,0.29816666666666664,0.016580812203668853,0.25697764578008275,0.3393556875532505
gaussian_noise,mild,standard_conformal,0.2,singleton_conformal,,acceptance_rate,3,3,True,0.7018333333333334,0.016580812203668836,0.6606443124467496,0.7430223542199172
gaussian_noise,mild,standard_conformal,0.2,singleton_conformal,,number_abstained,3,3,True,2981.6666666666665,165.80812203668836,2569.776457800828,3393.556875532505
gaussian_noise,mild,standard_conformal,0.2,singleton_conformal,,number_accepted,3,3,True,7018.333333333333,165.80812203668836,6606.443124467494,7430.223542199172
gaussian_noise,mild,standard_conformal,0.2,singleton_conformal,,selective_accuracy,3,3,True,0.9679263671628794,0.008183053112501898,0.9475985363288575,0.9882541979969013
gaussian_noise,mild,standard_conformal,0.2,singleton_conformal,,selective_risk,3,3,True,0.032073632837120725,0.008183053112501898,0.011745802003098844,0.05240146367114261
gaussian_noise,mild,standard_conformal,0.2,,,average_set_size,3,3,True,0.7018333333333334,0.016580812203668836,0.6606443124467496,0.7430223542199172
gaussian_noise,mild,standard_conformal,0.2,,,coverage_gap,3,3,True,-0.12073333333333336,0.013328665849714028,-0.15384357481792674,-0.08762309184873998
gaussian_noise,mild,standard_conformal,0.2,,,empirical_coverage,3,3,True,0.6792666666666666,0.01332866584971403,0.6461564251820732,0.71237690815126
gaussian_noise,mild,standard_conformal,0.2,,,empty_set_rate,3,3,True,0.29816666666666664,0.016580812203668853,0.25697764578008275,0.3393556875532505
gaussian_noise,mild,standard_conformal,0.2,,,median_set_size,3,3,True,1.0,0.0,1.0,1.0
gaussian_noise,mild,standard_conformal,0.2,,,multiclass_set_rate,3,3,True,0.0,0.0,0.0,0.0
gaussian_noise,mild,standard_conformal,0.2,,,singleton_set_rate,3,3,True,0.7018333333333334,0.016580812203668836,0.6606443124467496,0.7430223542199172
gaussian_noise,mild,standard_conformal,0.2,,,worst_class_coverage,3,3,True,0.12566666666666668,0.004725815626252613,0.11392708985071356,0.1374062434826198
gaussian_noise,mild,temperature_scaled,,confidence_threshold,0.5,abstention_rate,3,3,True,0.0539,0.0042154477816716,0.04342824719363531,0.0643717528063647
gaussian_noise,mild,temperature_scaled,,confidence_threshold,0.5,acceptance_rate,3,3,True,0.9461,0.004215447781671595,0.9356282471936354,0.9565717528063648
gaussian_noise,mild,temperature_scaled,,confidence_threshold,0.5,number_abstained,3,3,True,539.0,42.15447781671598,434.2824719363531,643.7175280636469
gaussian_noise,mild,temperature_scaled,,confidence_threshold,0.5,number_accepted,3,3,True,9461.0,42.15447781671598,9356.282471936353,9565.717528063647
gaussian_noise,mild,temperature_scaled,,confidence_threshold,0.5,selective_accuracy,3,3,True,0.8838829769245544,0.007362906829306759,0.8655925024017694,0.9021734514473394
gaussian_noise,mild,temperature_scaled,,confidence_threshold,0.5,selective_risk,3,3,True,0.11611702307544565,0.007362906829306759,0.09782654855266068,0.13440749759823062
gaussian_noise,mild,temperature_scaled,,confidence_threshold,0.6,abstention_rate,3,3,True,0.13176666666666667,0.00566950909103542,0.11768282532651425,0.1458505080068191
gaussian_noise,mild,temperature_scaled,,confidence_threshold,0.6,acceptance_rate,3,3,True,0.8682333333333334,0.00566950909103543,0.854149491993181,0.8823171746734858
gaussian_noise,mild,temperature_scaled,,confidence_threshold,0.6,number_abstained,3,3,True,1317.6666666666667,56.69509091035425,1176.8282532651424,1458.505080068191
gaussian_noise,mild,temperature_scaled,,confidence_threshold,0.6,number_accepted,3,3,True,8682.333333333334,56.69509091035425,8541.494919931809,8823.171746734859
gaussian_noise,mild,temperature_scaled,,confidence_threshold,0.6,selective_accuracy,3,3,True,0.9137521057679608,0.007838643477290554,0.8942798358970576,0.9332243756388641
gaussian_noise,mild,temperature_scaled,,confidence_threshold,0.6,selective_risk,3,3,True,0.08624789423203912,0.007838643477290554,0.0667756243611359,0.10572016410294233
gaussian_noise,mild,temperature_scaled,,confidence_threshold,0.7,abstention_rate,3,3,True,0.2075,0.005109794516416485,0.19480656674247476,0.22019343325752522
gaussian_noise,mild,temperature_scaled,,confidence_threshold,0.7,acceptance_rate,3,3,True,0.7925,0.0051097945164164825,0.7798065667424747,0.8051934332575252
gaussian_noise,mild,temperature_scaled,,confidence_threshold,0.7,number_abstained,3,3,True,2075.0,51.09794516416487,1948.0656674247477,2201.9343325752525
gaussian_noise,mild,temperature_scaled,,confidence_threshold,0.7,number_accepted,3,3,True,7925.0,51.09794516416487,7798.0656674247475,8051.9343325752525
gaussian_noise,mild,temperature_scaled,,confidence_threshold,0.7,selective_accuracy,3,3,True,0.9418169494905274,0.00976320868196751,0.9175637946159637,0.9660701043650911
gaussian_noise,mild,temperature_scaled,,confidence_threshold,0.7,selective_risk,3,3,True,0.05818305050947259,0.00976320868196751,0.03392989563490886,0.08243620538403632
gaussian_noise,mild,temperature_scaled,,confidence_threshold,0.8,abstention_rate,3,3,True,0.2832333333333334,0.0025026652459594636,0.2770163682159586,0.2894502984507082
gaussian_noise,mild,temperature_scaled,,confidence_threshold,0.8,acceptance_rate,3,3,True,0.7167666666666666,0.002502665245959465,0.7105497015492918,0.7229836317840413
gaussian_noise,mild,temperature_scaled,,confidence_threshold,0.8,number_abstained,3,3,True,2832.3333333333335,25.026652459594615,2770.1636821595853,2894.5029845070817
gaussian_noise,mild,temperature_scaled,,confidence_threshold,0.8,number_accepted,3,3,True,7167.666666666667,25.026652459594615,7105.497015492919,7229.836317840415
gaussian_noise,mild,temperature_scaled,,confidence_threshold,0.8,selective_accuracy,3,3,True,0.9646237038318114,0.00782718981658934,0.9451798864313936,0.9840675212322292
gaussian_noise,mild,temperature_scaled,,confidence_threshold,0.8,selective_risk,3,3,True,0.035376296168188714,0.00782718981658934,0.015932478767770986,0.05482011356860644
gaussian_noise,mild,temperature_scaled,,confidence_threshold,0.9,abstention_rate,3,3,True,0.3774666666666667,0.001266227994214846,0.3743211819545636,0.38061215137876975
gaussian_noise,mild,temperature_scaled,,confidence_threshold,0.9,acceptance_rate,3,3,True,0.6225333333333333,0.0012662279942148673,0.6193878486212301,0.6256788180454365
gaussian_noise,mild,temperature_scaled,,confidence_threshold,0.9,number_abstained,3,3,True,3774.6666666666665,12.662279942148386,3743.211819545636,3806.121513787697
gaussian_noise,mild,temperature_scaled,,confidence_threshold,0.9,number_accepted,3,3,True,6225.333333333333,12.662279942148386,6193.878486212302,6256.788180454364
gaussian_noise,mild,temperature_scaled,,confidence_threshold,0.9,selective_accuracy,3,3,True,0.9849487450128741,0.004574586288464591,0.9735848426980432,0.996312647327705
gaussian_noise,mild,temperature_scaled,,confidence_threshold,0.9,selective_risk,3,3,True,0.015051254987126006,0.004574586288464591,0.003687352672295141,0.02641515730195687
gaussian_noise,mild,temperature_scaled,,confidence_threshold,0.95,abstention_rate,3,3,True,0.44683333333333336,0.004712041312778691,0.43512797380893425,0.45853869285773247
gaussian_noise,mild,temperature_scaled,,confidence_threshold,0.95,acceptance_rate,3,3,True,0.5531666666666667,0.004712041312778706,0.5414613071422676,0.5648720261910658
gaussian_noise,mild,temperature_scaled,,confidence_threshold,0.95,number_abstained,3,3,True,4468.333333333333,47.120413127787124,4351.279738089342,4585.386928577324
gaussian_noise,mild,temperature_scaled,,confidence_threshold,0.95,number_accepted,3,3,True,5531.666666666667,47.120413127787124,5414.613071422676,5648.720261910658
gaussian_noise,mild,temperature_scaled,,confidence_threshold,0.95,selective_accuracy,3,3,True,0.9927608538862188,0.0016743034966844495,0.9886016534291895,0.9969200543432482
gaussian_noise,mild,temperature_scaled,,confidence_threshold,0.95,selective_risk,3,3,True,0.0072391461137811435,0.001674303496684449,0.00307994565675186,0.011398346570810427
gaussian_noise,mild,temperature_scaled,,,,accuracy_confidence_gap,3,3,True,-0.008115342416862662,0.0068886869800235005,-0.025227789528382533,0.008997104694657207
gaussian_noise,mild,temperature_scaled,,,,brier_score,3,3,True,0.19690579694793606,0.008998183314346833,0.1745530704395245,0.2192585234563476
gaussian_noise,mild,temperature_scaled,,,,expected_calibration_error,3,3,True,0.010690008380512388,0.004753723041349711,-0.0011188942977209022,0.02249891105874568
gaussian_noise,mild,temperature_scaled,,,,maximum_calibration_error,3,3,True,0.11812447157722931,0.08383895548239689,-0.09014303945034989,0.3263919826048085
gaussian_noise,mild,temperature_scaled,,,,mean_confidence,3,3,True,0.8662820090835294,0.0021323474082671485,0.8609849644720998,0.8715790536949589
gaussian_noise,mild,temperature_scaled,,,,negative_log_likelihood,3,3,True,0.36734396442699796,0.01569505231284831,0.3283552930887572,0.4063326357652387
gaussian_noise,strong,class_conditional_conformal,0.05,,,average_set_size,3,3,True,0.9736666666666666,0.04412780680402476,0.8640471176479558,1.0832862156853773
gaussian_noise,strong,class_conditional_conformal,0.05,,,coverage_gap,3,3,True,-0.5628333333333333,0.07643299898167898,-0.7527034285258967,-0.37296323814077
gaussian_noise,strong,class_conditional_conformal,0.05,,,empirical_coverage,3,3,True,0.38716666666666666,0.07643299898167893,0.19729657147410343,0.5770367618592299
gaussian_noise,strong,class_conditional_conformal,0.05,,,empty_set_rate,3,3,True,0.1464,0.038927753595603236,0.049698099259437495,0.2431019007405625
gaussian_noise,strong,class_conditional_conformal,0.05,,,median_set_size,3,3,True,1.0,0.0,1.0,1.0
gaussian_noise,strong,class_conditional_conformal,0.05,,,multiclass_set_rate,3,3,True,0.11623333333333334,0.05573206736999206,-0.022212796974273988,0.2546794636409407
gaussian_noise,strong,class_conditional_conformal,0.05,,,singleton_set_rate,3,3,True,0.7373666666666666,0.08581202324460914,0.5241977836031371,0.9505355497301962
gaussian_noise,strong,class_conditional_conformal,0.05,,,worst_class_coverage,3,3,True,0.028333333333333335,0.03326158945891392,-0.05429303539431199,0.11095970206097866
gaussian_noise,strong,class_conditional_conformal,0.1,,,average_set_size,3,3,True,0.6610666666666667,0.04111074474311228,0.5589419152921599,0.7631914180411735
gaussian_noise,strong,class_conditional_conformal,0.1,,,coverage_gap,3,3,True,-0.6458333333333334,0.03959511754412821,-0.7441930580258893,-0.5474736086407774
gaussian_noise,strong,class_conditional_conformal,0.1,,,empirical_coverage,3,3,True,0.25416666666666665,0.03959511754412827,0.1558069419741105,0.3525263913592228
gaussian_noise,strong,class_conditional_conformal,0.1,,,empty_set_rate,3,3,True,0.36846666666666666,0.03282717370309746,0.2869194465006235,0.4500138868327098
gaussian_noise,strong,class_conditional_conformal,0.1,,,median_set_size,3,3,True,1.0,0.0,1.0,1.0
gaussian_noise,strong,class_conditional_conformal,0.1,,,multiclass_set_rate,3,3,True,0.02953333333333334,0.016345131793085468,-0.011070224957399562,0.07013689162406624
gaussian_noise,strong,class_conditional_conformal,0.1,,,singleton_set_rate,3,3,True,0.602,0.03161455361063947,0.5234650951356579,0.6805349048643421
gaussian_noise,strong,class_conditional_conformal,0.1,,,worst_class_coverage,3,3,True,0.005333333333333333,0.005033222956847167,-0.007169885625418219,0.017836552292084886
gaussian_noise,strong,class_conditional_conformal,0.2,,,average_set_size,3,3,True,0.4686333333333333,0.04577950778823791,0.35491073161120357,0.582355935055463
gaussian_noise,strong,class_conditional_conformal,0.2,,,coverage_gap,3,3,True,-0.6418333333333334,0.01305424579718543,-0.67426187761658,-0.6094047890500868
gaussian_noise,strong,class_conditional_conformal,0.2,,,empirical_coverage,3,3,True,0.15816666666666668,0.013054245797185423,0.12573812238342014,0.19059521094991322
gaussian_noise,strong,class_conditional_conformal,0.2,,,empty_set_rate,3,3,True,0.532,0.04469306433888819,0.42097627342208405,0.6430237265779161
gaussian_noise,strong,class_conditional_conformal,0.2,,,median_set_size,3,3,True,0.3333333333333333,0.5773502691896258,-1.100884243249821,1.7675509099164874
gaussian_noise,strong,class_conditional_conformal,0.2,,,multiclass_set_rate,3,3,True,0.0006333333333333333,0.001096965511460289,-0.002091680062174659,0.0033583467288413257
gaussian_noise,strong,class_conditional_conformal,0.2,,,singleton_set_rate,3,3,True,0.46736666666666665,0.04360714773214747,0.35904050648337127,0.575692826849962
gaussian_noise,strong,class_conditional_conformal,0.2,,,worst_class_coverage,3,3,True,0.0006666666666666666,0.0011547005383792516,-0.0022017684864996416,0.0035351018198329746
gaussian_noise,strong,raw_softmax,,,,accuracy,3,3,True,0.42616666666666675,0.09109568229797356,0.19987244689264363,0.6524608864406899
gaussian_noise,strong,raw_softmax,,,,accuracy_confidence_gap,3,3,True,-0.41675422978152826,0.11657768527850372,-0.7063492541304206,-0.12715920543263592
gaussian_noise,strong,raw_softmax,,,,brier_score,3,3,True,0.9360939747378086,0.19955489955689015,0.44037212318398855,1.4318158262916287
gaussian_noise,strong,raw_softmax,,,,evaluation_seconds,3,3,True,5.786709399990893,0.2239060490079785,5.230495939761156,6.34292286022063
gaussian_noise,strong,raw_softmax,,,,expected_calibration_error,3,3,True,0.4170062975938122,0.11623321684493527,0.12826698027125477,0.7057456149163697
gaussian_noise,strong,raw_softmax,,,,macro_f1,3,3,True,0.38565756701718223,0.10404832514079497,0.12718719869047346,0.644127935343891
gaussian_noise,strong,raw_softmax,,,,maximum_calibration_error,3,3,True,0.5437965279553322,0.07239081627663015,0.3639677712581656,0.7236252846524988
gaussian_noise,strong,raw_softmax,,,,mean_confidence,3,3,True,0.842920896448195,0.036732155752301945,0.751673163110015,0.934168629786375
gaussian_noise,strong,raw_softmax,,,,mean_inference_seconds_per_image,3,3,True,0.0005786709399990893,2.239060490079789e-05,0.0005230495939761155,0.0006342922860220631
gaussian_noise,strong,raw_softmax,,,,negative_log_likelihood,3,3,True,2.7720801197091554,1.1737346976923815,-0.1436385064183625,5.687798745836673
gaussian_noise,strong,raw_softmax,,,,sample_count,3,3,True,10000.0,0.0,10000.0,10000.0
gaussian_noise,strong,standard_conformal,0.05,hybrid,0.5,abstention_rate,3,3,True,0.1997,0.0401500933996423,0.09996163885565053,0.29943836114434946
gaussian_noise,strong,standard_conformal,0.05,hybrid,0.5,acceptance_rate,3,3,True,0.8003,0.04015009339964232,0.7005616388556505,0.9000383611443495
gaussian_noise,strong,standard_conformal,0.05,hybrid,0.5,number_abstained,3,3,True,1997.0,401.500933996423,999.6163885565055,2994.3836114434944
gaussian_noise,strong,standard_conformal,0.05,hybrid,0.5,number_accepted,3,3,True,8003.0,401.500933996423,7005.616388556506,9000.383611443494
gaussian_noise,strong,standard_conformal,0.05,hybrid,0.5,selective_accuracy,3,3,True,0.4649121003402928,0.1123036167247601,0.18593445086836113,0.7438897498122244
gaussian_noise,strong,standard_conformal,0.05,hybrid,0.5,selective_risk,3,3,True,0.5350878996597072,0.1123036167247601,0.2561102501877755,0.8140655491316389
gaussian_noise,strong,standard_conformal,0.05,hybrid,0.6,abstention_rate,3,3,True,0.2384666666666667,0.05910011280305083,0.0916538476839096,0.38527948564942377
gaussian_noise,strong,standard_conformal,0.05,hybrid,0.6,acceptance_rate,3,3,True,0.7615333333333334,0.05910011280305082,0.6147205143505763,0.9083461523160905
gaussian_noise,strong,standard_conformal,0.05,hybrid,0.6,number_abstained,3,3,True,2384.6666666666665,591.0011280305083,916.5384768390959,3852.794856494237
gaussian_noise,strong,standard_conformal,0.05,hybrid,0.6,number_accepted,3,3,True,7615.333333333333,591.0011280305083,6147.205143505762,9083.461523160904
gaussian_noise,strong,standard_conformal,0.05,hybrid,0.6,selective_accuracy,3,3,True,0.4751636303054048,0.12183134022914226,0.17251780356910745,0.7778094570417022
gaussian_noise,strong,standard_conformal,0.05,hybrid,0.6,selective_risk,3,3,True,0.5248363696945951,0.12183134022914226,0.22219054295829777,0.8274821964308925
gaussian_noise,strong,standard_conformal,0.05,hybrid,0.7,abstention_rate,3,3,True,0.30340000000000006,0.08229434974528933,0.09896950233375565,0.5078304976662444
gaussian_noise,strong,standard_conformal,0.05,hybrid,0.7,acceptance_rate,3,3,True,0.6966000000000001,0.08229434974528932,0.4921695023337557,0.9010304976662444
gaussian_noise,strong,standard_conformal,0.05,hybrid,0.7,number_abstained,3,3,True,3034.0,822.9434974528932,989.6950233375562,5078.304976662444
gaussian_noise,strong,standard_conformal,0.05,hybrid,0.7,number_accepted,3,3,True,6966.0,822.9434974528932,4921.695023337556,9010.304976662444
gaussian_noise,strong,standard_conformal,0.05,hybrid,0.7,selective_accuracy,3,3,True,0.4920358164419241,0.13468966544159322,0.1574481391354272,0.826623493748421
gaussian_noise,strong,standard_conformal,0.05,hybrid,0.7,selective_risk,3,3,True,0.5079641835580758,0.1346896654415932,0.17337650625157897,0.8425518608645727
gaussian_noise,strong,standard_conformal,0.05,hybrid,0.8,abstention_rate,3,3,True,0.4202333333333333,0.09813818488913137,0.17644456728751567,0.6640220993791509
gaussian_noise,strong,standard_conformal,0.05,hybrid,0.8,acceptance_rate,3,3,True,0.5797666666666667,0.09813818488913134,0.3359779006208491,0.8235554327124842
gaussian_noise,strong,standard_conformal,0.05,hybrid,0.8,number_abstained,3,3,True,4202.333333333333,981.3818488913137,1764.445672875157,6640.220993791509
gaussian_noise,strong,standard_conformal,0.05,hybrid,0.8,number_accepted,3,3,True,5797.666666666667,981.3818488913137,3359.779006208491,8235.554327124843
gaussian_noise,strong,standard_conformal,0.05,hybrid,0.8,selective_accuracy,3,3,True,0.5320959467408333,0.15396527728222276,0.14962499514396732,0.9145668983376992
gaussian_noise,strong,standard_conformal,0.05,hybrid,0.8,selective_risk,3,3,True,0.4679040532591668,0.15396527728222276,0.08543310166230084,0.8503750048560328
gaussian_noise,strong,standard_conformal,0.05,hybrid,0.9,abstention_rate,3,3,True,0.5740333333333334,0.1010263991901787,0.3230698452226675,0.8249968214439993
gaussian_noise,strong,standard_conformal,0.05,hybrid,0.9,acceptance_rate,3,3,True,0.42596666666666666,0.10102639919017867,0.17500317855600084,0.6769301547773325
gaussian_noise,strong,standard_conformal,0.05,hybrid,0.9,number_abstained,3,3,True,5740.333333333333,1010.2639919017868,3230.698452226675,8249.968214439992
gaussian_noise,strong,standard_conformal,0.05,hybrid,0.9,number_accepted,3,3,True,4259.666666666667,1010.2639919017868,1750.0317855600088,6769.301547773325
gaussian_noise,strong,standard_conformal,0.05,hybrid,0.9,selective_accuracy,3,3,True,0.5997606289915512,0.17675404005318554,0.16067925239120473,1.0388420055918979
gaussian_noise,strong,standard_conformal,0.05,hybrid,0.9,selective_risk,3,3,True,0.4002393710084487,0.17675404005318554,-0.03884200559189782,0.8393207476087952
gaussian_noise,strong,standard_conformal,0.05,hybrid,0.95,abstention_rate,3,3,True,0.6825333333333333,0.09444905152161846,0.447908882609431,0.9171577840572356
gaussian_noise,strong,standard_conformal,0.05,hybrid,0.95,acceptance_rate,3,3,True,0.31746666666666673,0.09444905152161841,0.08284221594276453,0.5520911173905689
gaussian_noise,strong,standard_conformal,0.05,hybrid,0.95,number_abstained,3,3,True,6825.333333333333,944.4905152161843,4479.08882609431,9171.577840572356
gaussian_noise,strong,standard_conformal,0.05,hybrid,0.95,number_accepted,3,3,True,3174.6666666666665,944.4905152161843,828.4221594276441,5520.911173905689
gaussian_noise,strong,standard_conformal,0.05,hybrid,0.95,selective_accuracy,3,3,True,0.669657445761617,0.18822790734539474,0.20207340272107494,1.1372414888021591
gaussian_noise,strong,standard_conformal,0.05,hybrid,0.95,selective_risk,3,3,True,0.330342554238383,0.18822790734539477,-0.13724148880215914,0.7979265972789251
gaussian_noise,strong,standard_conformal,0.05,singleton_conformal,,abstention_rate,3,3,True,0.1632,0.015143315356948758,0.1255819192408757,0.20081808075912433
gaussian_noise,strong,standard_conformal,0.05,singleton_conformal,,acceptance_rate,3,3,True,0.8367999999999999,0.01514331535694875,0.7991819192408756,0.8744180807591242
gaussian_noise,strong,standard_conformal,0.05,singleton_conformal,,number_abstained,3,3,True,1632.0,151.43315356948756,1255.8191924087569,2008.1808075912431
gaussian_noise,strong,standard_conformal,0.05,singleton_conformal,,number_accepted,3,3,True,8368.0,151.43315356948756,7991.819192408757,8744.180807591243
gaussian_noise,strong,standard_conformal,0.05,singleton_conformal,,selective_accuracy,3,3,True,0.45400152261027776,0.10014303251031169,0.20523243898237317,0.7027706062381823
gaussian_noise,strong,standard_conformal,0.05,singleton_conformal,,selective_risk,3,3,True,0.5459984773897223,0.10014303251031167,0.29722939376181773,0.7947675610176268
gaussian_noise,strong,standard_conformal,0.05,,,average_set_size,3,3,True,1.1561666666666666,0.015630845573203378,1.1173374937117264,1.1949958396216067
gaussian_noise,strong,standard_conformal,0.05,,,coverage_gap,3,3,True,-0.47736666666666666,0.09749976068346698,-0.7195694990670991,-0.2351638342662342
gaussian_noise,strong,standard_conformal,0.05,,,empirical_coverage,3,3,True,0.4726333333333333,0.09749976068346695,0.2304305009329009,0.7148361657337656
gaussian_noise,strong,standard_conformal,0.05,,,empty_set_rate,3,3,True,0.003966666666666666,0.005345403009440292,-0.00931205053358767,0.017245383866921
gaussian_noise,strong,standard_conformal,0.05,,,median_set_size,3,3,True,1.0,0.0,1.0,1.0
gaussian_noise,strong,standard_conformal,0.05,,,multiclass_set_rate,3,3,True,0.15923333333333334,0.014199061001817458,0.12396091042727517,0.1945057562393915
gaussian_noise,strong,standard_conformal,0.05,,,singleton_set_rate,3,3,True,0.8367999999999999,0.01514331535694875,0.7991819192408756,0.8744180807591242
gaussian_noise,strong,standard_conformal,0.05,,,worst_class_coverage,3,3,True,0.015,0.00916515138991168,-0.007767498201580559,0.037767498201580554
gaussian_noise,strong,standard_conformal,0.1,hybrid,0.5,abstention_rate,3,3,True,0.12953333333333333,0.06084902080833622,-0.021624013979735235,0.2806906806464019
gaussian_noise,strong,standard_conformal,0.1,hybrid,0.5,acceptance_rate,3,3,True,0.8704666666666666,0.06084902080833616,0.7193093193535982,1.021624013979735
gaussian_noise,strong,standard_conformal,0.1,hybrid,0.5,number_abstained,3,3,True,1295.3333333333333,608.4902080833621,-216.24013979735196,2806.9068064640187
gaussian_noise,strong,standard_conformal,0.1,hybrid,0.5,number_accepted,3,3,True,8704.666666666666,608.4902080833622,7193.09319353598,10216.240139797352
gaussian_noise,strong,standard_conformal,0.1,hybrid,0.5,selective_accuracy,3,3,True,0.4520562121636087,0.11348309650547594,0.1701485724881538,0.7339638518390637
gaussian_noise,strong,standard_conformal,0.1,hybrid,0.5,selective_risk,3,3,True,0.5479437878363913,0.11348309650547592,0.2660361481609365,0.829851427511846
gaussian_noise,strong,standard_conformal,0.1,hybrid,0.6,abstention_rate,3,3,True,0.20186666666666664,0.07010950957846826,0.027704989970472632,0.3760283433628606
gaussian_noise,strong,standard_conformal,0.1,hybrid,0.6,acceptance_rate,3,3,True,0.7981333333333334,0.07010950957846826,0.6239716566371394,0.9722950100295273
gaussian_noise,strong,standard_conformal,0.1,hybrid,0.6,number_abstained,3,3,True,2018.6666666666667,701.0950957846827,277.0498997047264,3760.283433628607
gaussian_noise,strong,standard_conformal,0.1,hybrid,0.6,number_accepted,3,3,True,7981.333333333333,701.0950957846826,6239.716566371393,9722.950100295273
gaussian_noise,strong,standard_conformal,0.1,hybrid,0.6,selective_accuracy,3,3,True,0.4678022824816465,0.12176318576453553,0.16532576082110284,0.7702788041421902
gaussian_noise,strong,standard_conformal,0.1,hybrid,0.6,selective_risk,3,3,True,0.5321977175183535,0.12176318576453551,0.22972119585780992,0.8346742391788972
gaussian_noise,strong,standard_conformal,0.1,hybrid,0.7,abstention_rate,3,3,True,0.30233333333333334,0.08373770556525495,0.09431734104323805,0.5103493256234286
gaussian_noise,strong,standard_conformal,0.1,hybrid,0.7,acceptance_rate,3,3,True,0.6976666666666667,0.08373770556525498,0.4896506743765713,0.905682658956762
gaussian_noise,strong,standard_conformal,0.1,hybrid,0.7,number_abstained,3,3,True,3023.3333333333335,837.3770556525498,943.1734104323796,5103.493256234287
gaussian_noise,strong,standard_conformal,0.1,hybrid,0.7,number_accepted,3,3,True,6976.666666666667,837.3770556525498,4896.506743765713,9056.826589567621
gaussian_noise,strong,standard_conformal,0.1,hybrid,0.7,selective_accuracy,3,3,True,0.4917131419634669,0.13509114300779598,0.15612813909434398,0.8272981448325898
gaussian_noise,strong,standard_conformal,0.1,hybrid,0.7,selective_risk,3,3,True,0.5082868580365332,0.13509114300779604,0.17270185516741016,0.8438718609056561
gaussian_noise,strong,standard_conformal,0.1,hybrid,0.8,abstention_rate,3,3,True,0.4202333333333333,0.09813818488913137,0.17644456728751567,0.6640220993791509
gaussian_noise,strong,standard_conformal,0.1,hybrid,0.8,acceptance_rate,3,3,True,0.5797666666666667,0.09813818488913134,0.3359779006208491,0.8235554327124842
gaussian_noise,strong,standard_conformal,0.1,hybrid,0.8,number_abstained,3,3,True,4202.333333333333,981.3818488913137,1764.445672875157,6640.220993791509
gaussian_noise,strong,standard_conformal,0.1,hybrid,0.8,number_accepted,3,3,True,5797.666666666667,981.3818488913137,3359.779006208491,8235.554327124843
gaussian_noise,strong,standard_conformal,0.1,hybrid,0.8,selective_accuracy,3,3,True,0.5320959467408333,0.15396527728222276,0.14962499514396732,0.9145668983376992
gaussian_noise,strong,standard_conformal,0.1,hybrid,0.8,selective_risk,3,3,True,0.4679040532591668,0.15396527728222276,0.08543310166230084,0.8503750048560328
gaussian_noise,strong,standard_conformal,0.1,hybrid,0.9,abstention_rate,3,3,True,0.5740333333333334,0.1010263991901787,0.3230698452226675,0.8249968214439993
gaussian_noise,strong,standard_conformal,0.1,hybrid,0.9,acceptance_rate,3,3,True,0.42596666666666666,0.10102639919017867,0.17500317855600084,0.6769301547773325
gaussian_noise,strong,standard_conformal,0.1,hybrid,0.9,number_abstained,3,3,True,5740.333333333333,1010.2639919017868,3230.698452226675,8249.968214439992
gaussian_noise,strong,standard_conformal,0.1,hybrid,0.9,number_accepted,3,3,True,4259.666666666667,1010.2639919017868,1750.0317855600088,6769.301547773325
gaussian_noise,strong,standard_conformal,0.1,hybrid,0.9,selective_accuracy,3,3,True,0.5997606289915512,0.17675404005318554,0.16067925239120473,1.0388420055918979
gaussian_noise,strong,standard_conformal,0.1,hybrid,0.9,selective_risk,3,3,True,0.4002393710084487,0.17675404005318554,-0.03884200559189782,0.8393207476087952
gaussian_noise,strong,standard_conformal,0.1,hybrid,0.95,abstention_rate,3,3,True,0.6825333333333333,0.09444905152161846,0.447908882609431,0.9171577840572356
gaussian_noise,strong,standard_conformal,0.1,hybrid,0.95,acceptance_rate,3,3,True,0.31746666666666673,0.09444905152161841,0.08284221594276453,0.5520911173905689
gaussian_noise,strong,standard_conformal,0.1,hybrid,0.95,number_abstained,3,3,True,6825.333333333333,944.4905152161843,4479.08882609431,9171.577840572356
gaussian_noise,strong,standard_conformal,0.1,hybrid,0.95,number_accepted,3,3,True,3174.6666666666665,944.4905152161843,828.4221594276441,5520.911173905689
gaussian_noise,strong,standard_conformal,0.1,hybrid,0.95,selective_accuracy,3,3,True,0.669657445761617,0.18822790734539474,0.20207340272107494,1.1372414888021591
gaussian_noise,strong,standard_conformal,0.1,hybrid,0.95,selective_risk,3,3,True,0.330342554238383,0.18822790734539477,-0.13724148880215914,0.7979265972789251
gaussian_noise,strong,standard_conformal,0.1,singleton_conformal,,abstention_rate,3,3,True,0.12953333333333333,0.06084902080833622,-0.021624013979735235,0.2806906806464019
gaussian_noise,strong,standard_conformal,0.1,singleton_conformal,,acceptance_rate,3,3,True,0.8704666666666666,0.06084902080833616,0.7193093193535982,1.021624013979735
gaussian_noise,strong,standard_conformal,0.1,singleton_conformal,,number_abstained,3,3,True,1295.3333333333333,608.4902080833621,-216.24013979735196,2806.9068064640187
gaussian_noise,strong,standard_conformal,0.1,singleton_conformal,,number_accepted,3,3,True,8704.666666666666,608.4902080833622,7193.09319353598,10216.240139797352
gaussian_noise,strong,standard_conformal,0.1,singleton_conformal,,selective_accuracy,3,3,True,0.4520562121636087,0.11348309650547594,0.1701485724881538,0.7339638518390637
gaussian_noise,strong,standard_conformal,0.1,singleton_conformal,,selective_risk,3,3,True,0.5479437878363913,0.11348309650547592,0.2660361481609365,0.829851427511846
gaussian_noise,strong,standard_conformal,0.1,,,average_set_size,3,3,True,0.8704666666666666,0.06084902080833616,0.7193093193535982,1.021624013979735
gaussian_noise,strong,standard_conformal,0.1,,,coverage_gap,3,3,True,-0.5110666666666667,0.06925441020854434,-0.6831041587707387,-0.3390291745625946
gaussian_noise,strong,standard_conformal,0.1,,,empirical_coverage,3,3,True,0.3889333333333333,0.06925441020854436,0.2168958412292612,0.5609708254374054
gaussian_noise,strong,standard_conformal,0.1,,,empty_set_rate,3,3,True,0.12953333333333333,0.06084902080833622,-0.021624013979735235,0.2806906806464019
gaussian_noise,strong,standard_conformal,0.1,,,median_set_size,3,3,True,1.0,0.0,1.0,1.0
gaussian_noise,strong,standard_conformal,0.1,,,multiclass_set_rate,3,3,True,0.0,0.0,0.0,0.0
gaussian_noise,strong,standard_conformal,0.1,,,singleton_set_rate,3,3,True,0.8704666666666666,0.06084902080833616,0.7193093193535982,1.021624013979735
gaussian_noise,strong,standard_conformal,0.1,,,worst_class_coverage,3,3,True,0.0036666666666666666,0.0032145502536643183,-0.0043187188447774555,0.01165205217811079
gaussian_noise,strong,standard_conformal,0.2,hybrid,0.5,abstention_rate,3,3,True,0.44316666666666665,0.11397369579571129,0.1600403107929802,0.7262930225403531
gaussian_noise,strong,standard_conformal,0.2,hybrid,0.5,acceptance_rate,3,3,True,0.5568333333333334,0.11397369579571129,0.27370697745964695,0.8399596892070198
gaussian_noise,strong,standard_conformal,0.2,hybrid,0.5,number_abstained,3,3,True,4431.666666666667,1139.7369579571127,1600.4031079298024,7262.930225403532
gaussian_noise,strong,standard_conformal,0.2,hybrid,0.5,number_accepted,3,3,True,5568.333333333333,1139.7369579571127,2737.0697745964685,8399.596892070198
gaussian_noise,strong,standard_conformal,0.2,hybrid,0.5,selective_accuracy,3,3,True,0.5440351198759799,0.1684871630952771,0.12548980408517357,0.9625804356667862
gaussian_noise,strong,standard_conformal,0.2,hybrid,0.5,selective_risk,3,3,True,0.45596488012402014,0.1684871630952771,0.03741956433321386,0.8745101959148265
gaussian_noise,strong,standard_conformal,0.2,hybrid,0.6,abstention_rate,3,3,True,0.44316666666666665,0.11397369579571129,0.1600403107929802,0.7262930225403531
gaussian_noise,strong,standard_conformal,0.2,hybrid,0.6,acceptance_rate,3,3,True,0.5568333333333334,0.11397369579571129,0.27370697745964695,0.8399596892070198
gaussian_noise,strong,standard_conformal,0.2,hybrid,0.6,number_abstained,3,3,True,4431.666666666667,1139.7369579571127,1600.4031079298024,7262.930225403532
gaussian_noise,strong,standard_conformal,0.2,hybrid,0.6,number_accepted,3,3,True,5568.333333333333,1139.7369579571127,2737.0697745964685,8399.596892070198
gaussian_noise,strong,standard_conformal,0.2,hybrid,0.6,selective_accuracy,3,3,True,0.5440351198759799,0.1684871630952771,0.12548980408517357,0.9625804356667862
gaussian_noise,strong,standard_conformal,0.2,hybrid,0.6,selective_risk,3,3,True,0.45596488012402014,0.1684871630952771,0.03741956433321386,0.8745101959148265
gaussian_noise,strong,standard_conformal,0.2,hybrid,0.7,abstention_rate,3,3,True,0.44316666666666665,0.11397369579571129,0.1600403107929802,0.7262930225403531
gaussian_noise,strong,standard_conformal,0.2,hybrid,0.7,acceptance_rate,3,3,True,0.5568333333333334,0.11397369579571129,0.27370697745964695,0.8399596892070198
gaussian_noise,strong,standard_conformal,0.2,hybrid,0.7,number_abstained,3,3,True,4431.666666666667,1139.7369579571127,1600.4031079298024,7262.930225403532
gaussian_noise,strong,standard_conformal,0.2,hybrid,0.7,number_accepted,3,3,True,5568.333333333333,1139.7369579571127,2737.0697745964685,8399.596892070198
gaussian_noise,strong,standard_conformal,0.2,hybrid,0.7,selective_accuracy,3,3,True,0.5440351198759799,0.1684871630952771,0.12548980408517357,0.9625804356667862
gaussian_noise,strong,standard_conformal,0.2,hybrid,0.7,selective_risk,3,3,True,0.45596488012402014,0.1684871630952771,0.03741956433321386,0.8745101959148265
gaussian_noise,strong,standard_conformal,0.2,hybrid,0.8,abstention_rate,3,3,True,0.44316666666666665,0.11397369579571129,0.1600403107929802,0.7262930225403531
gaussian_noise,strong,standard_conformal,0.2,hybrid,0.8,acceptance_rate,3,3,True,0.5568333333333334,0.11397369579571129,0.27370697745964695,0.8399596892070198
gaussian_noise,strong,standard_conformal,0.2,hybrid,0.8,number_abstained,3,3,True,4431.666666666667,1139.7369579571127,1600.4031079298024,7262.930225403532
gaussian_noise,strong,standard_conformal,0.2,hybrid,0.8,number_accepted,3,3,True,5568.333333333333,1139.7369579571127,2737.0697745964685,8399.596892070198
gaussian_noise,strong,standard_conformal,0.2,hybrid,0.8,selective_accuracy,3,3,True,0.5440351198759799,0.1684871630952771,0.12548980408517357,0.9625804356667862
gaussian_noise,strong,standard_conformal,0.2,hybrid,0.8,selective_risk,3,3,True,0.45596488012402014,0.1684871630952771,0.03741956433321386,0.8745101959148265
gaussian_noise,strong,standard_conformal,0.2,hybrid,0.9,abstention_rate,3,3,True,0.5740333333333334,0.1010263991901787,0.3230698452226675,0.8249968214439993
gaussian_noise,strong,standard_conformal,0.2,hybrid,0.9,acceptance_rate,3,3,True,0.42596666666666666,0.10102639919017867,0.17500317855600084,0.6769301547773325
gaussian_noise,strong,standard_conformal,0.2,hybrid,0.9,number_abstained,3,3,True,5740.333333333333,1010.2639919017868,3230.698452226675,8249.968214439992
gaussian_noise,strong,standard_conformal,0.2,hybrid,0.9,number_accepted,3,3,True,4259.666666666667,1010.2639919017868,1750.0317855600088,6769.301547773325
gaussian_noise,strong,standard_conformal,0.2,hybrid,0.9,selective_accuracy,3,3,True,0.5997606289915512,0.17675404005318554,0.16067925239120473,1.0388420055918979
gaussian_noise,strong,standard_conformal,0.2,hybrid,0.9,selective_risk,3,3,True,0.4002393710084487,0.17675404005318554,-0.03884200559189782,0.8393207476087952
gaussian_noise,strong,standard_conformal,0.2,hybrid,0.95,abstention_rate,3,3,True,0.6825333333333333,0.09444905152161846,0.447908882609431,0.9171577840572356
gaussian_noise,strong,standard_conformal,0.2,hybrid,0.95,acceptance_rate,3,3,True,0.31746666666666673,0.09444905152161841,0.08284221594276453,0.5520911173905689
gaussian_noise,strong,standard_conformal,0.2,hybrid,0.95,number_abstained,3,3,True,6825.333333333333,944.4905152161843,4479.08882609431,9171.577840572356
gaussian_noise,strong,standard_conformal,0.2,hybrid,0.95,number_accepted,3,3,True,3174.6666666666665,944.4905152161843,828.4221594276441,5520.911173905689
gaussian_noise,strong,standard_conformal,0.2,hybrid,0.95,selective_accuracy,3,3,True,0.669657445761617,0.18822790734539474,0.20207340272107494,1.1372414888021591
gaussian_noise,strong,standard_conformal,0.2,hybrid,0.95,selective_risk,3,3,True,0.330342554238383,0.18822790734539477,-0.13724148880215914,0.7979265972789251
gaussian_noise,strong,standard_conformal,0.2,singleton_conformal,,abstention_rate,3,3,True,0.44316666666666665,0.11397369579571129,0.1600403107929802,0.7262930225403531
gaussian_noise,strong,standard_conformal,0.2,singleton_conformal,,acceptance_rate,3,3,True,0.5568333333333334,0.11397369579571129,0.27370697745964695,0.8399596892070198
gaussian_noise,strong,standard_conformal,0.2,singleton_conformal,,number_abstained,3,3,True,4431.666666666667,1139.7369579571127,1600.4031079298024,7262.930225403532
gaussian_noise,strong,standard_conformal,0.2,singleton_conformal,,number_accepted,3,3,True,5568.333333333333,1139.7369579571127,2737.0697745964685,8399.596892070198
gaussian_noise,strong,standard_conformal,0.2,singleton_conformal,,selective_accuracy,3,3,True,0.5440351198759799,0.1684871630952771,0.12548980408517357,0.9625804356667862
gaussian_noise,strong,standard_conformal,0.2,singleton_conformal,,selective_risk,3,3,True,0.45596488012402014,0.1684871630952771,0.03741956433321386,0.8745101959148265
gaussian_noise,strong,standard_conformal,0.2,,,average_set_size,3,3,True,0.5568333333333334,0.11397369579571129,0.27370697745964695,0.8399596892070198
gaussian_noise,strong,standard_conformal,0.2,,,coverage_gap,3,3,True,-0.5092333333333334,0.03381750040043371,-0.5932406613951827,-0.42522600527148413
gaussian_noise,strong,standard_conformal,0.2,,,empirical_coverage,3,3,True,0.2907666666666667,0.033817500400433714,0.20675933860481738,0.37477399472851597
gaussian_noise,strong,standard_conformal,0.2,,,empty_set_rate,3,3,True,0.44316666666666665,0.11397369579571129,0.1600403107929802,0.7262930225403531
gaussian_noise,strong,standard_conformal,0.2,,,median_set_size,3,3,True,0.6666666666666666,0.5773502691896258,-0.7675509099164876,2.100884243249821
gaussian_noise,strong,standard_conformal,0.2,,,multiclass_set_rate,3,3,True,0.0,0.0,0.0,0.0
gaussian_noise,strong,standard_conformal,0.2,,,singleton_set_rate,3,3,True,0.5568333333333334,0.11397369579571129,0.27370697745964695,0.8399596892070198
gaussian_noise,strong,standard_conformal,0.2,,,worst_class_coverage,3,3,True,0.0003333333333333333,0.0005773502691896258,-0.0011008842432498208,0.0017675509099164873
gaussian_noise,strong,temperature_scaled,,confidence_threshold,0.5,abstention_rate,3,3,True,0.1024,0.05504171145594947,-0.03433119114700424,0.23913119114700426
gaussian_noise,strong,temperature_scaled,,confidence_threshold,0.5,acceptance_rate,3,3,True,0.8976000000000001,0.05504171145594949,0.7608688088529958,1.0343311911470043
gaussian_noise,strong,temperature_scaled,,confidence_threshold,0.5,number_abstained,3,3,True,1024.0,550.4171145594947,-343.31191147004256,2391.3119114700426
gaussian_noise,strong,temperature_scaled,,confidence_threshold,0.5,number_accepted,3,3,True,8976.0,550.4171145594947,7608.688088529958,10343.311911470042
gaussian_noise,strong,temperature_scaled,,confidence_threshold,0.5,selective_accuracy,3,3,True,0.4463282782023872,0.10920691701235079,0.1750432572680179,0.7176132991367565
gaussian_noise,strong,temperature_scaled,,confidence_threshold,0.5,selective_risk,3,3,True,0.5536717217976128,0.10920691701235079,0.2823867008632435,0.8249567427319822
gaussian_noise,strong,temperature_scaled,,confidence_threshold,0.6,abstention_rate,3,3,True,0.20186666666666664,0.07010950957846826,0.027704989970472632,0.3760283433628606
gaussian_noise,strong,temperature_scaled,,confidence_threshold,0.6,acceptance_rate,3,3,True,0.7981333333333334,0.07010950957846826,0.6239716566371394,0.9722950100295273
gaussian_noise,strong,temperature_scaled,,confidence_threshold,0.6,number_abstained,3,3,True,2018.6666666666667,701.0950957846827,277.0498997047264,3760.283433628607
gaussian_noise,strong,temperature_scaled,,confidence_threshold,0.6,number_accepted,3,3,True,7981.333333333333,701.0950957846826,6239.716566371393,9722.950100295273
gaussian_noise,strong,temperature_scaled,,confidence_threshold,0.6,selective_accuracy,3,3,True,0.4678022824816465,0.12176318576453553,0.16532576082110284,0.7702788041421902
gaussian_noise,strong,temperature_scaled,,confidence_threshold,0.6,selective_risk,3,3,True,0.5321977175183535,0.12176318576453551,0.22972119585780992,0.8346742391788972
gaussian_noise,strong,temperature_scaled,,confidence_threshold,0.7,abstention_rate,3,3,True,0.30233333333333334,0.08373770556525495,0.09431734104323805,0.5103493256234286
gaussian_noise,strong,temperature_scaled,,confidence_threshold,0.7,acceptance_rate,3,3,True,0.6976666666666667,0.08373770556525498,0.4896506743765713,0.905682658956762
gaussian_noise,strong,temperature_scaled,,confidence_threshold,0.7,number_abstained,3,3,True,3023.3333333333335,837.3770556525498,943.1734104323796,5103.493256234287
gaussian_noise,strong,temperature_scaled,,confidence_threshold,0.7,number_accepted,3,3,True,6976.666666666667,837.3770556525498,4896.506743765713,9056.826589567621
gaussian_noise,strong,temperature_scaled,,confidence_threshold,0.7,selective_accuracy,3,3,True,0.4917131419634669,0.13509114300779598,0.15612813909434398,0.8272981448325898
gaussian_noise,strong,temperature_scaled,,confidence_threshold,0.7,selective_risk,3,3,True,0.5082868580365332,0.13509114300779604,0.17270185516741016,0.8438718609056561
gaussian_noise,strong,temperature_scaled,,confidence_threshold,0.8,abstention_rate,3,3,True,0.4202333333333333,0.09813818488913137,0.17644456728751567,0.6640220993791509
gaussian_noise,strong,temperature_scaled,,confidence_threshold,0.8,acceptance_rate,3,3,True,0.5797666666666667,0.09813818488913134,0.3359779006208491,0.8235554327124842
gaussian_noise,strong,temperature_scaled,,confidence_threshold,0.8,number_abstained,3,3,True,4202.333333333333,981.3818488913137,1764.445672875157,6640.220993791509
gaussian_noise,strong,temperature_scaled,,confidence_threshold,0.8,number_accepted,3,3,True,5797.666666666667,981.3818488913137,3359.779006208491,8235.554327124843
gaussian_noise,strong,temperature_scaled,,confidence_threshold,0.8,selective_accuracy,3,3,True,0.5320959467408333,0.15396527728222276,0.14962499514396732,0.9145668983376992
gaussian_noise,strong,temperature_scaled,,confidence_threshold,0.8,selective_risk,3,3,True,0.4679040532591668,0.15396527728222276,0.08543310166230084,0.8503750048560328
gaussian_noise,strong,temperature_scaled,,confidence_threshold,0.9,abstention_rate,3,3,True,0.5740333333333334,0.1010263991901787,0.3230698452226675,0.8249968214439993
gaussian_noise,strong,temperature_scaled,,confidence_threshold,0.9,acceptance_rate,3,3,True,0.42596666666666666,0.10102639919017867,0.17500317855600084,0.6769301547773325
gaussian_noise,strong,temperature_scaled,,confidence_threshold,0.9,number_abstained,3,3,True,5740.333333333333,1010.2639919017868,3230.698452226675,8249.968214439992
gaussian_noise,strong,temperature_scaled,,confidence_threshold,0.9,number_accepted,3,3,True,4259.666666666667,1010.2639919017868,1750.0317855600088,6769.301547773325
gaussian_noise,strong,temperature_scaled,,confidence_threshold,0.9,selective_accuracy,3,3,True,0.5997606289915512,0.17675404005318554,0.16067925239120473,1.0388420055918979
gaussian_noise,strong,temperature_scaled,,confidence_threshold,0.9,selective_risk,3,3,True,0.4002393710084487,0.17675404005318554,-0.03884200559189782,0.8393207476087952
gaussian_noise,strong,temperature_scaled,,confidence_threshold,0.95,abstention_rate,3,3,True,0.6825333333333333,0.09444905152161846,0.447908882609431,0.9171577840572356
gaussian_noise,strong,temperature_scaled,,confidence_threshold,0.95,acceptance_rate,3,3,True,0.31746666666666673,0.09444905152161841,0.08284221594276453,0.5520911173905689
gaussian_noise,strong,temperature_scaled,,confidence_threshold,0.95,number_abstained,3,3,True,6825.333333333333,944.4905152161843,4479.08882609431,9171.577840572356
gaussian_noise,strong,temperature_scaled,,confidence_threshold,0.95,number_accepted,3,3,True,3174.6666666666665,944.4905152161843,828.4221594276441,5520.911173905689
gaussian_noise,strong,temperature_scaled,,confidence_threshold,0.95,selective_accuracy,3,3,True,0.669657445761617,0.18822790734539474,0.20207340272107494,1.1372414888021591
gaussian_noise,strong,temperature_scaled,,confidence_threshold,0.95,selective_risk,3,3,True,0.330342554238383,0.18822790734539477,-0.13724148880215914,0.7979265972789251
gaussian_noise,strong,temperature_scaled,,,,accuracy_confidence_gap,3,3,True,-0.37018011568586023,0.13351701413118353,-0.7018547656494349,-0.03850546572228547
gaussian_noise,strong,temperature_scaled,,,,brier_score,3,3,True,0.8867042673958446,0.20424596201962594,0.37932917067016625,1.394079364121523
gaussian_noise,strong,temperature_scaled,,,,expected_calibration_error,3,3,True,0.37023199213246505,0.13353538576596252,0.03851170449810931,0.7019522797668207
gaussian_noise,strong,temperature_scaled,,,,maximum_calibration_error,3,3,True,0.49886508941544117,0.11574946276790779,0.2113274838388407,0.7864026949920416
gaussian_noise,strong,temperature_scaled,,,,mean_confidence,3,3,True,0.796346782352527,0.045515324118712314,0.6832804492466944,0.9094131154583596
gaussian_noise,strong,temperature_scaled,,,,negative_log_likelihood,3,3,True,2.286147303509347,0.8875679327787953,0.08130632995325948,4.490988277065435
rotation,medium,class_conditional_conformal,0.05,,,average_set_size,3,3,True,1.3260666666666667,0.01823796406766209,1.2807610523406399,1.3713722809926936
rotation,medium,class_conditional_conformal,0.05,,,coverage_gap,3,3,True,-0.415,0.010105938848023988,-0.44010454380501907,-0.3898954561949809
rotation,medium,class_conditional_conformal,0.05,,,empirical_coverage,3,3,True,0.535,0.010105938848023988,0.509895456194981,0.5601045438050191
rotation,medium,class_conditional_conformal,0.05,,,empty_set_rate,3,3,True,0.13283333333333333,0.018544361227427957,0.08676658626795891,0.17890008039870775
rotation,medium,class_conditional_conformal,0.05,,,median_set_size,3,3,True,1.0,0.0,1.0,1.0
rotation,medium,class_conditional_conformal,0.05,,,multiclass_set_rate,3,3,True,0.3916666666666666,0.0091489525812157,0.3689394085366532,0.41439392479668
rotation,medium,class_conditional_conformal,0.05,,,singleton_set_rate,3,3,True,0.47550000000000003,0.02610689564080724,0.4106468760019405,0.5403531239980596
rotation,medium,class_conditional_conformal,0.05,,,worst_class_coverage,3,3,True,0.004333333333333333,0.005859465277082315,-0.010222385332158442,0.01888905199882511
rotation,medium,class_conditional_conformal,0.1,,,average_set_size,3,3,True,0.7572666666666666,0.0965679726065186,0.5173785241675409,0.9971548091657924
rotation,medium,class_conditional_conformal,0.1,,,coverage_gap,3,3,True,-0.5766333333333333,0.022694125524754905,-0.6330086663845728,-0.5202580002820939
rotation,medium,class_conditional_conformal,0.1,,,empirical_coverage,3,3,True,0.32336666666666664,0.02269412552475493,0.26699133361542715,0.3797419997179061
rotation,medium,class_conditional_conformal,0.1,,,empty_set_rate,3,3,True,0.32553333333333334,0.06577342421778976,0.16214308980296935,0.48892357686369736
rotation,medium,class_conditional_conformal,0.1,,,median_set_size,3,3,True,1.0,0.0,1.0,1.0
rotation,medium,class_conditional_conformal,0.1,,,multiclass_set_rate,3,3,True,0.0828,0.030978540959832174,0.005845038146678624,0.1597549618533214
rotation,medium,class_conditional_conformal,0.1,,,singleton_set_rate,3,3,True,0.5916666666666667,0.035302313427498386,0.5039708585693878,0.6793624747639455
rotation,medium,class_conditional_conformal,0.1,,,worst_class_coverage,3,3,True,0.0,0.0,0.0,0.0
rotation,medium,class_conditional_conformal,0.2,,,average_set_size,3,3,True,0.322,0.10037175897631764,0.07266272833221463,0.5713372716677854
rotation,medium,class_conditional_conformal,0.2,,,coverage_gap,3,3,True,-0.6600666666666667,0.02510982543414698,-0.7224429309630989,-0.5976904023702345
rotation,medium,class_conditional_conformal,0.2,,,empirical_coverage,3,3,True,0.13993333333333333,0.02510982543414696,0.07755706903690127,0.2023095976297654
rotation,medium,class_conditional_conformal,0.2,,,empty_set_rate,3,3,True,0.678,0.10037175897631766,0.42866272833221464,0.9273372716677855
rotation,medium,class_conditional_conformal,0.2,,,median_set_size,3,3,True,0.0,0.0,0.0,0.0
rotation,medium,class_conditional_conformal,0.2,,,multiclass_set_rate,3,3,True,0.0,0.0,0.0,0.0
rotation,medium,class_conditional_conformal,0.2,,,singleton_set_rate,3,3,True,0.322,0.10037175897631764,0.07266272833221463,0.5713372716677854
rotation,medium,class_conditional_conformal,0.2,,,worst_class_coverage,3,3,True,0.0,0.0,0.0,0.0
rotation,medium,raw_softmax,,,,accuracy,3,3,True,0.5282666666666667,0.022954157212438295,0.4712453790938029,0.5852879542395305
rotation,medium,raw_softmax,,,,accuracy_confidence_gap,3,3,True,-0.1834746145442128,0.056010898843744876,-0.3226134006309924,-0.044335828457433196
rotation,medium,raw_softmax,,,,brier_score,3,3,True,0.6384655114120038,0.0627263770749801,0.4826445525985744,0.7942864702254332
rotation,medium,raw_softmax,,,,evaluation_seconds,3,3,True,7.86996896667794,0.3228084249831445,7.068068384506583,8.671869548849298
rotation,medium,raw_softmax,,,,expected_calibration_error,3,3,True,0.18347461454421285,0.05601089884374487,0.04433582845743325,0.3226134006309924
rotation,medium,raw_softmax,,,,macro_f1,3,3,True,0.512136955505679,0.02712938493587676,0.44474382728987616,0.5795300837214817
rotation,medium,raw_softmax,,,,maximum_calibration_error,3,3,True,0.2971913132123797,0.11142456979348121,0.020397337372836333,0.573985289051923
rotation,medium,raw_softmax,,,,mean_confidence,3,3,True,0.7117412812108795,0.0366187774690493,0.6207751951418209,0.8027073672799382
rotation,medium,raw_softmax,,,,mean_inference_seconds_per_image,3,3,True,0.000786996896667794,3.228084249831443e-05,0.0007068068384506584,0.0008671869548849296
rotation,medium,raw_softmax,,,,negative_log_likelihood,3,3,True,1.535669811861549,0.3237365602568947,0.7314636138550639,2.3398760098680342
rotation,medium,raw_softmax,,,,sample_count,3,3,True,10000.0,0.0,10000.0,10000.0
rotation,medium,standard_conformal,0.05,hybrid,0.5,abstention_rate,3,3,True,0.40159999999999996,0.027454689945435557,0.33339876934213086,0.46980123065786905
rotation,medium,standard_conformal,0.05,hybrid,0.5,acceptance_rate,3,3,True,0.5983999999999999,0.02745468994543559,0.5301987693421307,0.6666012306578691
rotation,medium,standard_conformal,0.05,hybrid,0.5,number_abstained,3,3,True,4016.0,274.5468994543555,3333.9876934213094,4698.01230657869
rotation,medium,standard_conformal,0.05,hybrid,0.5,number_accepted,3,3,True,5984.0,274.5468994543555,5301.98769342131,6666.01230657869
rotation,medium,standard_conformal,0.05,hybrid,0.5,selective_accuracy,3,3,True,0.6713170785085752,0.05601775448154537,0.5321612620733973,0.8104728949437532
rotation,medium,standard_conformal,0.05,hybrid,0.5,selective_risk,3,3,True,0.32868292149142475,0.05601775448154537,0.18952710505624684,0.4678387379266027
rotation,medium,standard_conformal,0.05,hybrid,0.6,abstention_rate,3,3,True,0.4858,0.018266636253016038,0.4404231600170571,0.5311768399829428
rotation,medium,standard_conformal,0.05,hybrid,0.6,acceptance_rate,3,3,True,0.5142,0.018266636253016038,0.4688231600170571,0.5595768399829428
rotation,medium,standard_conformal,0.05,hybrid,0.6,number_abstained,3,3,True,4858.0,182.66636253016043,4404.231600170571,5311.768399829429
rotation,medium,standard_conformal,0.05,hybrid,0.6,number_accepted,3,3,True,5142.0,182.66636253016043,4688.231600170571,5595.768399829429
rotation,medium,standard_conformal,0.05,hybrid,0.6,selective_accuracy,3,3,True,0.7204273349063738,0.05319824786534498,0.5882755611850288,0.8525791086277188
rotation,medium,standard_conformal,0.05,hybrid,0.6,selective_risk,3,3,True,0.27957266509362616,0.05319824786534498,0.1474208913722812,0.4117244388149711
rotation,medium,standard_conformal,0.05,hybrid,0.7,abstention_rate,3,3,True,0.5745666666666667,0.011751311983490737,0.5453747894059338,0.6037585439273996
rotation,medium,standard_conformal,0.05,hybrid,0.7,acceptance_rate,3,3,True,0.42543333333333333,0.01175131198349074,0.3962414560726004,0.45462521059406624
rotation,medium,standard_conformal,0.05,hybrid,0.7,number_abstained,3,3,True,5745.666666666667,117.51311983490751,5453.747894059337,6037.585439273997
rotation,medium,standard_conformal,0.05,hybrid,0.7,number_accepted,3,3,True,4254.333333333333,117.51311983490751,3962.4145607260034,4546.252105940663
rotation,medium,standard_conformal,0.05,hybrid,0.7,selective_accuracy,3,3,True,0.7801473213492232,0.05217550534395157,0.6505361808946821,0.9097584618037642
rotation,medium,standard_conformal,0.05,hybrid,0.7,selective_risk,3,3,True,0.21985267865077693,0.05217550534395157,0.09024153819623595,0.3494638191053179
rotation,medium,standard_conformal,0.05,hybrid,0.8,abstention_rate,3,3,True,0.6697333333333333,0.009673847907287593,0.6457021629291032,0.6937645037375634
rotation,medium,standard_conformal,0.05,hybrid,0.8,acceptance_rate,3,3,True,0.3302666666666667,0.009673847907287644,0.30623549626243646,0.35429783707089696
rotation,medium,standard_conformal,0.05,hybrid,0.8,number_abstained,3,3,True,6697.333333333333,96.73847907287634,6457.021629291031,6937.645037375635
rotation,medium,standard_conformal,0.05,hybrid,0.8,number_accepted,3,3,True,3302.6666666666665,96.73847907287634,3062.3549626243644,3542.9783707089687
rotation,medium,standard_conformal,0.05,hybrid,0.8,selective_accuracy,3,3,True,0.8452495391861743,0.04446851667132628,0.7347836199373344,0.9557154584350142
rotation,medium,standard_conformal,0.05,hybrid,0.8,selective_risk,3,3,True,0.15475046081382574,0.044468516671326286,0.04428454156498586,0.2652163800626656
rotation,medium,standard_conformal,0.05,hybrid,0.9,abstention_rate,3,3,True,0.7583666666666667,0.00667108187128097,0.7417947806120437,0.7749385527212898
rotation,medium,standard_conformal,0.05,hybrid,0.9,acceptance_rate,3,3,True,0.24163333333333334,0.00667108187128095,0.22506144727871036,0.2582052193879563
rotation,medium,standard_conformal,0.05,hybrid,0.9,number_abstained,3,3,True,7583.666666666667,66.7108187128095,7417.947806120437,7749.385527212897
rotation,medium,standard_conformal,0.05,hybrid,0.9,number_accepted,3,3,True,2416.3333333333335,66.7108187128095,2250.6144727871038,2582.052193879563
rotation,medium,standard_conformal,0.05,hybrid,0.9,selective_accuracy,3,3,True,0.9087065448998356,0.027255818332863408,0.8409993387145536,0.9764137510851176
rotation,medium,standard_conformal,0.05,hybrid,0.9,selective_risk,3,3,True,0.09129345510016433,0.027255818332863408,0.023586248914882327,0.15900066128544632
rotation,medium,standard_conformal,0.05,hybrid,0.95,abstention_rate,3,3,True,0.8118666666666666,0.007938723658960154,0.7921457838422792,0.8315875494910541
rotation,medium,standard_conformal,0.05,hybrid,0.95,acceptance_rate,3,3,True,0.18813333333333335,0.007938723658960126,0.16841245050894593,0.20785421615772076
rotation,medium,standard_conformal,0.05,hybrid,0.95,number_abstained,3,3,True,8118.666666666667,79.38723658960132,7921.4578384227925,8315.87549491054
rotation,medium,standard_conformal,0.05,hybrid,0.95,number_accepted,3,3,True,1881.3333333333333,79.38723658960132,1684.124505089459,2078.5421615772075
rotation,medium,standard_conformal,0.05,hybrid,0.95,selective_accuracy,3,3,True,0.9457697652436873,0.012406305241473795,0.9149507945298564,0.9765887359575182
rotation,medium,standard_conformal,0.05,hybrid,0.95,selective_risk,3,3,True,0.0542302347563128,0.012406305241473797,0.023411264042481957,0.08504920547014364
rotation,medium,standard_conformal,0.05,singleton_conformal,,abstention_rate,3,3,True,0.24963333333333335,0.006782575715267278,0.23278448121623593,0.2664821854504308
rotation,medium,standard_conformal,0.05,singleton_conformal,,acceptance_rate,3,3,True,0.7503666666666667,0.0067825757152672455,0.7335178145495694,0.767215518783764
rotation,medium,standard_conformal,0.05,singleton_conformal,,number_abstained,3,3,True,2496.3333333333335,67.82575715267272,2327.8448121623596,2664.8218545043073
rotation,medium,standard_conformal,0.05,singleton_conformal,,number_accepted,3,3,True,7503.666666666667,67.82575715267272,7335.178145495693,7672.155187837641
rotation,medium,standard_conformal,0.05,singleton_conformal,,selective_accuracy,3,3,True,0.5893704528902989,0.03219831346135912,0.5093854081661784,0.6693554976144194
rotation,medium,standard_conformal,0.05,singleton_conformal,,selective_risk,3,3,True,0.41062954710970107,0.03219831346135912,0.3306445023855806,0.49061459183382156
rotation,medium,standard_conformal,0.05,,,average_set_size,3,3,True,1.1889666666666665,0.05518481071212744,1.0518799972608672,1.3260533360724658
rotation,medium,standard_conformal,0.05,,,coverage_gap,3,3,True,-0.3632666666666666,0.01606777312925886,-0.40318122784090715,-0.3233521054924261
rotation,medium,standard_conformal,0.05,,,empirical_coverage,3,3,True,0.5867333333333333,0.01606777312925886,0.5468187721590928,0.6266478945075739
rotation,medium,standard_conformal,0.05,,,empty_set_rate,3,3,True,0.031599999999999996,0.027612135013432047,-0.03699234588880825,0.10019234588880824
rotation,medium,standard_conformal,0.05,,,median_set_size,3,3,True,1.0,0.0,1.0,1.0
rotation,medium,standard_conformal,0.05,,,multiclass_set_rate,3,3,True,0.21803333333333333,0.027292184473459314,0.15023578864676623,0.2858308780199004
rotation,medium,standard_conformal,0.05,,,singleton_set_rate,3,3,True,0.7503666666666667,0.0067825757152672455,0.7335178145495694,0.767215518783764
rotation,medium,standard_conformal,0.05,,,worst_class_coverage,3,3,True,0.057333333333333326,0.03493326972004386,-0.029445719372973515,0.14411238603964016
rotation,medium,standard_conformal,0.1,hybrid,0.5,abstention_rate,3,3,True,0.3669,0.03149142740493036,0.2886709575865647,0.4451290424134353
rotation,medium,standard_conformal,0.1,hybrid,0.5,acceptance_rate,3,3,True,0.6331,0.031491427404930376,0.5548709575865646,0.7113290424134354
rotation,medium,standard_conformal,0.1,hybrid,0.5,number_abstained,3,3,True,3669.0,314.9142740493038,2886.709575865646,4451.290424134354
rotation,medium,standard_conformal,0.1,hybrid,0.5,number_accepted,3,3,True,6331.0,314.9142740493038,5548.709575865646,7113.290424134354
rotation,medium,standard_conformal,0.1,hybrid,0.5,selective_accuracy,3,3,True,0.6671229054609275,0.05596481435215744,0.5280985995976271,0.8061472113242278
rotation,medium,standard_conformal,0.1,hybrid,0.5,selective_risk,3,3,True,0.33287709453907255,0.05596481435215744,0.19385278867577216,0.47190140040237294
rotation,medium,standard_conformal,0.1,hybrid,0.6,abstention_rate,3,3,True,0.46373333333333333,0.020169862005807906,0.41362861848390575,0.5138380481827609
rotation,medium,standard_conformal,0.1,hybrid,0.6,acceptance_rate,3,3,True,0.5362666666666667,0.02016986200580791,0.4861619518172391,0.5863713815160942
rotation,medium,standard_conformal,0.1,hybrid,0.6,number_abstained,3,3,True,4637.333333333333,201.69862005807906,4136.286184839058,5138.3804818276085
rotation,medium,standard_conformal,0.1,hybrid,0.6,number_accepted,3,3,True,5362.666666666667,201.69862005807906,4861.6195181723915,5863.713815160942
rotation,medium,standard_conformal,0.1,hybrid,0.6,selective_accuracy,3,3,True,0.7132577330859999,0.05434809132542244,0.578249589862867,0.8482658763091329
rotation,medium,standard_conformal,0.1,hybrid,0.6,selective_risk,3,3,True,0.28674226691400007,0.05434809132542244,0.1517341236908672,0.42175041013713294
rotation,medium,standard_conformal,0.1,hybrid,0.7,abstention_rate,3,3,True,0.574,0.011532562594670807,0.5453515263454569,0.602648473654543
rotation,medium,standard_conformal,0.1,hybrid,0.7,acceptance_rate,3,3,True,0.426,0.011532562594670807,0.397351526345457,0.454648473654543
rotation,medium,standard_conformal,0.1,hybrid,0.7,number_abstained,3,3,True,5740.0,115.32562594670796,5453.51526345457,6026.48473654543
rotation,medium,standard_conformal,0.1,hybrid,0.7,number_accepted,3,3,True,4260.0,115.32562594670796,3973.5152634545702,4546.48473654543
rotation,medium,standard_conformal,0.1,hybrid,0.7,selective_accuracy,3,3,True,0.7797106907603212,0.05160833795087677,0.6515084722157924,0.9079129093048499
rotation,medium,standard_conformal,0.1,hybrid,0.7,selective_risk,3,3,True,0.2202893092396788,0.05160833795087677,0.09208709069515006,0.34849152778420756
rotation,medium,standard_conformal,0.1,hybrid,0.8,abstention_rate,3,3,True,0.6697333333333333,0.009673847907287593,0.6457021629291032,0.6937645037375634
rotation,medium,standard_conformal,0.1,hybrid,0.8,acceptance_rate,3,3,True,0.3302666666666667,0.009673847907287644,0.30623549626243646,0.35429783707089696
rotation,medium,standard_conformal,0.1,hybrid,0.8,number_abstained,3,3,True,6697.333333333333,96.73847907287634,6457.021629291031,6937.645037375635
rotation,medium,standard_conformal,0.1,hybrid,0.8,number_accepted,3,3,True,3302.6666666666665,96.73847907287634,3062.3549626243644,3542.9783707089687
rotation,medium,standard_conformal,0.1,hybrid,0.8,selective_accuracy,3,3,True,0.8452495391861743,0.04446851667132628,0.7347836199373344,0.9557154584350142
rotation,medium,standard_conformal,0.1,hybrid,0.8,selective_risk,3,3,True,0.15475046081382574,0.044468516671326286,0.04428454156498586,0.2652163800626656
rotation,medium,standard_conformal,0.1,hybrid,0.9,abstention_rate,3,3,True,0.7583666666666667,0.00667108187128097,0.7417947806120437,0.7749385527212898
rotation,medium,standard_conformal,0.1,hybrid,0.9,acceptance_rate,3,3,True,0.24163333333333334,0.00667108187128095,0.22506144727871036,0.2582052193879563
rotation,medium,standard_conformal,0.1,hybrid,0.9,number_abstained,3,3,True,7583.666666666667,66.7108187128095,7417.947806120437,7749.385527212897
rotation,medium,standard_conformal,0.1,hybrid,0.9,number_accepted,3,3,True,2416.3333333333335,66.7108187128095,2250.6144727871038,2582.052193879563
rotation,medium,standard_conformal,0.1,hybrid,0.9,selective_accuracy,3,3,True,0.9087065448998356,0.027255818332863408,0.8409993387145536,0.9764137510851176
rotation,medium,standard_conformal,0.1,hybrid,0.9,selective_risk,3,3,True,0.09129345510016433,0.027255818332863408,0.023586248914882327,0.15900066128544632
rotation,medium,standard_conformal,0.1,hybrid,0.95,abstention_rate,3,3,True,0.8118666666666666,0.007938723658960154,0.7921457838422792,0.8315875494910541
rotation,medium,standard_conformal,0.1,hybrid,0.95,acceptance_rate,3,3,True,0.18813333333333335,0.007938723658960126,0.16841245050894593,0.20785421615772076
rotation,medium,standard_conformal,0.1,hybrid,0.95,number_abstained,3,3,True,8118.666666666667,79.38723658960132,7921.4578384227925,8315.87549491054
rotation,medium,standard_conformal,0.1,hybrid,0.95,number_accepted,3,3,True,1881.3333333333333,79.38723658960132,1684.124505089459,2078.5421615772075
rotation,medium,standard_conformal,0.1,hybrid,0.95,selective_accuracy,3,3,True,0.9457697652436873,0.012406305241473795,0.9149507945298564,0.9765887359575182
rotation,medium,standard_conformal,0.1,hybrid,0.95,selective_risk,3,3,True,0.0542302347563128,0.012406305241473797,0.023411264042481957,0.08504920547014364
rotation,medium,standard_conformal,0.1,singleton_conformal,,abstention_rate,3,3,True,0.3669,0.03149142740493036,0.2886709575865647,0.4451290424134353
rotation,medium,standard_conformal,0.1,singleton_conformal,,acceptance_rate,3,3,True,0.6331,0.031491427404930376,0.5548709575865646,0.7113290424134354
rotation,medium,standard_conformal,0.1,singleton_conformal,,number_abstained,3,3,True,3669.0,314.9142740493038,2886.709575865646,4451.290424134354
rotation,medium,standard_conformal,0.1,singleton_conformal,,number_accepted,3,3,True,6331.0,314.9142740493038,5548.709575865646,7113.290424134354
rotation,medium,standard_conformal,0.1,singleton_conformal,,selective_accuracy,3,3,True,0.6671229054609275,0.05596481435215744,0.5280985995976271,0.8061472113242278
rotation,medium,standard_conformal,0.1,singleton_conformal,,selective_risk,3,3,True,0.33287709453907255,0.05596481435215744,0.19385278867577216,0.47190140040237294
rotation,medium,standard_conformal,0.1,,,average_set_size,3,3,True,0.6331,0.031491427404930376,0.5548709575865646,0.7113290424134354
rotation,medium,standard_conformal,0.1,,,coverage_gap,3,3,True,-0.47880000000000006,0.015547347040572562,-0.5174217511011563,-0.4401782488988439
rotation,medium,standard_conformal,0.1,,,empirical_coverage,3,3,True,0.4212,0.015547347040572562,0.38257824889884384,0.4598217511011562
rotation,medium,standard_conformal,0.1,,,empty_set_rate,3,3,True,0.3669,0.03149142740493036,0.2886709575865647,0.4451290424134353
rotation,medium,standard_conformal,0.1,,,median_set_size,3,3,True,1.0,0.0,1.0,1.0
rotation,medium,standard_conformal,0.1,,,multiclass_set_rate,3,3,True,0.0,0.0,0.0,0.0
rotation,medium,standard_conformal,0.1,,,singleton_set_rate,3,3,True,0.6331,0.031491427404930376,0.5548709575865646,0.7113290424134354
rotation,medium,standard_conformal,0.1,,,worst_class_coverage,3,3,True,0.008666666666666666,0.007505553499465134,-0.009978161828914336,0.02731149516224767
rotation,medium,standard_conformal,0.2,hybrid,0.5,abstention_rate,3,3,True,0.6867000000000001,0.012601190419956363,0.6553969076648395,0.7180030923351607
rotation,medium,standard_conformal,0.2,hybrid,0.5,acceptance_rate,3,3,True,0.31329999999999997,0.012601190419956363,0.28199690766483937,0.34460309233516057
rotation,medium,standard_conformal,0.2,hybrid,0.5,number_abstained,3,3,True,6867.0,126.01190419956362,6553.969076648395,7180.030923351605
rotation,medium,standard_conformal,0.2,hybrid,0.5,number_accepted,3,3,True,3133.0,126.01190419956362,2819.969076648394,3446.030923351606
rotation,medium,standard_conformal,0.2,hybrid,0.5,selective_accuracy,3,3,True,0.8568513083537121,0.04434705439962288,0.7466871181145656,0.9670154985928587
rotation,medium,standard_conformal,0.2,hybrid,0.5,selective_risk,3,3,True,0.14314869164628788,0.04434705439962287,0.032984501407141306,0.25331288188543444
rotation,medium,standard_conformal,0.2,hybrid,0.6,abstention_rate,3,3,True,0.6867000000000001,0.012601190419956363,0.6553969076648395,0.7180030923351607
rotation,medium,standard_conformal,0.2,hybrid,0.6,acceptance_rate,3,3,True,0.31329999999999997,0.012601190419956363,0.28199690766483937,0.34460309233516057
rotation,medium,standard_conformal,0.2,hybrid,0.6,number_abstained,3,3,True,6867.0,126.01190419956362,6553.969076648395,7180.030923351605
rotation,medium,standard_conformal,0.2,hybrid,0.6,number_accepted,3,3,True,3133.0,126.01190419956362,2819.969076648394,3446.030923351606
rotation,medium,standard_conformal,0.2,hybrid,0.6,selective_accuracy,3,3,True,0.8568513083537121,0.04434705439962288,0.7466871181145656,0.9670154985928587
rotation,medium,standard_conformal,0.2,hybrid,0.6,selective_risk,3,3,True,0.14314869164628788,0.04434705439962287,0.032984501407141306,0.25331288188543444
rotation,medium,standard_conformal,0.2,hybrid,0.7,abstention_rate,3,3,True,0.6867000000000001,0.012601190419956363,0.6553969076648395,0.7180030923351607
rotation,medium,standard_conformal,0.2,hybrid,0.7,acceptance_rate,3,3,True,0.31329999999999997,0.012601190419956363,0.28199690766483937,0.34460309233516057
rotation,medium,standard_conformal,0.2,hybrid,0.7,number_abstained,3,3,True,6867.0,126.01190419956362,6553.969076648395,7180.030923351605
rotation,medium,standard_conformal,0.2,hybrid,0.7,number_accepted,3,3,True,3133.0,126.01190419956362,2819.969076648394,3446.030923351606
rotation,medium,standard_conformal,0.2,hybrid,0.7,selective_accuracy,3,3,True,0.8568513083537121,0.04434705439962288,0.7466871181145656,0.9670154985928587
rotation,medium,standard_conformal,0.2,hybrid,0.7,selective_risk,3,3,True,0.14314869164628788,0.04434705439962287,0.032984501407141306,0.25331288188543444
rotation,medium,standard_conformal,0.2,hybrid,0.8,abstention_rate,3,3,True,0.6867000000000001,0.012601190419956363,0.6553969076648395,0.7180030923351607
rotation,medium,standard_conformal,0.2,hybrid,0.8,acceptance_rate,3,3,True,0.31329999999999997,0.012601190419956363,0.28199690766483937,0.34460309233516057
rotation,medium,standard_conformal,0.2,hybrid,0.8,number_abstained,3,3,True,6867.0,126.01190419956362,6553.969076648395,7180.030923351605
rotation,medium,standard_conformal,0.2,hybrid,0.8,number_accepted,3,3,True,3133.0,126.01190419956362,2819.969076648394,3446.030923351606
rotation,medium,standard_conformal,0.2,hybrid,0.8,selective_accuracy,3,3,True,0.8568513083537121,0.04434705439962288,0.7466871181145656,0.9670154985928587
rotation,medium,standard_conformal,0.2,hybrid,0.8,selective_risk,3,3,True,0.14314869164628788,0.04434705439962287,0.032984501407141306,0.25331288188543444
rotation,medium,standard_conformal,0.2,hybrid,0.9,abstention_rate,3,3,True,0.7583666666666667,0.00667108187128097,0.7417947806120437,0.7749385527212898
rotation,medium,standard_conformal,0.2,hybrid,0.9,acceptance_rate,3,3,True,0.24163333333333334,0.00667108187128095,0.22506144727871036,0.2582052193879563
rotation,medium,standard_conformal,0.2,hybrid,0.9,number_abstained,3,3,True,7583.666666666667,66.7108187128095,7417.947806120437,7749.385527212897
rotation,medium,standard_conformal,0.2,hybrid,0.9,number_accepted,3,3,True,2416.3333333333335,66.7108187128095,2250.6144727871038,2582.052193879563
rotation,medium,standard_conformal,0.2,hybrid,0.9,selective_accuracy,3,3,True,0.9087065448998356,0.027255818332863408,0.8409993387145536,0.9764137510851176
rotation,medium,standard_conformal,0.2,hybrid,0.9,selective_risk,3,3,True,0.09129345510016433,0.027255818332863408,0.023586248914882327,0.15900066128544632
rotation,medium,standard_conformal,0.2,hybrid,0.95,abstention_rate,3,3,True,0.8118666666666666,0.007938723658960154,0.7921457838422792,0.8315875494910541
rotation,medium,standard_conformal,0.2,hybrid,0.95,acceptance_rate,3,3,True,0.18813333333333335,0.007938723658960126,0.16841245050894593,0.20785421615772076
rotation,medium,standard_conformal,0.2,hybrid,0.95,number_abstained,3,3,True,8118.666666666667,79.38723658960132,7921.4578384227925,8315.87549491054
rotation,medium,standard_conformal,0.2,hybrid,0.95,number_accepted,3,3,True,1881.3333333333333,79.38723658960132,1684.124505089459,2078.5421615772075
rotation,medium,standard_conformal,0.2,hybrid,0.95,selective_accuracy,3,3,True,0.9457697652436873,0.012406305241473795,0.9149507945298564,0.9765887359575182
rotation,medium,standard_conformal,0.2,hybrid,0.95,selective_risk,3,3,True,0.0542302347563128,0.012406305241473797,0.023411264042481957,0.08504920547014364
rotation,medium,standard_conformal,0.2,singleton_conformal,,abstention_rate,3,3,True,0.6867000000000001,0.012601190419956363,0.6553969076648395,0.7180030923351607
rotation,medium,standard_conformal,0.2,singleton_conformal,,acceptance_rate,3,3,True,0.31329999999999997,0.012601190419956363,0.28199690766483937,0.34460309233516057
rotation,medium,standard_conformal,0.2,singleton_conformal,,number_abstained,3,3,True,6867.0,126.01190419956362,6553.969076648395,7180.030923351605
rotation,medium,standard_conformal,0.2,singleton_conformal,,number_accepted,3,3,True,3133.0,126.01190419956362,2819.969076648394,3446.030923351606
rotation,medium,standard_conformal,0.2,singleton_conformal,,selective_accuracy,3,3,True,0.8568513083537121,0.04434705439962288,0.7466871181145656,0.9670154985928587
rotation,medium,standard_conformal,0.2,singleton_conformal,,selective_risk,3,3,True,0.14314869164628788,0.04434705439962287,0.032984501407141306,0.25331288188543444
rotation,medium,standard_conformal,0.2,,,average_set_size,3,3,True,0.31329999999999997,0.012601190419956363,0.28199690766483937,0.34460309233516057
rotation,medium,standard_conformal,0.2,,,coverage_gap,3,3,True,-0.5318333333333335,0.009209958378479946,-0.5547121382649665,-0.5089545284017005
rotation,medium,standard_conformal,0.2,,,empirical_coverage,3,3,True,0.26816666666666666,0.009209958378479962,0.24528786173503367,0.29104547159829963
rotation,medium,standard_conformal,0.2,,,empty_set_rate,3,3,True,0.6867000000000001,0.012601190419956363,0.6553969076648395,0.7180030923351607
rotation,medium,standard_conformal,0.2,,,median_set_size,3,3,True,0.0,0.0,0.0,0.0
rotation,medium,standard_conformal,0.2,,,multiclass_set_rate,3,3,True,0.0,0.0,0.0,0.0
rotation,medium,standard_conformal,0.2,,,singleton_set_rate,3,3,True,0.31329999999999997,0.012601190419956363,0.28199690766483937,0.34460309233516057
rotation,medium,standard_conformal,0.2,,,worst_class_coverage,3,3,True,0.0,0.0,0.0,0.0
rotation,medium,temperature_scaled,,confidence_threshold,0.5,abstention_rate,3,3,True,0.3236,0.037035253475573765,0.23159933017709472,0.4156006698229053
rotation,medium,temperature_scaled,,confidence_threshold,0.5,acceptance_rate,3,3,True,0.6764,0.037035253475573765,0.5843993301770948,0.7684006698229052
rotation,medium,temperature_scaled,,confidence_threshold,0.5,number_abstained,3,3,True,3236.0,370.35253475573785,2315.993301770947,4156.006698229054
rotation,medium,temperature_scaled,,confidence_threshold,0.5,number_accepted,3,3,True,6764.0,370.35253475573785,5843.993301770946,7684.006698229054
rotation,medium,temperature_scaled,,confidence_threshold,0.5,selective_accuracy,3,3,True,0.6487000039398236,0.05615491449357146,0.5092034631462276,0.7881965447334197
rotation,medium,temperature_scaled,,confidence_threshold,0.5,selective_risk,3,3,True,0.35129999606017637,0.05615491449357146,0.21180345526658031,0.49079653685377245
rotation,medium,temperature_scaled,,confidence_threshold,0.6,abstention_rate,3,3,True,0.46373333333333333,0.020169862005807906,0.41362861848390575,0.5138380481827609
rotation,medium,temperature_scaled,,confidence_threshold,0.6,acceptance_rate,3,3,True,0.5362666666666667,0.02016986200580791,0.4861619518172391,0.5863713815160942
rotation,medium,temperature_scaled,,confidence_threshold,0.6,number_abstained,3,3,True,4637.333333333333,201.69862005807906,4136.286184839058,5138.3804818276085
rotation,medium,temperature_scaled,,confidence_threshold,0.6,number_accepted,3,3,True,5362.666666666667,201.69862005807906,4861.6195181723915,5863.713815160942
rotation,medium,temperature_scaled,,confidence_threshold,0.6,selective_accuracy,3,3,True,0.7132577330859999,0.05434809132542244,0.578249589862867,0.8482658763091329
rotation,medium,temperature_scaled,,confidence_threshold,0.6,selective_risk,3,3,True,0.28674226691400007,0.05434809132542244,0.1517341236908672,0.42175041013713294
rotation,medium,temperature_scaled,,confidence_threshold,0.7,abstention_rate,3,3,True,0.574,0.011532562594670807,0.5453515263454569,0.602648473654543
rotation,medium,temperature_scaled,,confidence_threshold,0.7,acceptance_rate,3,3,True,0.426,0.011532562594670807,0.397351526345457,0.454648473654543
rotation,medium,temperature_scaled,,confidence_threshold,0.7,number_abstained,3,3,True,5740.0,115.32562594670796,5453.51526345457,6026.48473654543
rotation,medium,temperature_scaled,,confidence_threshold,0.7,number_accepted,3,3,True,4260.0,115.32562594670796,3973.5152634545702,4546.48473654543
rotation,medium,temperature_scaled,,confidence_threshold,0.7,selective_accuracy,3,3,True,0.7797106907603212,0.05160833795087677,0.6515084722157924,0.9079129093048499
rotation,medium,temperature_scaled,,confidence_threshold,0.7,selective_risk,3,3,True,0.2202893092396788,0.05160833795087677,0.09208709069515006,0.34849152778420756
rotation,medium,temperature_scaled,,confidence_threshold,0.8,abstention_rate,3,3,True,0.6697333333333333,0.009673847907287593,0.6457021629291032,0.6937645037375634
rotation,medium,temperature_scaled,,confidence_threshold,0.8,acceptance_rate,3,3,True,0.3302666666666667,0.009673847907287644,0.30623549626243646,0.35429783707089696
rotation,medium,temperature_scaled,,confidence_threshold,0.8,number_abstained,3,3,True,6697.333333333333,96.73847907287634,6457.021629291031,6937.645037375635
rotation,medium,temperature_scaled,,confidence_threshold,0.8,number_accepted,3,3,True,3302.6666666666665,96.73847907287634,3062.3549626243644,3542.9783707089687
rotation,medium,temperature_scaled,,confidence_threshold,0.8,selective_accuracy,3,3,True,0.8452495391861743,0.04446851667132628,0.7347836199373344,0.9557154584350142
rotation,medium,temperature_scaled,,confidence_threshold,0.8,selective_risk,3,3,True,0.15475046081382574,0.044468516671326286,0.04428454156498586,0.2652163800626656
rotation,medium,temperature_scaled,,confidence_threshold,0.9,abstention_rate,3,3,True,0.7583666666666667,0.00667108187128097,0.7417947806120437,0.7749385527212898
rotation,medium,temperature_scaled,,confidence_threshold,0.9,acceptance_rate,3,3,True,0.24163333333333334,0.00667108187128095,0.22506144727871036,0.2582052193879563
rotation,medium,temperature_scaled,,confidence_threshold,0.9,number_abstained,3,3,True,7583.666666666667,66.7108187128095,7417.947806120437,7749.385527212897
rotation,medium,temperature_scaled,,confidence_threshold,0.9,number_accepted,3,3,True,2416.3333333333335,66.7108187128095,2250.6144727871038,2582.052193879563
rotation,medium,temperature_scaled,,confidence_threshold,0.9,selective_accuracy,3,3,True,0.9087065448998356,0.027255818332863408,0.8409993387145536,0.9764137510851176
rotation,medium,temperature_scaled,,confidence_threshold,0.9,selective_risk,3,3,True,0.09129345510016433,0.027255818332863408,0.023586248914882327,0.15900066128544632
rotation,medium,temperature_scaled,,confidence_threshold,0.95,abstention_rate,3,3,True,0.8118666666666666,0.007938723658960154,0.7921457838422792,0.8315875494910541
rotation,medium,temperature_scaled,,confidence_threshold,0.95,acceptance_rate,3,3,True,0.18813333333333335,0.007938723658960126,0.16841245050894593,0.20785421615772076
rotation,medium,temperature_scaled,,confidence_threshold,0.95,number_abstained,3,3,True,8118.666666666667,79.38723658960132,7921.4578384227925,8315.87549491054
rotation,medium,temperature_scaled,,confidence_threshold,0.95,number_accepted,3,3,True,1881.3333333333333,79.38723658960132,1684.124505089459,2078.5421615772075
rotation,medium,temperature_scaled,,confidence_threshold,0.95,selective_accuracy,3,3,True,0.9457697652436873,0.012406305241473795,0.9149507945298564,0.9765887359575182
rotation,medium,temperature_scaled,,confidence_threshold,0.95,selective_risk,3,3,True,0.0542302347563128,0.012406305241473797,0.023411264042481957,0.08504920547014364
rotation,medium,temperature_scaled,,,,accuracy_confidence_gap,3,3,True,-0.12836330535660187,0.038937217921050774,-0.22508871678492487,-0.03163789392827886
rotation,medium,temperature_scaled,,,,brier_score,3,3,True,0.6081585849262517,0.04934598314782125,0.4855763672653527,0.7307408025871508
rotation,medium,temperature_scaled,,,,expected_calibration_error,3,3,True,0.12843517326265572,0.0389400366564362,0.03170275970746231,0.22516758681784912
rotation,medium,temperature_scaled,,,,maximum_calibration_error,3,3,True,0.2064725975751521,0.0739902200471771,0.022670701655254172,0.39027449349505006
rotation,medium,temperature_scaled,,,,mean_confidence,3,3,True,0.6566299720232686,0.01676976943756933,0.6149715553460444,0.6982883887004927
rotation,medium,temperature_scaled,,,,negative_log_likelihood,3,3,True,1.3701343616339672,0.23082477449114247,0.7967338345142546,1.9435348887536796
rotation,mild,class_conditional_conformal,0.05,,,average_set_size,3,3,True,1.3127333333333333,0.009385272150200717,1.2894190248499795,1.3360476418166871
rotation,mild,class_conditional_conformal,0.05,,,coverage_gap,3,3,True,-0.08866666666666663,0.009823102021934491,-0.11306860484572501,-0.06426472848760825
rotation,mild,class_conditional_conformal,0.05,,,empirical_coverage,3,3,True,0.8613333333333334,0.009823102021934491,0.8369313951542751,0.8857352715123917
rotation,mild,class_conditional_conformal,0.05,,,empty_set_rate,3,3,True,0.0662,0.0023302360395462043,0.060411372776883535,0.07198862722311646
rotation,mild,class_conditional_conformal,0.05,,,median_set_size,3,3,True,1.0,0.0,1.0,1.0
rotation,mild,class_conditional_conformal,0.05,,,multiclass_set_rate,3,3,True,0.3088666666666666,0.00217332310836039,0.30346783277337014,0.3142655005599631
rotation,mild,class_conditional_conformal,0.05,,,singleton_set_rate,3,3,True,0.6249333333333333,0.00440945952848339,0.613979628630191,0.6358870380364757
rotation,mild,class_conditional_conformal,0.05,,,worst_class_coverage,3,3,True,0.503,0.11546861045323097,0.21616007024972056,0.7898399297502794
rotation,mild,class_conditional_conformal,0.1,,,average_set_size,3,3,True,0.9138333333333333,0.0158070659305683,0.8745664047430848,0.9531002619235818
rotation,mild,class_conditional_conformal,0.1,,,coverage_gap,3,3,True,-0.20110000000000003,0.006990708118638611,-0.2184658816693494,-0.18373411833065065
rotation,mild,class_conditional_conformal,0.1,,,empirical_coverage,3,3,True,0.6989000000000001,0.006990708118638611,0.6815341183306507,0.7162658816693495
rotation,mild,class_conditional_conformal,0.1,,,empty_set_rate,3,3,True,0.19010000000000002,0.013410070842467607,0.15678753730298273,0.2234124626970173
rotation,mild,class_conditional_conformal,0.1,,,median_set_size,3,3,True,1.0,0.0,1.0,1.0
rotation,mild,class_conditional_conformal,0.1,,,multiclass_set_rate,3,3,True,0.10346666666666667,0.005600297611139371,0.08955475617381006,0.11737857715952327
rotation,mild,class_conditional_conformal,0.1,,,singleton_set_rate,3,3,True,0.7064333333333334,0.013107377057723432,0.6738728036821116,0.7389938629845552
rotation,mild,class_conditional_conformal,0.1,,,worst_class_coverage,3,3,True,0.13566666666666669,0.06373643646559897,-0.022663418770106636,0.29399675210344
rotation,mild,class_conditional_conformal,0.2,,,average_set_size,3,3,True,0.5257999999999999,0.024462011364562792,0.46503299506402435,0.5865670049359755
rotation,mild,class_conditional_conformal,0.2,,,coverage_gap,3,3,True,-0.3384666666666667,0.016966535690391644,-0.3806138778129265,-0.2963194555204069
rotation,mild,class_conditional_conformal,0.2,,,empirical_coverage,3,3,True,0.46153333333333335,0.016966535690391644,0.41938612218707355,0.5036805444795932
rotation,mild,class_conditional_conformal,0.2,,,empty_set_rate,3,3,True,0.4746666666666666,0.02514067090062103,0.41221377798372977,0.5371195553496034
rotation,mild,class_conditional_conformal,0.2,,,median_set_size,3,3,True,0.6666666666666666,0.5773502691896258,-0.7675509099164876,2.100884243249821
rotation,mild,class_conditional_conformal,0.2,,,multiclass_set_rate,3,3,True,0.00046666666666666666,0.0007234178138070235,-0.0013304028059633389,0.002263736139296672
rotation,mild,class_conditional_conformal,0.2,,,singleton_set_rate,3,3,True,0.5248666666666667,0.025821760848813782,0.46072185675833016,0.5890114765750032
rotation,mild,class_conditional_conformal,0.2,,,worst_class_coverage,3,3,True,0.009666666666666665,0.0005773502691896263,0.00823244909008351,0.011100884243249821
rotation,mild,raw_softmax,,,,accuracy,3,3,True,0.8345666666666666,0.007124839179471589,0.8168675849707849,0.8522657483625482
rotation,mild,raw_softmax,,,,accuracy_confidence_gap,3,3,True,-0.004074830753107883,0.02956422695857624,-0.0775164418596529,0.06936678035343713
rotation,mild,raw_softmax,,,,brier_score,3,3,True,0.23588335310432348,0.004438730735336992,0.2248569346923676,0.24690977151627938
rotation,mild,raw_softmax,,,,evaluation_seconds,3,3,True,7.645839599999211,0.1553398709484967,7.259953968437621,8.0317252315608
rotation,mild,raw_softmax,,,,expected_calibration_error,3,3,True,0.024409538563589264,0.012205182149582829,-0.005909814692971398,0.05472889182014992
rotation,mild,raw_softmax,,,,macro_f1,3,3,True,0.834298128568563,0.008508155299444027,0.8131626991317856,0.8554335580053404
rotation,mild,raw_softmax,,,,maximum_calibration_error,3,3,True,0.08417500844522108,0.02681876320678149,0.017553507380752967,0.1507965095096892
rotation,mild,raw_softmax,,,,mean_confidence,3,3,True,0.8386414974197746,0.022541277613962143,0.7826458596278977,0.8946371352116514
rotation,mild,raw_softmax,,,,mean_inference_seconds_per_image,3,3,True,0.0007645839599999211,1.5533987094849664e-05,0.0007259953968437622,0.0008031725231560801
rotation,mild,raw_softmax,,,,negative_log_likelihood,3,3,True,0.4587064500185853,0.010423448813410209,0.43281316773469375,0.4845997323024768
rotation,mild,raw_softmax,,,,sample_count,3,3,True,10000.0,0.0,10000.0,10000.0
rotation,mild,standard_conformal,0.05,hybrid,0.5,abstention_rate,3,3,True,0.2132666666666667,0.013136716992206742,0.18063325257773455,0.24590008075559883
rotation,mild,standard_conformal,0.05,hybrid,0.5,acceptance_rate,3,3,True,0.7867333333333333,0.013136716992206744,0.7540999192444011,0.8193667474222655
rotation,mild,standard_conformal,0.05,hybrid,0.5,number_abstained,3,3,True,2132.6666666666665,131.3671699220674,1806.3325257773452,2459.0008075559876
rotation,mild,standard_conformal,0.05,hybrid,0.5,number_accepted,3,3,True,7867.333333333333,131.36716992206743,7540.999192444012,8193.667474222655
rotation,mild,standard_conformal,0.05,hybrid,0.5,selective_accuracy,3,3,True,0.9168192124946954,0.00755290075290787,0.8980567669012895,0.9355816580881013
rotation,mild,standard_conformal,0.05,hybrid,0.5,selective_risk,3,3,True,0.0831807875053046,0.00755290075290787,0.06441834191189869,0.1019432330987105
rotation,mild,standard_conformal,0.05,hybrid,0.6,abstention_rate,3,3,True,0.26053333333333334,0.018592023379216515,0.2143481869192778,0.3067184797473889
rotation,mild,standard_conformal,0.05,hybrid,0.6,acceptance_rate,3,3,True,0.7394666666666666,0.01859202337921653,0.693281520252611,0.7856518130807222
rotation,mild,standard_conformal,0.05,hybrid,0.6,number_abstained,3,3,True,2605.3333333333335,185.9202337921651,2143.481869192778,3067.184797473889
rotation,mild,standard_conformal,0.05,hybrid,0.6,number_accepted,3,3,True,7394.666666666667,185.9202337921651,6932.8152025261115,7856.518130807222
rotation,mild,standard_conformal,0.05,hybrid,0.6,selective_accuracy,3,3,True,0.9337847311722293,0.005805152791930947,0.9193639321993209,0.9482055301451376
rotation,mild,standard_conformal,0.05,hybrid,0.6,selective_risk,3,3,True,0.06621526882777067,0.005805152791930946,0.05179446985486228,0.08063606780067904
rotation,mild,standard_conformal,0.05,hybrid,0.7,abstention_rate,3,3,True,0.32293333333333335,0.017269143966431363,0.2800344015566755,0.3658322651099912
rotation,mild,standard_conformal,0.05,hybrid,0.7,acceptance_rate,3,3,True,0.6770666666666667,0.01726914396643138,0.6341677348900089,0.7199655984433245
rotation,mild,standard_conformal,0.05,hybrid,0.7,number_abstained,3,3,True,3229.3333333333335,172.6914396643138,2800.344015566755,3658.322651099912
rotation,mild,standard_conformal,0.05,hybrid,0.7,number_accepted,3,3,True,6770.666666666667,172.6914396643138,6341.677348900088,7199.655984433246
rotation,mild,standard_conformal,0.05,hybrid,0.7,selective_accuracy,3,3,True,0.9528626702087841,0.0028593817670022038,0.9457595721290827,0.9599657682884856
rotation,mild,standard_conformal,0.05,hybrid,0.7,selective_risk,3,3,True,0.047137329791215876,0.0028593817670022038,0.040034231711514406,0.054240427870917346
rotation,mild,standard_conformal,0.05,hybrid,0.8,abstention_rate,3,3,True,0.4066,0.020248209797411723,0.356300658446817,0.456899341553183
rotation,mild,standard_conformal,0.05,hybrid,0.8,acceptance_rate,3,3,True,0.5934,0.020248209797411723,0.5431006584468171,0.643699341553183
rotation,mild,standard_conformal,0.05,hybrid,0.8,number_abstained,3,3,True,4066.0,202.4820979741172,3563.0065844681703,4568.99341553183
rotation,mild,standard_conformal,0.05,hybrid,0.8,number_accepted,3,3,True,5934.0,202.4820979741172,5431.00658446817,6436.99341553183
rotation,mild,standard_conformal,0.05,hybrid,0.8,selective_accuracy,3,3,True,0.9742285342067415,0.0006117340471789136,0.9727089025905827,0.9757481658229002
rotation,mild,standard_conformal,0.05,hybrid,0.8,selective_risk,3,3,True,0.025771465793258508,0.0006117340471789136,0.024251834177099713,0.027291097409417302
rotation,mild,standard_conformal,0.05,hybrid,0.9,abstention_rate,3,3,True,0.5033666666666666,0.02960444786401753,0.4298251412921142,0.5769081920412191
rotation,mild,standard_conformal,0.05,hybrid,0.9,acceptance_rate,3,3,True,0.4966333333333333,0.02960444786401756,0.42309180795878076,0.5701748587078859
rotation,mild,standard_conformal,0.05,hybrid,0.9,number_abstained,3,3,True,5033.666666666667,296.0444786401755,4298.251412921142,5769.081920412192
rotation,mild,standard_conformal,0.05,hybrid,0.9,number_accepted,3,3,True,4966.333333333333,296.0444786401755,4230.918079587808,5701.748587078858
rotation,mild,standard_conformal,0.05,hybrid,0.9,selective_accuracy,3,3,True,0.9885519231278476,0.0015375229086563584,0.9847325044877743,0.9923713417679209
rotation,mild,standard_conformal,0.05,hybrid,0.9,selective_risk,3,3,True,0.011448076872152546,0.0015375229086563584,0.007628658232079228,0.015267495512225865
rotation,mild,standard_conformal,0.05,hybrid,0.95,abstention_rate,3,3,True,0.5687666666666666,0.0362359398019885,0.4787516020838322,0.658781731249501
rotation,mild,standard_conformal,0.05,hybrid,0.95,acceptance_rate,3,3,True,0.43123333333333336,0.03623593980198848,0.341218268750499,0.5212483979161677
rotation,mild,standard_conformal,0.05,hybrid,0.95,number_abstained,3,3,True,5687.666666666667,362.35939801988485,4787.516020838323,6587.817312495011
rotation,mild,standard_conformal,0.05,hybrid,0.95,number_accepted,3,3,True,4312.333333333333,362.35939801988485,3412.182687504989,5212.483979161677
rotation,mild,standard_conformal,0.05,hybrid,0.95,selective_accuracy,3,3,True,0.9942359543855884,0.000974913500990204,0.9918141349920842,0.9966577737790927
rotation,mild,standard_conformal,0.05,hybrid,0.95,selective_risk,3,3,True,0.005764045614411573,0.000974913500990204,0.003342226220907264,0.00818586500791588
rotation,mild,standard_conformal,0.05,singleton_conformal,,abstention_rate,3,3,True,0.16136666666666666,0.00784495591659592,0.14187871582723185,0.18085461750610146
rotation,mild,standard_conformal,0.05,singleton_conformal,,acceptance_rate,3,3,True,0.8386333333333332,0.007844955916595904,0.8191453824938985,0.858121284172768
rotation,mild,standard_conformal,0.05,singleton_conformal,,number_abstained,3,3,True,1613.6666666666667,78.4495591659592,1418.7871582723187,1808.5461750610148
rotation,mild,standard_conformal,0.05,singleton_conformal,,number_accepted,3,3,True,8386.333333333334,78.4495591659592,8191.453824938986,8581.212841727682
rotation,mild,standard_conformal,0.05,singleton_conformal,,selective_accuracy,3,3,True,0.8904359856488423,0.006302205296123358,0.8747804398055496,0.906091531492135
rotation,mild,standard_conformal,0.05,singleton_conformal,,selective_risk,3,3,True,0.10956401435115774,0.0063022052961233576,0.09390846850786505,0.12521956019445044
rotation,mild,standard_conformal,0.05,,,average_set_size,3,3,True,1.1529666666666667,0.012000555542696079,1.1231556340811009,1.1827776992522325
rotation,mild,standard_conformal,0.05,,,coverage_gap,3,3,True,-0.06499999999999999,0.008118497397917885,-0.08516746554891473,-0.044832534451085246
rotation,mild,standard_conformal,0.05,,,empirical_coverage,3,3,True,0.8849999999999999,0.008118497397917885,0.8648325344510852,0.9051674655489146
rotation,mild,standard_conformal,0.05,,,empty_set_rate,3,3,True,0.005266666666666666,0.0019655363983740754,0.00038400357564770567,0.010149329757685626
rotation,mild,standard_conformal,0.05,,,median_set_size,3,3,True,1.0,0.0,1.0,1.0
rotation,mild,standard_conformal,0.05,,,multiclass_set_rate,3,3,True,0.15610000000000002,0.009469424480928077,0.1325766455383548,0.17962335446164523
rotation,mild,standard_conformal,0.05,,,singleton_set_rate,3,3,True,0.8386333333333332,0.007844955916595904,0.8191453824938985,0.858121284172768
rotation,mild,standard_conformal,0.05,,,worst_class_coverage,3,3,True,0.6970000000000001,0.06421059102671459,0.537492049336761,0.8565079506632391
rotation,mild,standard_conformal,0.1,hybrid,0.5,abstention_rate,3,3,True,0.16756666666666667,0.013079118216964536,0.13507633586746431,0.20005699746586902
rotation,mild,standard_conformal,0.1,hybrid,0.5,acceptance_rate,3,3,True,0.8324333333333334,0.0130791182169645,0.7999430025341311,0.8649236641325356
rotation,mild,standard_conformal,0.1,hybrid,0.5,number_abstained,3,3,True,1675.6666666666667,130.79118216964528,1350.7633586746435,2000.56997465869
rotation,mild,standard_conformal,0.1,hybrid,0.5,number_accepted,3,3,True,8324.333333333334,130.79118216964528,7999.430025341311,8649.236641325357
rotation,mild,standard_conformal,0.1,hybrid,0.5,selective_accuracy,3,3,True,0.9020389822222511,0.0062228109804814994,0.886580662792543,0.9174973016519592
rotation,mild,standard_conformal,0.1,hybrid,0.5,selective_risk,3,3,True,0.09796101777774895,0.0062228109804814994,0.0825026983480408,0.11341933720745709
rotation,mild,standard_conformal,0.1,hybrid,0.6,abstention_rate,3,3,True,0.23843333333333336,0.019824563887594928,0.18918638656115505,0.28768028010551167
rotation,mild,standard_conformal,0.1,hybrid,0.6,acceptance_rate,3,3,True,0.7615666666666666,0.01982456388759496,0.7123197198944883,0.810813613438845
rotation,mild,standard_conformal,0.1,hybrid,0.6,number_abstained,3,3,True,2384.3333333333335,198.2456388759494,1891.8638656115502,2876.8028010551166
rotation,mild,standard_conformal,0.1,hybrid,0.6,number_accepted,3,3,True,7615.666666666667,198.24563887594937,7123.197198944884,8108.13613438845
rotation,mild,standard_conformal,0.1,hybrid,0.6,selective_accuracy,3,3,True,0.9267040011431532,0.006197012859526023,0.9113097677986028,0.9420982344877036
rotation,mild,standard_conformal,0.1,hybrid,0.6,selective_risk,3,3,True,0.07329599885684679,0.006197012859526023,0.05790176551229644,0.08869023220139713
rotation,mild,standard_conformal,0.1,hybrid,0.7,abstention_rate,3,3,True,0.32193333333333335,0.017194281995283597,0.2792203690023797,0.364646297664287
rotation,mild,standard_conformal,0.1,hybrid,0.7,acceptance_rate,3,3,True,0.6780666666666667,0.017194281995283597,0.635353702335713,0.7207796309976204
rotation,mild,standard_conformal,0.1,hybrid,0.7,number_abstained,3,3,True,3219.3333333333335,171.9428199528359,2792.2036900237968,3646.46297664287
rotation,mild,standard_conformal,0.1,hybrid,0.7,number_accepted,3,3,True,6780.666666666667,171.94281995283586,6353.53702335713,7207.796309976204
rotation,mild,standard_conformal,0.1,hybrid,0.7,selective_accuracy,3,3,True,0.9525889069162319,0.0028877354365444345,0.945415374416754,0.9597624394157097
rotation,mild,standard_conformal,0.1,hybrid,0.7,selective_risk,3,3,True,0.047411093083768154,0.0028877354365444345,0.04023756058429032,0.054584625583245984
rotation,mild,standard_conformal,0.1,hybrid,0.8,abstention_rate,3,3,True,0.4066,0.020248209797411723,0.356300658446817,0.456899341553183
rotation,mild,standard_conformal,0.1,hybrid,0.8,acceptance_rate,3,3,True,0.5934,0.020248209797411723,0.5431006584468171,0.643699341553183
rotation,mild,standard_conformal,0.1,hybrid,0.8,number_abstained,3,3,True,4066.0,202.4820979741172,3563.0065844681703,4568.99341553183
rotation,mild,standard_conformal,0.1,hybrid,0.8,number_accepted,3,3,True,5934.0,202.4820979741172,5431.00658446817,6436.99341553183
rotation,mild,standard_conformal,0.1,hybrid,0.8,selective_accuracy,3,3,True,0.9742285342067415,0.0006117340471789136,0.9727089025905827,0.9757481658229002
rotation,mild,standard_conformal,0.1,hybrid,0.8,selective_risk,3,3,True,0.025771465793258508,0.0006117340471789136,0.024251834177099713,0.027291097409417302
rotation,mild,standard_conformal,0.1,hybrid,0.9,abstention_rate,3,3,True,0.5033666666666666,0.02960444786401753,0.4298251412921142,0.5769081920412191
rotation,mild,standard_conformal,0.1,hybrid,0.9,acceptance_rate,3,3,True,0.4966333333333333,0.02960444786401756,0.42309180795878076,0.5701748587078859
rotation,mild,standard_conformal,0.1,hybrid,0.9,number_abstained,3,3,True,5033.666666666667,296.0444786401755,4298.251412921142,5769.081920412192
rotation,mild,standard_conformal,0.1,hybrid,0.9,number_accepted,3,3,True,4966.333333333333,296.0444786401755,4230.918079587808,5701.748587078858
rotation,mild,standard_conformal,0.1,hybrid,0.9,selective_accuracy,3,3,True,0.9885519231278476,0.0015375229086563584,0.9847325044877743,0.9923713417679209
rotation,mild,standard_conformal,0.1,hybrid,0.9,selective_risk,3,3,True,0.011448076872152546,0.0015375229086563584,0.007628658232079228,0.015267495512225865
rotation,mild,standard_conformal,0.1,hybrid,0.95,abstention_rate,3,3,True,0.5687666666666666,0.0362359398019885,0.4787516020838322,0.658781731249501
rotation,mild,standard_conformal,0.1,hybrid,0.95,acceptance_rate,3,3,True,0.43123333333333336,0.03623593980198848,0.341218268750499,0.5212483979161677
rotation,mild,standard_conformal,0.1,hybrid,0.95,number_abstained,3,3,True,5687.666666666667,362.35939801988485,4787.516020838323,6587.817312495011
rotation,mild,standard_conformal,0.1,hybrid,0.95,number_accepted,3,3,True,4312.333333333333,362.35939801988485,3412.182687504989,5212.483979161677
rotation,mild,standard_conformal,0.1,hybrid,0.95,selective_accuracy,3,3,True,0.9942359543855884,0.000974913500990204,0.9918141349920842,0.9966577737790927
rotation,mild,standard_conformal,0.1,hybrid,0.95,selective_risk,3,3,True,0.005764045614411573,0.000974913500990204,0.003342226220907264,0.00818586500791588
rotation,mild,standard_conformal,0.1,singleton_conformal,,abstention_rate,3,3,True,0.16756666666666667,0.013079118216964536,0.13507633586746431,0.20005699746586902
rotation,mild,standard_conformal,0.1,singleton_conformal,,acceptance_rate,3,3,True,0.8324333333333334,0.0130791182169645,0.7999430025341311,0.8649236641325356
rotation,mild,standard_conformal,0.1,singleton_conformal,,number_abstained,3,3,True,1675.6666666666667,130.79118216964528,1350.7633586746435,2000.56997465869
rotation,mild,standard_conformal,0.1,singleton_conformal,,number_accepted,3,3,True,8324.333333333334,130.79118216964528,7999.430025341311,8649.236641325357
rotation,mild,standard_conformal,0.1,singleton_conformal,,selective_accuracy,3,3,True,0.9020389822222511,0.0062228109804814994,0.886580662792543,0.9174973016519592
rotation,mild,standard_conformal,0.1,singleton_conformal,,selective_risk,3,3,True,0.09796101777774895,0.0062228109804814994,0.0825026983480408,0.11341933720745709
rotation,mild,standard_conformal,0.1,,,average_set_size,3,3,True,0.8324333333333334,0.0130791182169645,0.7999430025341311,0.8649236641325356
rotation,mild,standard_conformal,0.1,,,coverage_gap,3,3,True,-0.1491666666666667,0.006709942871093132,-0.16583508879643943,-0.13249824453689396
rotation,mild,standard_conformal,0.1,,,empirical_coverage,3,3,True,0.7508333333333334,0.006709942871093132,0.7341649112035606,0.7675017554631061
rotation,mild,standard_conformal,0.1,,,empty_set_rate,3,3,True,0.16756666666666667,0.013079118216964536,0.13507633586746431,0.20005699746586902
rotation,mild,standard_conformal,0.1,,,median_set_size,3,3,True,1.0,0.0,1.0,1.0
rotation,mild,standard_conformal,0.1,,,multiclass_set_rate,3,3,True,0.0,0.0,0.0,0.0
rotation,mild,standard_conformal,0.1,,,singleton_set_rate,3,3,True,0.8324333333333334,0.0130791182169645,0.7999430025341311,0.8649236641325356
rotation,mild,standard_conformal,0.1,,,worst_class_coverage,3,3,True,0.3606666666666667,0.09073771725877469,0.13526168134600572,0.5860716519873277
rotation,mild,standard_conformal,0.2,hybrid,0.5,abstention_rate,3,3,True,0.42239999999999994,0.012240506525466995,0.3919928961291614,0.4528071038708385
rotation,mild,standard_conformal,0.2,hybrid,0.5,acceptance_rate,3,3,True,0.5776,0.012240506525466993,0.5471928961291614,0.6080071038708386
rotation,mild,standard_conformal,0.2,hybrid,0.5,number_abstained,3,3,True,4224.0,122.40506525466992,3919.9289612916145,4528.0710387083855
rotation,mild,standard_conformal,0.2,hybrid,0.5,number_accepted,3,3,True,5776.0,122.40506525466992,5471.9289612916145,6080.0710387083855
rotation,mild,standard_conformal,0.2,hybrid,0.5,selective_accuracy,3,3,True,0.9774354242639576,0.0019386843894944827,0.9726194652608326,0.9822513832670825
rotation,mild,standard_conformal,0.2,hybrid,0.5,selective_risk,3,3,True,0.022564575736042425,0.0019386843894944827,0.017748616732917513,0.027380534739167336
rotation,mild,standard_conformal,0.2,hybrid,0.6,abstention_rate,3,3,True,0.42239999999999994,0.012240506525466995,0.3919928961291614,0.4528071038708385
rotation,mild,standard_conformal,0.2,hybrid,0.6,acceptance_rate,3,3,True,0.5776,0.012240506525466993,0.5471928961291614,0.6080071038708386
rotation,mild,standard_conformal,0.2,hybrid,0.6,number_abstained,3,3,True,4224.0,122.40506525466992,3919.9289612916145,4528.0710387083855
rotation,mild,standard_conformal,0.2,hybrid,0.6,number_accepted,3,3,True,5776.0,122.40506525466992,5471.9289612916145,6080.0710387083855
rotation,mild,standard_conformal,0.2,hybrid,0.6,selective_accuracy,3,3,True,0.9774354242639576,0.0019386843894944827,0.9726194652608326,0.9822513832670825
rotation,mild,standard_conformal,0.2,hybrid,0.6,selective_risk,3,3,True,0.022564575736042425,0.0019386843894944827,0.017748616732917513,0.027380534739167336
rotation,mild,standard_conformal,0.2,hybrid,0.7,abstention_rate,3,3,True,0.42239999999999994,0.012240506525466995,0.3919928961291614,0.4528071038708385
rotation,mild,standard_conformal,0.2,hybrid,0.7,acceptance_rate,3,3,True,0.5776,0.012240506525466993,0.5471928961291614,0.6080071038708386
rotation,mild,standard_conformal,0.2,hybrid,0.7,number_abstained,3,3,True,4224.0,122.40506525466992,3919.9289612916145,4528.0710387083855
rotation,mild,standard_conformal,0.2,hybrid,0.7,number_accepted,3,3,True,5776.0,122.40506525466992,5471.9289612916145,6080.0710387083855
rotation,mild,standard_conformal,0.2,hybrid,0.7,selective_accuracy,3,3,True,0.9774354242639576,0.0019386843894944827,0.9726194652608326,0.9822513832670825
rotation,mild,standard_conformal,0.2,hybrid,0.7,selective_risk,3,3,True,0.022564575736042425,0.0019386843894944827,0.017748616732917513,0.027380534739167336
rotation,mild,standard_conformal,0.2,hybrid,0.8,abstention_rate,3,3,True,0.42239999999999994,0.012240506525466995,0.3919928961291614,0.4528071038708385
rotation,mild,standard_conformal,0.2,hybrid,0.8,acceptance_rate,3,3,True,0.5776,0.012240506525466993,0.5471928961291614,0.6080071038708386
rotation,mild,standard_conformal,0.2,hybrid,0.8,number_abstained,3,3,True,4224.0,122.40506525466992,3919.9289612916145,4528.0710387083855
rotation,mild,standard_conformal,0.2,hybrid,0.8,number_accepted,3,3,True,5776.0,122.40506525466992,5471.9289612916145,6080.0710387083855
rotation,mild,standard_conformal,0.2,hybrid,0.8,selective_accuracy,3,3,True,0.9774354242639576,0.0019386843894944827,0.9726194652608326,0.9822513832670825
rotation,mild,standard_conformal,0.2,hybrid,0.8,selective_risk,3,3,True,0.022564575736042425,0.0019386843894944827,0.017748616732917513,0.027380534739167336
rotation,mild,standard_conformal,0.2,hybrid,0.9,abstention_rate,3,3,True,0.5033666666666666,0.02960444786401753,0.4298251412921142,0.5769081920412191
rotation,mild,standard_conformal,0.2,hybrid,0.9,acceptance_rate,3,3,True,0.4966333333333333,0.02960444786401756,0.42309180795878076,0.5701748587078859
rotation,mild,standard_conformal,0.2,hybrid,0.9,number_abstained,3,3,True,5033.666666666667,296.0444786401755,4298.251412921142,5769.081920412192
rotation,mild,standard_conformal,0.2,hybrid,0.9,number_accepted,3,3,True,4966.333333333333,296.0444786401755,4230.918079587808,5701.748587078858
rotation,mild,standard_conformal,0.2,hybrid,0.9,selective_accuracy,3,3,True,0.9885519231278476,0.0015375229086563584,0.9847325044877743,0.9923713417679209
rotation,mild,standard_conformal,0.2,hybrid,0.9,selective_risk,3,3,True,0.011448076872152546,0.0015375229086563584,0.007628658232079228,0.015267495512225865
rotation,mild,standard_conformal,0.2,hybrid,0.95,abstention_rate,3,3,True,0.5687666666666666,0.0362359398019885,0.4787516020838322,0.658781731249501
rotation,mild,standard_conformal,0.2,hybrid,0.95,acceptance_rate,3,3,True,0.43123333333333336,0.03623593980198848,0.341218268750499,0.5212483979161677
rotation,mild,standard_conformal,0.2,hybrid,0.95,number_abstained,3,3,True,5687.666666666667,362.35939801988485,4787.516020838323,6587.817312495011
rotation,mild,standard_conformal,0.2,hybrid,0.95,number_accepted,3,3,True,4312.333333333333,362.35939801988485,3412.182687504989,5212.483979161677
rotation,mild,standard_conformal,0.2,hybrid,0.95,selective_accuracy,3,3,True,0.9942359543855884,0.000974913500990204,0.9918141349920842,0.9966577737790927
rotation,mild,standard_conformal,0.2,hybrid,0.95,selective_risk,3,3,True,0.005764045614411573,0.000974913500990204,0.003342226220907264,0.00818586500791588
rotation,mild,standard_conformal,0.2,singleton_conformal,,abstention_rate,3,3,True,0.42239999999999994,0.012240506525466995,0.3919928961291614,0.4528071038708385
rotation,mild,standard_conformal,0.2,singleton_conformal,,acceptance_rate,3,3,True,0.5776,0.012240506525466993,0.5471928961291614,0.6080071038708386
rotation,mild,standard_conformal,0.2,singleton_conformal,,number_abstained,3,3,True,4224.0,122.40506525466992,3919.9289612916145,4528.0710387083855
rotation,mild,standard_conformal,0.2,singleton_conformal,,number_accepted,3,3,True,5776.0,122.40506525466992,5471.9289612916145,6080.0710387083855
rotation,mild,standard_conformal,0.2,singleton_conformal,,selective_accuracy,3,3,True,0.9774354242639576,0.0019386843894944827,0.9726194652608326,0.9822513832670825
rotation,mild,standard_conformal,0.2,singleton_conformal,,selective_risk,3,3,True,0.022564575736042425,0.0019386843894944827,0.017748616732917513,0.027380534739167336
rotation,mild,standard_conformal,0.2,,,average_set_size,3,3,True,0.5776,0.012240506525466993,0.5471928961291614,0.6080071038708386
rotation,mild,standard_conformal,0.2,,,coverage_gap,3,3,True,-0.23543333333333338,0.01201263223999361,-0.26527436609808935,-0.2055923005685774
rotation,mild,standard_conformal,0.2,,,empirical_coverage,3,3,True,0.5645666666666668,0.012012632239993609,0.5347256339019109,0.5944076994314227
rotation,mild,standard_conformal,0.2,,,empty_set_rate,3,3,True,0.42239999999999994,0.012240506525466995,0.3919928961291614,0.4528071038708385
rotation,mild,standard_conformal,0.2,,,median_set_size,3,3,True,1.0,0.0,1.0,1.0
rotation,mild,standard_conformal,0.2,,,multiclass_set_rate,3,3,True,0.0,0.0,0.0,0.0
rotation,mild,standard_conformal,0.2,,,singleton_set_rate,3,3,True,0.5776,0.012240506525466993,0.5471928961291614,0.6080071038708386
rotation,mild,standard_conformal,0.2,,,worst_class_coverage,3,3,True,0.08333333333333333,0.0499733262184271,-0.04080729090746295,0.20747395757412962
rotation,mild,temperature_scaled,,confidence_threshold,0.5,abstention_rate,3,3,True,0.13916666666666666,0.018409055742577708,0.0934360370588154,0.18489729627451792
rotation,mild,temperature_scaled,,confidence_threshold,0.5,acceptance_rate,3,3,True,0.8608333333333333,0.018409055742577736,0.815102703725482,0.9065639629411847
rotation,mild,temperature_scaled,,confidence_threshold,0.5,number_abstained,3,3,True,1391.6666666666667,184.0905574257771,934.3603705881541,1848.9729627451793
rotation,mild,temperature_scaled,,confidence_threshold,0.5,number_accepted,3,3,True,8608.333333333334,184.0905574257771,8151.027037254821,9065.639629411846
rotation,mild,temperature_scaled,,confidence_threshold,0.5,selective_accuracy,3,3,True,0.8914824504546851,0.009627491077185557,0.8675664368003086,0.9153984641090616
rotation,mild,temperature_scaled,,confidence_threshold,0.5,selective_risk,3,3,True,0.10851754954531494,0.009627491077185557,0.0846015358909385,0.13243356319969138
rotation,mild,temperature_scaled,,confidence_threshold,0.6,abstention_rate,3,3,True,0.23843333333333336,0.019824563887594928,0.18918638656115505,0.28768028010551167
rotation,mild,temperature_scaled,,confidence_threshold,0.6,acceptance_rate,3,3,True,0.7615666666666666,0.01982456388759496,0.7123197198944883,0.810813613438845
rotation,mild,temperature_scaled,,confidence_threshold,0.6,number_abstained,3,3,True,2384.3333333333335,198.2456388759494,1891.8638656115502,2876.8028010551166
rotation,mild,temperature_scaled,,confidence_threshold,0.6,number_accepted,3,3,True,7615.666666666667,198.24563887594937,7123.197198944884,8108.13613438845
rotation,mild,temperature_scaled,,confidence_threshold,0.6,selective_accuracy,3,3,True,0.9267040011431532,0.006197012859526023,0.9113097677986028,0.9420982344877036
rotation,mild,temperature_scaled,,confidence_threshold,0.6,selective_risk,3,3,True,0.07329599885684679,0.006197012859526023,0.05790176551229644,0.08869023220139713
rotation,mild,temperature_scaled,,confidence_threshold,0.7,abstention_rate,3,3,True,0.32193333333333335,0.017194281995283597,0.2792203690023797,0.364646297664287
rotation,mild,temperature_scaled,,confidence_threshold,0.7,acceptance_rate,3,3,True,0.6780666666666667,0.017194281995283597,0.635353702335713,0.7207796309976204
rotation,mild,temperature_scaled,,confidence_threshold,0.7,number_abstained,3,3,True,3219.3333333333335,171.9428199528359,2792.2036900237968,3646.46297664287
rotation,mild,temperature_scaled,,confidence_threshold,0.7,number_accepted,3,3,True,6780.666666666667,171.94281995283586,6353.53702335713,7207.796309976204
rotation,mild,temperature_scaled,,confidence_threshold,0.7,selective_accuracy,3,3,True,0.9525889069162319,0.0028877354365444345,0.945415374416754,0.9597624394157097
rotation,mild,temperature_scaled,,confidence_threshold,0.7,selective_risk,3,3,True,0.047411093083768154,0.0028877354365444345,0.04023756058429032,0.054584625583245984
rotation,mild,temperature_scaled,,confidence_threshold,0.8,abstention_rate,3,3,True,0.4066,0.020248209797411723,0.356300658446817,0.456899341553183
rotation,mild,temperature_scaled,,confidence_threshold,0.8,acceptance_rate,3,3,True,0.5934,0.020248209797411723,0.5431006584468171,0.643699341553183
rotation,mild,temperature_scaled,,confidence_threshold,0.8,number_abstained,3,3,True,4066.0,202.4820979741172,3563.0065844681703,4568.99341553183
rotation,mild,temperature_scaled,,confidence_threshold,0.8,number_accepted,3,3,True,5934.0,202.4820979741172,5431.00658446817,6436.99341553183
rotation,mild,temperature_scaled,,confidence_threshold,0.8,selective_accuracy,3,3,True,0.9742285342067415,0.0006117340471789136,0.9727089025905827,0.9757481658229002
rotation,mild,temperature_scaled,,confidence_threshold,0.8,selective_risk,3,3,True,0.025771465793258508,0.0006117340471789136,0.024251834177099713,0.027291097409417302
rotation,mild,temperature_scaled,,confidence_threshold,0.9,abstention_rate,3,3,True,0.5033666666666666,0.02960444786401753,0.4298251412921142,0.5769081920412191
rotation,mild,temperature_scaled,,confidence_threshold,0.9,acceptance_rate,3,3,True,0.4966333333333333,0.02960444786401756,0.42309180795878076,0.5701748587078859
rotation,mild,temperature_scaled,,confidence_threshold,0.9,number_abstained,3,3,True,5033.666666666667,296.0444786401755,4298.251412921142,5769.081920412192
rotation,mild,temperature_scaled,,confidence_threshold,0.9,number_accepted,3,3,True,4966.333333333333,296.0444786401755,4230.918079587808,5701.748587078858
rotation,mild,temperature_scaled,,confidence_threshold,0.9,selective_accuracy,3,3,True,0.9885519231278476,0.0015375229086563584,0.9847325044877743,0.9923713417679209
rotation,mild,temperature_scaled,,confidence_threshold,0.9,selective_risk,3,3,True,0.011448076872152546,0.0015375229086563584,0.007628658232079228,0.015267495512225865
rotation,mild,temperature_scaled,,confidence_threshold,0.95,abstention_rate,3,3,True,0.5687666666666666,0.0362359398019885,0.4787516020838322,0.658781731249501
rotation,mild,temperature_scaled,,confidence_threshold,0.95,acceptance_rate,3,3,True,0.43123333333333336,0.03623593980198848,0.341218268750499,0.5212483979161677
rotation,mild,temperature_scaled,,confidence_threshold,0.95,number_abstained,3,3,True,5687.666666666667,362.35939801988485,4787.516020838323,6587.817312495011
rotation,mild,temperature_scaled,,confidence_threshold,0.95,number_accepted,3,3,True,4312.333333333333,362.35939801988485,3412.182687504989,5212.483979161677
rotation,mild,temperature_scaled,,confidence_threshold,0.95,selective_accuracy,3,3,True,0.9942359543855884,0.000974913500990204,0.9918141349920842,0.9966577737790927
rotation,mild,temperature_scaled,,confidence_threshold,0.95,selective_risk,3,3,True,0.005764045614411573,0.000974913500990204,0.003342226220907264,0.00818586500791588
rotation,mild,temperature_scaled,,,,accuracy_confidence_gap,3,3,True,0.0340703938876589,0.017151165666980172,-0.008535463546164045,0.07667625132148184
rotation,mild,temperature_scaled,,,,brier_score,3,3,True,0.23724206949575022,0.002400354814322242,0.23127925757991089,0.24320488141158955
rotation,mild,temperature_scaled,,,,expected_calibration_error,3,3,True,0.03413348215868075,0.017080932377494227,-0.008297906112109885,0.07656487042947138
rotation,mild,temperature_scaled,,,,maximum_calibration_error,3,3,True,0.15592353492055414,0.06301090592443784,-0.0006042327378941725,0.31245130257900244
rotation,mild,temperature_scaled,,,,mean_confidence,3,3,True,0.8004962727790077,0.010166204370888245,0.7752420211159232,0.8257505244420922
rotation,mild,temperature_scaled,,,,negative_log_likelihood,3,3,True,0.45991494754687506,0.0037556220924635916,0.4505854650759036,0.46924443001784655
rotation,strong,class_conditional_conformal,0.05,,,average_set_size,3,3,True,1.2258333333333333,0.03478797685024713,1.1394152081241369,1.3122514585425298
rotation,strong,class_conditional_conformal,0.05,,,coverage_gap,3,3,True,-0.6411333333333333,0.02459071640545135,-0.7022200593150726,-0.5800466073515941
rotation,strong,class_conditional_conformal,0.05,,,empirical_coverage,3,3,True,0.3088666666666667,0.02459071640545135,0.24777994068492745,0.3699533926484059
rotation,strong,class_conditional_conformal,0.05,,,empty_set_rate,3,3,True,0.1687,0.016488480827535318,0.12774034296684722,0.20965965703315276
rotation,strong,class_conditional_conformal,0.05,,,median_set_size,3,3,True,1.0,0.0,1.0,1.0
rotation,strong,class_conditional_conformal,0.05,,,multiclass_set_rate,3,3,True,0.3627,0.03180628868635887,0.2836887988033981,0.44171120119660195
rotation,strong,class_conditional_conformal,0.05,,,singleton_set_rate,3,3,True,0.46859999999999996,0.042662747215808754,0.36261986075433805,0.5745801392456619
rotation,strong,class_conditional_conformal,0.05,,,worst_class_coverage,3,3,True,0.0,0.0,0.0,0.0
rotation,strong,class_conditional_conformal,0.1,,,average_set_size,3,3,True,0.7212666666666667,0.1018977101476443,0.4681387221478992,0.9743946111854342
rotation,strong,class_conditional_conformal,0.1,,,coverage_gap,3,3,True,-0.7183666666666667,0.019566382735021166,-0.7669722559012734,-0.66976107743206
rotation,strong,class_conditional_conformal,0.1,,,empirical_coverage,3,3,True,0.1816333333333333,0.019566382735021134,0.13302774409872675,0.23023892256793987
rotation,strong,class_conditional_conformal,0.1,,,empty_set_rate,3,3,True,0.367,0.09290839574548686,0.13620275039041219,0.5977972496095878
rotation,strong,class_conditional_conformal,0.1,,,median_set_size,3,3,True,1.0,0.0,1.0,1.0
rotation,strong,class_conditional_conformal,0.1,,,multiclass_set_rate,3,3,True,0.08826666666666666,0.012701312268160852,0.056714857872611164,0.11981847546072216
rotation,strong,class_conditional_conformal,0.1,,,singleton_set_rate,3,3,True,0.5447333333333334,0.08487310135333417,0.333896861548308,0.7555698051183588
rotation,strong,class_conditional_conformal,0.1,,,worst_class_coverage,3,3,True,0.0,0.0,0.0,0.0
rotation,strong,class_conditional_conformal,0.2,,,average_set_size,3,3,True,0.37420000000000003,0.12661244014708822,0.059677262653886676,0.6887227373461133
rotation,strong,class_conditional_conformal,0.2,,,coverage_gap,3,3,True,-0.7031000000000001,0.02114261100242826,-0.7556211573159995,-0.6505788426840006
rotation,strong,class_conditional_conformal,0.2,,,empirical_coverage,3,3,True,0.09689999999999999,0.021142611002428247,0.044378842684000525,0.14942115731599945
rotation,strong,class_conditional_conformal,0.2,,,empty_set_rate,3,3,True,0.6260333333333333,0.12686407424221138,0.3108855022419624,0.9411811644247043
rotation,strong,class_conditional_conformal,0.2,,,median_set_size,3,3,True,0.0,0.0,0.0,0.0
rotation,strong,class_conditional_conformal,0.2,,,multiclass_set_rate,3,3,True,0.00023333333333333333,0.00025166114784235834,-0.0003918276146042442,0.0008584942812709109
rotation,strong,class_conditional_conformal,0.2,,,singleton_set_rate,3,3,True,0.3737333333333333,0.12711570844444575,0.05796040823062576,0.6895062584360409
rotation,strong,class_conditional_conformal,0.2,,,worst_class_coverage,3,3,True,0.0,0.0,0.0,0.0
rotation,strong,raw_softmax,,,,accuracy,3,3,True,0.327,0.01861961331499663,0.28074631638600833,0.3732536836139917
rotation,strong,raw_softmax,,,,accuracy_confidence_gap,3,3,True,-0.3517623319248358,0.0887603476796051,-0.5722552589038137,-0.13126940494585787
rotation,strong,raw_softmax,,,,brier_score,3,3,True,0.9619990614204346,0.10000832789500912,0.7135646026073499,1.2104335202335192
rotation,strong,raw_softmax,,,,evaluation_seconds,3,3,True,7.98655133334493,0.20193050870903778,7.484928141507881,8.488174525181979
rotation,strong,raw_softmax,,,,expected_calibration_error,3,3,True,0.35191938226222996,0.08849171498671293,0.13209377588627452,0.5717449886381853
rotation,strong,raw_softmax,,,,macro_f1,3,3,True,0.2825555042593848,0.031243775412443327,0.2049416634998766,0.360169345018893
rotation,strong,raw_softmax,,,,maximum_calibration_error,3,3,True,0.4810874460975943,0.08758606630148887,0.263511595774201,0.6986632964209876
rotation,strong,raw_softmax,,,,mean_confidence,3,3,True,0.6787623319248358,0.07014180964569319,0.5045204174135562,0.8530042464361154
rotation,strong,raw_softmax,,,,mean_inference_seconds_per_image,3,3,True,0.000798655133334493,2.0193050870903794e-05,0.000748492814150788,0.0008488174525181979
rotation,strong,raw_softmax,,,,negative_log_likelihood,3,3,True,2.7565428050802403,0.6328943042046262,1.1843461964535427,4.328739413706938
rotation,strong,raw_softmax,,,,sample_count,3,3,True,10000.0,0.0,10000.0,10000.0
rotation,strong,standard_conformal,0.05,hybrid,0.5,abstention_rate,3,3,True,0.44566666666666666,0.09464482729306098,0.210555881965877,0.6807774513674563
rotation,strong,standard_conformal,0.05,hybrid,0.5,acceptance_rate,3,3,True,0.5543333333333332,0.09464482729306095,0.3192225486325436,0.7894441180341228
rotation,strong,standard_conformal,0.05,hybrid,0.5,number_abstained,3,3,True,4456.666666666667,946.4482729306094,2105.558819658771,6807.774513674563
rotation,strong,standard_conformal,0.05,hybrid,0.5,number_accepted,3,3,True,5543.333333333333,946.4482729306094,3192.225486325437,7894.4411803412295
rotation,strong,standard_conformal,0.05,hybrid,0.5,selective_accuracy,3,3,True,0.41072457412331603,0.05877693711723044,0.26471456804922616,0.556734580197406
rotation,strong,standard_conformal,0.05,hybrid,0.5,selective_risk,3,3,True,0.5892754258766839,0.05877693711723042,0.44326541980259404,0.7352854319507738
rotation,strong,standard_conformal,0.05,hybrid,0.6,abstention_rate,3,3,True,0.5485666666666668,0.0896337176141508,0.3259041684969749,0.7712291648363586
rotation,strong,standard_conformal,0.05,hybrid,0.6,acceptance_rate,3,3,True,0.45143333333333335,0.08963371761415086,0.22877083516364138,0.6740958315030253
rotation,strong,standard_conformal,0.05,hybrid,0.6,number_abstained,3,3,True,5485.666666666667,896.3371761415084,3259.0416849697476,7712.291648363586
rotation,strong,standard_conformal,0.05,hybrid,0.6,number_accepted,3,3,True,4514.333333333333,896.3371761415084,2287.7083516364137,6740.958315030252
rotation,strong,standard_conformal,0.05,hybrid,0.6,selective_accuracy,3,3,True,0.4483393924411381,0.06510248801971019,0.2866158468226019,0.6100629380596743
rotation,strong,standard_conformal,0.05,hybrid,0.6,selective_risk,3,3,True,0.5516606075588619,0.06510248801971019,0.38993706194032574,0.7133841531773981
rotation,strong,standard_conformal,0.05,hybrid,0.7,abstention_rate,3,3,True,0.6482,0.07635830013822988,0.4585154670214727,0.8378845329785273
rotation,strong,standard_conformal,0.05,hybrid,0.7,acceptance_rate,3,3,True,0.35180000000000006,0.0763583001382299,0.16211546702147273,0.5414845329785274
rotation,strong,standard_conformal,0.05,hybrid,0.7,number_abstained,3,3,True,6482.0,763.583001382299,4585.154670214727,8378.845329785274
rotation,strong,standard_conformal,0.05,hybrid,0.7,number_accepted,3,3,True,3518.0,763.583001382299,1621.1546702147268,5414.845329785273
rotation,strong,standard_conformal,0.05,hybrid,0.7,selective_accuracy,3,3,True,0.4916881397380892,0.07044783198804333,0.31668602358553954,0.6666902558906389
rotation,strong,standard_conformal,0.05,hybrid,0.7,selective_risk,3,3,True,0.5083118602619109,0.07044783198804336,0.33330974410936115,0.6833139764144607
rotation,strong,standard_conformal,0.05,hybrid,0.8,abstention_rate,3,3,True,0.7479999999999999,0.05682719419432921,0.6068334238489073,0.8891665761510925
rotation,strong,standard_conformal,0.05,hybrid,0.8,acceptance_rate,3,3,True,0.252,0.05682719419432917,0.11083342384890751,0.3931665761510925
rotation,strong,standard_conformal,0.05,hybrid,0.8,number_abstained,3,3,True,7480.0,568.2719419432918,6068.334238489075,8891.665761510925
rotation,strong,standard_conformal,0.05,hybrid,0.8,number_accepted,3,3,True,2520.0,568.2719419432918,1108.3342384890748,3931.665761510925
rotation,strong,standard_conformal,0.05,hybrid,0.8,selective_accuracy,3,3,True,0.543818364904308,0.06419964877535464,0.38433759630032366,0.7032991335082923
rotation,strong,standard_conformal,0.05,hybrid,0.8,selective_risk,3,3,True,0.456181635095692,0.06419964877535464,0.2967008664917076,0.6156624036996763
rotation,strong,standard_conformal,0.05,hybrid,0.9,abstention_rate,3,3,True,0.8378,0.03071465448283599,0.7615005684958058,0.9140994315041941
rotation,strong,standard_conformal,0.05,hybrid,0.9,acceptance_rate,3,3,True,0.16219999999999998,0.030714654482836036,0.08590056849580566,0.2384994315041943
rotation,strong,standard_conformal,0.05,hybrid,0.9,number_abstained,3,3,True,8378.0,307.1465448283604,7615.005684958057,9140.994315041944
rotation,strong,standard_conformal,0.05,hybrid,0.9,number_accepted,3,3,True,1622.0,307.1465448283604,859.0056849580566,2384.9943150419435
rotation,strong,standard_conformal,0.05,hybrid,0.9,selective_accuracy,3,3,True,0.621192790747184,0.06758554362254852,0.4533009930652642,0.7890845884291038
rotation,strong,standard_conformal,0.05,hybrid,0.9,selective_risk,3,3,True,0.3788072092528159,0.06758554362254852,0.2109154115708961,0.5466990069347357
rotation,strong,standard_conformal,0.05,hybrid,0.95,abstention_rate,3,3,True,0.8860333333333333,0.012331396244275546,0.8554004468843921,0.9166662197822746
rotation,strong,standard_conformal,0.05,hybrid,0.95,acceptance_rate,3,3,True,0.11396666666666666,0.012331396244275561,0.08333378021772536,0.14459955311560796
rotation,strong,standard_conformal,0.05,hybrid,0.95,number_abstained,3,3,True,8860.333333333334,123.31396244275558,8554.004468843921,9166.662197822747
rotation,strong,standard_conformal,0.05,hybrid,0.95,number_accepted,3,3,True,1139.6666666666667,123.31396244275557,833.3378021772538,1445.9955311560798
rotation,strong,standard_conformal,0.05,hybrid,0.95,selective_accuracy,3,3,True,0.7031216438957983,0.04697781423059824,0.586422283949968,0.8198210038416287
rotation,strong,standard_conformal,0.05,hybrid,0.95,selective_risk,3,3,True,0.29687835610420166,0.04697781423059824,0.18017899615837124,0.4135777160500321
rotation,strong,standard_conformal,0.05,singleton_conformal,,abstention_rate,3,3,True,0.25856666666666667,0.029497344513249542,0.1852912007648118,0.3318421325685216
rotation,strong,standard_conformal,0.05,singleton_conformal,,acceptance_rate,3,3,True,0.7414333333333335,0.029497344513249594,0.6681578674314785,0.8147087992351885
rotation,strong,standard_conformal,0.05,singleton_conformal,,number_abstained,3,3,True,2585.6666666666665,294.9734451324955,1852.9120076481177,3318.4213256852154
rotation,strong,standard_conformal,0.05,singleton_conformal,,number_accepted,3,3,True,7414.333333333333,294.9734451324955,6681.578674314784,8147.087992351882
rotation,strong,standard_conformal,0.05,singleton_conformal,,selective_accuracy,3,3,True,0.3551812082857011,0.021215306634263315,0.30247946500918066,0.40788295156222154
rotation,strong,standard_conformal,0.05,singleton_conformal,,selective_risk,3,3,True,0.6448187917142989,0.021215306634263274,0.5921170484377786,0.6975205349908192
rotation,strong,standard_conformal,0.05,,,average_set_size,3,3,True,1.1752666666666667,0.04591343303798286,1.06121137618109,1.2893219571522434
rotation,strong,standard_conformal,0.05,,,coverage_gap,3,3,True,-0.5804333333333332,0.019050021872253423,-0.6277562110758665,-0.5331104555908
rotation,strong,standard_conformal,0.05,,,empirical_coverage,3,3,True,0.36956666666666665,0.019050021872253423,0.3222437889241333,0.4168895444092
rotation,strong,standard_conformal,0.05,,,empty_set_rate,3,3,True,0.04246666666666667,0.033325115653712795,-0.04031750987716253,0.12525084321049587
rotation,strong,standard_conformal,0.05,,,median_set_size,3,3,True,1.0,0.0,1.0,1.0
rotation,strong,standard_conformal,0.05,,,multiclass_set_rate,3,3,True,0.2161,0.01862283544468995,0.16983831217212497,0.262361687827875
rotation,strong,standard_conformal,0.05,,,singleton_set_rate,3,3,True,0.7414333333333335,0.029497344513249594,0.6681578674314785,0.8147087992351885
rotation,strong,standard_conformal,0.05,,,worst_class_coverage,3,3,True,0.004,0.0052915026221291815,-0.009144821215456856,0.01714482121545686
rotation,strong,standard_conformal,0.1,hybrid,0.5,abstention_rate,3,3,True,0.4196666666666667,0.1010740487629408,0.16858481045535367,0.6707485228779797
rotation,strong,standard_conformal,0.1,hybrid,0.5,acceptance_rate,3,3,True,0.5803333333333334,0.1010740487629408,0.32925147712202035,0.8314151895446464
rotation,strong,standard_conformal,0.1,hybrid,0.5,number_abstained,3,3,True,4196.666666666667,1010.740487629408,1685.8481045535368,6707.485228779797
rotation,strong,standard_conformal,0.1,hybrid,0.5,number_accepted,3,3,True,5803.333333333333,1010.740487629408,3292.514771220203,8314.151895446463
rotation,strong,standard_conformal,0.1,hybrid,0.5,selective_accuracy,3,3,True,0.4116611462757094,0.058958146320624086,0.2652009915857531,0.5581213009656656
rotation,strong,standard_conformal,0.1,hybrid,0.5,selective_risk,3,3,True,0.5883388537242906,0.0589581463206241,0.4418786990343343,0.734799008414247
rotation,strong,standard_conformal,0.1,hybrid,0.6,abstention_rate,3,3,True,0.5301333333333332,0.09445794478673213,0.2954867905141815,0.764779876152485
rotation,strong,standard_conformal,0.1,hybrid,0.6,acceptance_rate,3,3,True,0.46986666666666665,0.09445794478673213,0.2352201238475149,0.7045132094858184
rotation,strong,standard_conformal,0.1,hybrid,0.6,number_abstained,3,3,True,5301.333333333333,944.5794478673212,2954.8679051418158,7647.79876152485
rotation,strong,standard_conformal,0.1,hybrid,0.6,number_accepted,3,3,True,4698.666666666667,944.5794478673212,2352.2012384751497,7045.132094858184
rotation,strong,standard_conformal,0.1,hybrid,0.6,selective_accuracy,3,3,True,0.4445697542451957,0.06412897103885969,0.28526455887181956,0.6038749496185718
rotation,strong,standard_conformal,0.1,hybrid,0.6,selective_risk,3,3,True,0.5554302457548043,0.06412897103885971,0.3961250503814281,0.7147354411281804
rotation,strong,standard_conformal,0.1,hybrid,0.7,abstention_rate,3,3,True,0.6478666666666667,0.07676003734583074,0.45718416314052485,0.8385491701928085
rotation,strong,standard_conformal,0.1,hybrid,0.7,acceptance_rate,3,3,True,0.35213333333333335,0.07676003734583074,0.1614508298071915,0.5428158368594752
rotation,strong,standard_conformal,0.1,hybrid,0.7,number_abstained,3,3,True,6478.666666666667,767.6003734583077,4571.841631405248,8385.491701928086
rotation,strong,standard_conformal,0.1,hybrid,0.7,number_accepted,3,3,True,3521.3333333333335,767.6003734583077,1614.5082980719144,5428.158368594753
rotation,strong,standard_conformal,0.1,hybrid,0.7,selective_accuracy,3,3,True,0.4915598176388188,0.07054549048129977,0.3163151043402981,0.6668045309373395
rotation,strong,standard_conformal,0.1,hybrid,0.7,selective_risk,3,3,True,0.5084401823611812,0.07054549048129974,0.3331954690626605,0.6836848956597018
rotation,strong,standard_conformal,0.1,hybrid,0.8,abstention_rate,3,3,True,0.7479999999999999,0.05682719419432921,0.6068334238489073,0.8891665761510925
rotation,strong,standard_conformal,0.1,hybrid,0.8,acceptance_rate,3,3,True,0.252,0.05682719419432917,0.11083342384890751,0.3931665761510925
rotation,strong,standard_conformal,0.1,hybrid,0.8,number_abstained,3,3,True,7480.0,568.2719419432918,6068.334238489075,8891.665761510925
rotation,strong,standard_conformal,0.1,hybrid,0.8,number_accepted,3,3,True,2520.0,568.2719419432918,1108.3342384890748,3931.665761510925
rotation,strong,standard_conformal,0.1,hybrid,0.8,selective_accuracy,3,3,True,0.543818364904308,0.06419964877535464,0.38433759630032366,0.7032991335082923
rotation,strong,standard_conformal,0.1,hybrid,0.8,selective_risk,3,3,True,0.456181635095692,0.06419964877535464,0.2967008664917076,0.6156624036996763
rotation,strong,standard_conformal,0.1,hybrid,0.9,abstention_rate,3,3,True,0.8378,0.03071465448283599,0.7615005684958058,0.9140994315041941
rotation,strong,standard_conformal,0.1,hybrid,0.9,acceptance_rate,3,3,True,0.16219999999999998,0.030714654482836036,0.08590056849580566,0.2384994315041943
rotation,strong,standard_conformal,0.1,hybrid,0.9,number_abstained,3,3,True,8378.0,307.1465448283604,7615.005684958057,9140.994315041944
rotation,strong,standard_conformal,0.1,hybrid,0.9,number_accepted,3,3,True,1622.0,307.1465448283604,859.0056849580566,2384.9943150419435
rotation,strong,standard_conformal,0.1,hybrid,0.9,selective_accuracy,3,3,True,0.621192790747184,0.06758554362254852,0.4533009930652642,0.7890845884291038
rotation,strong,standard_conformal,0.1,hybrid,0.9,selective_risk,3,3,True,0.3788072092528159,0.06758554362254852,0.2109154115708961,0.5466990069347357
rotation,strong,standard_conformal,0.1,hybrid,0.95,abstention_rate,3,3,True,0.8860333333333333,0.012331396244275546,0.8554004468843921,0.9166662197822746
rotation,strong,standard_conformal,0.1,hybrid,0.95,acceptance_rate,3,3,True,0.11396666666666666,0.012331396244275561,0.08333378021772536,0.14459955311560796
rotation,strong,standard_conformal,0.1,hybrid,0.95,number_abstained,3,3,True,8860.333333333334,123.31396244275558,8554.004468843921,9166.662197822747
rotation,strong,standard_conformal,0.1,hybrid,0.95,number_accepted,3,3,True,1139.6666666666667,123.31396244275557,833.3378021772538,1445.9955311560798
rotation,strong,standard_conformal,0.1,hybrid,0.95,selective_accuracy,3,3,True,0.7031216438957983,0.04697781423059824,0.586422283949968,0.8198210038416287
rotation,strong,standard_conformal,0.1,hybrid,0.95,selective_risk,3,3,True,0.29687835610420166,0.04697781423059824,0.18017899615837124,0.4135777160500321
rotation,strong,standard_conformal,0.1,singleton_conformal,,abstention_rate,3,3,True,0.4196666666666667,0.1010740487629408,0.16858481045535367,0.6707485228779797
rotation,strong,standard_conformal,0.1,singleton_conformal,,acceptance_rate,3,3,True,0.5803333333333334,0.1010740487629408,0.32925147712202035,0.8314151895446464
rotation,strong,standard_conformal,0.1,singleton_conformal,,number_abstained,3,3,True,4196.666666666667,1010.740487629408,1685.8481045535368,6707.485228779797
rotation,strong,standard_conformal,0.1,singleton_conformal,,number_accepted,3,3,True,5803.333333333333,1010.740487629408,3292.514771220203,8314.151895446463
rotation,strong,standard_conformal,0.1,singleton_conformal,,selective_accuracy,3,3,True,0.4116611462757094,0.058958146320624086,0.2652009915857531,0.5581213009656656
rotation,strong,standard_conformal,0.1,singleton_conformal,,selective_risk,3,3,True,0.5883388537242906,0.0589581463206241,0.4418786990343343,0.734799008414247
rotation,strong,standard_conformal,0.1,,,average_set_size,3,3,True,0.5803333333333334,0.1010740487629408,0.32925147712202035,0.8314151895446464
rotation,strong,standard_conformal,0.1,,,coverage_gap,3,3,True,-0.6648999999999999,0.012301219451745385,-0.6954579231405974,-0.6343420768594025
rotation,strong,standard_conformal,0.1,,,empirical_coverage,3,3,True,0.2351,0.012301219451745416,0.2045420768594025,0.2656579231405975
rotation,strong,standard_conformal,0.1,,,empty_set_rate,3,3,True,0.4196666666666667,0.1010740487629408,0.16858481045535367,0.6707485228779797
rotation,strong,standard_conformal,0.1,,,median_set_size,3,3,True,0.6666666666666666,0.5773502691896258,-0.7675509099164876,2.100884243249821
rotation,strong,standard_conformal,0.1,,,multiclass_set_rate,3,3,True,0.0,0.0,0.0,0.0
rotation,strong,standard_conformal,0.1,,,singleton_set_rate,3,3,True,0.5803333333333334,0.1010740487629408,0.32925147712202035,0.8314151895446464
rotation,strong,standard_conformal,0.1,,,worst_class_coverage,3,3,True,0.0,0.0,0.0,0.0
rotation,strong,standard_conformal,0.2,hybrid,0.5,abstention_rate,3,3,True,0.7643999999999999,0.05713676574675893,0.6224644054810315,0.9063355945189682
rotation,strong,standard_conformal,0.2,hybrid,0.5,acceptance_rate,3,3,True,0.2356,0.057136765746758876,0.09366440548103178,0.37753559451896823
rotation,strong,standard_conformal,0.2,hybrid,0.5,number_abstained,3,3,True,7644.0,571.3676574675889,6224.644054810317,9063.355945189684
rotation,strong,standard_conformal,0.2,hybrid,0.5,number_accepted,3,3,True,2356.0,571.3676574675889,936.6440548103174,3775.3559451896826
rotation,strong,standard_conformal,0.2,hybrid,0.5,selective_accuracy,3,3,True,0.5539137114627636,0.0640856044210425,0.3947162447401382,0.7131111781853889
rotation,strong,standard_conformal,0.2,hybrid,0.5,selective_risk,3,3,True,0.44608628853723636,0.0640856044210425,0.28688882181461106,0.6052837552598617
rotation,strong,standard_conformal,0.2,hybrid,0.6,abstention_rate,3,3,True,0.7643999999999999,0.05713676574675893,0.6224644054810315,0.9063355945189682
rotation,strong,standard_conformal,0.2,hybrid,0.6,acceptance_rate,3,3,True,0.2356,0.057136765746758876,0.09366440548103178,0.37753559451896823
rotation,strong,standard_conformal,0.2,hybrid,0.6,number_abstained,3,3,True,7644.0,571.3676574675889,6224.644054810317,9063.355945189684
rotation,strong,standard_conformal,0.2,hybrid,0.6,number_accepted,3,3,True,2356.0,571.3676574675889,936.6440548103174,3775.3559451896826
rotation,strong,standard_conformal,0.2,hybrid,0.6,selective_accuracy,3,3,True,0.5539137114627636,0.0640856044210425,0.3947162447401382,0.7131111781853889
rotation,strong,standard_conformal,0.2,hybrid,0.6,selective_risk,3,3,True,0.44608628853723636,0.0640856044210425,0.28688882181461106,0.6052837552598617
rotation,strong,standard_conformal,0.2,hybrid,0.7,abstention_rate,3,3,True,0.7643999999999999,0.05713676574675893,0.6224644054810315,0.9063355945189682
rotation,strong,standard_conformal,0.2,hybrid,0.7,acceptance_rate,3,3,True,0.2356,0.057136765746758876,0.09366440548103178,0.37753559451896823
rotation,strong,standard_conformal,0.2,hybrid,0.7,number_abstained,3,3,True,7644.0,571.3676574675889,6224.644054810317,9063.355945189684
rotation,strong,standard_conformal,0.2,hybrid,0.7,number_accepted,3,3,True,2356.0,571.3676574675889,936.6440548103174,3775.3559451896826
rotation,strong,standard_conformal,0.2,hybrid,0.7,selective_accuracy,3,3,True,0.5539137114627636,0.0640856044210425,0.3947162447401382,0.7131111781853889
rotation,strong,standard_conformal,0.2,hybrid,0.7,selective_risk,3,3,True,0.44608628853723636,0.0640856044210425,0.28688882181461106,0.6052837552598617
rotation,strong,standard_conformal,0.2,hybrid,0.8,abstention_rate,3,3,True,0.7643999999999999,0.05713676574675893,0.6224644054810315,0.9063355945189682
rotation,strong,standard_conformal,0.2,hybrid,0.8,acceptance_rate,3,3,True,0.2356,0.057136765746758876,0.09366440548103178,0.37753559451896823
rotation,strong,standard_conformal,0.2,hybrid,0.8,number_abstained,3,3,True,7644.0,571.3676574675889,6224.644054810317,9063.355945189684
rotation,strong,standard_conformal,0.2,hybrid,0.8,number_accepted,3,3,True,2356.0,571.3676574675889,936.6440548103174,3775.3559451896826
rotation,strong,standard_conformal,0.2,hybrid,0.8,selective_accuracy,3,3,True,0.5539137114627636,0.0640856044210425,0.3947162447401382,0.7131111781853889
rotation,strong,standard_conformal,0.2,hybrid,0.8,selective_risk,3,3,True,0.44608628853723636,0.0640856044210425,0.28688882181461106,0.6052837552598617
rotation,strong,standard_conformal,0.2,hybrid,0.9,abstention_rate,3,3,True,0.8378,0.03071465448283599,0.7615005684958058,0.9140994315041941
rotation,strong,standard_conformal,0.2,hybrid,0.9,acceptance_rate,3,3,True,0.16219999999999998,0.030714654482836036,0.08590056849580566,0.2384994315041943
rotation,strong,standard_conformal,0.2,hybrid,0.9,number_abstained,3,3,True,8378.0,307.1465448283604,7615.005684958057,9140.994315041944
rotation,strong,standard_conformal,0.2,hybrid,0.9,number_accepted,3,3,True,1622.0,307.1465448283604,859.0056849580566,2384.9943150419435
rotation,strong,standard_conformal,0.2,hybrid,0.9,selective_accuracy,3,3,True,0.621192790747184,0.06758554362254852,0.4533009930652642,0.7890845884291038
rotation,strong,standard_conformal,0.2,hybrid,0.9,selective_risk,3,3,True,0.3788072092528159,0.06758554362254852,0.2109154115708961,0.5466990069347357
rotation,strong,standard_conformal,0.2,hybrid,0.95,abstention_rate,3,3,True,0.8860333333333333,0.012331396244275546,0.8554004468843921,0.9166662197822746
rotation,strong,standard_conformal,0.2,hybrid,0.95,acceptance_rate,3,3,True,0.11396666666666666,0.012331396244275561,0.08333378021772536,0.14459955311560796
rotation,strong,standard_conformal,0.2,hybrid,0.95,number_abstained,3,3,True,8860.333333333334,123.31396244275558,8554.004468843921,9166.662197822747
rotation,strong,standard_conformal,0.2,hybrid,0.95,number_accepted,3,3,True,1139.6666666666667,123.31396244275557,833.3378021772538,1445.9955311560798
rotation,strong,standard_conformal,0.2,hybrid,0.95,selective_accuracy,3,3,True,0.7031216438957983,0.04697781423059824,0.586422283949968,0.8198210038416287
rotation,strong,standard_conformal,0.2,hybrid,0.95,selective_risk,3,3,True,0.29687835610420166,0.04697781423059824,0.18017899615837124,0.4135777160500321
rotation,strong,standard_conformal,0.2,singleton_conformal,,abstention_rate,3,3,True,0.7643999999999999,0.05713676574675893,0.6224644054810315,0.9063355945189682
rotation,strong,standard_conformal,0.2,singleton_conformal,,acceptance_rate,3,3,True,0.2356,0.057136765746758876,0.09366440548103178,0.37753559451896823
rotation,strong,standard_conformal,0.2,singleton_conformal,,number_abstained,3,3,True,7644.0,571.3676574675889,6224.644054810317,9063.355945189684
rotation,strong,standard_conformal,0.2,singleton_conformal,,number_accepted,3,3,True,2356.0,571.3676574675889,936.6440548103174,3775.3559451896826
rotation,strong,standard_conformal,0.2,singleton_conformal,,selective_accuracy,3,3,True,0.5539137114627636,0.0640856044210425,0.3947162447401382,0.7131111781853889
rotation,strong,standard_conformal,0.2,singleton_conformal,,selective_risk,3,3,True,0.44608628853723636,0.0640856044210425,0.28688882181461106,0.6052837552598617
rotation,strong,standard_conformal,0.2,,,average_set_size,3,3,True,0.2356,0.057136765746758876,0.09366440548103178,0.37753559451896823
rotation,strong,standard_conformal,0.2,,,coverage_gap,3,3,True,-0.6717333333333334,0.016943828768413965,-0.7138241373583907,-0.6296425293082761
rotation,strong,standard_conformal,0.2,,,empirical_coverage,3,3,True,0.12826666666666667,0.016943828768413986,0.08617586264160934,0.170357470691724
rotation,strong,standard_conformal,0.2,,,empty_set_rate,3,3,True,0.7643999999999999,0.05713676574675893,0.6224644054810315,0.9063355945189682
rotation,strong,standard_conformal,0.2,,,median_set_size,3,3,True,0.0,0.0,0.0,0.0
rotation,strong,standard_conformal,0.2,,,multiclass_set_rate,3,3,True,0.0,0.0,0.0,0.0
rotation,strong,standard_conformal,0.2,,,singleton_set_rate,3,3,True,0.2356,0.057136765746758876,0.09366440548103178,0.37753559451896823
rotation,strong,standard_conformal,0.2,,,worst_class_coverage,3,3,True,0.0,0.0,0.0,0.0
rotation,strong,temperature_scaled,,confidence_threshold,0.5,abstention_rate,3,3,True,0.37020000000000003,0.10817629130266945,0.10147519525774956,0.6389248047422504
rotation,strong,temperature_scaled,,confidence_threshold,0.5,acceptance_rate,3,3,True,0.6298,0.10817629130266945,0.36107519525774956,0.8985248047422505
rotation,strong,temperature_scaled,,confidence_threshold,0.5,number_abstained,3,3,True,3702.0,1081.7629130266946,1014.7519525774956,6389.248047422505
rotation,strong,temperature_scaled,,confidence_threshold,0.5,number_accepted,3,3,True,6298.0,1081.7629130266946,3610.7519525774956,8985.248047422505
rotation,strong,temperature_scaled,,confidence_threshold,0.5,selective_accuracy,3,3,True,0.3987836476798585,0.058371737892530244,0.2537802122806184,0.5437870830790986
rotation,strong,temperature_scaled,,confidence_threshold,0.5,selective_risk,3,3,True,0.6012163523201415,0.05837173789253022,0.4562129169209014,0.7462197877193816
rotation,strong,temperature_scaled,,confidence_threshold,0.6,abstention_rate,3,3,True,0.5301333333333332,0.09445794478673213,0.2954867905141815,0.764779876152485
rotation,strong,temperature_scaled,,confidence_threshold,0.6,acceptance_rate,3,3,True,0.46986666666666665,0.09445794478673213,0.2352201238475149,0.7045132094858184
rotation,strong,temperature_scaled,,confidence_threshold,0.6,number_abstained,3,3,True,5301.333333333333,944.5794478673212,2954.8679051418158,7647.79876152485
rotation,strong,temperature_scaled,,confidence_threshold,0.6,number_accepted,3,3,True,4698.666666666667,944.5794478673212,2352.2012384751497,7045.132094858184
rotation,strong,temperature_scaled,,confidence_threshold,0.6,selective_accuracy,3,3,True,0.4445697542451957,0.06412897103885969,0.28526455887181956,0.6038749496185718
rotation,strong,temperature_scaled,,confidence_threshold,0.6,selective_risk,3,3,True,0.5554302457548043,0.06412897103885971,0.3961250503814281,0.7147354411281804
rotation,strong,temperature_scaled,,confidence_threshold,0.7,abstention_rate,3,3,True,0.6478666666666667,0.07676003734583074,0.45718416314052485,0.8385491701928085
rotation,strong,temperature_scaled,,confidence_threshold,0.7,acceptance_rate,3,3,True,0.35213333333333335,0.07676003734583074,0.1614508298071915,0.5428158368594752
rotation,strong,temperature_scaled,,confidence_threshold,0.7,number_abstained,3,3,True,6478.666666666667,767.6003734583077,4571.841631405248,8385.491701928086
rotation,strong,temperature_scaled,,confidence_threshold,0.7,number_accepted,3,3,True,3521.3333333333335,767.6003734583077,1614.5082980719144,5428.158368594753
rotation,strong,temperature_scaled,,confidence_threshold,0.7,selective_accuracy,3,3,True,0.4915598176388188,0.07054549048129977,0.3163151043402981,0.6668045309373395
rotation,strong,temperature_scaled,,confidence_threshold,0.7,selective_risk,3,3,True,0.5084401823611812,0.07054549048129974,0.3331954690626605,0.6836848956597018
rotation,strong,temperature_scaled,,confidence_threshold,0.8,abstention_rate,3,3,True,0.7479999999999999,0.05682719419432921,0.6068334238489073,0.8891665761510925
rotation,strong,temperature_scaled,,confidence_threshold,0.8,acceptance_rate,3,3,True,0.252,0.05682719419432917,0.11083342384890751,0.3931665761510925
rotation,strong,temperature_scaled,,confidence_threshold,0.8,number_abstained,3,3,True,7480.0,568.2719419432918,6068.334238489075,8891.665761510925
rotation,strong,temperature_scaled,,confidence_threshold,0.8,number_accepted,3,3,True,2520.0,568.2719419432918,1108.3342384890748,3931.665761510925
rotation,strong,temperature_scaled,,confidence_threshold,0.8,selective_accuracy,3,3,True,0.543818364904308,0.06419964877535464,0.38433759630032366,0.7032991335082923
rotation,strong,temperature_scaled,,confidence_threshold,0.8,selective_risk,3,3,True,0.456181635095692,0.06419964877535464,0.2967008664917076,0.6156624036996763
rotation,strong,temperature_scaled,,confidence_threshold,0.9,abstention_rate,3,3,True,0.8378,0.03071465448283599,0.7615005684958058,0.9140994315041941
rotation,strong,temperature_scaled,,confidence_threshold,0.9,acceptance_rate,3,3,True,0.16219999999999998,0.030714654482836036,0.08590056849580566,0.2384994315041943
rotation,strong,temperature_scaled,,confidence_threshold,0.9,number_abstained,3,3,True,8378.0,307.1465448283604,7615.005684958057,9140.994315041944
rotation,strong,temperature_scaled,,confidence_threshold,0.9,number_accepted,3,3,True,1622.0,307.1465448283604,859.0056849580566,2384.9943150419435
rotation,strong,temperature_scaled,,confidence_threshold,0.9,selective_accuracy,3,3,True,0.621192790747184,0.06758554362254852,0.4533009930652642,0.7890845884291038
rotation,strong,temperature_scaled,,confidence_threshold,0.9,selective_risk,3,3,True,0.3788072092528159,0.06758554362254852,0.2109154115708961,0.5466990069347357
rotation,strong,temperature_scaled,,confidence_threshold,0.95,abstention_rate,3,3,True,0.8860333333333333,0.012331396244275546,0.8554004468843921,0.9166662197822746
rotation,strong,temperature_scaled,,confidence_threshold,0.95,acceptance_rate,3,3,True,0.11396666666666666,0.012331396244275561,0.08333378021772536,0.14459955311560796
rotation,strong,temperature_scaled,,confidence_threshold,0.95,number_abstained,3,3,True,8860.333333333334,123.31396244275558,8554.004468843921,9166.662197822747
rotation,strong,temperature_scaled,,confidence_threshold,0.95,number_accepted,3,3,True,1139.6666666666667,123.31396244275557,833.3378021772538,1445.9955311560798
rotation,strong,temperature_scaled,,confidence_threshold,0.95,selective_accuracy,3,3,True,0.7031216438957983,0.04697781423059824,0.586422283949968,0.8198210038416287
rotation,strong,temperature_scaled,,confidence_threshold,0.95,selective_risk,3,3,True,0.29687835610420166,0.04697781423059824,0.18017899615837124,0.4135777160500321
rotation,strong,temperature_scaled,,,,accuracy_confidence_gap,3,3,True,-0.2887340147902568,0.0674926173807016,-0.4563949708903934,-0.12107305869012017
rotation,strong,temperature_scaled,,,,brier_score,3,3,True,0.9057215952198767,0.07475688053026874,0.7200152090818221,1.0914279813579313
rotation,strong,temperature_scaled,,,,expected_calibration_error,3,3,True,0.28913299711644647,0.06717009164888148,0.12227323934973408,0.4559927548831588
rotation,strong,temperature_scaled,,,,maximum_calibration_error,3,3,True,0.44878473186060047,0.050521111437279394,0.32328333369971385,0.5742861300214871
rotation,strong,temperature_scaled,,,,mean_confidence,3,3,True,0.6157340147902568,0.04923287407345191,0.4934327756465398,0.7380352539339737
rotation,strong,temperature_scaled,,,,negative_log_likelihood,3,3,True,2.3353030191848343,0.4057821060271485,1.3272843868493238,3.3433216515203448
