seed,shift_name,severity_name,scenario_parameters,method_name,alpha,abstention_policy,abstention_threshold,class,metric_name,metric_value
17,brightness_contrast,increased_contrast,"{""brightness"":1.0,""contrast"":1.5}",class_conditional_conformal,0.05,,,Ankle boot,average_set_size,0.971
17,brightness_contrast,increased_contrast,"{""brightness"":1.0,""contrast"":1.5}",class_conditional_conformal,0.05,,,Ankle boot,coverage,0.951
17,brightness_contrast,increased_contrast,"{""brightness"":1.0,""contrast"":1.5}",class_conditional_conformal,0.05,,,Bag,average_set_size,0.989
17,brightness_contrast,increased_contrast,"{""brightness"":1.0,""contrast"":1.5}",class_conditional_conformal,0.05,,,Bag,coverage,0.957
17,brightness_contrast,increased_contrast,"{""brightness"":1.0,""contrast"":1.5}",class_conditional_conformal,0.05,,,Coat,average_set_size,1.409
17,brightness_contrast,increased_contrast,"{""brightness"":1.0,""contrast"":1.5}",class_conditional_conformal,0.05,,,Coat,coverage,0.966
17,brightness_contrast,increased_contrast,"{""brightness"":1.0,""contrast"":1.5}",class_conditional_conformal,0.05,,,Dress,average_set_size,1.159
17,brightness_contrast,increased_contrast,"{""brightness"":1.0,""contrast"":1.5}",class_conditional_conformal,0.05,,,Dress,coverage,0.939
17,brightness_contrast,increased_contrast,"{""brightness"":1.0,""contrast"":1.5}",class_conditional_conformal,0.05,,,Pullover,average_set_size,1.423
17,brightness_contrast,increased_contrast,"{""brightness"":1.0,""contrast"":1.5}",class_conditional_conformal,0.05,,,Pullover,coverage,0.923
17,brightness_contrast,increased_contrast,"{""brightness"":1.0,""contrast"":1.5}",class_conditional_conformal,0.05,,,Sandal,average_set_size,0.971
17,brightness_contrast,increased_contrast,"{""brightness"":1.0,""contrast"":1.5}",class_conditional_conformal,0.05,,,Sandal,coverage,0.959
17,brightness_contrast,increased_contrast,"{""brightness"":1.0,""contrast"":1.5}",class_conditional_conformal,0.05,,,Shirt,average_set_size,1.437
17,brightness_contrast,increased_contrast,"{""brightness"":1.0,""contrast"":1.5}",class_conditional_conformal,0.05,,,Shirt,coverage,0.924
17,brightness_contrast,increased_contrast,"{""brightness"":1.0,""contrast"":1.5}",class_conditional_conformal,0.05,,,Sneaker,average_set_size,0.962
17,brightness_contrast,increased_contrast,"{""brightness"":1.0,""contrast"":1.5}",class_conditional_conformal,0.05,,,Sneaker,coverage,0.946
17,brightness_contrast,increased_contrast,"{""brightness"":1.0,""contrast"":1.5}",class_conditional_conformal,0.05,,,T-shirt/top,average_set_size,1.311
17,brightness_contrast,increased_contrast,"{""brightness"":1.0,""contrast"":1.5}",class_conditional_conformal,0.05,,,T-shirt/top,coverage,0.932
17,brightness_contrast,increased_contrast,"{""brightness"":1.0,""contrast"":1.5}",class_conditional_conformal,0.05,,,Trouser,average_set_size,0.99
17,brightness_contrast,increased_contrast,"{""brightness"":1.0,""contrast"":1.5}",class_conditional_conformal,0.05,,,Trouser,coverage,0.957
17,brightness_contrast,increased_contrast,"{""brightness"":1.0,""contrast"":1.5}",class_conditional_conformal,0.1,,,Ankle boot,average_set_size,0.904
17,brightness_contrast,increased_contrast,"{""brightness"":1.0,""contrast"":1.5}",class_conditional_conformal,0.1,,,Ankle boot,coverage,0.893
17,brightness_contrast,increased_contrast,"{""brightness"":1.0,""contrast"":1.5}",class_conditional_conformal,0.1,,,Bag,average_set_size,0.935
17,brightness_contrast,increased_contrast,"{""brightness"":1.0,""contrast"":1.5}",class_conditional_conformal,0.1,,,Bag,coverage,0.918
17,brightness_contrast,increased_contrast,"{""brightness"":1.0,""contrast"":1.5}",class_conditional_conformal,0.1,,,Coat,average_set_size,1.142
17,brightness_contrast,increased_contrast,"{""brightness"":1.0,""contrast"":1.5}",class_conditional_conformal,0.1,,,Coat,coverage,0.914
17,brightness_contrast,increased_contrast,"{""brightness"":1.0,""contrast"":1.5}",class_conditional_conformal,0.1,,,Dress,average_set_size,0.997
17,brightness_contrast,increased_contrast,"{""brightness"":1.0,""contrast"":1.5}",class_conditional_conformal,0.1,,,Dress,coverage,0.876
17,brightness_contrast,increased_contrast,"{""brightness"":1.0,""contrast"":1.5}",class_conditional_conformal,0.1,,,Pullover,average_set_size,1.155
17,brightness_contrast,increased_contrast,"{""brightness"":1.0,""contrast"":1.5}",class_conditional_conformal,0.1,,,Pullover,coverage,0.861
17,brightness_contrast,increased_contrast,"{""brightness"":1.0,""contrast"":1.5}",class_conditional_conformal,0.1,,,Sandal,average_set_size,0.923
17,brightness_contrast,increased_contrast,"{""brightness"":1.0,""contrast"":1.5}",class_conditional_conformal,0.1,,,Sandal,coverage,0.916
17,brightness_contrast,increased_contrast,"{""brightness"":1.0,""contrast"":1.5}",class_conditional_conformal,0.1,,,Shirt,average_set_size,1.169
17,brightness_contrast,increased_contrast,"{""brightness"":1.0,""contrast"":1.5}",class_conditional_conformal,0.1,,,Shirt,coverage,0.872
17,brightness_contrast,increased_contrast,"{""brightness"":1.0,""contrast"":1.5}",class_conditional_conformal,0.1,,,Sneaker,average_set_size,0.903
17,brightness_contrast,increased_contrast,"{""brightness"":1.0,""contrast"":1.5}",class_conditional_conformal,0.1,,,Sneaker,coverage,0.899
17,brightness_contrast,increased_contrast,"{""brightness"":1.0,""contrast"":1.5}",class_conditional_conformal,0.1,,,T-shirt/top,average_set_size,1.088
17,brightness_contrast,increased_contrast,"{""brightness"":1.0,""contrast"":1.5}",class_conditional_conformal,0.1,,,T-shirt/top,coverage,0.881
17,brightness_contrast,increased_contrast,"{""brightness"":1.0,""contrast"":1.5}",class_conditional_conformal,0.1,,,Trouser,average_set_size,0.94
17,brightness_contrast,increased_contrast,"{""brightness"":1.0,""contrast"":1.5}",class_conditional_conformal,0.1,,,Trouser,coverage,0.929
17,brightness_contrast,increased_contrast,"{""brightness"":1.0,""contrast"":1.5}",class_conditional_conformal,0.2,,,Ankle boot,average_set_size,0.798
17,brightness_contrast,increased_contrast,"{""brightness"":1.0,""contrast"":1.5}",class_conditional_conformal,0.2,,,Ankle boot,coverage,0.796
17,brightness_contrast,increased_contrast,"{""brightness"":1.0,""contrast"":1.5}",class_conditional_conformal,0.2,,,Bag,average_set_size,0.865
17,brightness_contrast,increased_contrast,"{""brightness"":1.0,""contrast"":1.5}",class_conditional_conformal,0.2,,,Bag,coverage,0.857
17,brightness_contrast,increased_contrast,"{""brightness"":1.0,""contrast"":1.5}",class_conditional_conformal,0.2,,,Coat,average_set_size,0.918
17,brightness_contrast,increased_contrast,"{""brightness"":1.0,""contrast"":1.5}",class_conditional_conformal,0.2,,,Coat,coverage,0.811
17,brightness_contrast,increased_contrast,"{""brightness"":1.0,""contrast"":1.5}",class_conditional_conformal,0.2,,,Dress,average_set_size,0.835
17,brightness_contrast,increased_contrast,"{""brightness"":1.0,""contrast"":1.5}",class_conditional_conformal,0.2,,,Dress,coverage,0.775
17,brightness_contrast,increased_contrast,"{""brightness"":1.0,""contrast"":1.5}",class_conditional_conformal,0.2,,,Pullover,average_set_size,0.908
17,brightness_contrast,increased_contrast,"{""brightness"":1.0,""contrast"":1.5}",class_conditional_conformal,0.2,,,Pullover,coverage,0.761
17,brightness_contrast,increased_contrast,"{""brightness"":1.0,""contrast"":1.5}",class_conditional_conformal,0.2,,,Sandal,average_set_size,0.849
17,brightness_contrast,increased_contrast,"{""brightness"":1.0,""contrast"":1.5}",class_conditional_conformal,0.2,,,Sandal,coverage,0.846
17,brightness_contrast,increased_contrast,"{""brightness"":1.0,""contrast"":1.5}",class_conditional_conformal,0.2,,,Shirt,average_set_size,0.914
17,brightness_contrast,increased_contrast,"{""brightness"":1.0,""contrast"":1.5}",class_conditional_conformal,0.2,,,Shirt,coverage,0.776
17,brightness_contrast,increased_contrast,"{""brightness"":1.0,""contrast"":1.5}",class_conditional_conformal,0.2,,,Sneaker,average_set_size,0.807
17,brightness_contrast,increased_contrast,"{""brightness"":1.0,""contrast"":1.5}",class_conditional_conformal,0.2,,,Sneaker,coverage,0.806
17,brightness_contrast,increased_contrast,"{""brightness"":1.0,""contrast"":1.5}",class_conditional_conformal,0.2,,,T-shirt/top,average_set_size,0.909
17,brightness_contrast,increased_contrast,"{""brightness"":1.0,""contrast"":1.5}",class_conditional_conformal,0.2,,,T-shirt/top,coverage,0.796
17,brightness_contrast,increased_contrast,"{""brightness"":1.0,""contrast"":1.5}",class_conditional_conformal,0.2,,,Trouser,average_set_size,0.883
17,brightness_contrast,increased_contrast,"{""brightness"":1.0,""contrast"":1.5}",class_conditional_conformal,0.2,,,Trouser,coverage,0.874
17,brightness_contrast,increased_contrast,"{""brightness"":1.0,""contrast"":1.5}",raw_softmax,,,,Ankle boot,f1,0.9682854311199207
17,brightness_contrast,increased_contrast,"{""brightness"":1.0,""contrast"":1.5}",raw_softmax,,,,Ankle boot,precision,0.9597249508840865
17,brightness_contrast,increased_contrast,"{""brightness"":1.0,""contrast"":1.5}",raw_softmax,,,,Ankle boot,recall,0.977
17,brightness_contrast,increased_contrast,"{""brightness"":1.0,""contrast"":1.5}",raw_softmax,,,,Bag,f1,0.9829659318637275
17,brightness_contrast,increased_contrast,"{""brightness"":1.0,""contrast"":1.5}",raw_softmax,,,,Bag,precision,0.9849397590361446
17,brightness_contrast,increased_contrast,"{""brightness"":1.0,""contrast"":1.5}",raw_softmax,,,,Bag,recall,0.981
17,brightness_contrast,increased_contrast,"{""brightness"":1.0,""contrast"":1.5}",raw_softmax,,,,Coat,f1,0.8439024390243902
17,brightness_contrast,increased_contrast,"{""brightness"":1.0,""contrast"":1.5}",raw_softmax,,,,Coat,precision,0.8238095238095238
17,brightness_contrast,increased_contrast,"{""brightness"":1.0,""contrast"":1.5}",raw_softmax,,,,Coat,recall,0.865
17,brightness_contrast,increased_contrast,"{""brightness"":1.0,""contrast"":1.5}",raw_softmax,,,,Dress,f1,0.907537688442211
17,brightness_contrast,increased_contrast,"{""brightness"":1.0,""contrast"":1.5}",raw_softmax,,,,Dress,precision,0.9121212121212121
17,brightness_contrast,increased_contrast,"{""brightness"":1.0,""contrast"":1.5}",raw_softmax,,,,Dress,recall,0.903
17,brightness_contrast,increased_contrast,"{""brightness"":1.0,""contrast"":1.5}",raw_softmax,,,,Pullover,f1,0.8505747126436781
17,brightness_contrast,increased_contrast,"{""brightness"":1.0,""contrast"":1.5}",raw_softmax,,,,Pullover,precision,0.8905908096280087
17,brightness_contrast,increased_contrast,"{""brightness"":1.0,""contrast"":1.5}",raw_softmax,,,,Pullover,recall,0.814
17,brightness_contrast,increased_contrast,"{""brightness"":1.0,""contrast"":1.5}",raw_softmax,,,,Sandal,f1,0.9825087456271864
17,brightness_contrast,increased_contrast,"{""brightness"":1.0,""contrast"":1.5}",raw_softmax,,,,Sandal,precision,0.9820179820179821
17,brightness_contrast,increased_contrast,"{""brightness"":1.0,""contrast"":1.5}",raw_softmax,,,,Sandal,recall,0.983
17,brightness_contrast,increased_contrast,"{""brightness"":1.0,""contrast"":1.5}",raw_softmax,,,,Shirt,f1,0.7401101652478718
17,brightness_contrast,increased_contrast,"{""brightness"":1.0,""contrast"":1.5}",raw_softmax,,,,Shirt,precision,0.7412236710130391
17,brightness_contrast,increased_contrast,"{""brightness"":1.0,""contrast"":1.5}",raw_softmax,,,,Shirt,recall,0.739
17,brightness_contrast,increased_contrast,"{""brightness"":1.0,""contrast"":1.5}",raw_softmax,,,,Sneaker,f1,0.9616935483870968
17,brightness_contrast,increased_contrast,"{""brightness"":1.0,""contrast"":1.5}",raw_softmax,,,,Sneaker,precision,0.9695121951219512
17,brightness_contrast,increased_contrast,"{""brightness"":1.0,""contrast"":1.5}",raw_softmax,,,,Sneaker,recall,0.954
17,brightness_contrast,increased_contrast,"{""brightness"":1.0,""contrast"":1.5}",raw_softmax,,,,T-shirt/top,f1,0.8610433934666016
17,brightness_contrast,increased_contrast,"{""brightness"":1.0,""contrast"":1.5}",raw_softmax,,,,T-shirt/top,precision,0.840152235965747
17,brightness_contrast,increased_contrast,"{""brightness"":1.0,""contrast"":1.5}",raw_softmax,,,,T-shirt/top,recall,0.883
17,brightness_contrast,increased_contrast,"{""brightness"":1.0,""contrast"":1.5}",raw_softmax,,,,Trouser,f1,0.9854927463731866
17,brightness_contrast,increased_contrast,"{""brightness"":1.0,""contrast"":1.5}",raw_softmax,,,,Trouser,precision,0.985985985985986
17,brightness_contrast,increased_contrast,"{""brightness"":1.0,""contrast"":1.5}",raw_softmax,,,,Trouser,recall,0.985
17,brightness_contrast,increased_contrast,"{""brightness"":1.0,""contrast"":1.5}",standard_conformal,0.05,,,Ankle boot,average_set_size,1.032
17,brightness_contrast,increased_contrast,"{""brightness"":1.0,""contrast"":1.5}",standard_conformal,0.05,,,Ankle boot,coverage,0.985
17,brightness_contrast,increased_contrast,"{""brightness"":1.0,""contrast"":1.5}",standard_conformal,0.05,,,Bag,average_set_size,1.009
17,brightness_contrast,increased_contrast,"{""brightness"":1.0,""contrast"":1.5}",standard_conformal,0.05,,,Bag,coverage,0.985
17,brightness_contrast,increased_contrast,"{""brightness"":1.0,""contrast"":1.5}",standard_conformal,0.05,,,Coat,average_set_size,1.153
17,brightness_contrast,increased_contrast,"{""brightness"":1.0,""contrast"":1.5}",standard_conformal,0.05,,,Coat,coverage,0.929
17,brightness_contrast,increased_contrast,"{""brightness"":1.0,""contrast"":1.5}",standard_conformal,0.05,,,Dress,average_set_size,1.077
17,brightness_contrast,increased_contrast,"{""brightness"":1.0,""contrast"":1.5}",standard_conformal,0.05,,,Dress,coverage,0.939
17,brightness_contrast,increased_contrast,"{""brightness"":1.0,""contrast"":1.5}",standard_conformal,0.05,,,Pullover,average_set_size,1.167
17,brightness_contrast,increased_contrast,"{""brightness"":1.0,""contrast"":1.5}",standard_conformal,0.05,,,Pullover,coverage,0.871
17,brightness_contrast,increased_contrast,"{""brightness"":1.0,""contrast"":1.5}",standard_conformal,0.05,,,Sandal,average_set_size,1.016
17,brightness_contrast,increased_contrast,"{""brightness"":1.0,""contrast"":1.5}",standard_conformal,0.05,,,Sandal,coverage,0.991
17,brightness_contrast,increased_contrast,"{""brightness"":1.0,""contrast"":1.5}",standard_conformal,0.05,,,Shirt,average_set_size,1.251
17,brightness_contrast,increased_contrast,"{""brightness"":1.0,""contrast"":1.5}",standard_conformal,0.05,,,Shirt,coverage,0.835
17,brightness_contrast,increased_contrast,"{""brightness"":1.0,""contrast"":1.5}",standard_conformal,0.05,,,Sneaker,average_set_size,1.07
17,brightness_contrast,increased_contrast,"{""brightness"":1.0,""contrast"":1.5}",standard_conformal,0.05,,,Sneaker,coverage,0.976
17,brightness_contrast,increased_contrast,"{""brightness"":1.0,""contrast"":1.5}",standard_conformal,0.05,,,T-shirt/top,average_set_size,1.133
17,brightness_contrast,increased_contrast,"{""brightness"":1.0,""contrast"":1.5}",standard_conformal,0.05,,,T-shirt/top,coverage,0.932
17,brightness_contrast,increased_contrast,"{""brightness"":1.0,""contrast"":1.5}",standard_conformal,0.05,,,Trouser,average_set_size,1.007
17,brightness_contrast,increased_contrast,"{""brightness"":1.0,""contrast"":1.5}",standard_conformal,0.05,,,Trouser,coverage,0.985
17,brightness_contrast,increased_contrast,"{""brightness"":1.0,""contrast"":1.5}",standard_conformal,0.1,,,Ankle boot,average_set_size,0.998
17,brightness_contrast,increased_contrast,"{""brightness"":1.0,""contrast"":1.5}",standard_conformal,0.1,,,Ankle boot,coverage,0.976
17,brightness_contrast,increased_contrast,"{""brightness"":1.0,""contrast"":1.5}",standard_conformal,0.1,,,Bag,average_set_size,0.99
17,brightness_contrast,increased_contrast,"{""brightness"":1.0,""contrast"":1.5}",standard_conformal,0.1,,,Bag,coverage,0.98
17,brightness_contrast,increased_contrast,"{""brightness"":1.0,""contrast"":1.5}",standard_conformal,0.1,,,Coat,average_set_size,0.945
17,brightness_contrast,increased_contrast,"{""brightness"":1.0,""contrast"":1.5}",standard_conformal,0.1,,,Coat,coverage,0.842
17,brightness_contrast,increased_contrast,"{""brightness"":1.0,""contrast"":1.5}",standard_conformal,0.1,,,Dress,average_set_size,0.943
17,brightness_contrast,increased_contrast,"{""brightness"":1.0,""contrast"":1.5}",standard_conformal,0.1,,,Dress,coverage,0.879
17,brightness_contrast,increased_contrast,"{""brightness"":1.0,""contrast"":1.5}",standard_conformal,0.1,,,Pullover,average_set_size,0.923
17,brightness_contrast,increased_contrast,"{""brightness"":1.0,""contrast"":1.5}",standard_conformal,0.1,,,Pullover,coverage,0.78
17,brightness_contrast,increased_contrast,"{""brightness"":1.0,""contrast"":1.5}",standard_conformal,0.1,,,Sandal,average_set_size,0.997
17,brightness_contrast,increased_contrast,"{""brightness"":1.0,""contrast"":1.5}",standard_conformal,0.1,,,Sandal,coverage,0.98
17,brightness_contrast,increased_contrast,"{""brightness"":1.0,""contrast"":1.5}",standard_conformal,0.1,,,Shirt,average_set_size,0.899
17,brightness_contrast,increased_contrast,"{""brightness"":1.0,""contrast"":1.5}",standard_conformal,0.1,,,Shirt,coverage,0.686
17,brightness_contrast,increased_contrast,"{""brightness"":1.0,""contrast"":1.5}",standard_conformal,0.1,,,Sneaker,average_set_size,0.99
17,brightness_contrast,increased_contrast,"{""brightness"":1.0,""contrast"":1.5}",standard_conformal,0.1,,,Sneaker,coverage,0.947
17,brightness_contrast,increased_contrast,"{""brightness"":1.0,""contrast"":1.5}",standard_conformal,0.1,,,T-shirt/top,average_set_size,0.95
17,brightness_contrast,increased_contrast,"{""brightness"":1.0,""contrast"":1.5}",standard_conformal,0.1,,,T-shirt/top,coverage,0.865
17,brightness_contrast,increased_contrast,"{""brightness"":1.0,""contrast"":1.5}",standard_conformal,0.1,,,Trouser,average_set_size,0.992
17,brightness_contrast,increased_contrast,"{""brightness"":1.0,""contrast"":1.5}",standard_conformal,0.1,,,Trouser,coverage,0.983
17,brightness_contrast,increased_contrast,"{""brightness"":1.0,""contrast"":1.5}",standard_conformal,0.2,,,Ankle boot,average_set_size,0.952
17,brightness_contrast,increased_contrast,"{""brightness"":1.0,""contrast"":1.5}",standard_conformal,0.2,,,Ankle boot,coverage,0.944
17,brightness_contrast,increased_contrast,"{""brightness"":1.0,""contrast"":1.5}",standard_conformal,0.2,,,Bag,average_set_size,0.973
17,brightness_contrast,increased_contrast,"{""brightness"":1.0,""contrast"":1.5}",standard_conformal,0.2,,,Bag,coverage,0.971
17,brightness_contrast,increased_contrast,"{""brightness"":1.0,""contrast"":1.5}",standard_conformal,0.2,,,Coat,average_set_size,0.664
17,brightness_contrast,increased_contrast,"{""brightness"":1.0,""contrast"":1.5}",standard_conformal,0.2,,,Coat,coverage,0.637
17,brightness_contrast,increased_contrast,"{""brightness"":1.0,""contrast"":1.5}",standard_conformal,0.2,,,Dress,average_set_size,0.807
17,brightness_contrast,increased_contrast,"{""brightness"":1.0,""contrast"":1.5}",standard_conformal,0.2,,,Dress,coverage,0.792
17,brightness_contrast,increased_contrast,"{""brightness"":1.0,""contrast"":1.5}",standard_conformal,0.2,,,Pullover,average_set_size,0.672
17,brightness_contrast,increased_contrast,"{""brightness"":1.0,""contrast"":1.5}",standard_conformal,0.2,,,Pullover,coverage,0.627
17,brightness_contrast,increased_contrast,"{""brightness"":1.0,""contrast"":1.5}",standard_conformal,0.2,,,Sandal,average_set_size,0.971
17,brightness_contrast,increased_contrast,"{""brightness"":1.0,""contrast"":1.5}",standard_conformal,0.2,,,Sandal,coverage,0.965
17,brightness_contrast,increased_contrast,"{""brightness"":1.0,""contrast"":1.5}",standard_conformal,0.2,,,Shirt,average_set_size,0.527
17,brightness_contrast,increased_contrast,"{""brightness"":1.0,""contrast"":1.5}",standard_conformal,0.2,,,Shirt,coverage,0.461
17,brightness_contrast,increased_contrast,"{""brightness"":1.0,""contrast"":1.5}",standard_conformal,0.2,,,Sneaker,average_set_size,0.88
17,brightness_contrast,increased_contrast,"{""brightness"":1.0,""contrast"":1.5}",standard_conformal,0.2,,,Sneaker,coverage,0.867
17,brightness_contrast,increased_contrast,"{""brightness"":1.0,""contrast"":1.5}",standard_conformal,0.2,,,T-shirt/top,average_set_size,0.717
17,brightness_contrast,increased_contrast,"{""brightness"":1.0,""contrast"":1.5}",standard_conformal,0.2,,,T-shirt/top,coverage,0.696
17,brightness_contrast,increased_contrast,"{""brightness"":1.0,""contrast"":1.5}",standard_conformal,0.2,,,Trouser,average_set_size,0.976
17,brightness_contrast,increased_contrast,"{""brightness"":1.0,""contrast"":1.5}",standard_conformal,0.2,,,Trouser,coverage,0.971
17,brightness_contrast,mild_brightness,"{""brightness"":0.8,""contrast"":1.0}",class_conditional_conformal,0.05,,,Ankle boot,average_set_size,0.972
17,brightness_contrast,mild_brightness,"{""brightness"":0.8,""contrast"":1.0}",class_conditional_conformal,0.05,,,Ankle boot,coverage,0.949
17,brightness_contrast,mild_brightness,"{""brightness"":0.8,""contrast"":1.0}",class_conditional_conformal,0.05,,,Bag,average_set_size,0.987
17,brightness_contrast,mild_brightness,"{""brightness"":0.8,""contrast"":1.0}",class_conditional_conformal,0.05,,,Bag,coverage,0.941
17,brightness_contrast,mild_brightness,"{""brightness"":0.8,""contrast"":1.0}",class_conditional_conformal,0.05,,,Coat,average_set_size,1.609
17,brightness_contrast,mild_brightness,"{""brightness"":0.8,""contrast"":1.0}",class_conditional_conformal,0.05,,,Coat,coverage,0.95
17,brightness_contrast,mild_brightness,"{""brightness"":0.8,""contrast"":1.0}",class_conditional_conformal,0.05,,,Dress,average_set_size,1.191
17,brightness_contrast,mild_brightness,"{""brightness"":0.8,""contrast"":1.0}",class_conditional_conformal,0.05,,,Dress,coverage,0.947
17,brightness_contrast,mild_brightness,"{""brightness"":0.8,""contrast"":1.0}",class_conditional_conformal,0.05,,,Pullover,average_set_size,1.377
17,brightness_contrast,mild_brightness,"{""brightness"":0.8,""contrast"":1.0}",class_conditional_conformal,0.05,,,Pullover,coverage,0.962
17,brightness_contrast,mild_brightness,"{""brightness"":0.8,""contrast"":1.0}",class_conditional_conformal,0.05,,,Sandal,average_set_size,0.958
17,brightness_contrast,mild_brightness,"{""brightness"":0.8,""contrast"":1.0}",class_conditional_conformal,0.05,,,Sandal,coverage,0.94
17,brightness_contrast,mild_brightness,"{""brightness"":0.8,""contrast"":1.0}",class_conditional_conformal,0.05,,,Shirt,average_set_size,1.485
17,brightness_contrast,mild_brightness,"{""brightness"":0.8,""contrast"":1.0}",class_conditional_conformal,0.05,,,Shirt,coverage,0.927
17,brightness_contrast,mild_brightness,"{""brightness"":0.8,""contrast"":1.0}",class_conditional_conformal,0.05,,,Sneaker,average_set_size,0.968
17,brightness_contrast,mild_brightness,"{""brightness"":0.8,""contrast"":1.0}",class_conditional_conformal,0.05,,,Sneaker,coverage,0.954
17,brightness_contrast,mild_brightness,"{""brightness"":0.8,""contrast"":1.0}",class_conditional_conformal,0.05,,,T-shirt/top,average_set_size,1.331
17,brightness_contrast,mild_brightness,"{""brightness"":0.8,""contrast"":1.0}",class_conditional_conformal,0.05,,,T-shirt/top,coverage,0.947
17,brightness_contrast,mild_brightness,"{""brightness"":0.8,""contrast"":1.0}",class_conditional_conformal,0.05,,,Trouser,average_set_size,0.978
17,brightness_contrast,mild_brightness,"{""brightness"":0.8,""contrast"":1.0}",class_conditional_conformal,0.05,,,Trouser,coverage,0.94
17,brightness_contrast,mild_brightness,"{""brightness"":0.8,""contrast"":1.0}",class_conditional_conformal,0.1,,,Ankle boot,average_set_size,0.908
17,brightness_contrast,mild_brightness,"{""brightness"":0.8,""contrast"":1.0}",class_conditional_conformal,0.1,,,Ankle boot,coverage,0.898
17,brightness_contrast,mild_brightness,"{""brightness"":0.8,""contrast"":1.0}",class_conditional_conformal,0.1,,,Bag,average_set_size,0.877
17,brightness_contrast,mild_brightness,"{""brightness"":0.8,""contrast"":1.0}",class_conditional_conformal,0.1,,,Bag,coverage,0.86
17,brightness_contrast,mild_brightness,"{""brightness"":0.8,""contrast"":1.0}",class_conditional_conformal,0.1,,,Coat,average_set_size,1.199
17,brightness_contrast,mild_brightness,"{""brightness"":0.8,""contrast"":1.0}",class_conditional_conformal,0.1,,,Coat,coverage,0.878
17,brightness_contrast,mild_brightness,"{""brightness"":0.8,""contrast"":1.0}",class_conditional_conformal,0.1,,,Dress,average_set_size,0.979
17,brightness_contrast,mild_brightness,"{""brightness"":0.8,""contrast"":1.0}",class_conditional_conformal,0.1,,,Dress,coverage,0.868
17,brightness_contrast,mild_brightness,"{""brightness"":0.8,""contrast"":1.0}",class_conditional_conformal,0.1,,,Pullover,average_set_size,1.125
17,brightness_contrast,mild_brightness,"{""brightness"":0.8,""contrast"":1.0}",class_conditional_conformal,0.1,,,Pullover,coverage,0.91
17,brightness_contrast,mild_brightness,"{""brightness"":0.8,""contrast"":1.0}",class_conditional_conformal,0.1,,,Sandal,average_set_size,0.885
17,brightness_contrast,mild_brightness,"{""brightness"":0.8,""contrast"":1.0}",class_conditional_conformal,0.1,,,Sandal,coverage,0.877
17,brightness_contrast,mild_brightness,"{""brightness"":0.8,""contrast"":1.0}",class_conditional_conformal,0.1,,,Shirt,average_set_size,1.169
17,brightness_contrast,mild_brightness,"{""brightness"":0.8,""contrast"":1.0}",class_conditional_conformal,0.1,,,Shirt,coverage,0.876
17,brightness_contrast,mild_brightness,"{""brightness"":0.8,""contrast"":1.0}",class_conditional_conformal,0.1,,,Sneaker,average_set_size,0.918
17,brightness_contrast,mild_brightness,"{""brightness"":0.8,""contrast"":1.0}",class_conditional_conformal,0.1,,,Sneaker,coverage,0.915
17,brightness_contrast,mild_brightness,"{""brightness"":0.8,""contrast"":1.0}",class_conditional_conformal,0.1,,,T-shirt/top,average_set_size,1.095
17,brightness_contrast,mild_brightness,"{""brightness"":0.8,""contrast"":1.0}",class_conditional_conformal,0.1,,,T-shirt/top,coverage,0.896
17,brightness_contrast,mild_brightness,"{""brightness"":0.8,""contrast"":1.0}",class_conditional_conformal,0.1,,,Trouser,average_set_size,0.859
17,brightness_contrast,mild_brightness,"{""brightness"":0.8,""contrast"":1.0}",class_conditional_conformal,0.1,,,Trouser,coverage,0.845
17,brightness_contrast,mild_brightness,"{""brightness"":0.8,""contrast"":1.0}",class_conditional_conformal,0.2,,,Ankle boot,average_set_size,0.766
17,brightness_contrast,mild_brightness,"{""brightness"":0.8,""contrast"":1.0}",class_conditional_conformal,0.2,,,Ankle boot,coverage,0.764
17,brightness_contrast,mild_brightness,"{""brightness"":0.8,""contrast"":1.0}",class_conditional_conformal,0.2,,,Bag,average_set_size,0.729
17,brightness_contrast,mild_brightness,"{""brightness"":0.8,""contrast"":1.0}",class_conditional_conformal,0.2,,,Bag,coverage,0.722
17,brightness_contrast,mild_brightness,"{""brightness"":0.8,""contrast"":1.0}",class_conditional_conformal,0.2,,,Coat,average_set_size,0.844
17,brightness_contrast,mild_brightness,"{""brightness"":0.8,""contrast"":1.0}",class_conditional_conformal,0.2,,,Coat,coverage,0.707
17,brightness_contrast,mild_brightness,"{""brightness"":0.8,""contrast"":1.0}",class_conditional_conformal,0.2,,,Dress,average_set_size,0.785
17,brightness_contrast,mild_brightness,"{""brightness"":0.8,""contrast"":1.0}",class_conditional_conformal,0.2,,,Dress,coverage,0.75
17,brightness_contrast,mild_brightness,"{""brightness"":0.8,""contrast"":1.0}",class_conditional_conformal,0.2,,,Pullover,average_set_size,0.919
17,brightness_contrast,mild_brightness,"{""brightness"":0.8,""contrast"":1.0}",class_conditional_conformal,0.2,,,Pullover,coverage,0.819
17,brightness_contrast,mild_brightness,"{""brightness"":0.8,""contrast"":1.0}",class_conditional_conformal,0.2,,,Sandal,average_set_size,0.725
17,brightness_contrast,mild_brightness,"{""brightness"":0.8,""contrast"":1.0}",class_conditional_conformal,0.2,,,Sandal,coverage,0.721
17,brightness_contrast,mild_brightness,"{""brightness"":0.8,""contrast"":1.0}",class_conditional_conformal,0.2,,,Shirt,average_set_size,0.888
17,brightness_contrast,mild_brightness,"{""brightness"":0.8,""contrast"":1.0}",class_conditional_conformal,0.2,,,Shirt,coverage,0.754
17,brightness_contrast,mild_brightness,"{""brightness"":0.8,""contrast"":1.0}",class_conditional_conformal,0.2,,,Sneaker,average_set_size,0.819
17,brightness_contrast,mild_brightness,"{""brightness"":0.8,""contrast"":1.0}",class_conditional_conformal,0.2,,,Sneaker,coverage,0.818
17,brightness_contrast,mild_brightness,"{""brightness"":0.8,""contrast"":1.0}",class_conditional_conformal,0.2,,,T-shirt/top,average_set_size,0.898
17,brightness_contrast,mild_brightness,"{""brightness"":0.8,""contrast"":1.0}",class_conditional_conformal,0.2,,,T-shirt/top,coverage,0.803
17,brightness_contrast,mild_brightness,"{""brightness"":0.8,""contrast"":1.0}",class_conditional_conformal,0.2,,,Trouser,average_set_size,0.612
17,brightness_contrast,mild_brightness,"{""brightness"":0.8,""contrast"":1.0}",class_conditional_conformal,0.2,,,Trouser,coverage,0.606
17,brightness_contrast,mild_brightness,"{""brightness"":0.8,""contrast"":1.0}",raw_softmax,,,,Ankle boot,f1,0.9686723023371457
17,brightness_contrast,mild_brightness,"{""brightness"":0.8,""contrast"":1.0}",raw_softmax,,,,Ankle boot,precision,0.963402571711177
17,brightness_contrast,mild_brightness,"{""brightness"":0.8,""contrast"":1.0}",raw_softmax,,,,Ankle boot,recall,0.974
17,brightness_contrast,mild_brightness,"{""brightness"":0.8,""contrast"":1.0}",raw_softmax,,,,Bag,f1,0.9829145728643216
17,brightness_contrast,mild_brightness,"{""brightness"":0.8,""contrast"":1.0}",raw_softmax,,,,Bag,precision,0.9878787878787879
17,brightness_contrast,mild_brightness,"{""brightness"":0.8,""contrast"":1.0}",raw_softmax,,,,Bag,recall,0.978
17,brightness_contrast,mild_brightness,"{""brightness"":0.8,""contrast"":1.0}",raw_softmax,,,,Coat,f1,0.8477922077922078
17,brightness_contrast,mild_brightness,"{""brightness"":0.8,""contrast"":1.0}",raw_softmax,,,,Coat,precision,0.8821621621621621
17,brightness_contrast,mild_brightness,"{""brightness"":0.8,""contrast"":1.0}",raw_softmax,,,,Coat,recall,0.816
17,brightness_contrast,mild_brightness,"{""brightness"":0.8,""contrast"":1.0}",raw_softmax,,,,Dress,f1,0.9162121963311849
17,brightness_contrast,mild_brightness,"{""brightness"":0.8,""contrast"":1.0}",raw_softmax,,,,Dress,precision,0.9085545722713865
17,brightness_contrast,mild_brightness,"{""brightness"":0.8,""contrast"":1.0}",raw_softmax,,,,Dress,recall,0.924
17,brightness_contrast,mild_brightness,"{""brightness"":0.8,""contrast"":1.0}",raw_softmax,,,,Pullover,f1,0.857847976307996
17,brightness_contrast,mild_brightness,"{""brightness"":0.8,""contrast"":1.0}",raw_softmax,,,,Pullover,precision,0.8469785575048733
17,brightness_contrast,mild_brightness,"{""brightness"":0.8,""contrast"":1.0}",raw_softmax,,,,Pullover,recall,0.869
17,brightness_contrast,mild_brightness,"{""brightness"":0.8,""contrast"":1.0}",raw_softmax,,,,Sandal,f1,0.9824561403508771
17,brightness_contrast,mild_brightness,"{""brightness"":0.8,""contrast"":1.0}",raw_softmax,,,,Sandal,precision,0.9849246231155779
17,brightness_contrast,mild_brightness,"{""brightness"":0.8,""contrast"":1.0}",raw_softmax,,,,Sandal,recall,0.98
17,brightness_contrast,mild_brightness,"{""brightness"":0.8,""contrast"":1.0}",raw_softmax,,,,Shirt,f1,0.7308085977482088
17,brightness_contrast,mild_brightness,"{""brightness"":0.8,""contrast"":1.0}",raw_softmax,,,,Shirt,precision,0.7484276729559748
17,brightness_contrast,mild_brightness,"{""brightness"":0.8,""contrast"":1.0}",raw_softmax,,,,Shirt,recall,0.714
17,brightness_contrast,mild_brightness,"{""brightness"":0.8,""contrast"":1.0}",raw_softmax,,,,Sneaker,f1,0.960960960960961
17,brightness_contrast,mild_brightness,"{""brightness"":0.8,""contrast"":1.0}",raw_softmax,,,,Sneaker,precision,0.9619238476953907
17,brightness_contrast,mild_brightness,"{""brightness"":0.8,""contrast"":1.0}",raw_softmax,,,,Sneaker,recall,0.96
17,brightness_contrast,mild_brightness,"{""brightness"":0.8,""contrast"":1.0}",raw_softmax,,,,T-shirt/top,f1,0.8653295128939829
17,brightness_contrast,mild_brightness,"{""brightness"":0.8,""contrast"":1.0}",raw_softmax,,,,T-shirt/top,precision,0.8281535648994516
17,brightness_contrast,mild_brightness,"{""brightness"":0.8,""contrast"":1.0}",raw_softmax,,,,T-shirt/top,recall,0.906
17,brightness_contrast,mild_brightness,"{""brightness"":0.8,""contrast"":1.0}",raw_softmax,,,,Trouser,f1,0.9879396984924623
17,brightness_contrast,mild_brightness,"{""brightness"":0.8,""contrast"":1.0}",raw_softmax,,,,Trouser,precision,0.9929292929292929
17,brightness_contrast,mild_brightness,"{""brightness"":0.8,""contrast"":1.0}",raw_softmax,,,,Trouser,recall,0.983
17,brightness_contrast,mild_brightness,"{""brightness"":0.8,""contrast"":1.0}",standard_conformal,0.05,,,Ankle boot,average_set_size,1.028
17,brightness_contrast,mild_brightness,"{""brightness"":0.8,""contrast"":1.0}",standard_conformal,0.05,,,Ankle boot,coverage,0.986
17,brightness_contrast,mild_brightness,"{""brightness"":0.8,""contrast"":1.0}",standard_conformal,0.05,,,Bag,average_set_size,1.015
17,brightness_contrast,mild_brightness,"{""brightness"":0.8,""contrast"":1.0}",standard_conformal,0.05,,,Bag,coverage,0.981
17,brightness_contrast,mild_brightness,"{""brightness"":0.8,""contrast"":1.0}",standard_conformal,0.05,,,Coat,average_set_size,1.225
17,brightness_contrast,mild_brightness,"{""brightness"":0.8,""contrast"":1.0}",standard_conformal,0.05,,,Coat,coverage,0.893
17,brightness_contrast,mild_brightness,"{""brightness"":0.8,""contrast"":1.0}",standard_conformal,0.05,,,Dress,average_set_size,1.081
17,brightness_contrast,mild_brightness,"{""brightness"":0.8,""contrast"":1.0}",standard_conformal,0.05,,,Dress,coverage,0.947
17,brightness_contrast,mild_brightness,"{""brightness"":0.8,""contrast"":1.0}",standard_conformal,0.05,,,Pullover,average_set_size,1.147
17,brightness_contrast,mild_brightness,"{""brightness"":0.8,""contrast"":1.0}",standard_conformal,0.05,,,Pullover,coverage,0.924
17,brightness_contrast,mild_brightness,"{""brightness"":0.8,""contrast"":1.0}",standard_conformal,0.05,,,Sandal,average_set_size,1.019
17,brightness_contrast,mild_brightness,"{""brightness"":0.8,""contrast"":1.0}",standard_conformal,0.05,,,Sandal,coverage,0.987
17,brightness_contrast,mild_brightness,"{""brightness"":0.8,""contrast"":1.0}",standard_conformal,0.05,,,Shirt,average_set_size,1.269
17,brightness_contrast,mild_brightness,"{""brightness"":0.8,""contrast"":1.0}",standard_conformal,0.05,,,Shirt,coverage,0.838
17,brightness_contrast,mild_brightness,"{""brightness"":0.8,""contrast"":1.0}",standard_conformal,0.05,,,Sneaker,average_set_size,1.057
17,brightness_contrast,mild_brightness,"{""brightness"":0.8,""contrast"":1.0}",standard_conformal,0.05,,,Sneaker,coverage,0.98
17,brightness_contrast,mild_brightness,"{""brightness"":0.8,""contrast"":1.0}",standard_conformal,0.05,,,T-shirt/top,average_set_size,1.122
17,brightness_contrast,mild_brightness,"{""brightness"":0.8,""contrast"":1.0}",standard_conformal,0.05,,,T-shirt/top,coverage,0.946
17,brightness_contrast,mild_brightness,"{""brightness"":0.8,""contrast"":1.0}",standard_conformal,0.05,,,Trouser,average_set_size,1.008
17,brightness_contrast,mild_brightness,"{""brightness"":0.8,""contrast"":1.0}",standard_conformal,0.05,,,Trouser,coverage,0.985
17,brightness_contrast,mild_brightness,"{""brightness"":0.8,""contrast"":1.0}",standard_conformal,0.1,,,Ankle boot,average_set_size,0.997
17,brightness_contrast,mild_brightness,"{""brightness"":0.8,""contrast"":1.0}",standard_conformal,0.1,,,Ankle boot,coverage,0.972
17,brightness_contrast,mild_brightness,"{""brightness"":0.8,""contrast"":1.0}",standard_conformal,0.1,,,Bag,average_set_size,0.982
17,brightness_contrast,mild_brightness,"{""brightness"":0.8,""contrast"":1.0}",standard_conformal,0.1,,,Bag,coverage,0.974
17,brightness_contrast,mild_brightness,"{""brightness"":0.8,""contrast"":1.0}",standard_conformal,0.1,,,Coat,average_set_size,0.887
17,brightness_contrast,mild_brightness,"{""brightness"":0.8,""contrast"":1.0}",standard_conformal,0.1,,,Coat,coverage,0.764
17,brightness_contrast,mild_brightness,"{""brightness"":0.8,""contrast"":1.0}",standard_conformal,0.1,,,Dress,average_set_size,0.92
17,brightness_contrast,mild_brightness,"{""brightness"":0.8,""contrast"":1.0}",standard_conformal,0.1,,,Dress,coverage,0.877
17,brightness_contrast,mild_brightness,"{""brightness"":0.8,""contrast"":1.0}",standard_conformal,0.1,,,Pullover,average_set_size,0.921
17,brightness_contrast,mild_brightness,"{""brightness"":0.8,""contrast"":1.0}",standard_conformal,0.1,,,Pullover,coverage,0.835
17,brightness_contrast,mild_brightness,"{""brightness"":0.8,""contrast"":1.0}",standard_conformal,0.1,,,Sandal,average_set_size,0.995
17,brightness_contrast,mild_brightness,"{""brightness"":0.8,""contrast"":1.0}",standard_conformal,0.1,,,Sandal,coverage,0.976
17,brightness_contrast,mild_brightness,"{""brightness"":0.8,""contrast"":1.0}",standard_conformal,0.1,,,Shirt,average_set_size,0.869
17,brightness_contrast,mild_brightness,"{""brightness"":0.8,""contrast"":1.0}",standard_conformal,0.1,,,Shirt,coverage,0.658
17,brightness_contrast,mild_brightness,"{""brightness"":0.8,""contrast"":1.0}",standard_conformal,0.1,,,Sneaker,average_set_size,0.994
17,brightness_contrast,mild_brightness,"{""brightness"":0.8,""contrast"":1.0}",standard_conformal,0.1,,,Sneaker,coverage,0.955
17,brightness_contrast,mild_brightness,"{""brightness"":0.8,""contrast"":1.0}",standard_conformal,0.1,,,T-shirt/top,average_set_size,0.932
17,brightness_contrast,mild_brightness,"{""brightness"":0.8,""contrast"":1.0}",standard_conformal,0.1,,,T-shirt/top,coverage,0.88
17,brightness_contrast,mild_brightness,"{""brightness"":0.8,""contrast"":1.0}",standard_conformal,0.1,,,Trouser,average_set_size,0.983
17,brightness_contrast,mild_brightness,"{""brightness"":0.8,""contrast"":1.0}",standard_conformal,0.1,,,Trouser,coverage,0.974
17,brightness_contrast,mild_brightness,"{""brightness"":0.8,""contrast"":1.0}",standard_conformal,0.2,,,Ankle boot,average_set_size,0.951
17,brightness_contrast,mild_brightness,"{""brightness"":0.8,""contrast"":1.0}",standard_conformal,0.2,,,Ankle boot,coverage,0.944
17,brightness_contrast,mild_brightness,"{""brightness"":0.8,""contrast"":1.0}",standard_conformal,0.2,,,Bag,average_set_size,0.962
17,brightness_contrast,mild_brightness,"{""brightness"":0.8,""contrast"":1.0}",standard_conformal,0.2,,,Bag,coverage,0.959
17,brightness_contrast,mild_brightness,"{""brightness"":0.8,""contrast"":1.0}",standard_conformal,0.2,,,Coat,average_set_size,0.492
17,brightness_contrast,mild_brightness,"{""brightness"":0.8,""contrast"":1.0}",standard_conformal,0.2,,,Coat,coverage,0.456
17,brightness_contrast,mild_brightness,"{""brightness"":0.8,""contrast"":1.0}",standard_conformal,0.2,,,Dress,average_set_size,0.775
17,brightness_contrast,mild_brightness,"{""brightness"":0.8,""contrast"":1.0}",standard_conformal,0.2,,,Dress,coverage,0.771
17,brightness_contrast,mild_brightness,"{""brightness"":0.8,""contrast"":1.0}",standard_conformal,0.2,,,Pullover,average_set_size,0.699
17,brightness_contrast,mild_brightness,"{""brightness"":0.8,""contrast"":1.0}",standard_conformal,0.2,,,Pullover,coverage,0.676
17,brightness_contrast,mild_brightness,"{""brightness"":0.8,""contrast"":1.0}",standard_conformal,0.2,,,Sandal,average_set_size,0.959
17,brightness_contrast,mild_brightness,"{""brightness"":0.8,""contrast"":1.0}",standard_conformal,0.2,,,Sandal,coverage,0.95
17,brightness_contrast,mild_brightness,"{""brightness"":0.8,""contrast"":1.0}",standard_conformal,0.2,,,Shirt,average_set_size,0.506
17,brightness_contrast,mild_brightness,"{""brightness"":0.8,""contrast"":1.0}",standard_conformal,0.2,,,Shirt,coverage,0.446
17,brightness_contrast,mild_brightness,"{""brightness"":0.8,""contrast"":1.0}",standard_conformal,0.2,,,Sneaker,average_set_size,0.899
17,brightness_contrast,mild_brightness,"{""brightness"":0.8,""contrast"":1.0}",standard_conformal,0.2,,,Sneaker,coverage,0.887
17,brightness_contrast,mild_brightness,"{""brightness"":0.8,""contrast"":1.0}",standard_conformal,0.2,,,T-shirt/top,average_set_size,0.714
17,brightness_contrast,mild_brightness,"{""brightness"":0.8,""contrast"":1.0}",standard_conformal,0.2,,,T-shirt/top,coverage,0.7
17,brightness_contrast,mild_brightness,"{""brightness"":0.8,""contrast"":1.0}",standard_conformal,0.2,,,Trouser,average_set_size,0.963
17,brightness_contrast,mild_brightness,"{""brightness"":0.8,""contrast"":1.0}",standard_conformal,0.2,,,Trouser,coverage,0.958
17,brightness_contrast,strong_brightness,"{""brightness"":0.6,""contrast"":1.0}",class_conditional_conformal,0.05,,,Ankle boot,average_set_size,0.975
17,brightness_contrast,strong_brightness,"{""brightness"":0.6,""contrast"":1.0}",class_conditional_conformal,0.05,,,Ankle boot,coverage,0.948
17,brightness_contrast,strong_brightness,"{""brightness"":0.6,""contrast"":1.0}",class_conditional_conformal,0.05,,,Bag,average_set_size,0.973
17,brightness_contrast,strong_brightness,"{""brightness"":0.6,""contrast"":1.0}",class_conditional_conformal,0.05,,,Bag,coverage,0.915
17,brightness_contrast,strong_brightness,"{""brightness"":0.6,""contrast"":1.0}",class_conditional_conformal,0.05,,,Coat,average_set_size,1.942
17,brightness_contrast,strong_brightness,"{""brightness"":0.6,""contrast"":1.0}",class_conditional_conformal,0.05,,,Coat,coverage,0.894
17,brightness_contrast,strong_brightness,"{""brightness"":0.6,""contrast"":1.0}",class_conditional_conformal,0.05,,,Dress,average_set_size,1.233
17,brightness_contrast,strong_brightness,"{""brightness"":0.6,""contrast"":1.0}",class_conditional_conformal,0.05,,,Dress,coverage,0.943
17,brightness_contrast,strong_brightness,"{""brightness"":0.6,""contrast"":1.0}",class_conditional_conformal,0.05,,,Pullover,average_set_size,1.353
17,brightness_contrast,strong_brightness,"{""brightness"":0.6,""contrast"":1.0}",class_conditional_conformal,0.05,,,Pullover,coverage,0.973
17,brightness_contrast,strong_brightness,"{""brightness"":0.6,""contrast"":1.0}",class_conditional_conformal,0.05,,,Sandal,average_set_size,0.939
17,brightness_contrast,strong_brightness,"{""brightness"":0.6,""contrast"":1.0}",class_conditional_conformal,0.05,,,Sandal,coverage,0.913
17,brightness_contrast,strong_brightness,"{""brightness"":0.6,""contrast"":1.0}",class_conditional_conformal,0.05,,,Shirt,average_set_size,1.515
17,brightness_contrast,strong_brightness,"{""brightness"":0.6,""contrast"":1.0}",class_conditional_conformal,0.05,,,Shirt,coverage,0.923
17,brightness_contrast,strong_brightness,"{""brightness"":0.6,""contrast"":1.0}",class_conditional_conformal,0.05,,,Sneaker,average_set_size,0.968
17,brightness_contrast,strong_brightness,"{""brightness"":0.6,""contrast"":1.0}",class_conditional_conformal,0.05,,,Sneaker,coverage,0.953
17,brightness_contrast,strong_brightness,"{""brightness"":0.6,""contrast"":1.0}",class_conditional_conformal,0.05,,,T-shirt/top,average_set_size,1.347
17,brightness_contrast,strong_brightness,"{""brightness"":0.6,""contrast"":1.0}",class_conditional_conformal,0.05,,,T-shirt/top,coverage,0.949
17,brightness_contrast,strong_brightness,"{""brightness"":0.6,""contrast"":1.0}",class_conditional_conformal,0.05,,,Trouser,average_set_size,0.968
17,brightness_contrast,strong_brightness,"{""brightness"":0.6,""contrast"":1.0}",class_conditional_conformal,0.05,,,Trouser,coverage,0.907
17,brightness_contrast,strong_brightness,"{""brightness"":0.6,""contrast"":1.0}",class_conditional_conformal,0.1,,,Ankle boot,average_set_size,0.898
17,brightness_contrast,strong_brightness,"{""brightness"":0.6,""contrast"":1.0}",class_conditional_conformal,0.1,,,Ankle boot,coverage,0.888
17,brightness_contrast,strong_brightness,"{""brightness"":0.6,""contrast"":1.0}",class_conditional_conformal,0.1,,,Bag,average_set_size,0.784
17,brightness_contrast,strong_brightness,"{""brightness"":0.6,""contrast"":1.0}",class_conditional_conformal,0.1,,,Bag,coverage,0.765
17,brightness_contrast,strong_brightness,"{""brightness"":0.6,""contrast"":1.0}",class_conditional_conformal,0.1,,,Coat,average_set_size,1.341
17,brightness_contrast,strong_brightness,"{""brightness"":0.6,""contrast"":1.0}",class_conditional_conformal,0.1,,,Coat,coverage,0.749
17,brightness_contrast,strong_brightness,"{""brightness"":0.6,""contrast"":1.0}",class_conditional_conformal,0.1,,,Dress,average_set_size,0.965
17,brightness_contrast,strong_brightness,"{""brightness"":0.6,""contrast"":1.0}",class_conditional_conformal,0.1,,,Dress,coverage,0.845
17,brightness_contrast,strong_brightness,"{""brightness"":0.6,""contrast"":1.0}",class_conditional_conformal,0.1,,,Pullover,average_set_size,1.1
17,brightness_contrast,strong_brightness,"{""brightness"":0.6,""contrast"":1.0}",class_conditional_conformal,0.1,,,Pullover,coverage,0.927
17,brightness_contrast,strong_brightness,"{""brightness"":0.6,""contrast"":1.0}",class_conditional_conformal,0.1,,,Sandal,average_set_size,0.82
17,brightness_contrast,strong_brightness,"{""brightness"":0.6,""contrast"":1.0}",class_conditional_conformal,0.1,,,Sandal,coverage,0.805
17,brightness_contrast,strong_brightness,"{""brightness"":0.6,""contrast"":1.0}",class_conditional_conformal,0.1,,,Shirt,average_set_size,1.164
17,brightness_contrast,strong_brightness,"{""brightness"":0.6,""contrast"":1.0}",class_conditional_conformal,0.1,,,Shirt,coverage,0.863
17,brightness_contrast,strong_brightness,"{""brightness"":0.6,""contrast"":1.0}",class_conditional_conformal,0.1,,,Sneaker,average_set_size,0.924
17,brightness_contrast,strong_brightness,"{""brightness"":0.6,""contrast"":1.0}",class_conditional_conformal,0.1,,,Sneaker,coverage,0.92
17,brightness_contrast,strong_brightness,"{""brightness"":0.6,""contrast"":1.0}",class_conditional_conformal,0.1,,,T-shirt/top,average_set_size,1.092
17,brightness_contrast,strong_brightness,"{""brightness"":0.6,""contrast"":1.0}",class_conditional_conformal,0.1,,,T-shirt/top,coverage,0.89
17,brightness_contrast,strong_brightness,"{""brightness"":0.6,""contrast"":1.0}",class_conditional_conformal,0.1,,,Trouser,average_set_size,0.699
17,brightness_contrast,strong_brightness,"{""brightness"":0.6,""contrast"":1.0}",class_conditional_conformal,0.1,,,Trouser,coverage,0.681
17,brightness_contrast,strong_brightness,"{""brightness"":0.6,""contrast"":1.0}",class_conditional_conformal,0.2,,,Ankle boot,average_set_size,0.718
17,brightness_contrast,strong_brightness,"{""brightness"":0.6,""contrast"":1.0}",class_conditional_conformal,0.2,,,Ankle boot,coverage,0.716
17,brightness_contrast,strong_brightness,"{""brightness"":0.6,""contrast"":1.0}",class_conditional_conformal,0.2,,,Bag,average_set_size,0.547
17,brightness_contrast,strong_brightness,"{""brightness"":0.6,""contrast"":1.0}",class_conditional_conformal,0.2,,,Bag,coverage,0.541
17,brightness_contrast,strong_brightness,"{""brightness"":0.6,""contrast"":1.0}",class_conditional_conformal,0.2,,,Coat,average_set_size,0.676
17,brightness_contrast,strong_brightness,"{""brightness"":0.6,""contrast"":1.0}",class_conditional_conformal,0.2,,,Coat,coverage,0.444
17,brightness_contrast,strong_brightness,"{""brightness"":0.6,""contrast"":1.0}",class_conditional_conformal,0.2,,,Dress,average_set_size,0.719
17,brightness_contrast,strong_brightness,"{""brightness"":0.6,""contrast"":1.0}",class_conditional_conformal,0.2,,,Dress,coverage,0.688
17,brightness_contrast,strong_brightness,"{""brightness"":0.6,""contrast"":1.0}",class_conditional_conformal,0.2,,,Pullover,average_set_size,0.924
17,brightness_contrast,strong_brightness,"{""brightness"":0.6,""contrast"":1.0}",class_conditional_conformal,0.2,,,Pullover,coverage,0.851
17,brightness_contrast,strong_brightness,"{""brightness"":0.6,""contrast"":1.0}",class_conditional_conformal,0.2,,,Sandal,average_set_size,0.604
17,brightness_contrast,strong_brightness,"{""brightness"":0.6,""contrast"":1.0}",class_conditional_conformal,0.2,,,Sandal,coverage,0.599
17,brightness_contrast,strong_brightness,"{""brightness"":0.6,""contrast"":1.0}",class_conditional_conformal,0.2,,,Shirt,average_set_size,0.88
17,brightness_contrast,strong_brightness,"{""brightness"":0.6,""contrast"":1.0}",class_conditional_conformal,0.2,,,Shirt,coverage,0.742
17,brightness_contrast,strong_brightness,"{""brightness"":0.6,""contrast"":1.0}",class_conditional_conformal,0.2,,,Sneaker,average_set_size,0.816
17,brightness_contrast,strong_brightness,"{""brightness"":0.6,""contrast"":1.0}",class_conditional_conformal,0.2,,,Sneaker,coverage,0.815
17,brightness_contrast,strong_brightness,"{""brightness"":0.6,""contrast"":1.0}",class_conditional_conformal,0.2,,,T-shirt/top,average_set_size,0.88
17,brightness_contrast,strong_brightness,"{""brightness"":0.6,""contrast"":1.0}",class_conditional_conformal,0.2,,,T-shirt/top,coverage,0.795
17,brightness_contrast,strong_brightness,"{""brightness"":0.6,""contrast"":1.0}",class_conditional_conformal,0.2,,,Trouser,average_set_size,0.287
17,brightness_contrast,strong_brightness,"{""brightness"":0.6,""contrast"":1.0}",class_conditional_conformal,0.2,,,Trouser,coverage,0.282
17,brightness_contrast,strong_brightness,"{""brightness"":0.6,""contrast"":1.0}",raw_softmax,,,,Ankle boot,f1,0.9635910224438903
17,brightness_contrast,strong_brightness,"{""brightness"":0.6,""contrast"":1.0}",raw_softmax,,,,Ankle boot,precision,0.9611940298507463
17,brightness_contrast,strong_brightness,"{""brightness"":0.6,""contrast"":1.0}",raw_softmax,,,,Ankle boot,recall,0.966
17,brightness_contrast,strong_brightness,"{""brightness"":0.6,""contrast"":1.0}",raw_softmax,,,,Bag,f1,0.9783375314861461
17,brightness_contrast,strong_brightness,"{""brightness"":0.6,""contrast"":1.0}",raw_softmax,,,,Bag,precision,0.9857868020304569
17,brightness_contrast,strong_brightness,"{""brightness"":0.6,""contrast"":1.0}",raw_softmax,,,,Bag,recall,0.971
17,brightness_contrast,strong_brightness,"{""brightness"":0.6,""contrast"":1.0}",raw_softmax,,,,Coat,f1,0.7665301345816267
17,brightness_contrast,strong_brightness,"{""brightness"":0.6,""contrast"":1.0}",raw_softmax,,,,Coat,precision,0.923836389280677
17,brightness_contrast,strong_brightness,"{""brightness"":0.6,""contrast"":1.0}",raw_softmax,,,,Coat,recall,0.655
17,brightness_contrast,strong_brightness,"{""brightness"":0.6,""contrast"":1.0}",raw_softmax,,,,Dress,f1,0.9037987173162308
17,brightness_contrast,strong_brightness,"{""brightness"":0.6,""contrast"":1.0}",raw_softmax,,,,Dress,precision,0.8919182083739046
17,brightness_contrast,strong_brightness,"{""brightness"":0.6,""contrast"":1.0}",raw_softmax,,,,Dress,recall,0.916
17,brightness_contrast,strong_brightness,"{""brightness"":0.6,""contrast"":1.0}",raw_softmax,,,,Pullover,f1,0.8231540565177757
17,brightness_contrast,strong_brightness,"{""brightness"":0.6,""contrast"":1.0}",raw_softmax,,,,Pullover,precision,0.7562814070351759
17,brightness_contrast,strong_brightness,"{""brightness"":0.6,""contrast"":1.0}",raw_softmax,,,,Pullover,recall,0.903
17,brightness_contrast,strong_brightness,"{""brightness"":0.6,""contrast"":1.0}",raw_softmax,,,,Sandal,f1,0.9737903225806451
17,brightness_contrast,strong_brightness,"{""brightness"":0.6,""contrast"":1.0}",raw_softmax,,,,Sandal,precision,0.9817073170731707
17,brightness_contrast,strong_brightness,"{""brightness"":0.6,""contrast"":1.0}",raw_softmax,,,,Sandal,recall,0.966
17,brightness_contrast,strong_brightness,"{""brightness"":0.6,""contrast"":1.0}",raw_softmax,,,,Shirt,f1,0.7091552857865453
17,brightness_contrast,strong_brightness,"{""brightness"":0.6,""contrast"":1.0}",raw_softmax,,,,Shirt,precision,0.7175025588536336
17,brightness_contrast,strong_brightness,"{""brightness"":0.6,""contrast"":1.0}",raw_softmax,,,,Shirt,recall,0.701
17,brightness_contrast,strong_brightness,"{""brightness"":0.6,""contrast"":1.0}",raw_softmax,,,,Sneaker,f1,0.950965824665676
17,brightness_contrast,strong_brightness,"{""brightness"":0.6,""contrast"":1.0}",raw_softmax,,,,Sneaker,precision,0.9421000981354269
17,brightness_contrast,strong_brightness,"{""brightness"":0.6,""contrast"":1.0}",raw_softmax,,,,Sneaker,recall,0.96
17,brightness_contrast,strong_brightness,"{""brightness"":0.6,""contrast"":1.0}",raw_softmax,,,,T-shirt/top,f1,0.8535091851154027
17,brightness_contrast,strong_brightness,"{""brightness"":0.6,""contrast"":1.0}",raw_softmax,,,,T-shirt/top,precision,0.8067675868210151
17,brightness_contrast,strong_brightness,"{""brightness"":0.6,""contrast"":1.0}",raw_softmax,,,,T-shirt/top,recall,0.906
17,brightness_contrast,strong_brightness,"{""brightness"":0.6,""contrast"":1.0}",raw_softmax,,,,Trouser,f1,0.9822964087000505
17,brightness_contrast,strong_brightness,"{""brightness"":0.6,""contrast"":1.0}",raw_softmax,,,,Trouser,precision,0.9938587512794268
17,brightness_contrast,strong_brightness,"{""brightness"":0.6,""contrast"":1.0}",raw_softmax,,,,Trouser,recall,0.971
17,brightness_contrast,strong_brightness,"{""brightness"":0.6,""contrast"":1.0}",standard_conformal,0.05,,,Ankle boot,average_set_size,1.034
17,brightness_contrast,strong_brightness,"{""brightness"":0.6,""contrast"":1.0}",standard_conformal,0.05,,,Ankle boot,coverage,0.985
17,brightness_contrast,strong_brightness,"{""brightness"":0.6,""contrast"":1.0}",standard_conformal,0.05,,,Bag,average_set_size,1.014
17,brightness_contrast,strong_brightness,"{""brightness"":0.6,""contrast"":1.0}",standard_conformal,0.05,,,Bag,coverage,0.973
17,brightness_contrast,strong_brightness,"{""brightness"":0.6,""contrast"":1.0}",standard_conformal,0.05,,,Coat,average_set_size,1.376
17,brightness_contrast,strong_brightness,"{""brightness"":0.6,""contrast"":1.0}",standard_conformal,0.05,,,Coat,coverage,0.788
17,brightness_contrast,strong_brightness,"{""brightness"":0.6,""contrast"":1.0}",standard_conformal,0.05,,,Dress,average_set_size,1.091
17,brightness_contrast,strong_brightness,"{""brightness"":0.6,""contrast"":1.0}",standard_conformal,0.05,,,Dress,coverage,0.942
17,brightness_contrast,strong_brightness,"{""brightness"":0.6,""contrast"":1.0}",standard_conformal,0.05,,,Pullover,average_set_size,1.125
17,brightness_contrast,strong_brightness,"{""brightness"":0.6,""contrast"":1.0}",standard_conformal,0.05,,,Pullover,coverage,0.94
17,brightness_contrast,strong_brightness,"{""brightness"":0.6,""contrast"":1.0}",standard_conformal,0.05,,,Sandal,average_set_size,1.027
17,brightness_contrast,strong_brightness,"{""brightness"":0.6,""contrast"":1.0}",standard_conformal,0.05,,,Sandal,coverage,0.98
17,brightness_contrast,strong_brightness,"{""brightness"":0.6,""contrast"":1.0}",standard_conformal,0.05,,,Shirt,average_set_size,1.277
17,brightness_contrast,strong_brightness,"{""brightness"":0.6,""contrast"":1.0}",standard_conformal,0.05,,,Shirt,coverage,0.818
17,brightness_contrast,strong_brightness,"{""brightness"":0.6,""contrast"":1.0}",standard_conformal,0.05,,,Sneaker,average_set_size,1.051
17,brightness_contrast,strong_brightness,"{""brightness"":0.6,""contrast"":1.0}",standard_conformal,0.05,,,Sneaker,coverage,0.981
17,brightness_contrast,strong_brightness,"{""brightness"":0.6,""contrast"":1.0}",standard_conformal,0.05,,,T-shirt/top,average_set_size,1.132
17,brightness_contrast,strong_brightness,"{""brightness"":0.6,""contrast"":1.0}",standard_conformal,0.05,,,T-shirt/top,coverage,0.948
17,brightness_contrast,strong_brightness,"{""brightness"":0.6,""contrast"":1.0}",standard_conformal,0.05,,,Trouser,average_set_size,1.014
17,brightness_contrast,strong_brightness,"{""brightness"":0.6,""contrast"":1.0}",standard_conformal,0.05,,,Trouser,coverage,0.975
17,brightness_contrast,strong_brightness,"{""brightness"":0.6,""contrast"":1.0}",standard_conformal,0.1,,,Ankle boot,average_set_size,0.996
17,brightness_contrast,strong_brightness,"{""brightness"":0.6,""contrast"":1.0}",standard_conformal,0.1,,,Ankle boot,coverage,0.965
17,brightness_contrast,strong_brightness,"{""brightness"":0.6,""contrast"":1.0}",standard_conformal,0.1,,,Bag,average_set_size,0.969
17,brightness_contrast,strong_brightness,"{""brightness"":0.6,""contrast"":1.0}",standard_conformal,0.1,,,Bag,coverage,0.961
17,brightness_contrast,strong_brightness,"{""brightness"":0.6,""contrast"":1.0}",standard_conformal,0.1,,,Coat,average_set_size,0.748
17,brightness_contrast,strong_brightness,"{""brightness"":0.6,""contrast"":1.0}",standard_conformal,0.1,,,Coat,coverage,0.533
17,brightness_contrast,strong_brightness,"{""brightness"":0.6,""contrast"":1.0}",standard_conformal,0.1,,,Dress,average_set_size,0.895
17,brightness_contrast,strong_brightness,"{""brightness"":0.6,""contrast"":1.0}",standard_conformal,0.1,,,Dress,coverage,0.862
17,brightness_contrast,strong_brightness,"{""brightness"":0.6,""contrast"":1.0}",standard_conformal,0.1,,,Pullover,average_set_size,0.924
17,brightness_contrast,strong_brightness,"{""brightness"":0.6,""contrast"":1.0}",standard_conformal,0.1,,,Pullover,coverage,0.871
17,brightness_contrast,strong_brightness,"{""brightness"":0.6,""contrast"":1.0}",standard_conformal,0.1,,,Sandal,average_set_size,0.987
17,brightness_contrast,strong_brightness,"{""brightness"":0.6,""contrast"":1.0}",standard_conformal,0.1,,,Sandal,coverage,0.96
17,brightness_contrast,strong_brightness,"{""brightness"":0.6,""contrast"":1.0}",standard_conformal,0.1,,,Shirt,average_set_size,0.827
17,brightness_contrast,strong_brightness,"{""brightness"":0.6,""contrast"":1.0}",standard_conformal,0.1,,,Shirt,coverage,0.617
17,brightness_contrast,strong_brightness,"{""brightness"":0.6,""contrast"":1.0}",standard_conformal,0.1,,,Sneaker,average_set_size,0.991
17,brightness_contrast,strong_brightness,"{""brightness"":0.6,""contrast"":1.0}",standard_conformal,0.1,,,Sneaker,coverage,0.955
17,brightness_contrast,strong_brightness,"{""brightness"":0.6,""contrast"":1.0}",standard_conformal,0.1,,,T-shirt/top,average_set_size,0.91
17,brightness_contrast,strong_brightness,"{""brightness"":0.6,""contrast"":1.0}",standard_conformal,0.1,,,T-shirt/top,coverage,0.863
17,brightness_contrast,strong_brightness,"{""brightness"":0.6,""contrast"":1.0}",standard_conformal,0.1,,,Trouser,average_set_size,0.972
17,brightness_contrast,strong_brightness,"{""brightness"":0.6,""contrast"":1.0}",standard_conformal,0.1,,,Trouser,coverage,0.958
17,brightness_contrast,strong_brightness,"{""brightness"":0.6,""contrast"":1.0}",standard_conformal,0.2,,,Ankle boot,average_set_size,0.948
17,brightness_contrast,strong_brightness,"{""brightness"":0.6,""contrast"":1.0}",standard_conformal,0.2,,,Ankle boot,coverage,0.938
17,brightness_contrast,strong_brightness,"{""brightness"":0.6,""contrast"":1.0}",standard_conformal,0.2,,,Bag,average_set_size,0.942
17,brightness_contrast,strong_brightness,"{""brightness"":0.6,""contrast"":1.0}",standard_conformal,0.2,,,Bag,coverage,0.94
17,brightness_contrast,strong_brightness,"{""brightness"":0.6,""contrast"":1.0}",standard_conformal,0.2,,,Coat,average_set_size,0.222
17,brightness_contrast,strong_brightness,"{""brightness"":0.6,""contrast"":1.0}",standard_conformal,0.2,,,Coat,coverage,0.169
17,brightness_contrast,strong_brightness,"{""brightness"":0.6,""contrast"":1.0}",standard_conformal,0.2,,,Dress,average_set_size,0.726
17,brightness_contrast,strong_brightness,"{""brightness"":0.6,""contrast"":1.0}",standard_conformal,0.2,,,Dress,coverage,0.722
17,brightness_contrast,strong_brightness,"{""brightness"":0.6,""contrast"":1.0}",standard_conformal,0.2,,,Pullover,average_set_size,0.702
17,brightness_contrast,strong_brightness,"{""brightness"":0.6,""contrast"":1.0}",standard_conformal,0.2,,,Pullover,coverage,0.687
17,brightness_contrast,strong_brightness,"{""brightness"":0.6,""contrast"":1.0}",standard_conformal,0.2,,,Sandal,average_set_size,0.945
17,brightness_contrast,strong_brightness,"{""brightness"":0.6,""contrast"":1.0}",standard_conformal,0.2,,,Sandal,coverage,0.932
17,brightness_contrast,strong_brightness,"{""brightness"":0.6,""contrast"":1.0}",standard_conformal,0.2,,,Shirt,average_set_size,0.469
17,brightness_contrast,strong_brightness,"{""brightness"":0.6,""contrast"":1.0}",standard_conformal,0.2,,,Shirt,coverage,0.407
17,brightness_contrast,strong_brightness,"{""brightness"":0.6,""contrast"":1.0}",standard_conformal,0.2,,,Sneaker,average_set_size,0.899
17,brightness_contrast,strong_brightness,"{""brightness"":0.6,""contrast"":1.0}",standard_conformal,0.2,,,Sneaker,coverage,0.889
17,brightness_contrast,strong_brightness,"{""brightness"":0.6,""contrast"":1.0}",standard_conformal,0.2,,,T-shirt/top,average_set_size,0.695
17,brightness_contrast,strong_brightness,"{""brightness"":0.6,""contrast"":1.0}",standard_conformal,0.2,,,T-shirt/top,coverage,0.685
17,brightness_contrast,strong_brightness,"{""brightness"":0.6,""contrast"":1.0}",standard_conformal,0.2,,,Trouser,average_set_size,0.956
17,brightness_contrast,strong_brightness,"{""brightness"":0.6,""contrast"":1.0}",standard_conformal,0.2,,,Trouser,coverage,0.951
17,class_imbalance,moderate,"{""majority_classes"":[0,1,8,9],""minority_fraction"":0.5}",class_conditional_conformal,0.05,,,Ankle boot,average_set_size,0.97
17,class_imbalance,moderate,"{""majority_classes"":[0,1,8,9],""minority_fraction"":0.5}",class_conditional_conformal,0.05,,,Ankle boot,coverage,0.951
17,class_imbalance,moderate,"{""majority_classes"":[0,1,8,9],""minority_fraction"":0.5}",class_conditional_conformal,0.05,,,Bag,average_set_size,0.987
17,class_imbalance,moderate,"{""majority_classes"":[0,1,8,9],""minority_fraction"":0.5}",class_conditional_conformal,0.05,,,Bag,coverage,0.953
17,class_imbalance,moderate,"{""majority_classes"":[0,1,8,9],""minority_fraction"":0.5}",class_conditional_conformal,0.05,,,Coat,average_set_size,1.432
17,class_imbalance,moderate,"{""majority_classes"":[0,1,8,9],""minority_fraction"":0.5}",class_conditional_conformal,0.05,,,Coat,coverage,0.962
17,class_imbalance,moderate,"{""majority_classes"":[0,1,8,9],""minority_fraction"":0.5}",class_conditional_conformal,0.05,,,Dress,average_set_size,1.158
17,class_imbalance,moderate,"{""majority_classes"":[0,1,8,9],""minority_fraction"":0.5}",class_conditional_conformal,0.05,,,Dress,coverage,0.956
17,class_imbalance,moderate,"{""majority_classes"":[0,1,8,9],""minority_fraction"":0.5}",class_conditional_conformal,0.05,,,Pullover,average_set_size,1.436
17,class_imbalance,moderate,"{""majority_classes"":[0,1,8,9],""minority_fraction"":0.5}",class_conditional_conformal,0.05,,,Pullover,coverage,0.93
17,class_imbalance,moderate,"{""majority_classes"":[0,1,8,9],""minority_fraction"":0.5}",class_conditional_conformal,0.05,,,Sandal,average_set_size,0.964
17,class_imbalance,moderate,"{""majority_classes"":[0,1,8,9],""minority_fraction"":0.5}",class_conditional_conformal,0.05,,,Sandal,coverage,0.948
17,class_imbalance,moderate,"{""majority_classes"":[0,1,8,9],""minority_fraction"":0.5}",class_conditional_conformal,0.05,,,Shirt,average_set_size,1.432
17,class_imbalance,moderate,"{""majority_classes"":[0,1,8,9],""minority_fraction"":0.5}",class_conditional_conformal,0.05,,,Shirt,coverage,0.932
17,class_imbalance,moderate,"{""majority_classes"":[0,1,8,9],""minority_fraction"":0.5}",class_conditional_conformal,0.05,,,Sneaker,average_set_size,0.97
17,class_imbalance,moderate,"{""majority_classes"":[0,1,8,9],""minority_fraction"":0.5}",class_conditional_conformal,0.05,,,Sneaker,coverage,0.95
17,class_imbalance,moderate,"{""majority_classes"":[0,1,8,9],""minority_fraction"":0.5}",class_conditional_conformal,0.05,,,T-shirt/top,average_set_size,1.312
17,class_imbalance,moderate,"{""majority_classes"":[0,1,8,9],""minority_fraction"":0.5}",class_conditional_conformal,0.05,,,T-shirt/top,coverage,0.94
17,class_imbalance,moderate,"{""majority_classes"":[0,1,8,9],""minority_fraction"":0.5}",class_conditional_conformal,0.05,,,Trouser,average_set_size,0.984
17,class_imbalance,moderate,"{""majority_classes"":[0,1,8,9],""minority_fraction"":0.5}",class_conditional_conformal,0.05,,,Trouser,coverage,0.953
17,class_imbalance,moderate,"{""majority_classes"":[0,1,8,9],""minority_fraction"":0.5}",class_conditional_conformal,0.1,,,Ankle boot,average_set_size,0.909
17,class_imbalance,moderate,"{""majority_classes"":[0,1,8,9],""minority_fraction"":0.5}",class_conditional_conformal,0.1,,,Ankle boot,coverage,0.898
17,class_imbalance,moderate,"{""majority_classes"":[0,1,8,9],""minority_fraction"":0.5}",class_conditional_conformal,0.1,,,Bag,average_set_size,0.918
17,class_imbalance,moderate,"{""majority_classes"":[0,1,8,9],""minority_fraction"":0.5}",class_conditional_conformal,0.1,,,Bag,coverage,0.901
17,class_imbalance,moderate,"{""majority_classes"":[0,1,8,9],""minority_fraction"":0.5}",class_conditional_conformal,0.1,,,Coat,average_set_size,1.14
17,class_imbalance,moderate,"{""majority_classes"":[0,1,8,9],""minority_fraction"":0.5}",class_conditional_conformal,0.1,,,Coat,coverage,0.908
17,class_imbalance,moderate,"{""majority_classes"":[0,1,8,9],""minority_fraction"":0.5}",class_conditional_conformal,0.1,,,Dress,average_set_size,1.0
17,class_imbalance,moderate,"{""majority_classes"":[0,1,8,9],""minority_fraction"":0.5}",class_conditional_conformal,0.1,,,Dress,coverage,0.89
17,class_imbalance,moderate,"{""majority_classes"":[0,1,8,9],""minority_fraction"":0.5}",class_conditional_conformal,0.1,,,Pullover,average_set_size,1.15
17,class_imbalance,moderate,"{""majority_classes"":[0,1,8,9],""minority_fraction"":0.5}",class_conditional_conformal,0.1,,,Pullover,coverage,0.87
17,class_imbalance,moderate,"{""majority_classes"":[0,1,8,9],""minority_fraction"":0.5}",class_conditional_conformal,0.1,,,Sandal,average_set_size,0.926
17,class_imbalance,moderate,"{""majority_classes"":[0,1,8,9],""minority_fraction"":0.5}",class_conditional_conformal,0.1,,,Sandal,coverage,0.914
17,class_imbalance,moderate,"{""majority_classes"":[0,1,8,9],""minority_fraction"":0.5}",class_conditional_conformal,0.1,,,Shirt,average_set_size,1.162
17,class_imbalance,moderate,"{""majority_classes"":[0,1,8,9],""minority_fraction"":0.5}",class_conditional_conformal,0.1,,,Shirt,coverage,0.876
17,class_imbalance,moderate,"{""majority_classes"":[0,1,8,9],""minority_fraction"":0.5}",class_conditional_conformal,0.1,,,Sneaker,average_set_size,0.912
17,class_imbalance,moderate,"{""majority_classes"":[0,1,8,9],""minority_fraction"":0.5}",class_conditional_conformal,0.1,,,Sneaker,coverage,0.91
17,class_imbalance,moderate,"{""majority_classes"":[0,1,8,9],""minority_fraction"":0.5}",class_conditional_conformal,0.1,,,T-shirt/top,average_set_size,1.101
17,class_imbalance,moderate,"{""majority_classes"":[0,1,8,9],""minority_fraction"":0.5}",class_conditional_conformal,0.1,,,T-shirt/top,coverage,0.894
17,class_imbalance,moderate,"{""majority_classes"":[0,1,8,9],""minority_fraction"":0.5}",class_conditional_conformal,0.1,,,Trouser,average_set_size,0.922
17,class_imbalance,moderate,"{""majority_classes"":[0,1,8,9],""minority_fraction"":0.5}",class_conditional_conformal,0.1,,,Trouser,coverage,0.91
17,class_imbalance,moderate,"{""majority_classes"":[0,1,8,9],""minority_fraction"":0.5}",class_conditional_conformal,0.2,,,Ankle boot,average_set_size,0.795
17,class_imbalance,moderate,"{""majority_classes"":[0,1,8,9],""minority_fraction"":0.5}",class_conditional_conformal,0.2,,,Ankle boot,coverage,0.793
17,class_imbalance,moderate,"{""majority_classes"":[0,1,8,9],""minority_fraction"":0.5}",class_conditional_conformal,0.2,,,Bag,average_set_size,0.811
17,class_imbalance,moderate,"{""majority_classes"":[0,1,8,9],""minority_fraction"":0.5}",class_conditional_conformal,0.2,,,Bag,coverage,0.805
17,class_imbalance,moderate,"{""majority_classes"":[0,1,8,9],""minority_fraction"":0.5}",class_conditional_conformal,0.2,,,Coat,average_set_size,0.916
17,class_imbalance,moderate,"{""majority_classes"":[0,1,8,9],""minority_fraction"":0.5}",class_conditional_conformal,0.2,,,Coat,coverage,0.808
17,class_imbalance,moderate,"{""majority_classes"":[0,1,8,9],""minority_fraction"":0.5}",class_conditional_conformal,0.2,,,Dress,average_set_size,0.816
17,class_imbalance,moderate,"{""majority_classes"":[0,1,8,9],""minority_fraction"":0.5}",class_conditional_conformal,0.2,,,Dress,coverage,0.77
17,class_imbalance,moderate,"{""majority_classes"":[0,1,8,9],""minority_fraction"":0.5}",class_conditional_conformal,0.2,,,Pullover,average_set_size,0.896
17,class_imbalance,moderate,"{""majority_classes"":[0,1,8,9],""minority_fraction"":0.5}",class_conditional_conformal,0.2,,,Pullover,coverage,0.762
17,class_imbalance,moderate,"{""majority_classes"":[0,1,8,9],""minority_fraction"":0.5}",class_conditional_conformal,0.2,,,Sandal,average_set_size,0.824
17,class_imbalance,moderate,"{""majority_classes"":[0,1,8,9],""minority_fraction"":0.5}",class_conditional_conformal,0.2,,,Sandal,coverage,0.818
17,class_imbalance,moderate,"{""majority_classes"":[0,1,8,9],""minority_fraction"":0.5}",class_conditional_conformal,0.2,,,Shirt,average_set_size,0.902
17,class_imbalance,moderate,"{""majority_classes"":[0,1,8,9],""minority_fraction"":0.5}",class_conditional_conformal,0.2,,,Shirt,coverage,0.782
17,class_imbalance,moderate,"{""majority_classes"":[0,1,8,9],""minority_fraction"":0.5}",class_conditional_conformal,0.2,,,Sneaker,average_set_size,0.822
17,class_imbalance,moderate,"{""majority_classes"":[0,1,8,9],""minority_fraction"":0.5}",class_conditional_conformal,0.2,,,Sneaker,coverage,0.822
17,class_imbalance,moderate,"{""majority_classes"":[0,1,8,9],""minority_fraction"":0.5}",class_conditional_conformal,0.2,,,T-shirt/top,average_set_size,0.909
17,class_imbalance,moderate,"{""majority_classes"":[0,1,8,9],""minority_fraction"":0.5}",class_conditional_conformal,0.2,,,T-shirt/top,coverage,0.812
17,class_imbalance,moderate,"{""majority_classes"":[0,1,8,9],""minority_fraction"":0.5}",class_conditional_conformal,0.2,,,Trouser,average_set_size,0.794
17,class_imbalance,moderate,"{""majority_classes"":[0,1,8,9],""minority_fraction"":0.5}",class_conditional_conformal,0.2,,,Trouser,coverage,0.787
17,class_imbalance,moderate,"{""majority_classes"":[0,1,8,9],""minority_fraction"":0.5}",raw_softmax,,,,Ankle boot,f1,0.9754631947921882
17,class_imbalance,moderate,"{""majority_classes"":[0,1,8,9],""minority_fraction"":0.5}",raw_softmax,,,,Ankle boot,precision,0.9769307923771314
17,class_imbalance,moderate,"{""majority_classes"":[0,1,8,9],""minority_fraction"":0.5}",raw_softmax,,,,Ankle boot,recall,0.974
17,class_imbalance,moderate,"{""majority_classes"":[0,1,8,9],""minority_fraction"":0.5}",raw_softmax,,,,Bag,f1,0.9864116758933065
17,class_imbalance,moderate,"{""majority_classes"":[0,1,8,9],""minority_fraction"":0.5}",raw_softmax,,,,Bag,precision,0.9929078014184397
17,class_imbalance,moderate,"{""majority_classes"":[0,1,8,9],""minority_fraction"":0.5}",raw_softmax,,,,Bag,recall,0.98
17,class_imbalance,moderate,"{""majority_classes"":[0,1,8,9],""minority_fraction"":0.5}",raw_softmax,,,,Coat,f1,0.8405511811023622
17,class_imbalance,moderate,"{""majority_classes"":[0,1,8,9],""minority_fraction"":0.5}",raw_softmax,,,,Coat,precision,0.8275193798449613
17,class_imbalance,moderate,"{""majority_classes"":[0,1,8,9],""minority_fraction"":0.5}",raw_softmax,,,,Coat,recall,0.854
17,class_imbalance,moderate,"{""majority_classes"":[0,1,8,9],""minority_fraction"":0.5}",raw_softmax,,,,Dress,f1,0.912142152023692
17,class_imbalance,moderate,"{""majority_classes"":[0,1,8,9],""minority_fraction"":0.5}",raw_softmax,,,,Dress,precision,0.9005847953216374
17,class_imbalance,moderate,"{""majority_classes"":[0,1,8,9],""minority_fraction"":0.5}",raw_softmax,,,,Dress,recall,0.924
17,class_imbalance,moderate,"{""majority_classes"":[0,1,8,9],""minority_fraction"":0.5}",raw_softmax,,,,Pullover,f1,0.841025641025641
17,class_imbalance,moderate,"{""majority_classes"":[0,1,8,9],""minority_fraction"":0.5}",raw_softmax,,,,Pullover,precision,0.8631578947368421
17,class_imbalance,moderate,"{""majority_classes"":[0,1,8,9],""minority_fraction"":0.5}",raw_softmax,,,,Pullover,recall,0.82
17,class_imbalance,moderate,"{""majority_classes"":[0,1,8,9],""minority_fraction"":0.5}",raw_softmax,,,,Sandal,f1,0.978
17,class_imbalance,moderate,"{""majority_classes"":[0,1,8,9],""minority_fraction"":0.5}",raw_softmax,,,,Sandal,precision,0.978
17,class_imbalance,moderate,"{""majority_classes"":[0,1,8,9],""minority_fraction"":0.5}",raw_softmax,,,,Sandal,recall,0.978
17,class_imbalance,moderate,"{""majority_classes"":[0,1,8,9],""minority_fraction"":0.5}",raw_softmax,,,,Shirt,f1,0.7169082125603865
17,class_imbalance,moderate,"{""majority_classes"":[0,1,8,9],""minority_fraction"":0.5}",raw_softmax,,,,Shirt,precision,0.6934579439252336
17,class_imbalance,moderate,"{""majority_classes"":[0,1,8,9],""minority_fraction"":0.5}",raw_softmax,,,,Shirt,recall,0.742
17,class_imbalance,moderate,"{""majority_classes"":[0,1,8,9],""minority_fraction"":0.5}",raw_softmax,,,,Sneaker,f1,0.9473684210526315
17,class_imbalance,moderate,"{""majority_classes"":[0,1,8,9],""minority_fraction"":0.5}",raw_softmax,,,,Sneaker,precision,0.9408284023668639
17,class_imbalance,moderate,"{""majority_classes"":[0,1,8,9],""minority_fraction"":0.5}",raw_softmax,,,,Sneaker,recall,0.954
17,class_imbalance,moderate,"{""majority_classes"":[0,1,8,9],""minority_fraction"":0.5}",raw_softmax,,,,T-shirt/top,f1,0.9095502779181405
17,class_imbalance,moderate,"{""majority_classes"":[0,1,8,9],""minority_fraction"":0.5}",raw_softmax,,,,T-shirt/top,precision,0.9193054136874361
17,class_imbalance,moderate,"{""majority_classes"":[0,1,8,9],""minority_fraction"":0.5}",raw_softmax,,,,T-shirt/top,recall,0.9
17,class_imbalance,moderate,"{""majority_classes"":[0,1,8,9],""minority_fraction"":0.5}",raw_softmax,,,,Trouser,f1,0.9914615770969362
17,class_imbalance,moderate,"{""majority_classes"":[0,1,8,9],""minority_fraction"":0.5}",raw_softmax,,,,Trouser,precision,0.9959636730575177
17,class_imbalance,moderate,"{""majority_classes"":[0,1,8,9],""minority_fraction"":0.5}",raw_softmax,,,,Trouser,recall,0.987
17,class_imbalance,moderate,"{""majority_classes"":[0,1,8,9],""minority_fraction"":0.5}",standard_conformal,0.05,,,Ankle boot,average_set_size,1.028
17,class_imbalance,moderate,"{""majority_classes"":[0,1,8,9],""minority_fraction"":0.5}",standard_conformal,0.05,,,Ankle boot,coverage,0.986
17,class_imbalance,moderate,"{""majority_classes"":[0,1,8,9],""minority_fraction"":0.5}",standard_conformal,0.05,,,Bag,average_set_size,1.007
17,class_imbalance,moderate,"{""majority_classes"":[0,1,8,9],""minority_fraction"":0.5}",standard_conformal,0.05,,,Bag,coverage,0.982
17,class_imbalance,moderate,"{""majority_classes"":[0,1,8,9],""minority_fraction"":0.5}",standard_conformal,0.05,,,Coat,average_set_size,1.178
17,class_imbalance,moderate,"{""majority_classes"":[0,1,8,9],""minority_fraction"":0.5}",standard_conformal,0.05,,,Coat,coverage,0.926
17,class_imbalance,moderate,"{""majority_classes"":[0,1,8,9],""minority_fraction"":0.5}",standard_conformal,0.05,,,Dress,average_set_size,1.086
17,class_imbalance,moderate,"{""majority_classes"":[0,1,8,9],""minority_fraction"":0.5}",standard_conformal,0.05,,,Dress,coverage,0.956
17,class_imbalance,moderate,"{""majority_classes"":[0,1,8,9],""minority_fraction"":0.5}",standard_conformal,0.05,,,Pullover,average_set_size,1.196
17,class_imbalance,moderate,"{""majority_classes"":[0,1,8,9],""minority_fraction"":0.5}",standard_conformal,0.05,,,Pullover,coverage,0.888
17,class_imbalance,moderate,"{""majority_classes"":[0,1,8,9],""minority_fraction"":0.5}",standard_conformal,0.05,,,Sandal,average_set_size,1.014
17,class_imbalance,moderate,"{""majority_classes"":[0,1,8,9],""minority_fraction"":0.5}",standard_conformal,0.05,,,Sandal,coverage,0.984
17,class_imbalance,moderate,"{""majority_classes"":[0,1,8,9],""minority_fraction"":0.5}",standard_conformal,0.05,,,Shirt,average_set_size,1.246
17,class_imbalance,moderate,"{""majority_classes"":[0,1,8,9],""minority_fraction"":0.5}",standard_conformal,0.05,,,Shirt,coverage,0.844
17,class_imbalance,moderate,"{""majority_classes"":[0,1,8,9],""minority_fraction"":0.5}",standard_conformal,0.05,,,Sneaker,average_set_size,1.058
17,class_imbalance,moderate,"{""majority_classes"":[0,1,8,9],""minority_fraction"":0.5}",standard_conformal,0.05,,,Sneaker,coverage,0.978
17,class_imbalance,moderate,"{""majority_classes"":[0,1,8,9],""minority_fraction"":0.5}",standard_conformal,0.05,,,T-shirt/top,average_set_size,1.132
17,class_imbalance,moderate,"{""majority_classes"":[0,1,8,9],""minority_fraction"":0.5}",standard_conformal,0.05,,,T-shirt/top,coverage,0.94
17,class_imbalance,moderate,"{""majority_classes"":[0,1,8,9],""minority_fraction"":0.5}",standard_conformal,0.05,,,Trouser,average_set_size,1.008
17,class_imbalance,moderate,"{""majority_classes"":[0,1,8,9],""minority_fraction"":0.5}",standard_conformal,0.05,,,Trouser,coverage,0.988
17,class_imbalance,moderate,"{""majority_classes"":[0,1,8,9],""minority_fraction"":0.5}",standard_conformal,0.1,,,Ankle boot,average_set_size,0.995
17,class_imbalance,moderate,"{""majority_classes"":[0,1,8,9],""minority_fraction"":0.5}",standard_conformal,0.1,,,Ankle boot,coverage,0.973
17,class_imbalance,moderate,"{""majority_classes"":[0,1,8,9],""minority_fraction"":0.5}",standard_conformal,0.1,,,Bag,average_set_size,0.988
17,class_imbalance,moderate,"{""majority_classes"":[0,1,8,9],""minority_fraction"":0.5}",standard_conformal,0.1,,,Bag,coverage,0.979
17,class_imbalance,moderate,"{""majority_classes"":[0,1,8,9],""minority_fraction"":0.5}",standard_conformal,0.1,,,Coat,average_set_size,0.932
17,class_imbalance,moderate,"{""majority_classes"":[0,1,8,9],""minority_fraction"":0.5}",standard_conformal,0.1,,,Coat,coverage,0.828
17,class_imbalance,moderate,"{""majority_classes"":[0,1,8,9],""minority_fraction"":0.5}",standard_conformal,0.1,,,Dress,average_set_size,0.944
17,class_imbalance,moderate,"{""majority_classes"":[0,1,8,9],""minority_fraction"":0.5}",standard_conformal,0.1,,,Dress,coverage,0.894
17,class_imbalance,moderate,"{""majority_classes"":[0,1,8,9],""minority_fraction"":0.5}",standard_conformal,0.1,,,Pullover,average_set_size,0.892
17,class_imbalance,moderate,"{""majority_classes"":[0,1,8,9],""minority_fraction"":0.5}",standard_conformal,0.1,,,Pullover,coverage,0.774
17,class_imbalance,moderate,"{""majority_classes"":[0,1,8,9],""minority_fraction"":0.5}",standard_conformal,0.1,,,Sandal,average_set_size,0.996
17,class_imbalance,moderate,"{""majority_classes"":[0,1,8,9],""minority_fraction"":0.5}",standard_conformal,0.1,,,Sandal,coverage,0.978
17,class_imbalance,moderate,"{""majority_classes"":[0,1,8,9],""minority_fraction"":0.5}",standard_conformal,0.1,,,Shirt,average_set_size,0.89
17,class_imbalance,moderate,"{""majority_classes"":[0,1,8,9],""minority_fraction"":0.5}",standard_conformal,0.1,,,Shirt,coverage,0.69
17,class_imbalance,moderate,"{""majority_classes"":[0,1,8,9],""minority_fraction"":0.5}",standard_conformal,0.1,,,Sneaker,average_set_size,0.994
17,class_imbalance,moderate,"{""majority_classes"":[0,1,8,9],""minority_fraction"":0.5}",standard_conformal,0.1,,,Sneaker,coverage,0.95
17,class_imbalance,moderate,"{""majority_classes"":[0,1,8,9],""minority_fraction"":0.5}",standard_conformal,0.1,,,T-shirt/top,average_set_size,0.945
17,class_imbalance,moderate,"{""majority_classes"":[0,1,8,9],""minority_fraction"":0.5}",standard_conformal,0.1,,,T-shirt/top,coverage,0.879
17,class_imbalance,moderate,"{""majority_classes"":[0,1,8,9],""minority_fraction"":0.5}",standard_conformal,0.1,,,Trouser,average_set_size,0.99
17,class_imbalance,moderate,"{""majority_classes"":[0,1,8,9],""minority_fraction"":0.5}",standard_conformal,0.1,,,Trouser,coverage,0.981
17,class_imbalance,moderate,"{""majority_classes"":[0,1,8,9],""minority_fraction"":0.5}",standard_conformal,0.2,,,Ankle boot,average_set_size,0.952
17,class_imbalance,moderate,"{""majority_classes"":[0,1,8,9],""minority_fraction"":0.5}",standard_conformal,0.2,,,Ankle boot,coverage,0.945
17,class_imbalance,moderate,"{""majority_classes"":[0,1,8,9],""minority_fraction"":0.5}",standard_conformal,0.2,,,Bag,average_set_size,0.97
17,class_imbalance,moderate,"{""majority_classes"":[0,1,8,9],""minority_fraction"":0.5}",standard_conformal,0.2,,,Bag,coverage,0.967
17,class_imbalance,moderate,"{""majority_classes"":[0,1,8,9],""minority_fraction"":0.5}",standard_conformal,0.2,,,Coat,average_set_size,0.656
17,class_imbalance,moderate,"{""majority_classes"":[0,1,8,9],""minority_fraction"":0.5}",standard_conformal,0.2,,,Coat,coverage,0.636
17,class_imbalance,moderate,"{""majority_classes"":[0,1,8,9],""minority_fraction"":0.5}",standard_conformal,0.2,,,Dress,average_set_size,0.798
17,class_imbalance,moderate,"{""majority_classes"":[0,1,8,9],""minority_fraction"":0.5}",standard_conformal,0.2,,,Dress,coverage,0.79
17,class_imbalance,moderate,"{""majority_classes"":[0,1,8,9],""minority_fraction"":0.5}",standard_conformal,0.2,,,Pullover,average_set_size,0.664
17,class_imbalance,moderate,"{""majority_classes"":[0,1,8,9],""minority_fraction"":0.5}",standard_conformal,0.2,,,Pullover,coverage,0.628
17,class_imbalance,moderate,"{""majority_classes"":[0,1,8,9],""minority_fraction"":0.5}",standard_conformal,0.2,,,Sandal,average_set_size,0.972
17,class_imbalance,moderate,"{""majority_classes"":[0,1,8,9],""minority_fraction"":0.5}",standard_conformal,0.2,,,Sandal,coverage,0.962
17,class_imbalance,moderate,"{""majority_classes"":[0,1,8,9],""minority_fraction"":0.5}",standard_conformal,0.2,,,Shirt,average_set_size,0.544
17,class_imbalance,moderate,"{""majority_classes"":[0,1,8,9],""minority_fraction"":0.5}",standard_conformal,0.2,,,Shirt,coverage,0.484
17,class_imbalance,moderate,"{""majority_classes"":[0,1,8,9],""minority_fraction"":0.5}",standard_conformal,0.2,,,Sneaker,average_set_size,0.892
17,class_imbalance,moderate,"{""majority_classes"":[0,1,8,9],""minority_fraction"":0.5}",standard_conformal,0.2,,,Sneaker,coverage,0.88
17,class_imbalance,moderate,"{""majority_classes"":[0,1,8,9],""minority_fraction"":0.5}",standard_conformal,0.2,,,T-shirt/top,average_set_size,0.717
17,class_imbalance,moderate,"{""majority_classes"":[0,1,8,9],""minority_fraction"":0.5}",standard_conformal,0.2,,,T-shirt/top,coverage,0.703
17,class_imbalance,moderate,"{""majority_classes"":[0,1,8,9],""minority_fraction"":0.5}",standard_conformal,0.2,,,Trouser,average_set_size,0.973
17,class_imbalance,moderate,"{""majority_classes"":[0,1,8,9],""minority_fraction"":0.5}",standard_conformal,0.2,,,Trouser,coverage,0.969
17,class_imbalance,strong,"{""majority_classes"":[0,1,8,9],""minority_fraction"":0.2}",class_conditional_conformal,0.05,,,Ankle boot,average_set_size,0.97
17,class_imbalance,strong,"{""majority_classes"":[0,1,8,9],""minority_fraction"":0.2}",class_conditional_conformal,0.05,,,Ankle boot,coverage,0.951
17,class_imbalance,strong,"{""majority_classes"":[0,1,8,9],""minority_fraction"":0.2}",class_conditional_conformal,0.05,,,Bag,average_set_size,0.987
17,class_imbalance,strong,"{""majority_classes"":[0,1,8,9],""minority_fraction"":0.2}",class_conditional_conformal,0.05,,,Bag,coverage,0.953
17,class_imbalance,strong,"{""majority_classes"":[0,1,8,9],""minority_fraction"":0.2}",class_conditional_conformal,0.05,,,Coat,average_set_size,1.395
17,class_imbalance,strong,"{""majority_classes"":[0,1,8,9],""minority_fraction"":0.2}",class_conditional_conformal,0.05,,,Coat,coverage,0.955
17,class_imbalance,strong,"{""majority_classes"":[0,1,8,9],""minority_fraction"":0.2}",class_conditional_conformal,0.05,,,Dress,average_set_size,1.155
17,class_imbalance,strong,"{""majority_classes"":[0,1,8,9],""minority_fraction"":0.2}",class_conditional_conformal,0.05,,,Dress,coverage,0.95
17,class_imbalance,strong,"{""majority_classes"":[0,1,8,9],""minority_fraction"":0.2}",class_conditional_conformal,0.05,,,Pullover,average_set_size,1.355
17,class_imbalance,strong,"{""majority_classes"":[0,1,8,9],""minority_fraction"":0.2}",class_conditional_conformal,0.05,,,Pullover,coverage,0.925
17,class_imbalance,strong,"{""majority_classes"":[0,1,8,9],""minority_fraction"":0.2}",class_conditional_conformal,0.05,,,Sandal,average_set_size,0.955
17,class_imbalance,strong,"{""majority_classes"":[0,1,8,9],""minority_fraction"":0.2}",class_conditional_conformal,0.05,,,Sandal,coverage,0.93
17,class_imbalance,strong,"{""majority_classes"":[0,1,8,9],""minority_fraction"":0.2}",class_conditional_conformal,0.05,,,Shirt,average_set_size,1.425
17,class_imbalance,strong,"{""majority_classes"":[0,1,8,9],""minority_fraction"":0.2}",class_conditional_conformal,0.05,,,Shirt,coverage,0.935
17,class_imbalance,strong,"{""majority_classes"":[0,1,8,9],""minority_fraction"":0.2}",class_conditional_conformal,0.05,,,Sneaker,average_set_size,0.965
17,class_imbalance,strong,"{""majority_classes"":[0,1,8,9],""minority_fraction"":0.2}",class_conditional_conformal,0.05,,,Sneaker,coverage,0.955
17,class_imbalance,strong,"{""majority_classes"":[0,1,8,9],""minority_fraction"":0.2}",class_conditional_conformal,0.05,,,T-shirt/top,average_set_size,1.312
17,class_imbalance,strong,"{""majority_classes"":[0,1,8,9],""minority_fraction"":0.2}",class_conditional_conformal,0.05,,,T-shirt/top,coverage,0.94
17,class_imbalance,strong,"{""majority_classes"":[0,1,8,9],""minority_fraction"":0.2}",class_conditional_conformal,0.05,,,Trouser,average_set_size,0.984
17,class_imbalance,strong,"{""majority_classes"":[0,1,8,9],""minority_fraction"":0.2}",class_conditional_conformal,0.05,,,Trouser,coverage,0.953
17,class_imbalance,strong,"{""majority_classes"":[0,1,8,9],""minority_fraction"":0.2}",class_conditional_conformal,0.1,,,Ankle boot,average_set_size,0.909
17,class_imbalance,strong,"{""majority_classes"":[0,1,8,9],""minority_fraction"":0.2}",class_conditional_conformal,0.1,,,Ankle boot,coverage,0.898
17,class_imbalance,strong,"{""majority_classes"":[0,1,8,9],""minority_fraction"":0.2}",class_conditional_conformal,0.1,,,Bag,average_set_size,0.918
17,class_imbalance,strong,"{""majority_classes"":[0,1,8,9],""minority_fraction"":0.2}",class_conditional_conformal,0.1,,,Bag,coverage,0.901
17,class_imbalance,strong,"{""majority_classes"":[0,1,8,9],""minority_fraction"":0.2}",class_conditional_conformal,0.1,,,Coat,average_set_size,1.125
17,class_imbalance,strong,"{""majority_classes"":[0,1,8,9],""minority_fraction"":0.2}",class_conditional_conformal,0.1,,,Coat,coverage,0.905
17,class_imbalance,strong,"{""majority_classes"":[0,1,8,9],""minority_fraction"":0.2}",class_conditional_conformal,0.1,,,Dress,average_set_size,1.01
17,class_imbalance,strong,"{""majority_classes"":[0,1,8,9],""minority_fraction"":0.2}",class_conditional_conformal,0.1,,,Dress,coverage,0.91
17,class_imbalance,strong,"{""majority_classes"":[0,1,8,9],""minority_fraction"":0.2}",class_conditional_conformal,0.1,,,Pullover,average_set_size,1.13
17,class_imbalance,strong,"{""majority_classes"":[0,1,8,9],""minority_fraction"":0.2}",class_conditional_conformal,0.1,,,Pullover,coverage,0.895
17,class_imbalance,strong,"{""majority_classes"":[0,1,8,9],""minority_fraction"":0.2}",class_conditional_conformal,0.1,,,Sandal,average_set_size,0.915
17,class_imbalance,strong,"{""majority_classes"":[0,1,8,9],""minority_fraction"":0.2}",class_conditional_conformal,0.1,,,Sandal,coverage,0.895
17,class_imbalance,strong,"{""majority_classes"":[0,1,8,9],""minority_fraction"":0.2}",class_conditional_conformal,0.1,,,Shirt,average_set_size,1.135
17,class_imbalance,strong,"{""majority_classes"":[0,1,8,9],""minority_fraction"":0.2}",class_conditional_conformal,0.1,,,Shirt,coverage,0.86
17,class_imbalance,strong,"{""majority_classes"":[0,1,8,9],""minority_fraction"":0.2}",class_conditional_conformal,0.1,,,Sneaker,average_set_size,0.93
17,class_imbalance,strong,"{""majority_classes"":[0,1,8,9],""minority_fraction"":0.2}",class_conditional_conformal,0.1,,,Sneaker,coverage,0.925
17,class_imbalance,strong,"{""majority_classes"":[0,1,8,9],""minority_fraction"":0.2}",class_conditional_conformal,0.1,,,T-shirt/top,average_set_size,1.101
17,class_imbalance,strong,"{""majority_classes"":[0,1,8,9],""minority_fraction"":0.2}",class_conditional_conformal,0.1,,,T-shirt/top,coverage,0.894
17,class_imbalance,strong,"{""majority_classes"":[0,1,8,9],""minority_fraction"":0.2}",class_conditional_conformal,0.1,,,Trouser,average_set_size,0.922
17,class_imbalance,strong,"{""majority_classes"":[0,1,8,9],""minority_fraction"":0.2}",class_conditional_conformal,0.1,,,Trouser,coverage,0.91
17,class_imbalance,strong,"{""majority_classes"":[0,1,8,9],""minority_fraction"":0.2}",class_conditional_conformal,0.2,,,Ankle boot,average_set_size,0.795
17,class_imbalance,strong,"{""majority_classes"":[0,1,8,9],""minority_fraction"":0.2}",class_conditional_conformal,0.2,,,Ankle boot,coverage,0.793
17,class_imbalance,strong,"{""majority_classes"":[0,1,8,9],""minority_fraction"":0.2}",class_conditional_conformal,0.2,,,Bag,average_set_size,0.811
17,class_imbalance,strong,"{""majority_classes"":[0,1,8,9],""minority_fraction"":0.2}",class_conditional_conformal,0.2,,,Bag,coverage,0.805
17,class_imbalance,strong,"{""majority_classes"":[0,1,8,9],""minority_fraction"":0.2}",class_conditional_conformal,0.2,,,Coat,average_set_size,0.92
17,class_imbalance,strong,"{""majority_classes"":[0,1,8,9],""minority_fraction"":0.2}",class_conditional_conformal,0.2,,,Coat,coverage,0.805
17,class_imbalance,strong,"{""majority_classes"":[0,1,8,9],""minority_fraction"":0.2}",class_conditional_conformal,0.2,,,Dress,average_set_size,0.825
17,class_imbalance,strong,"{""majority_classes"":[0,1,8,9],""minority_fraction"":0.2}",class_conditional_conformal,0.2,,,Dress,coverage,0.78
17,class_imbalance,strong,"{""majority_classes"":[0,1,8,9],""minority_fraction"":0.2}",class_conditional_conformal,0.2,,,Pullover,average_set_size,0.92
17,class_imbalance,strong,"{""majority_classes"":[0,1,8,9],""minority_fraction"":0.2}",class_conditional_conformal,0.2,,,Pullover,coverage,0.805
17,class_imbalance,strong,"{""majority_classes"":[0,1,8,9],""minority_fraction"":0.2}",class_conditional_conformal,0.2,,,Sandal,average_set_size,0.8
17,class_imbalance,strong,"{""majority_classes"":[0,1,8,9],""minority_fraction"":0.2}",class_conditional_conformal,0.2,,,Sandal,coverage,0.79
17,class_imbalance,strong,"{""majority_classes"":[0,1,8,9],""minority_fraction"":0.2}",class_conditional_conformal,0.2,,,Shirt,average_set_size,0.9
17,class_imbalance,strong,"{""majority_classes"":[0,1,8,9],""minority_fraction"":0.2}",class_conditional_conformal,0.2,,,Shirt,coverage,0.765
17,class_imbalance,strong,"{""majority_classes"":[0,1,8,9],""minority_fraction"":0.2}",class_conditional_conformal,0.2,,,Sneaker,average_set_size,0.805
17,class_imbalance,strong,"{""majority_classes"":[0,1,8,9],""minority_fraction"":0.2}",class_conditional_conformal,0.2,,,Sneaker,coverage,0.805
17,class_imbalance,strong,"{""majority_classes"":[0,1,8,9],""minority_fraction"":0.2}",class_conditional_conformal,0.2,,,T-shirt/top,average_set_size,0.909
17,class_imbalance,strong,"{""majority_classes"":[0,1,8,9],""minority_fraction"":0.2}",class_conditional_conformal,0.2,,,T-shirt/top,coverage,0.812
17,class_imbalance,strong,"{""majority_classes"":[0,1,8,9],""minority_fraction"":0.2}",class_conditional_conformal,0.2,,,Trouser,average_set_size,0.794
17,class_imbalance,strong,"{""majority_classes"":[0,1,8,9],""minority_fraction"":0.2}",class_conditional_conformal,0.2,,,Trouser,coverage,0.787
17,class_imbalance,strong,"{""majority_classes"":[0,1,8,9],""minority_fraction"":0.2}",raw_softmax,,,,Ankle boot,f1,0.98334174659263
17,class_imbalance,strong,"{""majority_classes"":[0,1,8,9],""minority_fraction"":0.2}",raw_softmax,,,,Ankle boot,precision,0.9928644240570846
17,class_imbalance,strong,"{""majority_classes"":[0,1,8,9],""minority_fraction"":0.2}",raw_softmax,,,,Ankle boot,recall,0.974
17,class_imbalance,strong,"{""majority_classes"":[0,1,8,9],""minority_fraction"":0.2}",raw_softmax,,,,Bag,f1,0.9869083585095669
17,class_imbalance,strong,"{""majority_classes"":[0,1,8,9],""minority_fraction"":0.2}",raw_softmax,,,,Bag,precision,0.9939148073022313
17,class_imbalance,strong,"{""majority_classes"":[0,1,8,9],""minority_fraction"":0.2}",raw_softmax,,,,Bag,recall,0.98
17,class_imbalance,strong,"{""majority_classes"":[0,1,8,9],""minority_fraction"":0.2}",raw_softmax,,,,Coat,f1,0.8686868686868687
17,class_imbalance,strong,"{""majority_classes"":[0,1,8,9],""minority_fraction"":0.2}",raw_softmax,,,,Coat,precision,0.8775510204081632
17,class_imbalance,strong,"{""majority_classes"":[0,1,8,9],""minority_fraction"":0.2}",raw_softmax,,,,Coat,recall,0.86
17,class_imbalance,strong,"{""majority_classes"":[0,1,8,9],""minority_fraction"":0.2}",raw_softmax,,,,Dress,f1,0.8920863309352518
17,class_imbalance,strong,"{""majority_classes"":[0,1,8,9],""minority_fraction"":0.2}",raw_softmax,,,,Dress,precision,0.8571428571428571
17,class_imbalance,strong,"{""majority_classes"":[0,1,8,9],""minority_fraction"":0.2}",raw_softmax,,,,Dress,recall,0.93
17,class_imbalance,strong,"{""majority_classes"":[0,1,8,9],""minority_fraction"":0.2}",raw_softmax,,,,Pullover,f1,0.8321167883211679
17,class_imbalance,strong,"{""majority_classes"":[0,1,8,9],""minority_fraction"":0.2}",raw_softmax,,,,Pullover,precision,0.8104265402843602
17,class_imbalance,strong,"{""majority_classes"":[0,1,8,9],""minority_fraction"":0.2}",raw_softmax,,,,Pullover,recall,0.855
17,class_imbalance,strong,"{""majority_classes"":[0,1,8,9],""minority_fraction"":0.2}",raw_softmax,,,,Sandal,f1,0.9627791563275434
17,class_imbalance,strong,"{""majority_classes"":[0,1,8,9],""minority_fraction"":0.2}",raw_softmax,,,,Sandal,precision,0.9556650246305419
17,class_imbalance,strong,"{""majority_classes"":[0,1,8,9],""minority_fraction"":0.2}",raw_softmax,,,,Sandal,recall,0.97
17,class_imbalance,strong,"{""majority_classes"":[0,1,8,9],""minority_fraction"":0.2}",raw_softmax,,,,Shirt,f1,0.6475770925110133
17,class_imbalance,strong,"{""majority_classes"":[0,1,8,9],""minority_fraction"":0.2}",raw_softmax,,,,Shirt,precision,0.5787401574803149
17,class_imbalance,strong,"{""majority_classes"":[0,1,8,9],""minority_fraction"":0.2}",raw_softmax,,,,Shirt,recall,0.735
17,class_imbalance,strong,"{""majority_classes"":[0,1,8,9],""minority_fraction"":0.2}",raw_softmax,,,,Sneaker,f1,0.919047619047619
17,class_imbalance,strong,"{""majority_classes"":[0,1,8,9],""minority_fraction"":0.2}",raw_softmax,,,,Sneaker,precision,0.8772727272727273
17,class_imbalance,strong,"{""majority_classes"":[0,1,8,9],""minority_fraction"":0.2}",raw_softmax,,,,Sneaker,recall,0.965
17,class_imbalance,strong,"{""majority_classes"":[0,1,8,9],""minority_fraction"":0.2}",raw_softmax,,,,T-shirt/top,f1,0.9273570324574961
17,class_imbalance,strong,"{""majority_classes"":[0,1,8,9],""minority_fraction"":0.2}",raw_softmax,,,,T-shirt/top,precision,0.9564293304994687
17,class_imbalance,strong,"{""majority_classes"":[0,1,8,9],""minority_fraction"":0.2}",raw_softmax,,,,T-shirt/top,recall,0.9
17,class_imbalance,strong,"{""majority_classes"":[0,1,8,9],""minority_fraction"":0.2}",raw_softmax,,,,Trouser,f1,0.9914615770969362
17,class_imbalance,strong,"{""majority_classes"":[0,1,8,9],""minority_fraction"":0.2}",raw_softmax,,,,Trouser,precision,0.9959636730575177
17,class_imbalance,strong,"{""majority_classes"":[0,1,8,9],""minority_fraction"":0.2}",raw_softmax,,,,Trouser,recall,0.987
17,class_imbalance,strong,"{""majority_classes"":[0,1,8,9],""minority_fraction"":0.2}",standard_conformal,0.05,,,Ankle boot,average_set_size,1.028
17,class_imbalance,strong,"{""majority_classes"":[0,1,8,9],""minority_fraction"":0.2}",standard_conformal,0.05,,,Ankle boot,coverage,0.986
17,class_imbalance,strong,"{""majority_classes"":[0,1,8,9],""minority_fraction"":0.2}",standard_conformal,0.05,,,Bag,average_set_size,1.007
17,class_imbalance,strong,"{""majority_classes"":[0,1,8,9],""minority_fraction"":0.2}",standard_conformal,0.05,,,Bag,coverage,0.982
17,class_imbalance,strong,"{""majority_classes"":[0,1,8,9],""minority_fraction"":0.2}",standard_conformal,0.05,,,Coat,average_set_size,1.13
17,class_imbalance,strong,"{""majority_classes"":[0,1,8,9],""minority_fraction"":0.2}",standard_conformal,0.05,,,Coat,coverage,0.915
17,class_imbalance,strong,"{""majority_classes"":[0,1,8,9],""minority_fraction"":0.2}",standard_conformal,0.05,,,Dress,average_set_size,1.065
17,class_imbalance,strong,"{""majority_classes"":[0,1,8,9],""minority_fraction"":0.2}",standard_conformal,0.05,,,Dress,coverage,0.95
17,class_imbalance,strong,"{""majority_classes"":[0,1,8,9],""minority_fraction"":0.2}",standard_conformal,0.05,,,Pullover,average_set_size,1.17
17,class_imbalance,strong,"{""majority_classes"":[0,1,8,9],""minority_fraction"":0.2}",standard_conformal,0.05,,,Pullover,coverage,0.905
17,class_imbalance,strong,"{""majority_classes"":[0,1,8,9],""minority_fraction"":0.2}",standard_conformal,0.05,,,Sandal,average_set_size,1.02
17,class_imbalance,strong,"{""majority_classes"":[0,1,8,9],""minority_fraction"":0.2}",standard_conformal,0.05,,,Sandal,coverage,0.98
17,class_imbalance,strong,"{""majority_classes"":[0,1,8,9],""minority_fraction"":0.2}",standard_conformal,0.05,,,Shirt,average_set_size,1.24
17,class_imbalance,strong,"{""majority_classes"":[0,1,8,9],""minority_fraction"":0.2}",standard_conformal,0.05,,,Shirt,coverage,0.83
17,class_imbalance,strong,"{""majority_classes"":[0,1,8,9],""minority_fraction"":0.2}",standard_conformal,0.05,,,Sneaker,average_set_size,1.045
17,class_imbalance,strong,"{""majority_classes"":[0,1,8,9],""minority_fraction"":0.2}",standard_conformal,0.05,,,Sneaker,coverage,0.985
17,class_imbalance,strong,"{""majority_classes"":[0,1,8,9],""minority_fraction"":0.2}",standard_conformal,0.05,,,T-shirt/top,average_set_size,1.132
17,class_imbalance,strong,"{""majority_classes"":[0,1,8,9],""minority_fraction"":0.2}",standard_conformal,0.05,,,T-shirt/top,coverage,0.94
17,class_imbalance,strong,"{""majority_classes"":[0,1,8,9],""minority_fraction"":0.2}",standard_conformal,0.05,,,Trouser,average_set_size,1.008
17,class_imbalance,strong,"{""majority_classes"":[0,1,8,9],""minority_fraction"":0.2}",standard_conformal,0.05,,,Trouser,coverage,0.988
17,class_imbalance,strong,"{""majority_classes"":[0,1,8,9],""minority_fraction"":0.2}",standard_conformal,0.1,,,Ankle boot,average_set_size,0.995
17,class_imbalance,strong,"{""majority_classes"":[0,1,8,9],""minority_fraction"":0.2}",standard_conformal,0.1,,,Ankle boot,coverage,0.973
17,class_imbalance,strong,"{""majority_classes"":[0,1,8,9],""minority_fraction"":0.2}",standard_conformal,0.1,,,Bag,average_set_size,0.988
17,class_imbalance,strong,"{""majority_classes"":[0,1,8,9],""minority_fraction"":0.2}",standard_conformal,0.1,,,Bag,coverage,0.979
17,class_imbalance,strong,"{""majority_classes"":[0,1,8,9],""minority_fraction"":0.2}",standard_conformal,0.1,,,Coat,average_set_size,0.92
17,class_imbalance,strong,"{""majority_classes"":[0,1,8,9],""minority_fraction"":0.2}",standard_conformal,0.1,,,Coat,coverage,0.83
17,class_imbalance,strong,"{""majority_classes"":[0,1,8,9],""minority_fraction"":0.2}",standard_conformal,0.1,,,Dress,average_set_size,0.955
17,class_imbalance,strong,"{""majority_classes"":[0,1,8,9],""minority_fraction"":0.2}",standard_conformal,0.1,,,Dress,coverage,0.91
17,class_imbalance,strong,"{""majority_classes"":[0,1,8,9],""minority_fraction"":0.2}",standard_conformal,0.1,,,Pullover,average_set_size,0.915
17,class_imbalance,strong,"{""majority_classes"":[0,1,8,9],""minority_fraction"":0.2}",standard_conformal,0.1,,,Pullover,coverage,0.815
17,class_imbalance,strong,"{""majority_classes"":[0,1,8,9],""minority_fraction"":0.2}",standard_conformal,0.1,,,Sandal,average_set_size,0.995
17,class_imbalance,strong,"{""majority_classes"":[0,1,8,9],""minority_fraction"":0.2}",standard_conformal,0.1,,,Sandal,coverage,0.97
17,class_imbalance,strong,"{""majority_classes"":[0,1,8,9],""minority_fraction"":0.2}",standard_conformal,0.1,,,Shirt,average_set_size,0.87
17,class_imbalance,strong,"{""majority_classes"":[0,1,8,9],""minority_fraction"":0.2}",standard_conformal,0.1,,,Shirt,coverage,0.67
17,class_imbalance,strong,"{""majority_classes"":[0,1,8,9],""minority_fraction"":0.2}",standard_conformal,0.1,,,Sneaker,average_set_size,0.99
17,class_imbalance,strong,"{""majority_classes"":[0,1,8,9],""minority_fraction"":0.2}",standard_conformal,0.1,,,Sneaker,coverage,0.955
17,class_imbalance,strong,"{""majority_classes"":[0,1,8,9],""minority_fraction"":0.2}",standard_conformal,0.1,,,T-shirt/top,average_set_size,0.945
17,class_imbalance,strong,"{""majority_classes"":[0,1,8,9],""minority_fraction"":0.2}",standard_conformal,0.1,,,T-shirt/top,coverage,0.879
17,class_imbalance,strong,"{""majority_classes"":[0,1,8,9],""minority_fraction"":0.2}",standard_conformal,0.1,,,Trouser,average_set_size,0.99
17,class_imbalance,strong,"{""majority_classes"":[0,1,8,9],""minority_fraction"":0.2}",standard_conformal,0.1,,,Trouser,coverage,0.981
17,class_imbalance,strong,"{""majority_classes"":[0,1,8,9],""minority_fraction"":0.2}",standard_conformal,0.2,,,Ankle boot,average_set_size,0.952
17,class_imbalance,strong,"{""majority_classes"":[0,1,8,9],""minority_fraction"":0.2}",standard_conformal,0.2,,,Ankle boot,coverage,0.945
17,class_imbalance,strong,"{""majority_classes"":[0,1,8,9],""minority_fraction"":0.2}",standard_conformal,0.2,,,Bag,average_set_size,0.97
17,class_imbalance,strong,"{""majority_classes"":[0,1,8,9],""minority_fraction"":0.2}",standard_conformal,0.2,,,Bag,coverage,0.967
17,class_imbalance,strong,"{""majority_classes"":[0,1,8,9],""minority_fraction"":0.2}",standard_conformal,0.2,,,Coat,average_set_size,0.72
17,class_imbalance,strong,"{""majority_classes"":[0,1,8,9],""minority_fraction"":0.2}",standard_conformal,0.2,,,Coat,coverage,0.69
17,class_imbalance,strong,"{""majority_classes"":[0,1,8,9],""minority_fraction"":0.2}",standard_conformal,0.2,,,Dress,average_set_size,0.805
17,class_imbalance,strong,"{""majority_classes"":[0,1,8,9],""minority_fraction"":0.2}",standard_conformal,0.2,,,Dress,coverage,0.8
17,class_imbalance,strong,"{""majority_classes"":[0,1,8,9],""minority_fraction"":0.2}",standard_conformal,0.2,,,Pullover,average_set_size,0.705
17,class_imbalance,strong,"{""majority_classes"":[0,1,8,9],""minority_fraction"":0.2}",standard_conformal,0.2,,,Pullover,coverage,0.665
17,class_imbalance,strong,"{""majority_classes"":[0,1,8,9],""minority_fraction"":0.2}",standard_conformal,0.2,,,Sandal,average_set_size,0.96
17,class_imbalance,strong,"{""majority_classes"":[0,1,8,9],""minority_fraction"":0.2}",standard_conformal,0.2,,,Sandal,coverage,0.94
17,class_imbalance,strong,"{""majority_classes"":[0,1,8,9],""minority_fraction"":0.2}",standard_conformal,0.2,,,Shirt,average_set_size,0.55
17,class_imbalance,strong,"{""majority_classes"":[0,1,8,9],""minority_fraction"":0.2}",standard_conformal,0.2,,,Shirt,coverage,0.48
17,class_imbalance,strong,"{""majority_classes"":[0,1,8,9],""minority_fraction"":0.2}",standard_conformal,0.2,,,Sneaker,average_set_size,0.91
17,class_imbalance,strong,"{""majority_classes"":[0,1,8,9],""minority_fraction"":0.2}",standard_conformal,0.2,,,Sneaker,coverage,0.9
17,class_imbalance,strong,"{""majority_classes"":[0,1,8,9],""minority_fraction"":0.2}",standard_conformal,0.2,,,T-shirt/top,average_set_size,0.717
17,class_imbalance,strong,"{""majority_classes"":[0,1,8,9],""minority_fraction"":0.2}",standard_conformal,0.2,,,T-shirt/top,coverage,0.703
17,class_imbalance,strong,"{""majority_classes"":[0,1,8,9],""minority_fraction"":0.2}",standard_conformal,0.2,,,Trouser,average_set_size,0.973
17,class_imbalance,strong,"{""majority_classes"":[0,1,8,9],""minority_fraction"":0.2}",standard_conformal,0.2,,,Trouser,coverage,0.969
17,clean,clean,{},class_conditional_conformal,0.05,,,Ankle boot,average_set_size,0.97
17,clean,clean,{},class_conditional_conformal,0.05,,,Ankle boot,coverage,0.951
17,clean,clean,{},class_conditional_conformal,0.05,,,Bag,average_set_size,0.987
17,clean,clean,{},class_conditional_conformal,0.05,,,Bag,coverage,0.953
17,clean,clean,{},class_conditional_conformal,0.05,,,Coat,average_set_size,1.408
17,clean,clean,{},class_conditional_conformal,0.05,,,Coat,coverage,0.967
17,clean,clean,{},class_conditional_conformal,0.05,,,Dress,average_set_size,1.176
17,clean,clean,{},class_conditional_conformal,0.05,,,Dress,coverage,0.952
17,clean,clean,{},class_conditional_conformal,0.05,,,Pullover,average_set_size,1.395
17,clean,clean,{},class_conditional_conformal,0.05,,,Pullover,coverage,0.937
17,clean,clean,{},class_conditional_conformal,0.05,,,Sandal,average_set_size,0.964
17,clean,clean,{},class_conditional_conformal,0.05,,,Sandal,coverage,0.953
17,clean,clean,{},class_conditional_conformal,0.05,,,Shirt,average_set_size,1.449
17,clean,clean,{},class_conditional_conformal,0.05,,,Shirt,coverage,0.926
17,clean,clean,{},class_conditional_conformal,0.05,,,Sneaker,average_set_size,0.969
17,clean,clean,{},class_conditional_conformal,0.05,,,Sneaker,coverage,0.953
17,clean,clean,{},class_conditional_conformal,0.05,,,T-shirt/top,average_set_size,1.312
17,clean,clean,{},class_conditional_conformal,0.05,,,T-shirt/top,coverage,0.94
17,clean,clean,{},class_conditional_conformal,0.05,,,Trouser,average_set_size,0.984
17,clean,clean,{},class_conditional_conformal,0.05,,,Trouser,coverage,0.953
17,clean,clean,{},class_conditional_conformal,0.1,,,Ankle boot,average_set_size,0.909
17,clean,clean,{},class_conditional_conformal,0.1,,,Ankle boot,coverage,0.898
17,clean,clean,{},class_conditional_conformal,0.1,,,Bag,average_set_size,0.918
17,clean,clean,{},class_conditional_conformal,0.1,,,Bag,coverage,0.901
17,clean,clean,{},class_conditional_conformal,0.1,,,Coat,average_set_size,1.142
17,clean,clean,{},class_conditional_conformal,0.1,,,Coat,coverage,0.917
17,clean,clean,{},class_conditional_conformal,0.1,,,Dress,average_set_size,0.989
17,clean,clean,{},class_conditional_conformal,0.1,,,Dress,coverage,0.879
17,clean,clean,{},class_conditional_conformal,0.1,,,Pullover,average_set_size,1.143
17,clean,clean,{},class_conditional_conformal,0.1,,,Pullover,coverage,0.886
17,clean,clean,{},class_conditional_conformal,0.1,,,Sandal,average_set_size,0.915
17,clean,clean,{},class_conditional_conformal,0.1,,,Sandal,coverage,0.907
17,clean,clean,{},class_conditional_conformal,0.1,,,Shirt,average_set_size,1.152
17,clean,clean,{},class_conditional_conformal,0.1,,,Shirt,coverage,0.87
17,clean,clean,{},class_conditional_conformal,0.1,,,Sneaker,average_set_size,0.917
17,clean,clean,{},class_conditional_conformal,0.1,,,Sneaker,coverage,0.914
17,clean,clean,{},class_conditional_conformal,0.1,,,T-shirt/top,average_set_size,1.101
17,clean,clean,{},class_conditional_conformal,0.1,,,T-shirt/top,coverage,0.894
17,clean,clean,{},class_conditional_conformal,0.1,,,Trouser,average_set_size,0.922
17,clean,clean,{},class_conditional_conformal,0.1,,,Trouser,coverage,0.91
17,clean,clean,{},class_conditional_conformal,0.2,,,Ankle boot,average_set_size,0.795
17,clean,clean,{},class_conditional_conformal,0.2,,,Ankle boot,coverage,0.793
17,clean,clean,{},class_conditional_conformal,0.2,,,Bag,average_set_size,0.811
17,clean,clean,{},class_conditional_conformal,0.2,,,Bag,coverage,0.805
17,clean,clean,{},class_conditional_conformal,0.2,,,Coat,average_set_size,0.915
17,clean,clean,{},class_conditional_conformal,0.2,,,Coat,coverage,0.814
17,clean,clean,{},class_conditional_conformal,0.2,,,Dress,average_set_size,0.813
17,clean,clean,{},class_conditional_conformal,0.2,,,Dress,coverage,0.77
17,clean,clean,{},class_conditional_conformal,0.2,,,Pullover,average_set_size,0.916
17,clean,clean,{},class_conditional_conformal,0.2,,,Pullover,coverage,0.786
17,clean,clean,{},class_conditional_conformal,0.2,,,Sandal,average_set_size,0.805
17,clean,clean,{},class_conditional_conformal,0.2,,,Sandal,coverage,0.801
17,clean,clean,{},class_conditional_conformal,0.2,,,Shirt,average_set_size,0.9
17,clean,clean,{},class_conditional_conformal,0.2,,,Shirt,coverage,0.779
17,clean,clean,{},class_conditional_conformal,0.2,,,Sneaker,average_set_size,0.813
17,clean,clean,{},class_conditional_conformal,0.2,,,Sneaker,coverage,0.812
17,clean,clean,{},class_conditional_conformal,0.2,,,T-shirt/top,average_set_size,0.909
17,clean,clean,{},class_conditional_conformal,0.2,,,T-shirt/top,coverage,0.812
17,clean,clean,{},class_conditional_conformal,0.2,,,Trouser,average_set_size,0.794
17,clean,clean,{},class_conditional_conformal,0.2,,,Trouser,coverage,0.787
17,clean,clean,{},raw_softmax,,,,Ankle boot,f1,0.9657907783837383
17,clean,clean,{},raw_softmax,,,,Ankle boot,precision,0.9577187807276303
17,clean,clean,{},raw_softmax,,,,Ankle boot,recall,0.974
17,clean,clean,{},raw_softmax,,,,Bag,f1,0.9834420471650778
17,clean,clean,{},raw_softmax,,,,Bag,precision,0.9869083585095669
17,clean,clean,{},raw_softmax,,,,Bag,recall,0.98
17,clean,clean,{},raw_softmax,,,,Coat,f1,0.8622398414271556
17,clean,clean,{},raw_softmax,,,,Coat,precision,0.8546168958742633
17,clean,clean,{},raw_softmax,,,,Coat,recall,0.87
17,clean,clean,{},raw_softmax,,,,Dress,f1,0.9205397301349325
17,clean,clean,{},raw_softmax,,,,Dress,precision,0.9200799200799201
17,clean,clean,{},raw_softmax,,,,Dress,recall,0.921
17,clean,clean,{},raw_softmax,,,,Pullover,f1,0.8643113159242192
17,clean,clean,{},raw_softmax,,,,Pullover,precision,0.8856243441762854
17,clean,clean,{},raw_softmax,,,,Pullover,recall,0.844
17,clean,clean,{},raw_softmax,,,,Sandal,f1,0.9844922461230615
17,clean,clean,{},raw_softmax,,,,Sandal,precision,0.984984984984985
17,clean,clean,{},raw_softmax,,,,Sandal,recall,0.984
17,clean,clean,{},raw_softmax,,,,Shirt,f1,0.7493645144890696
17,clean,clean,{},raw_softmax,,,,Shirt,precision,0.7621509824198552
17,clean,clean,{},raw_softmax,,,,Shirt,recall,0.737
17,clean,clean,{},raw_softmax,,,,Sneaker,f1,0.9607645875251509
17,clean,clean,{},raw_softmax,,,,Sneaker,precision,0.9665991902834008
17,clean,clean,{},raw_softmax,,,,Sneaker,recall,0.955
17,clean,clean,{},raw_softmax,,,,T-shirt/top,f1,0.8704061895551257
17,clean,clean,{},raw_softmax,,,,T-shirt/top,precision,0.8426966292134831
17,clean,clean,{},raw_softmax,,,,T-shirt/top,recall,0.9
17,clean,clean,{},raw_softmax,,,,Trouser,f1,0.9889779559118237
17,clean,clean,{},raw_softmax,,,,Trouser,precision,0.9909638554216867
17,clean,clean,{},raw_softmax,,,,Trouser,recall,0.987
17,clean,clean,{},standard_conformal,0.05,,,Ankle boot,average_set_size,1.028
17,clean,clean,{},standard_conformal,0.05,,,Ankle boot,coverage,0.986
17,clean,clean,{},standard_conformal,0.05,,,Bag,average_set_size,1.007
17,clean,clean,{},standard_conformal,0.05,,,Bag,coverage,0.982
17,clean,clean,{},standard_conformal,0.05,,,Coat,average_set_size,1.158
17,clean,clean,{},standard_conformal,0.05,,,Coat,coverage,0.929
17,clean,clean,{},standard_conformal,0.05,,,Dress,average_set_size,1.086
17,clean,clean,{},standard_conformal,0.05,,,Dress,coverage,0.952
17,clean,clean,{},standard_conformal,0.05,,,Pullover,average_set_size,1.174
17,clean,clean,{},standard_conformal,0.05,,,Pullover,coverage,0.9
17,clean,clean,{},standard_conformal,0.05,,,Sandal,average_set_size,1.015
17,clean,clean,{},standard_conformal,0.05,,,Sandal,coverage,0.989
17,clean,clean,{},standard_conformal,0.05,,,Shirt,average_set_size,1.255
17,clean,clean,{},standard_conformal,0.05,,,Shirt,coverage,0.845
17,clean,clean,{},standard_conformal,0.05,,,Sneaker,average_set_size,1.057
17,clean,clean,{},standard_conformal,0.05,,,Sneaker,coverage,0.978
17,clean,clean,{},standard_conformal,0.05,,,T-shirt/top,average_set_size,1.132
17,clean,clean,{},standard_conformal,0.05,,,T-shirt/top,coverage,0.94
17,clean,clean,{},standard_conformal,0.05,,,Trouser,average_set_size,1.008
17,clean,clean,{},standard_conformal,0.05,,,Trouser,coverage,0.988
17,clean,clean,{},standard_conformal,0.1,,,Ankle boot,average_set_size,0.995
17,clean,clean,{},standard_conformal,0.1,,,Ankle boot,coverage,0.973
17,clean,clean,{},standard_conformal,0.1,,,Bag,average_set_size,0.988
17,clean,clean,{},standard_conformal,0.1,,,Bag,coverage,0.979
17,clean,clean,{},standard_conformal,0.1,,,Coat,average_set_size,0.935
17,clean,clean,{},standard_conformal,0.1,,,Coat,coverage,0.841
17,clean,clean,{},standard_conformal,0.1,,,Dress,average_set_size,0.937
17,clean,clean,{},standard_conformal,0.1,,,Dress,coverage,0.885
17,clean,clean,{},standard_conformal,0.1,,,Pullover,average_set_size,0.915
17,clean,clean,{},standard_conformal,0.1,,,Pullover,coverage,0.805
17,clean,clean,{},standard_conformal,0.1,,,Sandal,average_set_size,0.996
17,clean,clean,{},standard_conformal,0.1,,,Sandal,coverage,0.982
17,clean,clean,{},standard_conformal,0.1,,,Shirt,average_set_size,0.886
17,clean,clean,{},standard_conformal,0.1,,,Shirt,coverage,0.682
17,clean,clean,{},standard_conformal,0.1,,,Sneaker,average_set_size,0.996
17,clean,clean,{},standard_conformal,0.1,,,Sneaker,coverage,0.953
17,clean,clean,{},standard_conformal,0.1,,,T-shirt/top,average_set_size,0.945
17,clean,clean,{},standard_conformal,0.1,,,T-shirt/top,coverage,0.879
17,clean,clean,{},standard_conformal,0.1,,,Trouser,average_set_size,0.99
17,clean,clean,{},standard_conformal,0.1,,,Trouser,coverage,0.981
17,clean,clean,{},standard_conformal,0.2,,,Ankle boot,average_set_size,0.952
17,clean,clean,{},standard_conformal,0.2,,,Ankle boot,coverage,0.945
17,clean,clean,{},standard_conformal,0.2,,,Bag,average_set_size,0.97
17,clean,clean,{},standard_conformal,0.2,,,Bag,coverage,0.967
17,clean,clean,{},standard_conformal,0.2,,,Coat,average_set_size,0.669
17,clean,clean,{},standard_conformal,0.2,,,Coat,coverage,0.646
17,clean,clean,{},standard_conformal,0.2,,,Dress,average_set_size,0.795
17,clean,clean,{},standard_conformal,0.2,,,Dress,coverage,0.788
17,clean,clean,{},standard_conformal,0.2,,,Pullover,average_set_size,0.681
17,clean,clean,{},standard_conformal,0.2,,,Pullover,coverage,0.647
17,clean,clean,{},standard_conformal,0.2,,,Sandal,average_set_size,0.971
17,clean,clean,{},standard_conformal,0.2,,,Sandal,coverage,0.964
17,clean,clean,{},standard_conformal,0.2,,,Shirt,average_set_size,0.534
17,clean,clean,{},standard_conformal,0.2,,,Shirt,coverage,0.468
17,clean,clean,{},standard_conformal,0.2,,,Sneaker,average_set_size,0.893
17,clean,clean,{},standard_conformal,0.2,,,Sneaker,coverage,0.881
17,clean,clean,{},standard_conformal,0.2,,,T-shirt/top,average_set_size,0.717
17,clean,clean,{},standard_conformal,0.2,,,T-shirt/top,coverage,0.703
17,clean,clean,{},standard_conformal,0.2,,,Trouser,average_set_size,0.973
17,clean,clean,{},standard_conformal,0.2,,,Trouser,coverage,0.969
17,gaussian_blur,medium,"{""sigma"":1.0}",class_conditional_conformal,0.05,,,Ankle boot,average_set_size,0.947
17,gaussian_blur,medium,"{""sigma"":1.0}",class_conditional_conformal,0.05,,,Ankle boot,coverage,0.94
17,gaussian_blur,medium,"{""sigma"":1.0}",class_conditional_conformal,0.05,,,Bag,average_set_size,0.908
17,gaussian_blur,medium,"{""sigma"":1.0}",class_conditional_conformal,0.05,,,Bag,coverage,0.826
17,gaussian_blur,medium,"{""sigma"":1.0}",class_conditional_conformal,0.05,,,Coat,average_set_size,1.883
17,gaussian_blur,medium,"{""sigma"":1.0}",class_conditional_conformal,0.05,,,Coat,coverage,0.978
17,gaussian_blur,medium,"{""sigma"":1.0}",class_conditional_conformal,0.05,,,Dress,average_set_size,1.222
17,gaussian_blur,medium,"{""sigma"":1.0}",class_conditional_conformal,0.05,,,Dress,coverage,0.934
17,gaussian_blur,medium,"{""sigma"":1.0}",class_conditional_conformal,0.05,,,Pullover,average_set_size,2.116
17,gaussian_blur,medium,"{""sigma"":1.0}",class_conditional_conformal,0.05,,,Pullover,coverage,0.973
17,gaussian_blur,medium,"{""sigma"":1.0}",class_conditional_conformal,0.05,,,Sandal,average_set_size,0.817
17,gaussian_blur,medium,"{""sigma"":1.0}",class_conditional_conformal,0.05,,,Sandal,coverage,0.757
17,gaussian_blur,medium,"{""sigma"":1.0}",class_conditional_conformal,0.05,,,Shirt,average_set_size,1.951
17,gaussian_blur,medium,"{""sigma"":1.0}",class_conditional_conformal,0.05,,,Shirt,coverage,0.91
17,gaussian_blur,medium,"{""sigma"":1.0}",class_conditional_conformal,0.05,,,Sneaker,average_set_size,0.895
17,gaussian_blur,medium,"{""sigma"":1.0}",class_conditional_conformal,0.05,,,Sneaker,coverage,0.883
17,gaussian_blur,medium,"{""sigma"":1.0}",class_conditional_conformal,0.05,,,T-shirt/top,average_set_size,1.445
17,gaussian_blur,medium,"{""sigma"":1.0}",class_conditional_conformal,0.05,,,T-shirt/top,coverage,0.935
17,gaussian_blur,medium,"{""sigma"":1.0}",class_conditional_conformal,0.05,,,Trouser,average_set_size,0.856
17,gaussian_blur,medium,"{""sigma"":1.0}",class_conditional_conformal,0.05,,,Trouser,coverage,0.803
17,gaussian_blur,medium,"{""sigma"":1.0}",class_conditional_conformal,0.1,,,Ankle boot,average_set_size,0.772
17,gaussian_blur,medium,"{""sigma"":1.0}",class_conditional_conformal,0.1,,,Ankle boot,coverage,0.771
17,gaussian_blur,medium,"{""sigma"":1.0}",class_conditional_conformal,0.1,,,Bag,average_set_size,0.408
17,gaussian_blur,medium,"{""sigma"":1.0}",class_conditional_conformal,0.1,,,Bag,coverage,0.394
17,gaussian_blur,medium,"{""sigma"":1.0}",class_conditional_conformal,0.1,,,Coat,average_set_size,1.18
17,gaussian_blur,medium,"{""sigma"":1.0}",class_conditional_conformal,0.1,,,Coat,coverage,0.904
17,gaussian_blur,medium,"{""sigma"":1.0}",class_conditional_conformal,0.1,,,Dress,average_set_size,0.874
17,gaussian_blur,medium,"{""sigma"":1.0}",class_conditional_conformal,0.1,,,Dress,coverage,0.795
17,gaussian_blur,medium,"{""sigma"":1.0}",class_conditional_conformal,0.1,,,Pullover,average_set_size,1.325
17,gaussian_blur,medium,"{""sigma"":1.0}",class_conditional_conformal,0.1,,,Pullover,coverage,0.829
17,gaussian_blur,medium,"{""sigma"":1.0}",class_conditional_conformal,0.1,,,Sandal,average_set_size,0.556
17,gaussian_blur,medium,"{""sigma"":1.0}",class_conditional_conformal,0.1,,,Sandal,coverage,0.544
17,gaussian_blur,medium,"{""sigma"":1.0}",class_conditional_conformal,0.1,,,Shirt,average_set_size,1.203
17,gaussian_blur,medium,"{""sigma"":1.0}",class_conditional_conformal,0.1,,,Shirt,coverage,0.768
17,gaussian_blur,medium,"{""sigma"":1.0}",class_conditional_conformal,0.1,,,Sneaker,average_set_size,0.716
17,gaussian_blur,medium,"{""sigma"":1.0}",class_conditional_conformal,0.1,,,Sneaker,coverage,0.716
17,gaussian_blur,medium,"{""sigma"":1.0}",class_conditional_conformal,0.1,,,T-shirt/top,average_set_size,1.03
17,gaussian_blur,medium,"{""sigma"":1.0}",class_conditional_conformal,0.1,,,T-shirt/top,coverage,0.845
17,gaussian_blur,medium,"{""sigma"":1.0}",class_conditional_conformal,0.1,,,Trouser,average_set_size,0.28
17,gaussian_blur,medium,"{""sigma"":1.0}",class_conditional_conformal,0.1,,,Trouser,coverage,0.264
17,gaussian_blur,medium,"{""sigma"":1.0}",class_conditional_conformal,0.2,,,Ankle boot,average_set_size,0.327
17,gaussian_blur,medium,"{""sigma"":1.0}",class_conditional_conformal,0.2,,,Ankle boot,coverage,0.326
17,gaussian_blur,medium,"{""sigma"":1.0}",class_conditional_conformal,0.2,,,Bag,average_set_size,0.061
17,gaussian_blur,medium,"{""sigma"":1.0}",class_conditional_conformal,0.2,,,Bag,coverage,0.057
17,gaussian_blur,medium,"{""sigma"":1.0}",class_conditional_conformal,0.2,,,Coat,average_set_size,0.652
17,gaussian_blur,medium,"{""sigma"":1.0}",class_conditional_conformal,0.2,,,Coat,coverage,0.606
17,gaussian_blur,medium,"{""sigma"":1.0}",class_conditional_conformal,0.2,,,Dress,average_set_size,0.48
17,gaussian_blur,medium,"{""sigma"":1.0}",class_conditional_conformal,0.2,,,Dress,coverage,0.467
17,gaussian_blur,medium,"{""sigma"":1.0}",class_conditional_conformal,0.2,,,Pullover,average_set_size,0.6
17,gaussian_blur,medium,"{""sigma"":1.0}",class_conditional_conformal,0.2,,,Pullover,coverage,0.479
17,gaussian_blur,medium,"{""sigma"":1.0}",class_conditional_conformal,0.2,,,Sandal,average_set_size,0.25
17,gaussian_blur,medium,"{""sigma"":1.0}",class_conditional_conformal,0.2,,,Sandal,coverage,0.249
17,gaussian_blur,medium,"{""sigma"":1.0}",class_conditional_conformal,0.2,,,Shirt,average_set_size,0.63
17,gaussian_blur,medium,"{""sigma"":1.0}",class_conditional_conformal,0.2,,,Shirt,coverage,0.476
17,gaussian_blur,medium,"{""sigma"":1.0}",class_conditional_conformal,0.2,,,Sneaker,average_set_size,0.468
17,gaussian_blur,medium,"{""sigma"":1.0}",class_conditional_conformal,0.2,,,Sneaker,coverage,0.468
17,gaussian_blur,medium,"{""sigma"":1.0}",class_conditional_conformal,0.2,,,T-shirt/top,average_set_size,0.776
17,gaussian_blur,medium,"{""sigma"":1.0}",class_conditional_conformal,0.2,,,T-shirt/top,coverage,0.728
17,gaussian_blur,medium,"{""sigma"":1.0}",class_conditional_conformal,0.2,,,Trouser,average_set_size,0.005
17,gaussian_blur,medium,"{""sigma"":1.0}",class_conditional_conformal,0.2,,,Trouser,coverage,0.002
17,gaussian_blur,medium,"{""sigma"":1.0}",raw_softmax,,,,Ankle boot,f1,0.936757013789824
17,gaussian_blur,medium,"{""sigma"":1.0}",raw_softmax,,,,Ankle boot,precision,0.8930190389845875
17,gaussian_blur,medium,"{""sigma"":1.0}",raw_softmax,,,,Ankle boot,recall,0.985
17,gaussian_blur,medium,"{""sigma"":1.0}",raw_softmax,,,,Bag,f1,0.9769539078156313
17,gaussian_blur,medium,"{""sigma"":1.0}",raw_softmax,,,,Bag,precision,0.9789156626506024
17,gaussian_blur,medium,"{""sigma"":1.0}",raw_softmax,,,,Bag,recall,0.975
17,gaussian_blur,medium,"{""sigma"":1.0}",raw_softmax,,,,Coat,f1,0.8026070763500931
17,gaussian_blur,medium,"{""sigma"":1.0}",raw_softmax,,,,Coat,precision,0.7508710801393729
17,gaussian_blur,medium,"{""sigma"":1.0}",raw_softmax,,,,Coat,recall,0.862
17,gaussian_blur,medium,"{""sigma"":1.0}",raw_softmax,,,,Dress,f1,0.8730916030534351
17,gaussian_blur,medium,"{""sigma"":1.0}",raw_softmax,,,,Dress,precision,0.8348540145985401
17,gaussian_blur,medium,"{""sigma"":1.0}",raw_softmax,,,,Dress,recall,0.915
17,gaussian_blur,medium,"{""sigma"":1.0}",raw_softmax,,,,Pullover,f1,0.7997875730217737
17,gaussian_blur,medium,"{""sigma"":1.0}",raw_softmax,,,,Pullover,precision,0.8527746319365799
17,gaussian_blur,medium,"{""sigma"":1.0}",raw_softmax,,,,Pullover,recall,0.753
17,gaussian_blur,medium,"{""sigma"":1.0}",raw_softmax,,,,Sandal,f1,0.9435736677115988
17,gaussian_blur,medium,"{""sigma"":1.0}",raw_softmax,,,,Sandal,precision,0.9879649890590809
17,gaussian_blur,medium,"{""sigma"":1.0}",raw_softmax,,,,Sandal,recall,0.903
17,gaussian_blur,medium,"{""sigma"":1.0}",raw_softmax,,,,Shirt,f1,0.5988023952095808
17,gaussian_blur,medium,"{""sigma"":1.0}",raw_softmax,,,,Shirt,precision,0.746268656716418
17,gaussian_blur,medium,"{""sigma"":1.0}",raw_softmax,,,,Shirt,recall,0.5
17,gaussian_blur,medium,"{""sigma"":1.0}",raw_softmax,,,,Sneaker,f1,0.9295065458207452
17,gaussian_blur,medium,"{""sigma"":1.0}",raw_softmax,,,,Sneaker,precision,0.936105476673428
17,gaussian_blur,medium,"{""sigma"":1.0}",raw_softmax,,,,Sneaker,recall,0.923
17,gaussian_blur,medium,"{""sigma"":1.0}",raw_softmax,,,,T-shirt/top,f1,0.8126696832579186
17,gaussian_blur,medium,"{""sigma"":1.0}",raw_softmax,,,,T-shirt/top,precision,0.7421487603305785
17,gaussian_blur,medium,"{""sigma"":1.0}",raw_softmax,,,,T-shirt/top,recall,0.898
17,gaussian_blur,medium,"{""sigma"":1.0}",raw_softmax,,,,Trouser,f1,0.9769307923771314
17,gaussian_blur,medium,"{""sigma"":1.0}",raw_softmax,,,,Trouser,precision,0.9798792756539235
17,gaussian_blur,medium,"{""sigma"":1.0}",raw_softmax,,,,Trouser,recall,0.974
17,gaussian_blur,medium,"{""sigma"":1.0}",standard_conformal,0.05,,,Ankle boot,average_set_size,1.045
17,gaussian_blur,medium,"{""sigma"":1.0}",standard_conformal,0.05,,,Ankle boot,coverage,0.997
17,gaussian_blur,medium,"{""sigma"":1.0}",standard_conformal,0.05,,,Bag,average_set_size,1.005
17,gaussian_blur,medium,"{""sigma"":1.0}",standard_conformal,0.05,,,Bag,coverage,0.977
17,gaussian_blur,medium,"{""sigma"":1.0}",standard_conformal,0.05,,,Coat,average_set_size,1.247
17,gaussian_blur,medium,"{""sigma"":1.0}",standard_conformal,0.05,,,Coat,coverage,0.925
17,gaussian_blur,medium,"{""sigma"":1.0}",standard_conformal,0.05,,,Dress,average_set_size,1.089
17,gaussian_blur,medium,"{""sigma"":1.0}",standard_conformal,0.05,,,Dress,coverage,0.934
17,gaussian_blur,medium,"{""sigma"":1.0}",standard_conformal,0.05,,,Pullover,average_set_size,1.301
17,gaussian_blur,medium,"{""sigma"":1.0}",standard_conformal,0.05,,,Pullover,coverage,0.869
17,gaussian_blur,medium,"{""sigma"":1.0}",standard_conformal,0.05,,,Sandal,average_set_size,1.08
17,gaussian_blur,medium,"{""sigma"":1.0}",standard_conformal,0.05,,,Sandal,coverage,0.938
17,gaussian_blur,medium,"{""sigma"":1.0}",standard_conformal,0.05,,,Shirt,average_set_size,1.33
17,gaussian_blur,medium,"{""sigma"":1.0}",standard_conformal,0.05,,,Shirt,coverage,0.66
17,gaussian_blur,medium,"{""sigma"":1.0}",standard_conformal,0.05,,,Sneaker,average_set_size,1.193
17,gaussian_blur,medium,"{""sigma"":1.0}",standard_conformal,0.05,,,Sneaker,coverage,0.977
17,gaussian_blur,medium,"{""sigma"":1.0}",standard_conformal,0.05,,,T-shirt/top,average_set_size,1.128
17,gaussian_blur,medium,"{""sigma"":1.0}",standard_conformal,0.05,,,T-shirt/top,coverage,0.934
17,gaussian_blur,medium,"{""sigma"":1.0}",standard_conformal,0.05,,,Trouser,average_set_size,1.01
17,gaussian_blur,medium,"{""sigma"":1.0}",standard_conformal,0.05,,,Trouser,coverage,0.974
17,gaussian_blur,medium,"{""sigma"":1.0}",standard_conformal,0.1,,,Ankle boot,average_set_size,0.993
17,gaussian_blur,medium,"{""sigma"":1.0}",standard_conformal,0.1,,,Ankle boot,coverage,0.984
17,gaussian_blur,medium,"{""sigma"":1.0}",standard_conformal,0.1,,,Bag,average_set_size,0.958
17,gaussian_blur,medium,"{""sigma"":1.0}",standard_conformal,0.1,,,Bag,coverage,0.95
17,gaussian_blur,medium,"{""sigma"":1.0}",standard_conformal,0.1,,,Coat,average_set_size,0.751
17,gaussian_blur,medium,"{""sigma"":1.0}",standard_conformal,0.1,,,Coat,coverage,0.708
17,gaussian_blur,medium,"{""sigma"":1.0}",standard_conformal,0.1,,,Dress,average_set_size,0.847
17,gaussian_blur,medium,"{""sigma"":1.0}",standard_conformal,0.1,,,Dress,coverage,0.815
17,gaussian_blur,medium,"{""sigma"":1.0}",standard_conformal,0.1,,,Pullover,average_set_size,0.661
17,gaussian_blur,medium,"{""sigma"":1.0}",standard_conformal,0.1,,,Pullover,coverage,0.56
17,gaussian_blur,medium,"{""sigma"":1.0}",standard_conformal,0.1,,,Sandal,average_set_size,0.963
17,gaussian_blur,medium,"{""sigma"":1.0}",standard_conformal,0.1,,,Sandal,coverage,0.887
17,gaussian_blur,medium,"{""sigma"":1.0}",standard_conformal,0.1,,,Shirt,average_set_size,0.534
17,gaussian_blur,medium,"{""sigma"":1.0}",standard_conformal,0.1,,,Shirt,coverage,0.286
17,gaussian_blur,medium,"{""sigma"":1.0}",standard_conformal,0.1,,,Sneaker,average_set_size,0.946
17,gaussian_blur,medium,"{""sigma"":1.0}",standard_conformal,0.1,,,Sneaker,coverage,0.89
17,gaussian_blur,medium,"{""sigma"":1.0}",standard_conformal,0.1,,,T-shirt/top,average_set_size,0.827
17,gaussian_blur,medium,"{""sigma"":1.0}",standard_conformal,0.1,,,T-shirt/top,coverage,0.811
17,gaussian_blur,medium,"{""sigma"":1.0}",standard_conformal,0.1,,,Trouser,average_set_size,0.975
17,gaussian_blur,medium,"{""sigma"":1.0}",standard_conformal,0.1,,,Trouser,coverage,0.961
17,gaussian_blur,medium,"{""sigma"":1.0}",standard_conformal,0.2,,,Ankle boot,average_set_size,0.918
17,gaussian_blur,medium,"{""sigma"":1.0}",standard_conformal,0.2,,,Ankle boot,coverage,0.918
17,gaussian_blur,medium,"{""sigma"":1.0}",standard_conformal,0.2,,,Bag,average_set_size,0.898
17,gaussian_blur,medium,"{""sigma"":1.0}",standard_conformal,0.2,,,Bag,coverage,0.897
17,gaussian_blur,medium,"{""sigma"":1.0}",standard_conformal,0.2,,,Coat,average_set_size,0.181
17,gaussian_blur,medium,"{""sigma"":1.0}",standard_conformal,0.2,,,Coat,coverage,0.179
17,gaussian_blur,medium,"{""sigma"":1.0}",standard_conformal,0.2,,,Dress,average_set_size,0.534
17,gaussian_blur,medium,"{""sigma"":1.0}",standard_conformal,0.2,,,Dress,coverage,0.532
17,gaussian_blur,medium,"{""sigma"":1.0}",standard_conformal,0.2,,,Pullover,average_set_size,0.088
17,gaussian_blur,medium,"{""sigma"":1.0}",standard_conformal,0.2,,,Pullover,coverage,0.085
17,gaussian_blur,medium,"{""sigma"":1.0}",standard_conformal,0.2,,,Sandal,average_set_size,0.811
17,gaussian_blur,medium,"{""sigma"":1.0}",standard_conformal,0.2,,,Sandal,coverage,0.792
17,gaussian_blur,medium,"{""sigma"":1.0}",standard_conformal,0.2,,,Shirt,average_set_size,0.141
17,gaussian_blur,medium,"{""sigma"":1.0}",standard_conformal,0.2,,,Shirt,coverage,0.092
17,gaussian_blur,medium,"{""sigma"":1.0}",standard_conformal,0.2,,,Sneaker,average_set_size,0.638
17,gaussian_blur,medium,"{""sigma"":1.0}",standard_conformal,0.2,,,Sneaker,coverage,0.634
17,gaussian_blur,medium,"{""sigma"":1.0}",standard_conformal,0.2,,,T-shirt/top,average_set_size,0.585
17,gaussian_blur,medium,"{""sigma"":1.0}",standard_conformal,0.2,,,T-shirt/top,coverage,0.581
17,gaussian_blur,medium,"{""sigma"":1.0}",standard_conformal,0.2,,,Trouser,average_set_size,0.931
17,gaussian_blur,medium,"{""sigma"":1.0}",standard_conformal,0.2,,,Trouser,coverage,0.926
17,gaussian_blur,mild,"{""sigma"":0.5}",class_conditional_conformal,0.05,,,Ankle boot,average_set_size,0.968
17,gaussian_blur,mild,"{""sigma"":0.5}",class_conditional_conformal,0.05,,,Ankle boot,coverage,0.953
17,gaussian_blur,mild,"{""sigma"":0.5}",class_conditional_conformal,0.05,,,Bag,average_set_size,0.987
17,gaussian_blur,mild,"{""sigma"":0.5}",class_conditional_conformal,0.05,,,Bag,coverage,0.939
17,gaussian_blur,mild,"{""sigma"":0.5}",class_conditional_conformal,0.05,,,Coat,average_set_size,1.473
17,gaussian_blur,mild,"{""sigma"":0.5}",class_conditional_conformal,0.05,,,Coat,coverage,0.978
17,gaussian_blur,mild,"{""sigma"":0.5}",class_conditional_conformal,0.05,,,Dress,average_set_size,1.191
17,gaussian_blur,mild,"{""sigma"":0.5}",class_conditional_conformal,0.05,,,Dress,coverage,0.951
17,gaussian_blur,mild,"{""sigma"":0.5}",class_conditional_conformal,0.05,,,Pullover,average_set_size,1.462
17,gaussian_blur,mild,"{""sigma"":0.5}",class_conditional_conformal,0.05,,,Pullover,coverage,0.958
17,gaussian_blur,mild,"{""sigma"":0.5}",class_conditional_conformal,0.05,,,Sandal,average_set_size,0.954
17,gaussian_blur,mild,"{""sigma"":0.5}",class_conditional_conformal,0.05,,,Sandal,coverage,0.934
17,gaussian_blur,mild,"{""sigma"":0.5}",class_conditional_conformal,0.05,,,Shirt,average_set_size,1.577
17,gaussian_blur,mild,"{""sigma"":0.5}",class_conditional_conformal,0.05,,,Shirt,coverage,0.92
17,gaussian_blur,mild,"{""sigma"":0.5}",class_conditional_conformal,0.05,,,Sneaker,average_set_size,0.953
17,gaussian_blur,mild,"{""sigma"":0.5}",class_conditional_conformal,0.05,,,Sneaker,coverage,0.942
17,gaussian_blur,mild,"{""sigma"":0.5}",class_conditional_conformal,0.05,,,T-shirt/top,average_set_size,1.315
17,gaussian_blur,mild,"{""sigma"":0.5}",class_conditional_conformal,0.05,,,T-shirt/top,coverage,0.944
17,gaussian_blur,mild,"{""sigma"":0.5}",class_conditional_conformal,0.05,,,Trouser,average_set_size,0.985
17,gaussian_blur,mild,"{""sigma"":0.5}",class_conditional_conformal,0.05,,,Trouser,coverage,0.951
17,gaussian_blur,mild,"{""sigma"":0.5}",class_conditional_conformal,0.1,,,Ankle boot,average_set_size,0.881
17,gaussian_blur,mild,"{""sigma"":0.5}",class_conditional_conformal,0.1,,,Ankle boot,coverage,0.877
17,gaussian_blur,mild,"{""sigma"":0.5}",class_conditional_conformal,0.1,,,Bag,average_set_size,0.851
17,gaussian_blur,mild,"{""sigma"":0.5}",class_conditional_conformal,0.1,,,Bag,coverage,0.837
17,gaussian_blur,mild,"{""sigma"":0.5}",class_conditional_conformal,0.1,,,Coat,average_set_size,1.147
17,gaussian_blur,mild,"{""sigma"":0.5}",class_conditional_conformal,0.1,,,Coat,coverage,0.934
17,gaussian_blur,mild,"{""sigma"":0.5}",class_conditional_conformal,0.1,,,Dress,average_set_size,0.97
17,gaussian_blur,mild,"{""sigma"":0.5}",class_conditional_conformal,0.1,,,Dress,coverage,0.873
17,gaussian_blur,mild,"{""sigma"":0.5}",class_conditional_conformal,0.1,,,Pullover,average_set_size,1.161
17,gaussian_blur,mild,"{""sigma"":0.5}",class_conditional_conformal,0.1,,,Pullover,coverage,0.893
17,gaussian_blur,mild,"{""sigma"":0.5}",class_conditional_conformal,0.1,,,Sandal,average_set_size,0.854
17,gaussian_blur,mild,"{""sigma"":0.5}",class_conditional_conformal,0.1,,,Sandal,coverage,0.847
17,gaussian_blur,mild,"{""sigma"":0.5}",class_conditional_conformal,0.1,,,Shirt,average_set_size,1.191
17,gaussian_blur,mild,"{""sigma"":0.5}",class_conditional_conformal,0.1,,,Shirt,coverage,0.843
17,gaussian_blur,mild,"{""sigma"":0.5}",class_conditional_conformal,0.1,,,Sneaker,average_set_size,0.881
17,gaussian_blur,mild,"{""sigma"":0.5}",class_conditional_conformal,0.1,,,Sneaker,coverage,0.878
17,gaussian_blur,mild,"{""sigma"":0.5}",class_conditional_conformal,0.1,,,T-shirt/top,average_set_size,1.088
17,gaussian_blur,mild,"{""sigma"":0.5}",class_conditional_conformal,0.1,,,T-shirt/top,coverage,0.907
17,gaussian_blur,mild,"{""sigma"":0.5}",class_conditional_conformal,0.1,,,Trouser,average_set_size,0.894
17,gaussian_blur,mild,"{""sigma"":0.5}",class_conditional_conformal,0.1,,,Trouser,coverage,0.883
17,gaussian_blur,mild,"{""sigma"":0.5}",class_conditional_conformal,0.2,,,Ankle boot,average_set_size,0.744
17,gaussian_blur,mild,"{""sigma"":0.5}",class_conditional_conformal,0.2,,,Ankle boot,coverage,0.743
17,gaussian_blur,mild,"{""sigma"":0.5}",class_conditional_conformal,0.2,,,Bag,average_set_size,0.668
17,gaussian_blur,mild,"{""sigma"":0.5}",class_conditional_conformal,0.2,,,Bag,coverage,0.666
17,gaussian_blur,mild,"{""sigma"":0.5}",class_conditional_conformal,0.2,,,Coat,average_set_size,0.896
17,gaussian_blur,mild,"{""sigma"":0.5}",class_conditional_conformal,0.2,,,Coat,coverage,0.816
17,gaussian_blur,mild,"{""sigma"":0.5}",class_conditional_conformal,0.2,,,Dress,average_set_size,0.77
17,gaussian_blur,mild,"{""sigma"":0.5}",class_conditional_conformal,0.2,,,Dress,coverage,0.736
17,gaussian_blur,mild,"{""sigma"":0.5}",class_conditional_conformal,0.2,,,Pullover,average_set_size,0.877
17,gaussian_blur,mild,"{""sigma"":0.5}",class_conditional_conformal,0.2,,,Pullover,coverage,0.767
17,gaussian_blur,mild,"{""sigma"":0.5}",class_conditional_conformal,0.2,,,Sandal,average_set_size,0.684
17,gaussian_blur,mild,"{""sigma"":0.5}",class_conditional_conformal,0.2,,,Sandal,coverage,0.683
17,gaussian_blur,mild,"{""sigma"":0.5}",class_conditional_conformal,0.2,,,Shirt,average_set_size,0.866
17,gaussian_blur,mild,"{""sigma"":0.5}",class_conditional_conformal,0.2,,,Shirt,coverage,0.716
17,gaussian_blur,mild,"{""sigma"":0.5}",class_conditional_conformal,0.2,,,Sneaker,average_set_size,0.745
17,gaussian_blur,mild,"{""sigma"":0.5}",class_conditional_conformal,0.2,,,Sneaker,coverage,0.744
17,gaussian_blur,mild,"{""sigma"":0.5}",class_conditional_conformal,0.2,,,T-shirt/top,average_set_size,0.89
17,gaussian_blur,mild,"{""sigma"":0.5}",class_conditional_conformal,0.2,,,T-shirt/top,coverage,0.812
17,gaussian_blur,mild,"{""sigma"":0.5}",class_conditional_conformal,0.2,,,Trouser,average_set_size,0.655
17,gaussian_blur,mild,"{""sigma"":0.5}",class_conditional_conformal,0.2,,,Trouser,coverage,0.652
17,gaussian_blur,mild,"{""sigma"":0.5}",raw_softmax,,,,Ankle boot,f1,0.9655511811023622
17,gaussian_blur,mild,"{""sigma"":0.5}",raw_softmax,,,,Ankle boot,precision,0.9505813953488372
17,gaussian_blur,mild,"{""sigma"":0.5}",raw_softmax,,,,Ankle boot,recall,0.981
17,gaussian_blur,mild,"{""sigma"":0.5}",raw_softmax,,,,Bag,f1,0.9829488465396189
17,gaussian_blur,mild,"{""sigma"":0.5}",raw_softmax,,,,Bag,precision,0.9859154929577465
17,gaussian_blur,mild,"{""sigma"":0.5}",raw_softmax,,,,Bag,recall,0.98
17,gaussian_blur,mild,"{""sigma"":0.5}",raw_softmax,,,,Coat,f1,0.859086491739553
17,gaussian_blur,mild,"{""sigma"":0.5}",raw_softmax,,,,Coat,precision,0.8355387523629489
17,gaussian_blur,mild,"{""sigma"":0.5}",raw_softmax,,,,Coat,recall,0.884
17,gaussian_blur,mild,"{""sigma"":0.5}",raw_softmax,,,,Dress,f1,0.916583912611718
17,gaussian_blur,mild,"{""sigma"":0.5}",raw_softmax,,,,Dress,precision,0.9102564102564102
17,gaussian_blur,mild,"{""sigma"":0.5}",raw_softmax,,,,Dress,recall,0.923
17,gaussian_blur,mild,"{""sigma"":0.5}",raw_softmax,,,,Pullover,f1,0.86414708886619
17,gaussian_blur,mild,"{""sigma"":0.5}",raw_softmax,,,,Pullover,precision,0.8830897703549061
17,gaussian_blur,mild,"{""sigma"":0.5}",raw_softmax,,,,Pullover,recall,0.846
17,gaussian_blur,mild,"{""sigma"":0.5}",raw_softmax,,,,Sandal,f1,0.9788519637462235
17,gaussian_blur,mild,"{""sigma"":0.5}",raw_softmax,,,,Sandal,precision,0.9858012170385395
17,gaussian_blur,mild,"{""sigma"":0.5}",raw_softmax,,,,Sandal,recall,0.972
17,gaussian_blur,mild,"{""sigma"":0.5}",raw_softmax,,,,Shirt,f1,0.7225244831338411
17,gaussian_blur,mild,"{""sigma"":0.5}",raw_softmax,,,,Shirt,precision,0.7923627684964201
17,gaussian_blur,mild,"{""sigma"":0.5}",raw_softmax,,,,Shirt,recall,0.664
17,gaussian_blur,mild,"{""sigma"":0.5}",raw_softmax,,,,Sneaker,f1,0.9587109768378651
17,gaussian_blur,mild,"{""sigma"":0.5}",raw_softmax,,,,Sneaker,precision,0.9655172413793104
17,gaussian_blur,mild,"{""sigma"":0.5}",raw_softmax,,,,Sneaker,recall,0.952
17,gaussian_blur,mild,"{""sigma"":0.5}",raw_softmax,,,,T-shirt/top,f1,0.8575445173383318
17,gaussian_blur,mild,"{""sigma"":0.5}",raw_softmax,,,,T-shirt/top,precision,0.8068783068783069
17,gaussian_blur,mild,"{""sigma"":0.5}",raw_softmax,,,,T-shirt/top,recall,0.915
17,gaussian_blur,mild,"{""sigma"":0.5}",raw_softmax,,,,Trouser,f1,0.985
17,gaussian_blur,mild,"{""sigma"":0.5}",raw_softmax,,,,Trouser,precision,0.985
17,gaussian_blur,mild,"{""sigma"":0.5}",raw_softmax,,,,Trouser,recall,0.985
17,gaussian_blur,mild,"{""sigma"":0.5}",standard_conformal,0.05,,,Ankle boot,average_set_size,1.033
17,gaussian_blur,mild,"{""sigma"":0.5}",standard_conformal,0.05,,,Ankle boot,coverage,0.992
17,gaussian_blur,mild,"{""sigma"":0.5}",standard_conformal,0.05,,,Bag,average_set_size,1.011
17,gaussian_blur,mild,"{""sigma"":0.5}",standard_conformal,0.05,,,Bag,coverage,0.981
17,gaussian_blur,mild,"{""sigma"":0.5}",standard_conformal,0.05,,,Coat,average_set_size,1.165
17,gaussian_blur,mild,"{""sigma"":0.5}",standard_conformal,0.05,,,Coat,coverage,0.941
17,gaussian_blur,mild,"{""sigma"":0.5}",standard_conformal,0.05,,,Dress,average_set_size,1.079
17,gaussian_blur,mild,"{""sigma"":0.5}",standard_conformal,0.05,,,Dress,coverage,0.951
17,gaussian_blur,mild,"{""sigma"":0.5}",standard_conformal,0.05,,,Pullover,average_set_size,1.181
17,gaussian_blur,mild,"{""sigma"":0.5}",standard_conformal,0.05,,,Pullover,coverage,0.906
17,gaussian_blur,mild,"{""sigma"":0.5}",standard_conformal,0.05,,,Sandal,average_set_size,1.029
17,gaussian_blur,mild,"{""sigma"":0.5}",standard_conformal,0.05,,,Sandal,coverage,0.983
17,gaussian_blur,mild,"{""sigma"":0.5}",standard_conformal,0.05,,,Shirt,average_set_size,1.3
17,gaussian_blur,mild,"{""sigma"":0.5}",standard_conformal,0.05,,,Shirt,coverage,0.79
17,gaussian_blur,mild,"{""sigma"":0.5}",standard_conformal,0.05,,,Sneaker,average_set_size,1.086
17,gaussian_blur,mild,"{""sigma"":0.5}",standard_conformal,0.05,,,Sneaker,coverage,0.981
17,gaussian_blur,mild,"{""sigma"":0.5}",standard_conformal,0.05,,,T-shirt/top,average_set_size,1.112
17,gaussian_blur,mild,"{""sigma"":0.5}",standard_conformal,0.05,,,T-shirt/top,coverage,0.942
17,gaussian_blur,mild,"{""sigma"":0.5}",standard_conformal,0.05,,,Trouser,average_set_size,1.012
17,gaussian_blur,mild,"{""sigma"":0.5}",standard_conformal,0.05,,,Trouser,coverage,0.989
17,gaussian_blur,mild,"{""sigma"":0.5}",standard_conformal,0.1,,,Ankle boot,average_set_size,0.997
17,gaussian_blur,mild,"{""sigma"":0.5}",standard_conformal,0.1,,,Ankle boot,coverage,0.979
17,gaussian_blur,mild,"{""sigma"":0.5}",standard_conformal,0.1,,,Bag,average_set_size,0.985
17,gaussian_blur,mild,"{""sigma"":0.5}",standard_conformal,0.1,,,Bag,coverage,0.975
17,gaussian_blur,mild,"{""sigma"":0.5}",standard_conformal,0.1,,,Coat,average_set_size,0.91
17,gaussian_blur,mild,"{""sigma"":0.5}",standard_conformal,0.1,,,Coat,coverage,0.844
17,gaussian_blur,mild,"{""sigma"":0.5}",standard_conformal,0.1,,,Dress,average_set_size,0.926
17,gaussian_blur,mild,"{""sigma"":0.5}",standard_conformal,0.1,,,Dress,coverage,0.879
17,gaussian_blur,mild,"{""sigma"":0.5}",standard_conformal,0.1,,,Pullover,average_set_size,0.893
17,gaussian_blur,mild,"{""sigma"":0.5}",standard_conformal,0.1,,,Pullover,coverage,0.793
17,gaussian_blur,mild,"{""sigma"":0.5}",standard_conformal,0.1,,,Sandal,average_set_size,0.993
17,gaussian_blur,mild,"{""sigma"":0.5}",standard_conformal,0.1,,,Sandal,coverage,0.969
17,gaussian_blur,mild,"{""sigma"":0.5}",standard_conformal,0.1,,,Shirt,average_set_size,0.828
17,gaussian_blur,mild,"{""sigma"":0.5}",standard_conformal,0.1,,,Shirt,coverage,0.578
17,gaussian_blur,mild,"{""sigma"":0.5}",standard_conformal,0.1,,,Sneaker,average_set_size,0.989
17,gaussian_blur,mild,"{""sigma"":0.5}",standard_conformal,0.1,,,Sneaker,coverage,0.943
17,gaussian_blur,mild,"{""sigma"":0.5}",standard_conformal,0.1,,,T-shirt/top,average_set_size,0.927
17,gaussian_blur,mild,"{""sigma"":0.5}",standard_conformal,0.1,,,T-shirt/top,coverage,0.885
17,gaussian_blur,mild,"{""sigma"":0.5}",standard_conformal,0.1,,,Trouser,average_set_size,0.987
17,gaussian_blur,mild,"{""sigma"":0.5}",standard_conformal,0.1,,,Trouser,coverage,0.978
17,gaussian_blur,mild,"{""sigma"":0.5}",standard_conformal,0.2,,,Ankle boot,average_set_size,0.946
17,gaussian_blur,mild,"{""sigma"":0.5}",standard_conformal,0.2,,,Ankle boot,coverage,0.943
17,gaussian_blur,mild,"{""sigma"":0.5}",standard_conformal,0.2,,,Bag,average_set_size,0.954
17,gaussian_blur,mild,"{""sigma"":0.5}",standard_conformal,0.2,,,Bag,coverage,0.952
17,gaussian_blur,mild,"{""sigma"":0.5}",standard_conformal,0.2,,,Coat,average_set_size,0.588
17,gaussian_blur,mild,"{""sigma"":0.5}",standard_conformal,0.2,,,Coat,coverage,0.576
17,gaussian_blur,mild,"{""sigma"":0.5}",standard_conformal,0.2,,,Dress,average_set_size,0.761
17,gaussian_blur,mild,"{""sigma"":0.5}",standard_conformal,0.2,,,Dress,coverage,0.754
17,gaussian_blur,mild,"{""sigma"":0.5}",standard_conformal,0.2,,,Pullover,average_set_size,0.628
17,gaussian_blur,mild,"{""sigma"":0.5}",standard_conformal,0.2,,,Pullover,coverage,0.606
17,gaussian_blur,mild,"{""sigma"":0.5}",standard_conformal,0.2,,,Sandal,average_set_size,0.95
17,gaussian_blur,mild,"{""sigma"":0.5}",standard_conformal,0.2,,,Sandal,coverage,0.941
17,gaussian_blur,mild,"{""sigma"":0.5}",standard_conformal,0.2,,,Shirt,average_set_size,0.413
17,gaussian_blur,mild,"{""sigma"":0.5}",standard_conformal,0.2,,,Shirt,coverage,0.351
17,gaussian_blur,mild,"{""sigma"":0.5}",standard_conformal,0.2,,,Sneaker,average_set_size,0.848
17,gaussian_blur,mild,"{""sigma"":0.5}",standard_conformal,0.2,,,Sneaker,coverage,0.838
17,gaussian_blur,mild,"{""sigma"":0.5}",standard_conformal,0.2,,,T-shirt/top,average_set_size,0.716
17,gaussian_blur,mild,"{""sigma"":0.5}",standard_conformal,0.2,,,T-shirt/top,coverage,0.705
17,gaussian_blur,mild,"{""sigma"":0.5}",standard_conformal,0.2,,,Trouser,average_set_size,0.968
17,gaussian_blur,mild,"{""sigma"":0.5}",standard_conformal,0.2,,,Trouser,coverage,0.966
17,gaussian_blur,strong,"{""sigma"":1.5}",class_conditional_conformal,0.05,,,Ankle boot,average_set_size,0.918
17,gaussian_blur,strong,"{""sigma"":1.5}",class_conditional_conformal,0.05,,,Ankle boot,coverage,0.913
17,gaussian_blur,strong,"{""sigma"":1.5}",class_conditional_conformal,0.05,,,Bag,average_set_size,0.71
17,gaussian_blur,strong,"{""sigma"":1.5}",class_conditional_conformal,0.05,,,Bag,coverage,0.587
17,gaussian_blur,strong,"{""sigma"":1.5}",class_conditional_conformal,0.05,,,Coat,average_set_size,2.272
17,gaussian_blur,strong,"{""sigma"":1.5}",class_conditional_conformal,0.05,,,Coat,coverage,0.953
17,gaussian_blur,strong,"{""sigma"":1.5}",class_conditional_conformal,0.05,,,Dress,average_set_size,1.222
17,gaussian_blur,strong,"{""sigma"":1.5}",class_conditional_conformal,0.05,,,Dress,coverage,0.924
17,gaussian_blur,strong,"{""sigma"":1.5}",class_conditional_conformal,0.05,,,Pullover,average_set_size,2.424
17,gaussian_blur,strong,"{""sigma"":1.5}",class_conditional_conformal,0.05,,,Pullover,coverage,0.958
17,gaussian_blur,strong,"{""sigma"":1.5}",class_conditional_conformal,0.05,,,Sandal,average_set_size,0.521
17,gaussian_blur,strong,"{""sigma"":1.5}",class_conditional_conformal,0.05,,,Sandal,coverage,0.4
17,gaussian_blur,strong,"{""sigma"":1.5}",class_conditional_conformal,0.05,,,Shirt,average_set_size,2.21
17,gaussian_blur,strong,"{""sigma"":1.5}",class_conditional_conformal,0.05,,,Shirt,coverage,0.897
17,gaussian_blur,strong,"{""sigma"":1.5}",class_conditional_conformal,0.05,,,Sneaker,average_set_size,0.808
17,gaussian_blur,strong,"{""sigma"":1.5}",class_conditional_conformal,0.05,,,Sneaker,coverage,0.796
17,gaussian_blur,strong,"{""sigma"":1.5}",class_conditional_conformal,0.05,,,T-shirt/top,average_set_size,1.59
17,gaussian_blur,strong,"{""sigma"":1.5}",class_conditional_conformal,0.05,,,T-shirt/top,coverage,0.876
17,gaussian_blur,strong,"{""sigma"":1.5}",class_conditional_conformal,0.05,,,Trouser,average_set_size,0.376
17,gaussian_blur,strong,"{""sigma"":1.5}",class_conditional_conformal,0.05,,,Trouser,coverage,0.157
17,gaussian_blur,strong,"{""sigma"":1.5}",class_conditional_conformal,0.1,,,Ankle boot,average_set_size,0.534
17,gaussian_blur,strong,"{""sigma"":1.5}",class_conditional_conformal,0.1,,,Ankle boot,coverage,0.533
17,gaussian_blur,strong,"{""sigma"":1.5}",class_conditional_conformal,0.1,,,Bag,average_set_size,0.064
17,gaussian_blur,strong,"{""sigma"":1.5}",class_conditional_conformal,0.1,,,Bag,coverage,0.031
17,gaussian_blur,strong,"{""sigma"":1.5}",class_conditional_conformal,0.1,,,Coat,average_set_size,1.097
17,gaussian_blur,strong,"{""sigma"":1.5}",class_conditional_conformal,0.1,,,Coat,coverage,0.755
17,gaussian_blur,strong,"{""sigma"":1.5}",class_conditional_conformal,0.1,,,Dress,average_set_size,0.739
17,gaussian_blur,strong,"{""sigma"":1.5}",class_conditional_conformal,0.1,,,Dress,coverage,0.686
17,gaussian_blur,strong,"{""sigma"":1.5}",class_conditional_conformal,0.1,,,Pullover,average_set_size,1.222
17,gaussian_blur,strong,"{""sigma"":1.5}",class_conditional_conformal,0.1,,,Pullover,coverage,0.523
17,gaussian_blur,strong,"{""sigma"":1.5}",class_conditional_conformal,0.1,,,Sandal,average_set_size,0.164
17,gaussian_blur,strong,"{""sigma"":1.5}",class_conditional_conformal,0.1,,,Sandal,coverage,0.14
17,gaussian_blur,strong,"{""sigma"":1.5}",class_conditional_conformal,0.1,,,Shirt,average_set_size,1.035
17,gaussian_blur,strong,"{""sigma"":1.5}",class_conditional_conformal,0.1,,,Shirt,coverage,0.62
17,gaussian_blur,strong,"{""sigma"":1.5}",class_conditional_conformal,0.1,,,Sneaker,average_set_size,0.509
17,gaussian_blur,strong,"{""sigma"":1.5}",class_conditional_conformal,0.1,,,Sneaker,coverage,0.509
17,gaussian_blur,strong,"{""sigma"":1.5}",class_conditional_conformal,0.1,,,T-shirt/top,average_set_size,0.934
17,gaussian_blur,strong,"{""sigma"":1.5}",class_conditional_conformal,0.1,,,T-shirt/top,coverage,0.771
17,gaussian_blur,strong,"{""sigma"":1.5}",class_conditional_conformal,0.1,,,Trouser,average_set_size,0.029
17,gaussian_blur,strong,"{""sigma"":1.5}",class_conditional_conformal,0.1,,,Trouser,coverage,0.0
17,gaussian_blur,strong,"{""sigma"":1.5}",class_conditional_conformal,0.2,,,Ankle boot,average_set_size,0.013
17,gaussian_blur,strong,"{""sigma"":1.5}",class_conditional_conformal,0.2,,,Ankle boot,coverage,0.012
17,gaussian_blur,strong,"{""sigma"":1.5}",class_conditional_conformal,0.2,,,Bag,average_set_size,0.005
17,gaussian_blur,strong,"{""sigma"":1.5}",class_conditional_conformal,0.2,,,Bag,coverage,0.0
17,gaussian_blur,strong,"{""sigma"":1.5}",class_conditional_conformal,0.2,,,Coat,average_set_size,0.272
17,gaussian_blur,strong,"{""sigma"":1.5}",class_conditional_conformal,0.2,,,Coat,coverage,0.228
17,gaussian_blur,strong,"{""sigma"":1.5}",class_conditional_conformal,0.2,,,Dress,average_set_size,0.17
17,gaussian_blur,strong,"{""sigma"":1.5}",class_conditional_conformal,0.2,,,Dress,coverage,0.161
17,gaussian_blur,strong,"{""sigma"":1.5}",class_conditional_conformal,0.2,,,Pullover,average_set_size,0.187
17,gaussian_blur,strong,"{""sigma"":1.5}",class_conditional_conformal,0.2,,,Pullover,coverage,0.073
17,gaussian_blur,strong,"{""sigma"":1.5}",class_conditional_conformal,0.2,,,Sandal,average_set_size,0.008
17,gaussian_blur,strong,"{""sigma"":1.5}",class_conditional_conformal,0.2,,,Sandal,coverage,0.008
17,gaussian_blur,strong,"{""sigma"":1.5}",class_conditional_conformal,0.2,,,Shirt,average_set_size,0.363
17,gaussian_blur,strong,"{""sigma"":1.5}",class_conditional_conformal,0.2,,,Shirt,coverage,0.253
17,gaussian_blur,strong,"{""sigma"":1.5}",class_conditional_conformal,0.2,,,Sneaker,average_set_size,0.184
17,gaussian_blur,strong,"{""sigma"":1.5}",class_conditional_conformal,0.2,,,Sneaker,coverage,0.184
17,gaussian_blur,strong,"{""sigma"":1.5}",class_conditional_conformal,0.2,,,T-shirt/top,average_set_size,0.644
17,gaussian_blur,strong,"{""sigma"":1.5}",class_conditional_conformal,0.2,,,T-shirt/top,coverage,0.607
17,gaussian_blur,strong,"{""sigma"":1.5}",class_conditional_conformal,0.2,,,Trouser,average_set_size,0.001
17,gaussian_blur,strong,"{""sigma"":1.5}",class_conditional_conformal,0.2,,,Trouser,coverage,0.0
17,gaussian_blur,strong,"{""sigma"":1.5}",raw_softmax,,,,Ankle boot,f1,0.8858038513210927
17,gaussian_blur,strong,"{""sigma"":1.5}",raw_softmax,,,,Ankle boot,precision,0.8021086780210868
17,gaussian_blur,strong,"{""sigma"":1.5}",raw_softmax,,,,Ankle boot,recall,0.989
17,gaussian_blur,strong,"{""sigma"":1.5}",raw_softmax,,,,Bag,f1,0.9605133267522211
17,gaussian_blur,strong,"{""sigma"":1.5}",raw_softmax,,,,Bag,precision,0.9483430799220273
17,gaussian_blur,strong,"{""sigma"":1.5}",raw_softmax,,,,Bag,recall,0.973
17,gaussian_blur,strong,"{""sigma"":1.5}",raw_softmax,,,,Coat,f1,0.7184737087017218
17,gaussian_blur,strong,"{""sigma"":1.5}",raw_softmax,,,,Coat,precision,0.6718885987815492
17,gaussian_blur,strong,"{""sigma"":1.5}",raw_softmax,,,,Coat,recall,0.772
17,gaussian_blur,strong,"{""sigma"":1.5}",raw_softmax,,,,Dress,f1,0.779777206512425
17,gaussian_blur,strong,"{""sigma"":1.5}",raw_softmax,,,,Dress,precision,0.6821589205397302
17,gaussian_blur,strong,"{""sigma"":1.5}",raw_softmax,,,,Dress,recall,0.91
17,gaussian_blur,strong,"{""sigma"":1.5}",raw_softmax,,,,Pullover,f1,0.6464530892448512
17,gaussian_blur,strong,"{""sigma"":1.5}",raw_softmax,,,,Pullover,precision,0.7553475935828877
17,gaussian_blur,strong,"{""sigma"":1.5}",raw_softmax,,,,Pullover,recall,0.565
17,gaussian_blur,strong,"{""sigma"":1.5}",raw_softmax,,,,Sandal,f1,0.8433179723502304
17,gaussian_blur,strong,"{""sigma"":1.5}",raw_softmax,,,,Sandal,precision,0.9945652173913043
17,gaussian_blur,strong,"{""sigma"":1.5}",raw_softmax,,,,Sandal,recall,0.732
17,gaussian_blur,strong,"{""sigma"":1.5}",raw_softmax,,,,Shirt,f1,0.44510385756676557
17,gaussian_blur,strong,"{""sigma"":1.5}",raw_softmax,,,,Shirt,precision,0.5474452554744526
17,gaussian_blur,strong,"{""sigma"":1.5}",raw_softmax,,,,Shirt,recall,0.375
17,gaussian_blur,strong,"{""sigma"":1.5}",raw_softmax,,,,Sneaker,f1,0.8656420426375806
17,gaussian_blur,strong,"{""sigma"":1.5}",raw_softmax,,,,Sneaker,precision,0.8584070796460177
17,gaussian_blur,strong,"{""sigma"":1.5}",raw_softmax,,,,Sneaker,recall,0.873
17,gaussian_blur,strong,"{""sigma"":1.5}",raw_softmax,,,,T-shirt/top,f1,0.7812068171349609
17,gaussian_blur,strong,"{""sigma"":1.5}",raw_softmax,,,,T-shirt/top,precision,0.7241673783091375
17,gaussian_blur,strong,"{""sigma"":1.5}",raw_softmax,,,,T-shirt/top,recall,0.848
17,gaussian_blur,strong,"{""sigma"":1.5}",raw_softmax,,,,Trouser,f1,0.9247764334560757
17,gaussian_blur,strong,"{""sigma"":1.5}",raw_softmax,,,,Trouser,precision,0.9755826859045506
17,gaussian_blur,strong,"{""sigma"":1.5}",raw_softmax,,,,Trouser,recall,0.879
17,gaussian_blur,strong,"{""sigma"":1.5}",standard_conformal,0.05,,,Ankle boot,average_set_size,1.048
17,gaussian_blur,strong,"{""sigma"":1.5}",standard_conformal,0.05,,,Ankle boot,coverage,0.997
17,gaussian_blur,strong,"{""sigma"":1.5}",standard_conformal,0.05,,,Bag,average_set_size,1.011
17,gaussian_blur,strong,"{""sigma"":1.5}",standard_conformal,0.05,,,Bag,coverage,0.974
17,gaussian_blur,strong,"{""sigma"":1.5}",standard_conformal,0.05,,,Coat,average_set_size,1.175
17,gaussian_blur,strong,"{""sigma"":1.5}",standard_conformal,0.05,,,Coat,coverage,0.806
17,gaussian_blur,strong,"{""sigma"":1.5}",standard_conformal,0.05,,,Dress,average_set_size,1.059
17,gaussian_blur,strong,"{""sigma"":1.5}",standard_conformal,0.05,,,Dress,coverage,0.923
17,gaussian_blur,strong,"{""sigma"":1.5}",standard_conformal,0.05,,,Pullover,average_set_size,1.264
17,gaussian_blur,strong,"{""sigma"":1.5}",standard_conformal,0.05,,,Pullover,coverage,0.66
17,gaussian_blur,strong,"{""sigma"":1.5}",standard_conformal,0.05,,,Sandal,average_set_size,1.212
17,gaussian_blur,strong,"{""sigma"":1.5}",standard_conformal,0.05,,,Sandal,coverage,0.802
17,gaussian_blur,strong,"{""sigma"":1.5}",standard_conformal,0.05,,,Shirt,average_set_size,1.132
17,gaussian_blur,strong,"{""sigma"":1.5}",standard_conformal,0.05,,,Shirt,coverage,0.454
17,gaussian_blur,strong,"{""sigma"":1.5}",standard_conformal,0.05,,,Sneaker,average_set_size,1.269
17,gaussian_blur,strong,"{""sigma"":1.5}",standard_conformal,0.05,,,Sneaker,coverage,0.977
17,gaussian_blur,strong,"{""sigma"":1.5}",standard_conformal,0.05,,,T-shirt/top,average_set_size,1.086
17,gaussian_blur,strong,"{""sigma"":1.5}",standard_conformal,0.05,,,T-shirt/top,coverage,0.874
17,gaussian_blur,strong,"{""sigma"":1.5}",standard_conformal,0.05,,,Trouser,average_set_size,1.119
17,gaussian_blur,strong,"{""sigma"":1.5}",standard_conformal,0.05,,,Trouser,coverage,0.92
17,gaussian_blur,strong,"{""sigma"":1.5}",standard_conformal,0.1,,,Ankle boot,average_set_size,0.989
17,gaussian_blur,strong,"{""sigma"":1.5}",standard_conformal,0.1,,,Ankle boot,coverage,0.984
17,gaussian_blur,strong,"{""sigma"":1.5}",standard_conformal,0.1,,,Bag,average_set_size,0.926
17,gaussian_blur,strong,"{""sigma"":1.5}",standard_conformal,0.1,,,Bag,coverage,0.919
17,gaussian_blur,strong,"{""sigma"":1.5}",standard_conformal,0.1,,,Coat,average_set_size,0.422
17,gaussian_blur,strong,"{""sigma"":1.5}",standard_conformal,0.1,,,Coat,coverage,0.385
17,gaussian_blur,strong,"{""sigma"":1.5}",standard_conformal,0.1,,,Dress,average_set_size,0.734
17,gaussian_blur,strong,"{""sigma"":1.5}",standard_conformal,0.1,,,Dress,coverage,0.719
17,gaussian_blur,strong,"{""sigma"":1.5}",standard_conformal,0.1,,,Pullover,average_set_size,0.177
17,gaussian_blur,strong,"{""sigma"":1.5}",standard_conformal,0.1,,,Pullover,coverage,0.108
17,gaussian_blur,strong,"{""sigma"":1.5}",standard_conformal,0.1,,,Sandal,average_set_size,0.842
17,gaussian_blur,strong,"{""sigma"":1.5}",standard_conformal,0.1,,,Sandal,coverage,0.674
17,gaussian_blur,strong,"{""sigma"":1.5}",standard_conformal,0.1,,,Shirt,average_set_size,0.275
17,gaussian_blur,strong,"{""sigma"":1.5}",standard_conformal,0.1,,,Shirt,coverage,0.084
17,gaussian_blur,strong,"{""sigma"":1.5}",standard_conformal,0.1,,,Sneaker,average_set_size,0.894
17,gaussian_blur,strong,"{""sigma"":1.5}",standard_conformal,0.1,,,Sneaker,coverage,0.804
17,gaussian_blur,strong,"{""sigma"":1.5}",standard_conformal,0.1,,,T-shirt/top,average_set_size,0.757
17,gaussian_blur,strong,"{""sigma"":1.5}",standard_conformal,0.1,,,T-shirt/top,coverage,0.734
17,gaussian_blur,strong,"{""sigma"":1.5}",standard_conformal,0.1,,,Trouser,average_set_size,0.837
17,gaussian_blur,strong,"{""sigma"":1.5}",standard_conformal,0.1,,,Trouser,coverage,0.807
17,gaussian_blur,strong,"{""sigma"":1.5}",standard_conformal,0.2,,,Ankle boot,average_set_size,0.875
17,gaussian_blur,strong,"{""sigma"":1.5}",standard_conformal,0.2,,,Ankle boot,coverage,0.875
17,gaussian_blur,strong,"{""sigma"":1.5}",standard_conformal,0.2,,,Bag,average_set_size,0.787
17,gaussian_blur,strong,"{""sigma"":1.5}",standard_conformal,0.2,,,Bag,coverage,0.786
17,gaussian_blur,strong,"{""sigma"":1.5}",standard_conformal,0.2,,,Coat,average_set_size,0.01
17,gaussian_blur,strong,"{""sigma"":1.5}",standard_conformal,0.2,,,Coat,coverage,0.01
17,gaussian_blur,strong,"{""sigma"":1.5}",standard_conformal,0.2,,,Dress,average_set_size,0.24
17,gaussian_blur,strong,"{""sigma"":1.5}",standard_conformal,0.2,,,Dress,coverage,0.239
17,gaussian_blur,strong,"{""sigma"":1.5}",standard_conformal,0.2,,,Pullover,average_set_size,0.002
17,gaussian_blur,strong,"{""sigma"":1.5}",standard_conformal,0.2,,,Pullover,coverage,0.0
17,gaussian_blur,strong,"{""sigma"":1.5}",standard_conformal,0.2,,,Sandal,average_set_size,0.508
17,gaussian_blur,strong,"{""sigma"":1.5}",standard_conformal,0.2,,,Sandal,coverage,0.456
17,gaussian_blur,strong,"{""sigma"":1.5}",standard_conformal,0.2,,,Shirt,average_set_size,0.03
17,gaussian_blur,strong,"{""sigma"":1.5}",standard_conformal,0.2,,,Shirt,coverage,0.0
17,gaussian_blur,strong,"{""sigma"":1.5}",standard_conformal,0.2,,,Sneaker,average_set_size,0.397
17,gaussian_blur,strong,"{""sigma"":1.5}",standard_conformal,0.2,,,Sneaker,coverage,0.395
17,gaussian_blur,strong,"{""sigma"":1.5}",standard_conformal,0.2,,,T-shirt/top,average_set_size,0.332
17,gaussian_blur,strong,"{""sigma"":1.5}",standard_conformal,0.2,,,T-shirt/top,coverage,0.33
17,gaussian_blur,strong,"{""sigma"":1.5}",standard_conformal,0.2,,,Trouser,average_set_size,0.595
17,gaussian_blur,strong,"{""sigma"":1.5}",standard_conformal,0.2,,,Trouser,coverage,0.594
17,gaussian_noise,medium,"{""std"":0.2}",class_conditional_conformal,0.05,,,Ankle boot,average_set_size,0.759
17,gaussian_noise,medium,"{""std"":0.2}",class_conditional_conformal,0.05,,,Ankle boot,coverage,0.681
17,gaussian_noise,medium,"{""std"":0.2}",class_conditional_conformal,0.05,,,Bag,average_set_size,0.98
17,gaussian_noise,medium,"{""std"":0.2}",class_conditional_conformal,0.05,,,Bag,coverage,0.913
17,gaussian_noise,medium,"{""std"":0.2}",class_conditional_conformal,0.05,,,Coat,average_set_size,1.603
17,gaussian_noise,medium,"{""std"":0.2}",class_conditional_conformal,0.05,,,Coat,coverage,0.716
17,gaussian_noise,medium,"{""std"":0.2}",class_conditional_conformal,0.05,,,Dress,average_set_size,1.274
17,gaussian_noise,medium,"{""std"":0.2}",class_conditional_conformal,0.05,,,Dress,coverage,0.835
17,gaussian_noise,medium,"{""std"":0.2}",class_conditional_conformal,0.05,,,Pullover,average_set_size,1.444
17,gaussian_noise,medium,"{""std"":0.2}",class_conditional_conformal,0.05,,,Pullover,coverage,0.223
17,gaussian_noise,medium,"{""std"":0.2}",class_conditional_conformal,0.05,,,Sandal,average_set_size,0.735
17,gaussian_noise,medium,"{""std"":0.2}",class_conditional_conformal,0.05,,,Sandal,coverage,0.685
17,gaussian_noise,medium,"{""std"":0.2}",class_conditional_conformal,0.05,,,Shirt,average_set_size,1.133
17,gaussian_noise,medium,"{""std"":0.2}",class_conditional_conformal,0.05,,,Shirt,coverage,0.983
17,gaussian_noise,medium,"{""std"":0.2}",class_conditional_conformal,0.05,,,Sneaker,average_set_size,0.496
17,gaussian_noise,medium,"{""std"":0.2}",class_conditional_conformal,0.05,,,Sneaker,coverage,0.289
17,gaussian_noise,medium,"{""std"":0.2}",class_conditional_conformal,0.05,,,T-shirt/top,average_set_size,1.417
17,gaussian_noise,medium,"{""std"":0.2}",class_conditional_conformal,0.05,,,T-shirt/top,coverage,0.425
17,gaussian_noise,medium,"{""std"":0.2}",class_conditional_conformal,0.05,,,Trouser,average_set_size,0.911
17,gaussian_noise,medium,"{""std"":0.2}",class_conditional_conformal,0.05,,,Trouser,coverage,0.842
17,gaussian_noise,medium,"{""std"":0.2}",class_conditional_conformal,0.1,,,Ankle boot,average_set_size,0.498
17,gaussian_noise,medium,"{""std"":0.2}",class_conditional_conformal,0.1,,,Ankle boot,coverage,0.474
17,gaussian_noise,medium,"{""std"":0.2}",class_conditional_conformal,0.1,,,Bag,average_set_size,0.754
17,gaussian_noise,medium,"{""std"":0.2}",class_conditional_conformal,0.1,,,Bag,coverage,0.716
17,gaussian_noise,medium,"{""std"":0.2}",class_conditional_conformal,0.1,,,Coat,average_set_size,1.234
17,gaussian_noise,medium,"{""std"":0.2}",class_conditional_conformal,0.1,,,Coat,coverage,0.501
17,gaussian_noise,medium,"{""std"":0.2}",class_conditional_conformal,0.1,,,Dress,average_set_size,0.957
17,gaussian_noise,medium,"{""std"":0.2}",class_conditional_conformal,0.1,,,Dress,coverage,0.691
17,gaussian_noise,medium,"{""std"":0.2}",class_conditional_conformal,0.1,,,Pullover,average_set_size,1.149
17,gaussian_noise,medium,"{""std"":0.2}",class_conditional_conformal,0.1,,,Pullover,coverage,0.087
17,gaussian_noise,medium,"{""std"":0.2}",class_conditional_conformal,0.1,,,Sandal,average_set_size,0.484
17,gaussian_noise,medium,"{""std"":0.2}",class_conditional_conformal,0.1,,,Sandal,coverage,0.477
17,gaussian_noise,medium,"{""std"":0.2}",class_conditional_conformal,0.1,,,Shirt,average_set_size,1.015
17,gaussian_noise,medium,"{""std"":0.2}",class_conditional_conformal,0.1,,,Shirt,coverage,0.963
17,gaussian_noise,medium,"{""std"":0.2}",class_conditional_conformal,0.1,,,Sneaker,average_set_size,0.234
17,gaussian_noise,medium,"{""std"":0.2}",class_conditional_conformal,0.1,,,Sneaker,coverage,0.171
17,gaussian_noise,medium,"{""std"":0.2}",class_conditional_conformal,0.1,,,T-shirt/top,average_set_size,1.103
17,gaussian_noise,medium,"{""std"":0.2}",class_conditional_conformal,0.1,,,T-shirt/top,coverage,0.243
17,gaussian_noise,medium,"{""std"":0.2}",class_conditional_conformal,0.1,,,Trouser,average_set_size,0.587
17,gaussian_noise,medium,"{""std"":0.2}",class_conditional_conformal,0.1,,,Trouser,coverage,0.555
17,gaussian_noise,medium,"{""std"":0.2}",class_conditional_conformal,0.2,,,Ankle boot,average_set_size,0.18
17,gaussian_noise,medium,"{""std"":0.2}",class_conditional_conformal,0.2,,,Ankle boot,coverage,0.174
17,gaussian_noise,medium,"{""std"":0.2}",class_conditional_conformal,0.2,,,Bag,average_set_size,0.507
17,gaussian_noise,medium,"{""std"":0.2}",class_conditional_conformal,0.2,,,Bag,coverage,0.479
17,gaussian_noise,medium,"{""std"":0.2}",class_conditional_conformal,0.2,,,Coat,average_set_size,0.89
17,gaussian_noise,medium,"{""std"":0.2}",class_conditional_conformal,0.2,,,Coat,coverage,0.305
17,gaussian_noise,medium,"{""std"":0.2}",class_conditional_conformal,0.2,,,Dress,average_set_size,0.622
17,gaussian_noise,medium,"{""std"":0.2}",class_conditional_conformal,0.2,,,Dress,coverage,0.47
17,gaussian_noise,medium,"{""std"":0.2}",class_conditional_conformal,0.2,,,Pullover,average_set_size,0.924
17,gaussian_noise,medium,"{""std"":0.2}",class_conditional_conformal,0.2,,,Pullover,coverage,0.023
17,gaussian_noise,medium,"{""std"":0.2}",class_conditional_conformal,0.2,,,Sandal,average_set_size,0.252
17,gaussian_noise,medium,"{""std"":0.2}",class_conditional_conformal,0.2,,,Sandal,coverage,0.249
17,gaussian_noise,medium,"{""std"":0.2}",class_conditional_conformal,0.2,,,Shirt,average_set_size,0.938
17,gaussian_noise,medium,"{""std"":0.2}",class_conditional_conformal,0.2,,,Shirt,coverage,0.927
17,gaussian_noise,medium,"{""std"":0.2}",class_conditional_conformal,0.2,,,Sneaker,average_set_size,0.085
17,gaussian_noise,medium,"{""std"":0.2}",class_conditional_conformal,0.2,,,Sneaker,coverage,0.074
17,gaussian_noise,medium,"{""std"":0.2}",class_conditional_conformal,0.2,,,T-shirt/top,average_set_size,0.856
17,gaussian_noise,medium,"{""std"":0.2}",class_conditional_conformal,0.2,,,T-shirt/top,coverage,0.127
17,gaussian_noise,medium,"{""std"":0.2}",class_conditional_conformal,0.2,,,Trouser,average_set_size,0.239
17,gaussian_noise,medium,"{""std"":0.2}",class_conditional_conformal,0.2,,,Trouser,coverage,0.224
17,gaussian_noise,medium,"{""std"":0.2}",raw_softmax,,,,Ankle boot,f1,0.8720682302771855
17,gaussian_noise,medium,"{""std"":0.2}",raw_softmax,,,,Ankle boot,precision,0.9337899543378996
17,gaussian_noise,medium,"{""std"":0.2}",raw_softmax,,,,Ankle boot,recall,0.818
17,gaussian_noise,medium,"{""std"":0.2}",raw_softmax,,,,Bag,f1,0.6847100175746924
17,gaussian_noise,medium,"{""std"":0.2}",raw_softmax,,,,Bag,precision,0.5279132791327913
17,gaussian_noise,medium,"{""std"":0.2}",raw_softmax,,,,Bag,recall,0.974
17,gaussian_noise,medium,"{""std"":0.2}",raw_softmax,,,,Coat,f1,0.5322164948453608
17,gaussian_noise,medium,"{""std"":0.2}",raw_softmax,,,,Coat,precision,0.7481884057971014
17,gaussian_noise,medium,"{""std"":0.2}",raw_softmax,,,,Coat,recall,0.413
17,gaussian_noise,medium,"{""std"":0.2}",raw_softmax,,,,Dress,f1,0.8244514106583072
17,gaussian_noise,medium,"{""std"":0.2}",raw_softmax,,,,Dress,precision,0.8632385120350109
17,gaussian_noise,medium,"{""std"":0.2}",raw_softmax,,,,Dress,recall,0.789
17,gaussian_noise,medium,"{""std"":0.2}",raw_softmax,,,,Pullover,f1,0.10576015108593012
17,gaussian_noise,medium,"{""std"":0.2}",raw_softmax,,,,Pullover,precision,0.9491525423728814
17,gaussian_noise,medium,"{""std"":0.2}",raw_softmax,,,,Pullover,recall,0.056
17,gaussian_noise,medium,"{""std"":0.2}",raw_softmax,,,,Sandal,f1,0.8590330788804071
17,gaussian_noise,medium,"{""std"":0.2}",raw_softmax,,,,Sandal,precision,0.8746113989637305
17,gaussian_noise,medium,"{""std"":0.2}",raw_softmax,,,,Sandal,recall,0.844
17,gaussian_noise,medium,"{""std"":0.2}",raw_softmax,,,,Shirt,f1,0.441233140655106
17,gaussian_noise,medium,"{""std"":0.2}",raw_softmax,,,,Shirt,precision,0.2906091370558376
17,gaussian_noise,medium,"{""std"":0.2}",raw_softmax,,,,Shirt,recall,0.916
17,gaussian_noise,medium,"{""std"":0.2}",raw_softmax,,,,Sneaker,f1,0.5566714490674318
17,gaussian_noise,medium,"{""std"":0.2}",raw_softmax,,,,Sneaker,precision,0.9847715736040609
17,gaussian_noise,medium,"{""std"":0.2}",raw_softmax,,,,Sneaker,recall,0.388
17,gaussian_noise,medium,"{""std"":0.2}",raw_softmax,,,,T-shirt/top,f1,0.3852779953014879
17,gaussian_noise,medium,"{""std"":0.2}",raw_softmax,,,,T-shirt/top,precision,0.8880866425992779
17,gaussian_noise,medium,"{""std"":0.2}",raw_softmax,,,,T-shirt/top,recall,0.246
17,gaussian_noise,medium,"{""std"":0.2}",raw_softmax,,,,Trouser,f1,0.9735503560528993
17,gaussian_noise,medium,"{""std"":0.2}",raw_softmax,,,,Trouser,precision,0.9906832298136646
17,gaussian_noise,medium,"{""std"":0.2}",raw_softmax,,,,Trouser,recall,0.957
17,gaussian_noise,medium,"{""std"":0.2}",standard_conformal,0.05,,,Ankle boot,average_set_size,1.131
17,gaussian_noise,medium,"{""std"":0.2}",standard_conformal,0.05,,,Ankle boot,coverage,0.867
17,gaussian_noise,medium,"{""std"":0.2}",standard_conformal,0.05,,,Bag,average_set_size,1.023
17,gaussian_noise,medium,"{""std"":0.2}",standard_conformal,0.05,,,Bag,coverage,0.985
17,gaussian_noise,medium,"{""std"":0.2}",standard_conformal,0.05,,,Coat,average_set_size,1.27
17,gaussian_noise,medium,"{""std"":0.2}",standard_conformal,0.05,,,Coat,coverage,0.539
17,gaussian_noise,medium,"{""std"":0.2}",standard_conformal,0.05,,,Dress,average_set_size,1.14
17,gaussian_noise,medium,"{""std"":0.2}",standard_conformal,0.05,,,Dress,coverage,0.834
17,gaussian_noise,medium,"{""std"":0.2}",standard_conformal,0.05,,,Pullover,average_set_size,1.184
17,gaussian_noise,medium,"{""std"":0.2}",standard_conformal,0.05,,,Pullover,coverage,0.108
17,gaussian_noise,medium,"{""std"":0.2}",standard_conformal,0.05,,,Sandal,average_set_size,1.112
17,gaussian_noise,medium,"{""std"":0.2}",standard_conformal,0.05,,,Sandal,coverage,0.896
17,gaussian_noise,medium,"{""std"":0.2}",standard_conformal,0.05,,,Shirt,average_set_size,1.086
17,gaussian_noise,medium,"{""std"":0.2}",standard_conformal,0.05,,,Shirt,coverage,0.951
17,gaussian_noise,medium,"{""std"":0.2}",standard_conformal,0.05,,,Sneaker,average_set_size,1.259
17,gaussian_noise,medium,"{""std"":0.2}",standard_conformal,0.05,,,Sneaker,coverage,0.474
17,gaussian_noise,medium,"{""std"":0.2}",standard_conformal,0.05,,,T-shirt/top,average_set_size,1.333
17,gaussian_noise,medium,"{""std"":0.2}",standard_conformal,0.05,,,T-shirt/top,coverage,0.42
17,gaussian_noise,medium,"{""std"":0.2}",standard_conformal,0.05,,,Trouser,average_set_size,1.021
17,gaussian_noise,medium,"{""std"":0.2}",standard_conformal,0.05,,,Trouser,coverage,0.964
17,gaussian_noise,medium,"{""std"":0.2}",standard_conformal,0.1,,,Ankle boot,average_set_size,0.919
17,gaussian_noise,medium,"{""std"":0.2}",standard_conformal,0.1,,,Ankle boot,coverage,0.784
17,gaussian_noise,medium,"{""std"":0.2}",standard_conformal,0.1,,,Bag,average_set_size,0.989
17,gaussian_noise,medium,"{""std"":0.2}",standard_conformal,0.1,,,Bag,coverage,0.97
17,gaussian_noise,medium,"{""std"":0.2}",standard_conformal,0.1,,,Coat,average_set_size,0.887
17,gaussian_noise,medium,"{""std"":0.2}",standard_conformal,0.1,,,Coat,coverage,0.361
17,gaussian_noise,medium,"{""std"":0.2}",standard_conformal,0.1,,,Dress,average_set_size,0.855
17,gaussian_noise,medium,"{""std"":0.2}",standard_conformal,0.1,,,Dress,coverage,0.712
17,gaussian_noise,medium,"{""std"":0.2}",standard_conformal,0.1,,,Pullover,average_set_size,0.886
17,gaussian_noise,medium,"{""std"":0.2}",standard_conformal,0.1,,,Pullover,coverage,0.033
17,gaussian_noise,medium,"{""std"":0.2}",standard_conformal,0.1,,,Sandal,average_set_size,0.949
17,gaussian_noise,medium,"{""std"":0.2}",standard_conformal,0.1,,,Sandal,coverage,0.822
17,gaussian_noise,medium,"{""std"":0.2}",standard_conformal,0.1,,,Shirt,average_set_size,0.939
17,gaussian_noise,medium,"{""std"":0.2}",standard_conformal,0.1,,,Shirt,coverage,0.89
17,gaussian_noise,medium,"{""std"":0.2}",standard_conformal,0.1,,,Sneaker,average_set_size,0.722
17,gaussian_noise,medium,"{""std"":0.2}",standard_conformal,0.1,,,Sneaker,coverage,0.294
17,gaussian_noise,medium,"{""std"":0.2}",standard_conformal,0.1,,,T-shirt/top,average_set_size,0.831
17,gaussian_noise,medium,"{""std"":0.2}",standard_conformal,0.1,,,T-shirt/top,coverage,0.199
17,gaussian_noise,medium,"{""std"":0.2}",standard_conformal,0.1,,,Trouser,average_set_size,0.976
17,gaussian_noise,medium,"{""std"":0.2}",standard_conformal,0.1,,,Trouser,coverage,0.949
17,gaussian_noise,medium,"{""std"":0.2}",standard_conformal,0.2,,,Ankle boot,average_set_size,0.709
17,gaussian_noise,medium,"{""std"":0.2}",standard_conformal,0.2,,,Ankle boot,coverage,0.652
17,gaussian_noise,medium,"{""std"":0.2}",standard_conformal,0.2,,,Bag,average_set_size,0.953
17,gaussian_noise,medium,"{""std"":0.2}",standard_conformal,0.2,,,Bag,coverage,0.949
17,gaussian_noise,medium,"{""std"":0.2}",standard_conformal,0.2,,,Coat,average_set_size,0.403
17,gaussian_noise,medium,"{""std"":0.2}",standard_conformal,0.2,,,Coat,coverage,0.137
17,gaussian_noise,medium,"{""std"":0.2}",standard_conformal,0.2,,,Dress,average_set_size,0.559
17,gaussian_noise,medium,"{""std"":0.2}",standard_conformal,0.2,,,Dress,coverage,0.507
17,gaussian_noise,medium,"{""std"":0.2}",standard_conformal,0.2,,,Pullover,average_set_size,0.525
17,gaussian_noise,medium,"{""std"":0.2}",standard_conformal,0.2,,,Pullover,coverage,0.003
17,gaussian_noise,medium,"{""std"":0.2}",standard_conformal,0.2,,,Sandal,average_set_size,0.781
17,gaussian_noise,medium,"{""std"":0.2}",standard_conformal,0.2,,,Sandal,coverage,0.72
17,gaussian_noise,medium,"{""std"":0.2}",standard_conformal,0.2,,,Shirt,average_set_size,0.763
17,gaussian_noise,medium,"{""std"":0.2}",standard_conformal,0.2,,,Shirt,coverage,0.752
17,gaussian_noise,medium,"{""std"":0.2}",standard_conformal,0.2,,,Sneaker,average_set_size,0.313
17,gaussian_noise,medium,"{""std"":0.2}",standard_conformal,0.2,,,Sneaker,coverage,0.144
17,gaussian_noise,medium,"{""std"":0.2}",standard_conformal,0.2,,,T-shirt/top,average_set_size,0.371
17,gaussian_noise,medium,"{""std"":0.2}",standard_conformal,0.2,,,T-shirt/top,coverage,0.073
17,gaussian_noise,medium,"{""std"":0.2}",standard_conformal,0.2,,,Trouser,average_set_size,0.925
17,gaussian_noise,medium,"{""std"":0.2}",standard_conformal,0.2,,,Trouser,coverage,0.918
17,gaussian_noise,mild,"{""std"":0.1}",class_conditional_conformal,0.05,,,Ankle boot,average_set_size,0.951
17,gaussian_noise,mild,"{""std"":0.1}",class_conditional_conformal,0.05,,,Ankle boot,coverage,0.937
17,gaussian_noise,mild,"{""std"":0.1}",class_conditional_conformal,0.05,,,Bag,average_set_size,0.981
17,gaussian_noise,mild,"{""std"":0.1}",class_conditional_conformal,0.05,,,Bag,coverage,0.935
17,gaussian_noise,mild,"{""std"":0.1}",class_conditional_conformal,0.05,,,Coat,average_set_size,1.535
17,gaussian_noise,mild,"{""std"":0.1}",class_conditional_conformal,0.05,,,Coat,coverage,0.953
17,gaussian_noise,mild,"{""std"":0.1}",class_conditional_conformal,0.05,,,Dress,average_set_size,1.213
17,gaussian_noise,mild,"{""std"":0.1}",class_conditional_conformal,0.05,,,Dress,coverage,0.936
17,gaussian_noise,mild,"{""std"":0.1}",class_conditional_conformal,0.05,,,Pullover,average_set_size,1.916
17,gaussian_noise,mild,"{""std"":0.1}",class_conditional_conformal,0.05,,,Pullover,coverage,0.756
17,gaussian_noise,mild,"{""std"":0.1}",class_conditional_conformal,0.05,,,Sandal,average_set_size,0.943
17,gaussian_noise,mild,"{""std"":0.1}",class_conditional_conformal,0.05,,,Sandal,coverage,0.932
17,gaussian_noise,mild,"{""std"":0.1}",class_conditional_conformal,0.05,,,Shirt,average_set_size,1.327
17,gaussian_noise,mild,"{""std"":0.1}",class_conditional_conformal,0.05,,,Shirt,coverage,0.976
17,gaussian_noise,mild,"{""std"":0.1}",class_conditional_conformal,0.05,,,Sneaker,average_set_size,0.923
17,gaussian_noise,mild,"{""std"":0.1}",class_conditional_conformal,0.05,,,Sneaker,coverage,0.908
17,gaussian_noise,mild,"{""std"":0.1}",class_conditional_conformal,0.05,,,T-shirt/top,average_set_size,1.556
17,gaussian_noise,mild,"{""std"":0.1}",class_conditional_conformal,0.05,,,T-shirt/top,coverage,0.804
17,gaussian_noise,mild,"{""std"":0.1}",class_conditional_conformal,0.05,,,Trouser,average_set_size,0.977
17,gaussian_noise,mild,"{""std"":0.1}",class_conditional_conformal,0.05,,,Trouser,coverage,0.936
17,gaussian_noise,mild,"{""std"":0.1}",class_conditional_conformal,0.1,,,Ankle boot,average_set_size,0.85
17,gaussian_noise,mild,"{""std"":0.1}",class_conditional_conformal,0.1,,,Ankle boot,coverage,0.843
17,gaussian_noise,mild,"{""std"":0.1}",class_conditional_conformal,0.1,,,Bag,average_set_size,0.854
17,gaussian_noise,mild,"{""std"":0.1}",class_conditional_conformal,0.1,,,Bag,coverage,0.83
17,gaussian_noise,mild,"{""std"":0.1}",class_conditional_conformal,0.1,,,Coat,average_set_size,1.264
17,gaussian_noise,mild,"{""std"":0.1}",class_conditional_conformal,0.1,,,Coat,coverage,0.892
17,gaussian_noise,mild,"{""std"":0.1}",class_conditional_conformal,0.1,,,Dress,average_set_size,1.007
17,gaussian_noise,mild,"{""std"":0.1}",class_conditional_conformal,0.1,,,Dress,coverage,0.848
17,gaussian_noise,mild,"{""std"":0.1}",class_conditional_conformal,0.1,,,Pullover,average_set_size,1.397
17,gaussian_noise,mild,"{""std"":0.1}",class_conditional_conformal,0.1,,,Pullover,coverage,0.541
17,gaussian_noise,mild,"{""std"":0.1}",class_conditional_conformal,0.1,,,Sandal,average_set_size,0.84
17,gaussian_noise,mild,"{""std"":0.1}",class_conditional_conformal,0.1,,,Sandal,coverage,0.834
17,gaussian_noise,mild,"{""std"":0.1}",class_conditional_conformal,0.1,,,Shirt,average_set_size,1.101
17,gaussian_noise,mild,"{""std"":0.1}",class_conditional_conformal,0.1,,,Shirt,coverage,0.944
17,gaussian_noise,mild,"{""std"":0.1}",class_conditional_conformal,0.1,,,Sneaker,average_set_size,0.794
17,gaussian_noise,mild,"{""std"":0.1}",class_conditional_conformal,0.1,,,Sneaker,coverage,0.79
17,gaussian_noise,mild,"{""std"":0.1}",class_conditional_conformal,0.1,,,T-shirt/top,average_set_size,1.219
17,gaussian_noise,mild,"{""std"":0.1}",class_conditional_conformal,0.1,,,T-shirt/top,coverage,0.666
17,gaussian_noise,mild,"{""std"":0.1}",class_conditional_conformal,0.1,,,Trouser,average_set_size,0.849
17,gaussian_noise,mild,"{""std"":0.1}",class_conditional_conformal,0.1,,,Trouser,coverage,0.832
17,gaussian_noise,mild,"{""std"":0.1}",class_conditional_conformal,0.2,,,Ankle boot,average_set_size,0.649
17,gaussian_noise,mild,"{""std"":0.1}",class_conditional_conformal,0.2,,,Ankle boot,coverage,0.647
17,gaussian_noise,mild,"{""std"":0.1}",class_conditional_conformal,0.2,,,Bag,average_set_size,0.676
17,gaussian_noise,mild,"{""std"":0.1}",class_conditional_conformal,0.2,,,Bag,coverage,0.663
17,gaussian_noise,mild,"{""std"":0.1}",class_conditional_conformal,0.2,,,Coat,average_set_size,0.929
17,gaussian_noise,mild,"{""std"":0.1}",class_conditional_conformal,0.2,,,Coat,coverage,0.733
17,gaussian_noise,mild,"{""std"":0.1}",class_conditional_conformal,0.2,,,Dress,average_set_size,0.748
17,gaussian_noise,mild,"{""std"":0.1}",class_conditional_conformal,0.2,,,Dress,coverage,0.685
17,gaussian_noise,mild,"{""std"":0.1}",class_conditional_conformal,0.2,,,Pullover,average_set_size,0.837
17,gaussian_noise,mild,"{""std"":0.1}",class_conditional_conformal,0.2,,,Pullover,coverage,0.312
17,gaussian_noise,mild,"{""std"":0.1}",class_conditional_conformal,0.2,,,Sandal,average_set_size,0.644
17,gaussian_noise,mild,"{""std"":0.1}",class_conditional_conformal,0.2,,,Sandal,coverage,0.642
17,gaussian_noise,mild,"{""std"":0.1}",class_conditional_conformal,0.2,,,Shirt,average_set_size,0.916
17,gaussian_noise,mild,"{""std"":0.1}",class_conditional_conformal,0.2,,,Shirt,coverage,0.873
17,gaussian_noise,mild,"{""std"":0.1}",class_conditional_conformal,0.2,,,Sneaker,average_set_size,0.628
17,gaussian_noise,mild,"{""std"":0.1}",class_conditional_conformal,0.2,,,Sneaker,coverage,0.628
17,gaussian_noise,mild,"{""std"":0.1}",class_conditional_conformal,0.2,,,T-shirt/top,average_set_size,0.847
17,gaussian_noise,mild,"{""std"":0.1}",class_conditional_conformal,0.2,,,T-shirt/top,coverage,0.491
17,gaussian_noise,mild,"{""std"":0.1}",class_conditional_conformal,0.2,,,Trouser,average_set_size,0.6
17,gaussian_noise,mild,"{""std"":0.1}",class_conditional_conformal,0.2,,,Trouser,coverage,0.591
17,gaussian_noise,mild,"{""std"":0.1}",raw_softmax,,,,Ankle boot,f1,0.9605133267522211
17,gaussian_noise,mild,"{""std"":0.1}",raw_softmax,,,,Ankle boot,precision,0.9483430799220273
17,gaussian_noise,mild,"{""std"":0.1}",raw_softmax,,,,Ankle boot,recall,0.973
17,gaussian_noise,mild,"{""std"":0.1}",raw_softmax,,,,Bag,f1,0.9799398194583752
17,gaussian_noise,mild,"{""std"":0.1}",raw_softmax,,,,Bag,precision,0.9828973843058351
17,gaussian_noise,mild,"{""std"":0.1}",raw_softmax,,,,Bag,recall,0.977
17,gaussian_noise,mild,"{""std"":0.1}",raw_softmax,,,,Coat,f1,0.7877041306436119
17,gaussian_noise,mild,"{""std"":0.1}",raw_softmax,,,,Coat,precision,0.7578558225508318
17,gaussian_noise,mild,"{""std"":0.1}",raw_softmax,,,,Coat,recall,0.82
17,gaussian_noise,mild,"{""std"":0.1}",raw_softmax,,,,Dress,f1,0.8880118401578688
17,gaussian_noise,mild,"{""std"":0.1}",raw_softmax,,,,Dress,precision,0.8763388510223953
17,gaussian_noise,mild,"{""std"":0.1}",raw_softmax,,,,Dress,recall,0.9
17,gaussian_noise,mild,"{""std"":0.1}",raw_softmax,,,,Pullover,f1,0.5944827586206897
17,gaussian_noise,mild,"{""std"":0.1}",raw_softmax,,,,Pullover,precision,0.9577777777777777
17,gaussian_noise,mild,"{""std"":0.1}",raw_softmax,,,,Pullover,recall,0.431
17,gaussian_noise,mild,"{""std"":0.1}",raw_softmax,,,,Sandal,f1,0.9698169223156853
17,gaussian_noise,mild,"{""std"":0.1}",raw_softmax,,,,Sandal,precision,0.9598432908912831
17,gaussian_noise,mild,"{""std"":0.1}",raw_softmax,,,,Sandal,recall,0.98
17,gaussian_noise,mild,"{""std"":0.1}",raw_softmax,,,,Shirt,f1,0.6338393187708257
17,gaussian_noise,mild,"{""std"":0.1}",raw_softmax,,,,Shirt,precision,0.503233392122281
17,gaussian_noise,mild,"{""std"":0.1}",raw_softmax,,,,Shirt,recall,0.856
17,gaussian_noise,mild,"{""std"":0.1}",raw_softmax,,,,Sneaker,f1,0.9484430832057172
17,gaussian_noise,mild,"{""std"":0.1}",raw_softmax,,,,Sneaker,precision,0.9687174139728885
17,gaussian_noise,mild,"{""std"":0.1}",raw_softmax,,,,Sneaker,recall,0.929
17,gaussian_noise,mild,"{""std"":0.1}",raw_softmax,,,,T-shirt/top,f1,0.7631578947368421
17,gaussian_noise,mild,"{""std"":0.1}",raw_softmax,,,,T-shirt/top,precision,0.8917112299465241
17,gaussian_noise,mild,"{""std"":0.1}",raw_softmax,,,,T-shirt/top,recall,0.667
17,gaussian_noise,mild,"{""std"":0.1}",raw_softmax,,,,Trouser,f1,0.9839357429718876
17,gaussian_noise,mild,"{""std"":0.1}",raw_softmax,,,,Trouser,precision,0.9879032258064516
17,gaussian_noise,mild,"{""std"":0.1}",raw_softmax,,,,Trouser,recall,0.98
17,gaussian_noise,mild,"{""std"":0.1}",standard_conformal,0.05,,,Ankle boot,average_set_size,1.041
17,gaussian_noise,mild,"{""std"":0.1}",standard_conformal,0.05,,,Ankle boot,coverage,0.984
17,gaussian_noise,mild,"{""std"":0.1}",standard_conformal,0.05,,,Bag,average_set_size,1.011
17,gaussian_noise,mild,"{""std"":0.1}",standard_conformal,0.05,,,Bag,coverage,0.981
17,gaussian_noise,mild,"{""std"":0.1}",standard_conformal,0.05,,,Coat,average_set_size,1.234
17,gaussian_noise,mild,"{""std"":0.1}",standard_conformal,0.05,,,Coat,coverage,0.904
17,gaussian_noise,mild,"{""std"":0.1}",standard_conformal,0.05,,,Dress,average_set_size,1.098
17,gaussian_noise,mild,"{""std"":0.1}",standard_conformal,0.05,,,Dress,coverage,0.936
17,gaussian_noise,mild,"{""std"":0.1}",standard_conformal,0.05,,,Pullover,average_set_size,1.412
17,gaussian_noise,mild,"{""std"":0.1}",standard_conformal,0.05,,,Pullover,coverage,0.592
17,gaussian_noise,mild,"{""std"":0.1}",standard_conformal,0.05,,,Sandal,average_set_size,1.024
17,gaussian_noise,mild,"{""std"":0.1}",standard_conformal,0.05,,,Sandal,coverage,0.989
17,gaussian_noise,mild,"{""std"":0.1}",standard_conformal,0.05,,,Shirt,average_set_size,1.2
17,gaussian_noise,mild,"{""std"":0.1}",standard_conformal,0.05,,,Shirt,coverage,0.922
17,gaussian_noise,mild,"{""std"":0.1}",standard_conformal,0.05,,,Sneaker,average_set_size,1.139
17,gaussian_noise,mild,"{""std"":0.1}",standard_conformal,0.05,,,Sneaker,coverage,0.97
17,gaussian_noise,mild,"{""std"":0.1}",standard_conformal,0.05,,,T-shirt/top,average_set_size,1.343
17,gaussian_noise,mild,"{""std"":0.1}",standard_conformal,0.05,,,T-shirt/top,coverage,0.802
17,gaussian_noise,mild,"{""std"":0.1}",standard_conformal,0.05,,,Trouser,average_set_size,1.005
17,gaussian_noise,mild,"{""std"":0.1}",standard_conformal,0.05,,,Trouser,coverage,0.981
17,gaussian_noise,mild,"{""std"":0.1}",standard_conformal,0.1,,,Ankle boot,average_set_size,0.987
17,gaussian_noise,mild,"{""std"":0.1}",standard_conformal,0.1,,,Ankle boot,coverage,0.97
17,gaussian_noise,mild,"{""std"":0.1}",standard_conformal,0.1,,,Bag,average_set_size,0.987
17,gaussian_noise,mild,"{""std"":0.1}",standard_conformal,0.1,,,Bag,coverage,0.975
17,gaussian_noise,mild,"{""std"":0.1}",standard_conformal,0.1,,,Coat,average_set_size,0.915
17,gaussian_noise,mild,"{""std"":0.1}",standard_conformal,0.1,,,Coat,coverage,0.775
17,gaussian_noise,mild,"{""std"":0.1}",standard_conformal,0.1,,,Dress,average_set_size,0.914
17,gaussian_noise,mild,"{""std"":0.1}",standard_conformal,0.1,,,Dress,coverage,0.855
17,gaussian_noise,mild,"{""std"":0.1}",standard_conformal,0.1,,,Pullover,average_set_size,0.771
17,gaussian_noise,mild,"{""std"":0.1}",standard_conformal,0.1,,,Pullover,coverage,0.359
17,gaussian_noise,mild,"{""std"":0.1}",standard_conformal,0.1,,,Sandal,average_set_size,0.989
17,gaussian_noise,mild,"{""std"":0.1}",standard_conformal,0.1,,,Sandal,coverage,0.973
17,gaussian_noise,mild,"{""std"":0.1}",standard_conformal,0.1,,,Shirt,average_set_size,0.903
17,gaussian_noise,mild,"{""std"":0.1}",standard_conformal,0.1,,,Shirt,coverage,0.796
17,gaussian_noise,mild,"{""std"":0.1}",standard_conformal,0.1,,,Sneaker,average_set_size,0.964
17,gaussian_noise,mild,"{""std"":0.1}",standard_conformal,0.1,,,Sneaker,coverage,0.909
17,gaussian_noise,mild,"{""std"":0.1}",standard_conformal,0.1,,,T-shirt/top,average_set_size,0.861
17,gaussian_noise,mild,"{""std"":0.1}",standard_conformal,0.1,,,T-shirt/top,coverage,0.613
17,gaussian_noise,mild,"{""std"":0.1}",standard_conformal,0.1,,,Trouser,average_set_size,0.984
17,gaussian_noise,mild,"{""std"":0.1}",standard_conformal,0.1,,,Trouser,coverage,0.973
17,gaussian_noise,mild,"{""std"":0.1}",standard_conformal,0.2,,,Ankle boot,average_set_size,0.93
17,gaussian_noise,mild,"{""std"":0.1}",standard_conformal,0.2,,,Ankle boot,coverage,0.926
17,gaussian_noise,mild,"{""std"":0.1}",standard_conformal,0.2,,,Bag,average_set_size,0.963
17,gaussian_noise,mild,"{""std"":0.1}",standard_conformal,0.2,,,Bag,coverage,0.961
17,gaussian_noise,mild,"{""std"":0.1}",standard_conformal,0.2,,,Coat,average_set_size,0.55
17,gaussian_noise,mild,"{""std"":0.1}",standard_conformal,0.2,,,Coat,coverage,0.507
17,gaussian_noise,mild,"{""std"":0.1}",standard_conformal,0.2,,,Dress,average_set_size,0.727
17,gaussian_noise,mild,"{""std"":0.1}",standard_conformal,0.2,,,Dress,coverage,0.71
17,gaussian_noise,mild,"{""std"":0.1}",standard_conformal,0.2,,,Pullover,average_set_size,0.246
17,gaussian_noise,mild,"{""std"":0.1}",standard_conformal,0.2,,,Pullover,coverage,0.131
17,gaussian_noise,mild,"{""std"":0.1}",standard_conformal,0.2,,,Sandal,average_set_size,0.955
17,gaussian_noise,mild,"{""std"":0.1}",standard_conformal,0.2,,,Sandal,coverage,0.949
17,gaussian_noise,mild,"{""std"":0.1}",standard_conformal,0.2,,,Shirt,average_set_size,0.613
17,gaussian_noise,mild,"{""std"":0.1}",standard_conformal,0.2,,,Shirt,coverage,0.591
17,gaussian_noise,mild,"{""std"":0.1}",standard_conformal,0.2,,,Sneaker,average_set_size,0.744
17,gaussian_noise,mild,"{""std"":0.1}",standard_conformal,0.2,,,Sneaker,coverage,0.728
17,gaussian_noise,mild,"{""std"":0.1}",standard_conformal,0.2,,,T-shirt/top,average_set_size,0.416
17,gaussian_noise,mild,"{""std"":0.1}",standard_conformal,0.2,,,T-shirt/top,coverage,0.351
17,gaussian_noise,mild,"{""std"":0.1}",standard_conformal,0.2,,,Trouser,average_set_size,0.964
17,gaussian_noise,mild,"{""std"":0.1}",standard_conformal,0.2,,,Trouser,coverage,0.96
17,gaussian_noise,strong,"{""std"":0.3}",class_conditional_conformal,0.05,,,Ankle boot,average_set_size,0.724
17,gaussian_noise,strong,"{""std"":0.3}",class_conditional_conformal,0.05,,,Ankle boot,coverage,0.065
17,gaussian_noise,strong,"{""std"":0.3}",class_conditional_conformal,0.05,,,Bag,average_set_size,0.976
17,gaussian_noise,strong,"{""std"":0.3}",class_conditional_conformal,0.05,,,Bag,coverage,0.882
17,gaussian_noise,strong,"{""std"":0.3}",class_conditional_conformal,0.05,,,Coat,average_set_size,1.151
17,gaussian_noise,strong,"{""std"":0.3}",class_conditional_conformal,0.05,,,Coat,coverage,0.197
17,gaussian_noise,strong,"{""std"":0.3}",class_conditional_conformal,0.05,,,Dress,average_set_size,1.088
17,gaussian_noise,strong,"{""std"":0.3}",class_conditional_conformal,0.05,,,Dress,coverage,0.434
17,gaussian_noise,strong,"{""std"":0.3}",class_conditional_conformal,0.05,,,Pullover,average_set_size,1.073
17,gaussian_noise,strong,"{""std"":0.3}",class_conditional_conformal,0.05,,,Pullover,coverage,0.02
17,gaussian_noise,strong,"{""std"":0.3}",class_conditional_conformal,0.05,,,Sandal,average_set_size,0.648
17,gaussian_noise,strong,"{""std"":0.3}",class_conditional_conformal,0.05,,,Sandal,coverage,0.143
17,gaussian_noise,strong,"{""std"":0.3}",class_conditional_conformal,0.05,,,Shirt,average_set_size,1.013
17,gaussian_noise,strong,"{""std"":0.3}",class_conditional_conformal,0.05,,,Shirt,coverage,0.958
17,gaussian_noise,strong,"{""std"":0.3}",class_conditional_conformal,0.05,,,Sneaker,average_set_size,0.813
17,gaussian_noise,strong,"{""std"":0.3}",class_conditional_conformal,0.05,,,Sneaker,coverage,0.003
17,gaussian_noise,strong,"{""std"":0.3}",class_conditional_conformal,0.05,,,T-shirt/top,average_set_size,1.076
17,gaussian_noise,strong,"{""std"":0.3}",class_conditional_conformal,0.05,,,T-shirt/top,coverage,0.09
17,gaussian_noise,strong,"{""std"":0.3}",class_conditional_conformal,0.05,,,Trouser,average_set_size,0.684
17,gaussian_noise,strong,"{""std"":0.3}",class_conditional_conformal,0.05,,,Trouser,coverage,0.479
17,gaussian_noise,strong,"{""std"":0.3}",class_conditional_conformal,0.1,,,Ankle boot,average_set_size,0.224
17,gaussian_noise,strong,"{""std"":0.3}",class_conditional_conformal,0.1,,,Ankle boot,coverage,0.025
17,gaussian_noise,strong,"{""std"":0.3}",class_conditional_conformal,0.1,,,Bag,average_set_size,0.67
17,gaussian_noise,strong,"{""std"":0.3}",class_conditional_conformal,0.1,,,Bag,coverage,0.614
17,gaussian_noise,strong,"{""std"":0.3}",class_conditional_conformal,0.1,,,Coat,average_set_size,0.929
17,gaussian_noise,strong,"{""std"":0.3}",class_conditional_conformal,0.1,,,Coat,coverage,0.1
17,gaussian_noise,strong,"{""std"":0.3}",class_conditional_conformal,0.1,,,Dress,average_set_size,0.71
17,gaussian_noise,strong,"{""std"":0.3}",class_conditional_conformal,0.1,,,Dress,coverage,0.285
17,gaussian_noise,strong,"{""std"":0.3}",class_conditional_conformal,0.1,,,Pullover,average_set_size,0.975
17,gaussian_noise,strong,"{""std"":0.3}",class_conditional_conformal,0.1,,,Pullover,coverage,0.004
17,gaussian_noise,strong,"{""std"":0.3}",class_conditional_conformal,0.1,,,Sandal,average_set_size,0.225
17,gaussian_noise,strong,"{""std"":0.3}",class_conditional_conformal,0.1,,,Sandal,coverage,0.055
17,gaussian_noise,strong,"{""std"":0.3}",class_conditional_conformal,0.1,,,Shirt,average_set_size,0.943
17,gaussian_noise,strong,"{""std"":0.3}",class_conditional_conformal,0.1,,,Shirt,coverage,0.936
17,gaussian_noise,strong,"{""std"":0.3}",class_conditional_conformal,0.1,,,Sneaker,average_set_size,0.28
17,gaussian_noise,strong,"{""std"":0.3}",class_conditional_conformal,0.1,,,Sneaker,coverage,0.0
17,gaussian_noise,strong,"{""std"":0.3}",class_conditional_conformal,0.1,,,T-shirt/top,average_set_size,0.928
17,gaussian_noise,strong,"{""std"":0.3}",class_conditional_conformal,0.1,,,T-shirt/top,coverage,0.033
17,gaussian_noise,strong,"{""std"":0.3}",class_conditional_conformal,0.1,,,Trouser,average_set_size,0.264
17,gaussian_noise,strong,"{""std"":0.3}",class_conditional_conformal,0.1,,,Trouser,coverage,0.151
17,gaussian_noise,strong,"{""std"":0.3}",class_conditional_conformal,0.2,,,Ankle boot,average_set_size,0.046
17,gaussian_noise,strong,"{""std"":0.3}",class_conditional_conformal,0.2,,,Ankle boot,coverage,0.002
17,gaussian_noise,strong,"{""std"":0.3}",class_conditional_conformal,0.2,,,Bag,average_set_size,0.383
17,gaussian_noise,strong,"{""std"":0.3}",class_conditional_conformal,0.2,,,Bag,coverage,0.349
17,gaussian_noise,strong,"{""std"":0.3}",class_conditional_conformal,0.2,,,Coat,average_set_size,0.785
17,gaussian_noise,strong,"{""std"":0.3}",class_conditional_conformal,0.2,,,Coat,coverage,0.032
17,gaussian_noise,strong,"{""std"":0.3}",class_conditional_conformal,0.2,,,Dress,average_set_size,0.434
17,gaussian_noise,strong,"{""std"":0.3}",class_conditional_conformal,0.2,,,Dress,coverage,0.118
17,gaussian_noise,strong,"{""std"":0.3}",class_conditional_conformal,0.2,,,Pullover,average_set_size,0.895
17,gaussian_noise,strong,"{""std"":0.3}",class_conditional_conformal,0.2,,,Pullover,coverage,0.0
17,gaussian_noise,strong,"{""std"":0.3}",class_conditional_conformal,0.2,,,Sandal,average_set_size,0.059
17,gaussian_noise,strong,"{""std"":0.3}",class_conditional_conformal,0.2,,,Sandal,coverage,0.008
17,gaussian_noise,strong,"{""std"":0.3}",class_conditional_conformal,0.2,,,Shirt,average_set_size,0.896
17,gaussian_noise,strong,"{""std"":0.3}",class_conditional_conformal,0.2,,,Shirt,coverage,0.895
17,gaussian_noise,strong,"{""std"":0.3}",class_conditional_conformal,0.2,,,Sneaker,average_set_size,0.078
17,gaussian_noise,strong,"{""std"":0.3}",class_conditional_conformal,0.2,,,Sneaker,coverage,0.0
17,gaussian_noise,strong,"{""std"":0.3}",class_conditional_conformal,0.2,,,T-shirt/top,average_set_size,0.835
17,gaussian_noise,strong,"{""std"":0.3}",class_conditional_conformal,0.2,,,T-shirt/top,coverage,0.015
17,gaussian_noise,strong,"{""std"":0.3}",class_conditional_conformal,0.2,,,Trouser,average_set_size,0.076
17,gaussian_noise,strong,"{""std"":0.3}",class_conditional_conformal,0.2,,,Trouser,coverage,0.012
17,gaussian_noise,strong,"{""std"":0.3}",raw_softmax,,,,Ankle boot,f1,0.224977856510186
17,gaussian_noise,strong,"{""std"":0.3}",raw_softmax,,,,Ankle boot,precision,0.9844961240310077
17,gaussian_noise,strong,"{""std"":0.3}",raw_softmax,,,,Ankle boot,recall,0.127
17,gaussian_noise,strong,"{""std"":0.3}",raw_softmax,,,,Bag,f1,0.3498112529210857
17,gaussian_noise,strong,"{""std"":0.3}",raw_softmax,,,,Bag,precision,0.21323690554459784
17,gaussian_noise,strong,"{""std"":0.3}",raw_softmax,,,,Bag,recall,0.973
17,gaussian_noise,strong,"{""std"":0.3}",raw_softmax,,,,Coat,f1,0.12614259597806216
17,gaussian_noise,strong,"{""std"":0.3}",raw_softmax,,,,Coat,precision,0.7340425531914894
17,gaussian_noise,strong,"{""std"":0.3}",raw_softmax,,,,Coat,recall,0.069
17,gaussian_noise,strong,"{""std"":0.3}",raw_softmax,,,,Dress,f1,0.5190409026798307
17,gaussian_noise,strong,"{""std"":0.3}",raw_softmax,,,,Dress,precision,0.8803827751196173
17,gaussian_noise,strong,"{""std"":0.3}",raw_softmax,,,,Dress,recall,0.368
17,gaussian_noise,strong,"{""std"":0.3}",raw_softmax,,,,Pullover,f1,0.001998001998001998
17,gaussian_noise,strong,"{""std"":0.3}",raw_softmax,,,,Pullover,precision,1.0
17,gaussian_noise,strong,"{""std"":0.3}",raw_softmax,,,,Pullover,recall,0.001
17,gaussian_noise,strong,"{""std"":0.3}",raw_softmax,,,,Sandal,f1,0.4300077339520495
17,gaussian_noise,strong,"{""std"":0.3}",raw_softmax,,,,Sandal,precision,0.9488054607508533
17,gaussian_noise,strong,"{""std"":0.3}",raw_softmax,,,,Sandal,recall,0.278
17,gaussian_noise,strong,"{""std"":0.3}",raw_softmax,,,,Shirt,f1,0.3707985442089488
17,gaussian_noise,strong,"{""std"":0.3}",raw_softmax,,,,Shirt,precision,0.2359030236992645
17,gaussian_noise,strong,"{""std"":0.3}",raw_softmax,,,,Shirt,recall,0.866
17,gaussian_noise,strong,"{""std"":0.3}",raw_softmax,,,,Sneaker,f1,0.005982053838484547
17,gaussian_noise,strong,"{""std"":0.3}",raw_softmax,,,,Sneaker,precision,1.0
17,gaussian_noise,strong,"{""std"":0.3}",raw_softmax,,,,Sneaker,recall,0.003
17,gaussian_noise,strong,"{""std"":0.3}",raw_softmax,,,,T-shirt/top,f1,0.06165703275529865
17,gaussian_noise,strong,"{""std"":0.3}",raw_softmax,,,,T-shirt/top,precision,0.8421052631578947
17,gaussian_noise,strong,"{""std"":0.3}",raw_softmax,,,,T-shirt/top,recall,0.032
17,gaussian_noise,strong,"{""std"":0.3}",raw_softmax,,,,Trouser,f1,0.8782122905027933
17,gaussian_noise,strong,"{""std"":0.3}",raw_softmax,,,,Trouser,precision,0.9949367088607595
17,gaussian_noise,strong,"{""std"":0.3}",raw_softmax,,,,Trouser,recall,0.786
17,gaussian_noise,strong,"{""std"":0.3}",standard_conformal,0.05,,,Ankle boot,average_set_size,1.134
17,gaussian_noise,strong,"{""std"":0.3}",standard_conformal,0.05,,,Ankle boot,coverage,0.178
17,gaussian_noise,strong,"{""std"":0.3}",standard_conformal,0.05,,,Bag,average_set_size,1.027
17,gaussian_noise,strong,"{""std"":0.3}",standard_conformal,0.05,,,Bag,coverage,0.981
17,gaussian_noise,strong,"{""std"":0.3}",standard_conformal,0.05,,,Coat,average_set_size,1.225
17,gaussian_noise,strong,"{""std"":0.3}",standard_conformal,0.05,,,Coat,coverage,0.109
17,gaussian_noise,strong,"{""std"":0.3}",standard_conformal,0.05,,,Dress,average_set_size,1.242
17,gaussian_noise,strong,"{""std"":0.3}",standard_conformal,0.05,,,Dress,coverage,0.433
17,gaussian_noise,strong,"{""std"":0.3}",standard_conformal,0.05,,,Pullover,average_set_size,1.153
17,gaussian_noise,strong,"{""std"":0.3}",standard_conformal,0.05,,,Pullover,coverage,0.005
17,gaussian_noise,strong,"{""std"":0.3}",standard_conformal,0.05,,,Sandal,average_set_size,1.171
17,gaussian_noise,strong,"{""std"":0.3}",standard_conformal,0.05,,,Sandal,coverage,0.347
17,gaussian_noise,strong,"{""std"":0.3}",standard_conformal,0.05,,,Shirt,average_set_size,1.123
17,gaussian_noise,strong,"{""std"":0.3}",standard_conformal,0.05,,,Shirt,coverage,0.921
17,gaussian_noise,strong,"{""std"":0.3}",standard_conformal,0.05,,,Sneaker,average_set_size,1.079
17,gaussian_noise,strong,"{""std"":0.3}",standard_conformal,0.05,,,Sneaker,coverage,0.007
17,gaussian_noise,strong,"{""std"":0.3}",standard_conformal,0.05,,,T-shirt/top,average_set_size,1.212
17,gaussian_noise,strong,"{""std"":0.3}",standard_conformal,0.05,,,T-shirt/top,coverage,0.086
17,gaussian_noise,strong,"{""std"":0.3}",standard_conformal,0.05,,,Trouser,average_set_size,1.099
17,gaussian_noise,strong,"{""std"":0.3}",standard_conformal,0.05,,,Trouser,coverage,0.808
17,gaussian_noise,strong,"{""std"":0.3}",standard_conformal,0.1,,,Ankle boot,average_set_size,0.966
17,gaussian_noise,strong,"{""std"":0.3}",standard_conformal,0.1,,,Ankle boot,coverage,0.117
17,gaussian_noise,strong,"{""std"":0.3}",standard_conformal,0.1,,,Bag,average_set_size,0.994
17,gaussian_noise,strong,"{""std"":0.3}",standard_conformal,0.1,,,Bag,coverage,0.972
17,gaussian_noise,strong,"{""std"":0.3}",standard_conformal,0.1,,,Coat,average_set_size,0.89
17,gaussian_noise,strong,"{""std"":0.3}",standard_conformal,0.1,,,Coat,coverage,0.042
17,gaussian_noise,strong,"{""std"":0.3}",standard_conformal,0.1,,,Dress,average_set_size,0.814
17,gaussian_noise,strong,"{""std"":0.3}",standard_conformal,0.1,,,Dress,coverage,0.303
17,gaussian_noise,strong,"{""std"":0.3}",standard_conformal,0.1,,,Pullover,average_set_size,0.947
17,gaussian_noise,strong,"{""std"":0.3}",standard_conformal,0.1,,,Pullover,coverage,0.0
17,gaussian_noise,strong,"{""std"":0.3}",standard_conformal,0.1,,,Sandal,average_set_size,0.937
17,gaussian_noise,strong,"{""std"":0.3}",standard_conformal,0.1,,,Sandal,coverage,0.262
17,gaussian_noise,strong,"{""std"":0.3}",standard_conformal,0.1,,,Shirt,average_set_size,0.95
17,gaussian_noise,strong,"{""std"":0.3}",standard_conformal,0.1,,,Shirt,coverage,0.844
17,gaussian_noise,strong,"{""std"":0.3}",standard_conformal,0.1,,,Sneaker,average_set_size,0.967
17,gaussian_noise,strong,"{""std"":0.3}",standard_conformal,0.1,,,Sneaker,coverage,0.003
17,gaussian_noise,strong,"{""std"":0.3}",standard_conformal,0.1,,,T-shirt/top,average_set_size,0.907
17,gaussian_noise,strong,"{""std"":0.3}",standard_conformal,0.1,,,T-shirt/top,coverage,0.025
17,gaussian_noise,strong,"{""std"":0.3}",standard_conformal,0.1,,,Trouser,average_set_size,0.897
17,gaussian_noise,strong,"{""std"":0.3}",standard_conformal,0.1,,,Trouser,coverage,0.746
17,gaussian_noise,strong,"{""std"":0.3}",standard_conformal,0.2,,,Ankle boot,average_set_size,0.741
17,gaussian_noise,strong,"{""std"":0.3}",standard_conformal,0.2,,,Ankle boot,coverage,0.057
17,gaussian_noise,strong,"{""std"":0.3}",standard_conformal,0.2,,,Bag,average_set_size,0.946
17,gaussian_noise,strong,"{""std"":0.3}",standard_conformal,0.2,,,Bag,coverage,0.934
17,gaussian_noise,strong,"{""std"":0.3}",standard_conformal,0.2,,,Coat,average_set_size,0.54
17,gaussian_noise,strong,"{""std"":0.3}",standard_conformal,0.2,,,Coat,coverage,0.006
17,gaussian_noise,strong,"{""std"":0.3}",standard_conformal,0.2,,,Dress,average_set_size,0.401
17,gaussian_noise,strong,"{""std"":0.3}",standard_conformal,0.2,,,Dress,coverage,0.14
17,gaussian_noise,strong,"{""std"":0.3}",standard_conformal,0.2,,,Pullover,average_set_size,0.68
17,gaussian_noise,strong,"{""std"":0.3}",standard_conformal,0.2,,,Pullover,coverage,0.0
17,gaussian_noise,strong,"{""std"":0.3}",standard_conformal,0.2,,,Sandal,average_set_size,0.653
17,gaussian_noise,strong,"{""std"":0.3}",standard_conformal,0.2,,,Sandal,coverage,0.163
17,gaussian_noise,strong,"{""std"":0.3}",standard_conformal,0.2,,,Shirt,average_set_size,0.749
17,gaussian_noise,strong,"{""std"":0.3}",standard_conformal,0.2,,,Shirt,coverage,0.704
17,gaussian_noise,strong,"{""std"":0.3}",standard_conformal,0.2,,,Sneaker,average_set_size,0.807
17,gaussian_noise,strong,"{""std"":0.3}",standard_conformal,0.2,,,Sneaker,coverage,0.0
17,gaussian_noise,strong,"{""std"":0.3}",standard_conformal,0.2,,,T-shirt/top,average_set_size,0.54
17,gaussian_noise,strong,"{""std"":0.3}",standard_conformal,0.2,,,T-shirt/top,coverage,0.003
17,gaussian_noise,strong,"{""std"":0.3}",standard_conformal,0.2,,,Trouser,average_set_size,0.735
17,gaussian_noise,strong,"{""std"":0.3}",standard_conformal,0.2,,,Trouser,coverage,0.671
17,rotation,medium,"{""degrees"":20.0}",class_conditional_conformal,0.05,,,Ankle boot,average_set_size,0.797
17,rotation,medium,"{""degrees"":20.0}",class_conditional_conformal,0.05,,,Ankle boot,coverage,0.726
17,rotation,medium,"{""degrees"":20.0}",class_conditional_conformal,0.05,,,Bag,average_set_size,0.771
17,rotation,medium,"{""degrees"":20.0}",class_conditional_conformal,0.05,,,Bag,coverage,0.625
17,rotation,medium,"{""degrees"":20.0}",class_conditional_conformal,0.05,,,Coat,average_set_size,1.873
17,rotation,medium,"{""degrees"":20.0}",class_conditional_conformal,0.05,,,Coat,coverage,0.761
17,rotation,medium,"{""degrees"":20.0}",class_conditional_conformal,0.05,,,Dress,average_set_size,1.715
17,rotation,medium,"{""degrees"":20.0}",class_conditional_conformal,0.05,,,Dress,coverage,0.428
17,rotation,medium,"{""degrees"":20.0}",class_conditional_conformal,0.05,,,Pullover,average_set_size,1.931
17,rotation,medium,"{""degrees"":20.0}",class_conditional_conformal,0.05,,,Pullover,coverage,0.406
17,rotation,medium,"{""degrees"":20.0}",class_conditional_conformal,0.05,,,Sandal,average_set_size,0.944
17,rotation,medium,"{""degrees"":20.0}",class_conditional_conformal,0.05,,,Sandal,coverage,0.814
17,rotation,medium,"{""degrees"":20.0}",class_conditional_conformal,0.05,,,Shirt,average_set_size,1.548
17,rotation,medium,"{""degrees"":20.0}",class_conditional_conformal,0.05,,,Shirt,coverage,0.955
17,rotation,medium,"{""degrees"":20.0}",class_conditional_conformal,0.05,,,Sneaker,average_set_size,0.491
17,rotation,medium,"{""degrees"":20.0}",class_conditional_conformal,0.05,,,Sneaker,coverage,0.339
17,rotation,medium,"{""degrees"":20.0}",class_conditional_conformal,0.05,,,T-shirt/top,average_set_size,1.761
17,rotation,medium,"{""degrees"":20.0}",class_conditional_conformal,0.05,,,T-shirt/top,coverage,0.343
17,rotation,medium,"{""degrees"":20.0}",class_conditional_conformal,0.05,,,Trouser,average_set_size,1.636
17,rotation,medium,"{""degrees"":20.0}",class_conditional_conformal,0.05,,,Trouser,coverage,0.0
17,rotation,medium,"{""degrees"":20.0}",class_conditional_conformal,0.1,,,Ankle boot,average_set_size,0.481
17,rotation,medium,"{""degrees"":20.0}",class_conditional_conformal,0.1,,,Ankle boot,coverage,0.449
17,rotation,medium,"{""degrees"":20.0}",class_conditional_conformal,0.1,,,Bag,average_set_size,0.264
17,rotation,medium,"{""degrees"":20.0}",class_conditional_conformal,0.1,,,Bag,coverage,0.191
17,rotation,medium,"{""degrees"":20.0}",class_conditional_conformal,0.1,,,Coat,average_set_size,1.274
17,rotation,medium,"{""degrees"":20.0}",class_conditional_conformal,0.1,,,Coat,coverage,0.491
17,rotation,medium,"{""degrees"":20.0}",class_conditional_conformal,0.1,,,Dress,average_set_size,1.04
17,rotation,medium,"{""degrees"":20.0}",class_conditional_conformal,0.1,,,Dress,coverage,0.224
17,rotation,medium,"{""degrees"":20.0}",class_conditional_conformal,0.1,,,Pullover,average_set_size,1.064
17,rotation,medium,"{""degrees"":20.0}",class_conditional_conformal,0.1,,,Pullover,coverage,0.109
17,rotation,medium,"{""degrees"":20.0}",class_conditional_conformal,0.1,,,Sandal,average_set_size,0.768
17,rotation,medium,"{""degrees"":20.0}",class_conditional_conformal,0.1,,,Sandal,coverage,0.682
17,rotation,medium,"{""degrees"":20.0}",class_conditional_conformal,0.1,,,Shirt,average_set_size,1.039
17,rotation,medium,"{""degrees"":20.0}",class_conditional_conformal,0.1,,,Shirt,coverage,0.845
17,rotation,medium,"{""degrees"":20.0}",class_conditional_conformal,0.1,,,Sneaker,average_set_size,0.154
17,rotation,medium,"{""degrees"":20.0}",class_conditional_conformal,0.1,,,Sneaker,coverage,0.135
17,rotation,medium,"{""degrees"":20.0}",class_conditional_conformal,0.1,,,T-shirt/top,average_set_size,0.97
17,rotation,medium,"{""degrees"":20.0}",class_conditional_conformal,0.1,,,T-shirt/top,coverage,0.146
17,rotation,medium,"{""degrees"":20.0}",class_conditional_conformal,0.1,,,Trouser,average_set_size,1.102
17,rotation,medium,"{""degrees"":20.0}",class_conditional_conformal,0.1,,,Trouser,coverage,0.0
17,rotation,medium,"{""degrees"":20.0}",class_conditional_conformal,0.2,,,Ankle boot,average_set_size,0.076
17,rotation,medium,"{""degrees"":20.0}",class_conditional_conformal,0.2,,,Ankle boot,coverage,0.069
17,rotation,medium,"{""degrees"":20.0}",class_conditional_conformal,0.2,,,Bag,average_set_size,0.057
17,rotation,medium,"{""degrees"":20.0}",class_conditional_conformal,0.2,,,Bag,coverage,0.029
17,rotation,medium,"{""degrees"":20.0}",class_conditional_conformal,0.2,,,Coat,average_set_size,0.563
17,rotation,medium,"{""degrees"":20.0}",class_conditional_conformal,0.2,,,Coat,coverage,0.108
17,rotation,medium,"{""degrees"":20.0}",class_conditional_conformal,0.2,,,Dress,average_set_size,0.472
17,rotation,medium,"{""degrees"":20.0}",class_conditional_conformal,0.2,,,Dress,coverage,0.06
17,rotation,medium,"{""degrees"":20.0}",class_conditional_conformal,0.2,,,Pullover,average_set_size,0.496
17,rotation,medium,"{""degrees"":20.0}",class_conditional_conformal,0.2,,,Pullover,coverage,0.012
17,rotation,medium,"{""degrees"":20.0}",class_conditional_conformal,0.2,,,Sandal,average_set_size,0.535
17,rotation,medium,"{""degrees"":20.0}",class_conditional_conformal,0.2,,,Sandal,coverage,0.476
17,rotation,medium,"{""degrees"":20.0}",class_conditional_conformal,0.2,,,Shirt,average_set_size,0.717
17,rotation,medium,"{""degrees"":20.0}",class_conditional_conformal,0.2,,,Shirt,coverage,0.682
17,rotation,medium,"{""degrees"":20.0}",class_conditional_conformal,0.2,,,Sneaker,average_set_size,0.025
17,rotation,medium,"{""degrees"":20.0}",class_conditional_conformal,0.2,,,Sneaker,coverage,0.024
17,rotation,medium,"{""degrees"":20.0}",class_conditional_conformal,0.2,,,T-shirt/top,average_set_size,0.464
17,rotation,medium,"{""degrees"":20.0}",class_conditional_conformal,0.2,,,T-shirt/top,coverage,0.043
17,rotation,medium,"{""degrees"":20.0}",class_conditional_conformal,0.2,,,Trouser,average_set_size,0.778
17,rotation,medium,"{""degrees"":20.0}",class_conditional_conformal,0.2,,,Trouser,coverage,0.0
17,rotation,medium,"{""degrees"":20.0}",raw_softmax,,,,Ankle boot,f1,0.8835341365461847
17,rotation,medium,"{""degrees"":20.0}",raw_softmax,,,,Ankle boot,precision,0.8870967741935484
17,rotation,medium,"{""degrees"":20.0}",raw_softmax,,,,Ankle boot,recall,0.88
17,rotation,medium,"{""degrees"":20.0}",raw_softmax,,,,Bag,f1,0.8419100602688919
17,rotation,medium,"{""degrees"":20.0}",raw_softmax,,,,Bag,precision,0.7847882454624028
17,rotation,medium,"{""degrees"":20.0}",raw_softmax,,,,Bag,recall,0.908
17,rotation,medium,"{""degrees"":20.0}",raw_softmax,,,,Coat,f1,0.4133083411433927
17,rotation,medium,"{""degrees"":20.0}",raw_softmax,,,,Coat,precision,0.3888888888888889
17,rotation,medium,"{""degrees"":20.0}",raw_softmax,,,,Coat,recall,0.441
17,rotation,medium,"{""degrees"":20.0}",raw_softmax,,,,Dress,f1,0.40557815223707144
17,rotation,medium,"{""degrees"":20.0}",raw_softmax,,,,Dress,precision,0.4840499306518724
17,rotation,medium,"{""degrees"":20.0}",raw_softmax,,,,Dress,recall,0.349
17,rotation,medium,"{""degrees"":20.0}",raw_softmax,,,,Pullover,f1,0.22448979591836735
17,rotation,medium,"{""degrees"":20.0}",raw_softmax,,,,Pullover,precision,0.75
17,rotation,medium,"{""degrees"":20.0}",raw_softmax,,,,Pullover,recall,0.132
17,rotation,medium,"{""degrees"":20.0}",raw_softmax,,,,Sandal,f1,0.7396694214876033
17,rotation,medium,"{""degrees"":20.0}",raw_softmax,,,,Sandal,precision,0.6302816901408451
17,rotation,medium,"{""degrees"":20.0}",raw_softmax,,,,Sandal,recall,0.895
17,rotation,medium,"{""degrees"":20.0}",raw_softmax,,,,Shirt,f1,0.3240449438202247
17,rotation,medium,"{""degrees"":20.0}",raw_softmax,,,,Shirt,precision,0.20898550724637682
17,rotation,medium,"{""degrees"":20.0}",raw_softmax,,,,Shirt,recall,0.721
17,rotation,medium,"{""degrees"":20.0}",raw_softmax,,,,Sneaker,f1,0.606425702811245
17,rotation,medium,"{""degrees"":20.0}",raw_softmax,,,,Sneaker,precision,0.917004048582996
17,rotation,medium,"{""degrees"":20.0}",raw_softmax,,,,Sneaker,recall,0.453
17,rotation,medium,"{""degrees"":20.0}",raw_softmax,,,,T-shirt/top,f1,0.3234463276836158
17,rotation,medium,"{""degrees"":20.0}",raw_softmax,,,,T-shirt/top,precision,0.5504807692307693
17,rotation,medium,"{""degrees"":20.0}",raw_softmax,,,,T-shirt/top,recall,0.229
17,rotation,medium,"{""degrees"":20.0}",raw_softmax,,,,Trouser,f1,0.05384615384615385
17,rotation,medium,"{""degrees"":20.0}",raw_softmax,,,,Trouser,precision,0.7
17,rotation,medium,"{""degrees"":20.0}",raw_softmax,,,,Trouser,recall,0.028
17,rotation,medium,"{""degrees"":20.0}",standard_conformal,0.05,,,Ankle boot,average_set_size,1.099
17,rotation,medium,"{""degrees"":20.0}",standard_conformal,0.05,,,Ankle boot,coverage,0.922
17,rotation,medium,"{""degrees"":20.0}",standard_conformal,0.05,,,Bag,average_set_size,1.071
17,rotation,medium,"{""degrees"":20.0}",standard_conformal,0.05,,,Bag,coverage,0.929
17,rotation,medium,"{""degrees"":20.0}",standard_conformal,0.05,,,Coat,average_set_size,1.258
17,rotation,medium,"{""degrees"":20.0}",standard_conformal,0.05,,,Coat,coverage,0.549
17,rotation,medium,"{""degrees"":20.0}",standard_conformal,0.05,,,Dress,average_set_size,1.328
17,rotation,medium,"{""degrees"":20.0}",standard_conformal,0.05,,,Dress,coverage,0.426
17,rotation,medium,"{""degrees"":20.0}",standard_conformal,0.05,,,Pullover,average_set_size,1.141
17,rotation,medium,"{""degrees"":20.0}",standard_conformal,0.05,,,Pullover,coverage,0.15
17,rotation,medium,"{""degrees"":20.0}",standard_conformal,0.05,,,Sandal,average_set_size,1.054
17,rotation,medium,"{""degrees"":20.0}",standard_conformal,0.05,,,Sandal,coverage,0.912
17,rotation,medium,"{""degrees"":20.0}",standard_conformal,0.05,,,Shirt,average_set_size,1.178
17,rotation,medium,"{""degrees"":20.0}",standard_conformal,0.05,,,Shirt,coverage,0.782
17,rotation,medium,"{""degrees"":20.0}",standard_conformal,0.05,,,Sneaker,average_set_size,1.431
17,rotation,medium,"{""degrees"":20.0}",standard_conformal,0.05,,,Sneaker,coverage,0.653
17,rotation,medium,"{""degrees"":20.0}",standard_conformal,0.05,,,T-shirt/top,average_set_size,1.365
17,rotation,medium,"{""degrees"":20.0}",standard_conformal,0.05,,,T-shirt/top,coverage,0.337
17,rotation,medium,"{""degrees"":20.0}",standard_conformal,0.05,,,Trouser,average_set_size,1.244
17,rotation,medium,"{""degrees"":20.0}",standard_conformal,0.05,,,Trouser,coverage,0.026
17,rotation,medium,"{""degrees"":20.0}",standard_conformal,0.1,,,Ankle boot,average_set_size,0.914
17,rotation,medium,"{""degrees"":20.0}",standard_conformal,0.1,,,Ankle boot,coverage,0.839
17,rotation,medium,"{""degrees"":20.0}",standard_conformal,0.1,,,Bag,average_set_size,0.92
17,rotation,medium,"{""degrees"":20.0}",standard_conformal,0.1,,,Bag,coverage,0.883
17,rotation,medium,"{""degrees"":20.0}",standard_conformal,0.1,,,Coat,average_set_size,0.516
17,rotation,medium,"{""degrees"":20.0}",standard_conformal,0.1,,,Coat,coverage,0.186
17,rotation,medium,"{""degrees"":20.0}",standard_conformal,0.1,,,Dress,average_set_size,0.554
17,rotation,medium,"{""degrees"":20.0}",standard_conformal,0.1,,,Dress,coverage,0.239
17,rotation,medium,"{""degrees"":20.0}",standard_conformal,0.1,,,Pullover,average_set_size,0.397
17,rotation,medium,"{""degrees"":20.0}",standard_conformal,0.1,,,Pullover,coverage,0.02
17,rotation,medium,"{""degrees"":20.0}",standard_conformal,0.1,,,Sandal,average_set_size,0.963
17,rotation,medium,"{""degrees"":20.0}",standard_conformal,0.1,,,Sandal,coverage,0.888
17,rotation,medium,"{""degrees"":20.0}",standard_conformal,0.1,,,Shirt,average_set_size,0.639
17,rotation,medium,"{""degrees"":20.0}",standard_conformal,0.1,,,Shirt,coverage,0.534
17,rotation,medium,"{""degrees"":20.0}",standard_conformal,0.1,,,Sneaker,average_set_size,0.807
17,rotation,medium,"{""degrees"":20.0}",standard_conformal,0.1,,,Sneaker,coverage,0.351
17,rotation,medium,"{""degrees"":20.0}",standard_conformal,0.1,,,T-shirt/top,average_set_size,0.468
17,rotation,medium,"{""degrees"":20.0}",standard_conformal,0.1,,,T-shirt/top,coverage,0.111
17,rotation,medium,"{""degrees"":20.0}",standard_conformal,0.1,,,Trouser,average_set_size,0.507
17,rotation,medium,"{""degrees"":20.0}",standard_conformal,0.1,,,Trouser,coverage,0.013
17,rotation,medium,"{""degrees"":20.0}",standard_conformal,0.2,,,Ankle boot,average_set_size,0.698
17,rotation,medium,"{""degrees"":20.0}",standard_conformal,0.2,,,Ankle boot,coverage,0.686
17,rotation,medium,"{""degrees"":20.0}",standard_conformal,0.2,,,Bag,average_set_size,0.762
17,rotation,medium,"{""degrees"":20.0}",standard_conformal,0.2,,,Bag,coverage,0.753
17,rotation,medium,"{""degrees"":20.0}",standard_conformal,0.2,,,Coat,average_set_size,0.13
17,rotation,medium,"{""degrees"":20.0}",standard_conformal,0.2,,,Coat,coverage,0.011
17,rotation,medium,"{""degrees"":20.0}",standard_conformal,0.2,,,Dress,average_set_size,0.126
17,rotation,medium,"{""degrees"":20.0}",standard_conformal,0.2,,,Dress,coverage,0.08
17,rotation,medium,"{""degrees"":20.0}",standard_conformal,0.2,,,Pullover,average_set_size,0.099
17,rotation,medium,"{""degrees"":20.0}",standard_conformal,0.2,,,Pullover,coverage,0.0
17,rotation,medium,"{""degrees"":20.0}",standard_conformal,0.2,,,Sandal,average_set_size,0.868
17,rotation,medium,"{""degrees"":20.0}",standard_conformal,0.2,,,Sandal,coverage,0.832
17,rotation,medium,"{""degrees"":20.0}",standard_conformal,0.2,,,Shirt,average_set_size,0.185
17,rotation,medium,"{""degrees"":20.0}",standard_conformal,0.2,,,Shirt,coverage,0.168
17,rotation,medium,"{""degrees"":20.0}",standard_conformal,0.2,,,Sneaker,average_set_size,0.276
17,rotation,medium,"{""degrees"":20.0}",standard_conformal,0.2,,,Sneaker,coverage,0.087
17,rotation,medium,"{""degrees"":20.0}",standard_conformal,0.2,,,T-shirt/top,average_set_size,0.089
17,rotation,medium,"{""degrees"":20.0}",standard_conformal,0.2,,,T-shirt/top,coverage,0.007
17,rotation,medium,"{""degrees"":20.0}",standard_conformal,0.2,,,Trouser,average_set_size,0.025
17,rotation,medium,"{""degrees"":20.0}",standard_conformal,0.2,,,Trouser,coverage,0.003
17,rotation,mild,"{""degrees"":10.0}",class_conditional_conformal,0.05,,,Ankle boot,average_set_size,0.97
17,rotation,mild,"{""degrees"":10.0}",class_conditional_conformal,0.05,,,Ankle boot,coverage,0.96
17,rotation,mild,"{""degrees"":10.0}",class_conditional_conformal,0.05,,,Bag,average_set_size,0.948
17,rotation,mild,"{""degrees"":10.0}",class_conditional_conformal,0.05,,,Bag,coverage,0.898
17,rotation,mild,"{""degrees"":10.0}",class_conditional_conformal,0.05,,,Coat,average_set_size,1.982
17,rotation,mild,"{""degrees"":10.0}",class_conditional_conformal,0.05,,,Coat,coverage,0.96
17,rotation,mild,"{""degrees"":10.0}",class_conditional_conformal,0.05,,,Dress,average_set_size,1.379
17,rotation,mild,"{""degrees"":10.0}",class_conditional_conformal,0.05,,,Dress,coverage,0.912
17,rotation,mild,"{""degrees"":10.0}",class_conditional_conformal,0.05,,,Pullover,average_set_size,2.02
17,rotation,mild,"{""degrees"":10.0}",class_conditional_conformal,0.05,,,Pullover,coverage,0.897
17,rotation,mild,"{""degrees"":10.0}",class_conditional_conformal,0.05,,,Sandal,average_set_size,0.933
17,rotation,mild,"{""degrees"":10.0}",class_conditional_conformal,0.05,,,Sandal,coverage,0.91
17,rotation,mild,"{""degrees"":10.0}",class_conditional_conformal,0.05,,,Shirt,average_set_size,1.696
17,rotation,mild,"{""degrees"":10.0}",class_conditional_conformal,0.05,,,Shirt,coverage,0.945
17,rotation,mild,"{""degrees"":10.0}",class_conditional_conformal,0.05,,,Sneaker,average_set_size,0.89
17,rotation,mild,"{""degrees"":10.0}",class_conditional_conformal,0.05,,,Sneaker,coverage,0.84
17,rotation,mild,"{""degrees"":10.0}",class_conditional_conformal,0.05,,,T-shirt/top,average_set_size,1.648
17,rotation,mild,"{""degrees"":10.0}",class_conditional_conformal,0.05,,,T-shirt/top,coverage,0.806
17,rotation,mild,"{""degrees"":10.0}",class_conditional_conformal,0.05,,,Trouser,average_set_size,0.718
17,rotation,mild,"{""degrees"":10.0}",class_conditional_conformal,0.05,,,Trouser,coverage,0.372
17,rotation,mild,"{""degrees"":10.0}",class_conditional_conformal,0.1,,,Ankle boot,average_set_size,0.88
17,rotation,mild,"{""degrees"":10.0}",class_conditional_conformal,0.1,,,Ankle boot,coverage,0.874
17,rotation,mild,"{""degrees"":10.0}",class_conditional_conformal,0.1,,,Bag,average_set_size,0.719
17,rotation,mild,"{""degrees"":10.0}",class_conditional_conformal,0.1,,,Bag,coverage,0.693
17,rotation,mild,"{""degrees"":10.0}",class_conditional_conformal,0.1,,,Coat,average_set_size,1.394
17,rotation,mild,"{""degrees"":10.0}",class_conditional_conformal,0.1,,,Coat,coverage,0.841
17,rotation,mild,"{""degrees"":10.0}",class_conditional_conformal,0.1,,,Dress,average_set_size,0.967
17,rotation,mild,"{""degrees"":10.0}",class_conditional_conformal,0.1,,,Dress,coverage,0.779
17,rotation,mild,"{""degrees"":10.0}",class_conditional_conformal,0.1,,,Pullover,average_set_size,1.352
17,rotation,mild,"{""degrees"":10.0}",class_conditional_conformal,0.1,,,Pullover,coverage,0.722
17,rotation,mild,"{""degrees"":10.0}",class_conditional_conformal,0.1,,,Sandal,average_set_size,0.82
17,rotation,mild,"{""degrees"":10.0}",class_conditional_conformal,0.1,,,Sandal,coverage,0.81
17,rotation,mild,"{""degrees"":10.0}",class_conditional_conformal,0.1,,,Shirt,average_set_size,1.152
17,rotation,mild,"{""degrees"":10.0}",class_conditional_conformal,0.1,,,Shirt,coverage,0.849
17,rotation,mild,"{""degrees"":10.0}",class_conditional_conformal,0.1,,,Sneaker,average_set_size,0.685
17,rotation,mild,"{""degrees"":10.0}",class_conditional_conformal,0.1,,,Sneaker,coverage,0.678
17,rotation,mild,"{""degrees"":10.0}",class_conditional_conformal,0.1,,,T-shirt/top,average_set_size,1.045
17,rotation,mild,"{""degrees"":10.0}",class_conditional_conformal,0.1,,,T-shirt/top,coverage,0.658
17,rotation,mild,"{""degrees"":10.0}",class_conditional_conformal,0.1,,,Trouser,average_set_size,0.15
17,rotation,mild,"{""degrees"":10.0}",class_conditional_conformal,0.1,,,Trouser,coverage,0.064
17,rotation,mild,"{""degrees"":10.0}",class_conditional_conformal,0.2,,,Ankle boot,average_set_size,0.603
17,rotation,mild,"{""degrees"":10.0}",class_conditional_conformal,0.2,,,Ankle boot,coverage,0.602
17,rotation,mild,"{""degrees"":10.0}",class_conditional_conformal,0.2,,,Bag,average_set_size,0.413
17,rotation,mild,"{""degrees"":10.0}",class_conditional_conformal,0.2,,,Bag,coverage,0.409
17,rotation,mild,"{""degrees"":10.0}",class_conditional_conformal,0.2,,,Coat,average_set_size,0.721
17,rotation,mild,"{""degrees"":10.0}",class_conditional_conformal,0.2,,,Coat,coverage,0.499
17,rotation,mild,"{""degrees"":10.0}",class_conditional_conformal,0.2,,,Dress,average_set_size,0.618
17,rotation,mild,"{""degrees"":10.0}",class_conditional_conformal,0.2,,,Dress,coverage,0.552
17,rotation,mild,"{""degrees"":10.0}",class_conditional_conformal,0.2,,,Pullover,average_set_size,0.666
17,rotation,mild,"{""degrees"":10.0}",class_conditional_conformal,0.2,,,Pullover,coverage,0.416
17,rotation,mild,"{""degrees"":10.0}",class_conditional_conformal,0.2,,,Sandal,average_set_size,0.644
17,rotation,mild,"{""degrees"":10.0}",class_conditional_conformal,0.2,,,Sandal,coverage,0.64
17,rotation,mild,"{""degrees"":10.0}",class_conditional_conformal,0.2,,,Shirt,average_set_size,0.745
17,rotation,mild,"{""degrees"":10.0}",class_conditional_conformal,0.2,,,Shirt,coverage,0.664
17,rotation,mild,"{""degrees"":10.0}",class_conditional_conformal,0.2,,,Sneaker,average_set_size,0.406
17,rotation,mild,"{""degrees"":10.0}",class_conditional_conformal,0.2,,,Sneaker,coverage,0.404
17,rotation,mild,"{""degrees"":10.0}",class_conditional_conformal,0.2,,,T-shirt/top,average_set_size,0.647
17,rotation,mild,"{""degrees"":10.0}",class_conditional_conformal,0.2,,,T-shirt/top,coverage,0.495
17,rotation,mild,"{""degrees"":10.0}",class_conditional_conformal,0.2,,,Trouser,average_set_size,0.025
17,rotation,mild,"{""degrees"":10.0}",class_conditional_conformal,0.2,,,Trouser,coverage,0.01
17,rotation,mild,"{""degrees"":10.0}",raw_softmax,,,,Ankle boot,f1,0.9454022988505747
17,rotation,mild,"{""degrees"":10.0}",raw_softmax,,,,Ankle boot,precision,0.9071691176470589
17,rotation,mild,"{""degrees"":10.0}",raw_softmax,,,,Ankle boot,recall,0.987
17,rotation,mild,"{""degrees"":10.0}",raw_softmax,,,,Bag,f1,0.9715994020926756
17,rotation,mild,"{""degrees"":10.0}",raw_softmax,,,,Bag,precision,0.968222442899702
17,rotation,mild,"{""degrees"":10.0}",raw_softmax,,,,Bag,recall,0.975
17,rotation,mild,"{""degrees"":10.0}",raw_softmax,,,,Coat,f1,0.7489029741589469
17,rotation,mild,"{""degrees"":10.0}",raw_softmax,,,,Coat,precision,0.730732635585157
17,rotation,mild,"{""degrees"":10.0}",raw_softmax,,,,Coat,recall,0.768
17,rotation,mild,"{""degrees"":10.0}",raw_softmax,,,,Dress,f1,0.7936363636363636
17,rotation,mild,"{""degrees"":10.0}",raw_softmax,,,,Dress,precision,0.7275
17,rotation,mild,"{""degrees"":10.0}",raw_softmax,,,,Dress,recall,0.873
17,rotation,mild,"{""degrees"":10.0}",raw_softmax,,,,Pullover,f1,0.7366046249294981
17,rotation,mild,"{""degrees"":10.0}",raw_softmax,,,,Pullover,precision,0.8447606727037517
17,rotation,mild,"{""degrees"":10.0}",raw_softmax,,,,Pullover,recall,0.653
17,rotation,mild,"{""degrees"":10.0}",raw_softmax,,,,Sandal,f1,0.9687964338781575
17,rotation,mild,"{""degrees"":10.0}",raw_softmax,,,,Sandal,precision,0.9597644749754661
17,rotation,mild,"{""degrees"":10.0}",raw_softmax,,,,Sandal,recall,0.978
17,rotation,mild,"{""degrees"":10.0}",raw_softmax,,,,Shirt,f1,0.5988346033168983
17,rotation,mild,"{""degrees"":10.0}",raw_softmax,,,,Shirt,precision,0.5426482534524777
17,rotation,mild,"{""degrees"":10.0}",raw_softmax,,,,Shirt,recall,0.668
17,rotation,mild,"{""degrees"":10.0}",raw_softmax,,,,Sneaker,f1,0.9212889593238246
17,rotation,mild,"{""degrees"":10.0}",raw_softmax,,,,Sneaker,precision,0.9764837625979843
17,rotation,mild,"{""degrees"":10.0}",raw_softmax,,,,Sneaker,recall,0.872
17,rotation,mild,"{""degrees"":10.0}",raw_softmax,,,,T-shirt/top,f1,0.7776595744680851
17,rotation,mild,"{""degrees"":10.0}",raw_softmax,,,,T-shirt/top,precision,0.8306818181818182
17,rotation,mild,"{""degrees"":10.0}",raw_softmax,,,,T-shirt/top,recall,0.731
17,rotation,mild,"{""degrees"":10.0}",raw_softmax,,,,Trouser,f1,0.9214208826695371
17,rotation,mild,"{""degrees"":10.0}",raw_softmax,,,,Trouser,precision,0.9976689976689976
17,rotation,mild,"{""degrees"":10.0}",raw_softmax,,,,Trouser,recall,0.856
17,rotation,mild,"{""degrees"":10.0}",standard_conformal,0.05,,,Ankle boot,average_set_size,1.025
17,rotation,mild,"{""degrees"":10.0}",standard_conformal,0.05,,,Ankle boot,coverage,0.993
17,rotation,mild,"{""degrees"":10.0}",standard_conformal,0.05,,,Bag,average_set_size,1.016
17,rotation,mild,"{""degrees"":10.0}",standard_conformal,0.05,,,Bag,coverage,0.978
17,rotation,mild,"{""degrees"":10.0}",standard_conformal,0.05,,,Coat,average_set_size,1.344
17,rotation,mild,"{""degrees"":10.0}",standard_conformal,0.05,,,Coat,coverage,0.862
17,rotation,mild,"{""degrees"":10.0}",standard_conformal,0.05,,,Dress,average_set_size,1.106
17,rotation,mild,"{""degrees"":10.0}",standard_conformal,0.05,,,Dress,coverage,0.911
17,rotation,mild,"{""degrees"":10.0}",standard_conformal,0.05,,,Pullover,average_set_size,1.327
17,rotation,mild,"{""degrees"":10.0}",standard_conformal,0.05,,,Pullover,coverage,0.764
17,rotation,mild,"{""degrees"":10.0}",standard_conformal,0.05,,,Sandal,average_set_size,1.027
17,rotation,mild,"{""degrees"":10.0}",standard_conformal,0.05,,,Sandal,coverage,0.984
17,rotation,mild,"{""degrees"":10.0}",standard_conformal,0.05,,,Shirt,average_set_size,1.261
17,rotation,mild,"{""degrees"":10.0}",standard_conformal,0.05,,,Shirt,coverage,0.772
17,rotation,mild,"{""degrees"":10.0}",standard_conformal,0.05,,,Sneaker,average_set_size,1.191
17,rotation,mild,"{""degrees"":10.0}",standard_conformal,0.05,,,Sneaker,coverage,0.923
17,rotation,mild,"{""degrees"":10.0}",standard_conformal,0.05,,,T-shirt/top,average_set_size,1.255
17,rotation,mild,"{""degrees"":10.0}",standard_conformal,0.05,,,T-shirt/top,coverage,0.805
17,rotation,mild,"{""degrees"":10.0}",standard_conformal,0.05,,,Trouser,average_set_size,1.097
17,rotation,mild,"{""degrees"":10.0}",standard_conformal,0.05,,,Trouser,coverage,0.884
17,rotation,mild,"{""degrees"":10.0}",standard_conformal,0.1,,,Ankle boot,average_set_size,0.995
17,rotation,mild,"{""degrees"":10.0}",standard_conformal,0.1,,,Ankle boot,coverage,0.985
17,rotation,mild,"{""degrees"":10.0}",standard_conformal,0.1,,,Bag,average_set_size,0.975
17,rotation,mild,"{""degrees"":10.0}",standard_conformal,0.1,,,Bag,coverage,0.965
17,rotation,mild,"{""degrees"":10.0}",standard_conformal,0.1,,,Coat,average_set_size,0.743
17,rotation,mild,"{""degrees"":10.0}",standard_conformal,0.1,,,Coat,coverage,0.616
17,rotation,mild,"{""degrees"":10.0}",standard_conformal,0.1,,,Dress,average_set_size,0.842
17,rotation,mild,"{""degrees"":10.0}",standard_conformal,0.1,,,Dress,coverage,0.792
17,rotation,mild,"{""degrees"":10.0}",standard_conformal,0.1,,,Pullover,average_set_size,0.632
17,rotation,mild,"{""degrees"":10.0}",standard_conformal,0.1,,,Pullover,coverage,0.464
17,rotation,mild,"{""degrees"":10.0}",standard_conformal,0.1,,,Sandal,average_set_size,0.988
17,rotation,mild,"{""degrees"":10.0}",standard_conformal,0.1,,,Sandal,coverage,0.971
17,rotation,mild,"{""degrees"":10.0}",standard_conformal,0.1,,,Shirt,average_set_size,0.691
17,rotation,mild,"{""degrees"":10.0}",standard_conformal,0.1,,,Shirt,coverage,0.518
17,rotation,mild,"{""degrees"":10.0}",standard_conformal,0.1,,,Sneaker,average_set_size,0.96
17,rotation,mild,"{""degrees"":10.0}",standard_conformal,0.1,,,Sneaker,coverage,0.842
17,rotation,mild,"{""degrees"":10.0}",standard_conformal,0.1,,,T-shirt/top,average_set_size,0.723
17,rotation,mild,"{""degrees"":10.0}",standard_conformal,0.1,,,T-shirt/top,coverage,0.606
17,rotation,mild,"{""degrees"":10.0}",standard_conformal,0.1,,,Trouser,average_set_size,0.863
17,rotation,mild,"{""degrees"":10.0}",standard_conformal,0.1,,,Trouser,coverage,0.799
17,rotation,mild,"{""degrees"":10.0}",standard_conformal,0.2,,,Ankle boot,average_set_size,0.952
17,rotation,mild,"{""degrees"":10.0}",standard_conformal,0.2,,,Ankle boot,coverage,0.949
17,rotation,mild,"{""degrees"":10.0}",standard_conformal,0.2,,,Bag,average_set_size,0.934
17,rotation,mild,"{""degrees"":10.0}",standard_conformal,0.2,,,Bag,coverage,0.931
17,rotation,mild,"{""degrees"":10.0}",standard_conformal,0.2,,,Coat,average_set_size,0.173
17,rotation,mild,"{""degrees"":10.0}",standard_conformal,0.2,,,Coat,coverage,0.16
17,rotation,mild,"{""degrees"":10.0}",standard_conformal,0.2,,,Dress,average_set_size,0.587
17,rotation,mild,"{""degrees"":10.0}",standard_conformal,0.2,,,Dress,coverage,0.583
17,rotation,mild,"{""degrees"":10.0}",standard_conformal,0.2,,,Pullover,average_set_size,0.151
17,rotation,mild,"{""degrees"":10.0}",standard_conformal,0.2,,,Pullover,coverage,0.138
17,rotation,mild,"{""degrees"":10.0}",standard_conformal,0.2,,,Sandal,average_set_size,0.934
17,rotation,mild,"{""degrees"":10.0}",standard_conformal,0.2,,,Sandal,coverage,0.932
17,rotation,mild,"{""degrees"":10.0}",standard_conformal,0.2,,,Shirt,average_set_size,0.277
17,rotation,mild,"{""degrees"":10.0}",standard_conformal,0.2,,,Shirt,coverage,0.256
17,rotation,mild,"{""degrees"":10.0}",standard_conformal,0.2,,,Sneaker,average_set_size,0.63
17,rotation,mild,"{""degrees"":10.0}",standard_conformal,0.2,,,Sneaker,coverage,0.585
17,rotation,mild,"{""degrees"":10.0}",standard_conformal,0.2,,,T-shirt/top,average_set_size,0.35
17,rotation,mild,"{""degrees"":10.0}",standard_conformal,0.2,,,T-shirt/top,coverage,0.338
17,rotation,mild,"{""degrees"":10.0}",standard_conformal,0.2,,,Trouser,average_set_size,0.647
17,rotation,mild,"{""degrees"":10.0}",standard_conformal,0.2,,,Trouser,coverage,0.635
17,rotation,strong,"{""degrees"":30.0}",class_conditional_conformal,0.05,,,Ankle boot,average_set_size,0.613
17,rotation,strong,"{""degrees"":30.0}",class_conditional_conformal,0.05,,,Ankle boot,coverage,0.22
17,rotation,strong,"{""degrees"":30.0}",class_conditional_conformal,0.05,,,Bag,average_set_size,0.762
17,rotation,strong,"{""degrees"":30.0}",class_conditional_conformal,0.05,,,Bag,coverage,0.215
17,rotation,strong,"{""degrees"":30.0}",class_conditional_conformal,0.05,,,Coat,average_set_size,1.565
17,rotation,strong,"{""degrees"":30.0}",class_conditional_conformal,0.05,,,Coat,coverage,0.517
17,rotation,strong,"{""degrees"":30.0}",class_conditional_conformal,0.05,,,Dress,average_set_size,1.356
17,rotation,strong,"{""degrees"":30.0}",class_conditional_conformal,0.05,,,Dress,coverage,0.084
17,rotation,strong,"{""degrees"":30.0}",class_conditional_conformal,0.05,,,Pullover,average_set_size,1.529
17,rotation,strong,"{""degrees"":30.0}",class_conditional_conformal,0.05,,,Pullover,coverage,0.119
17,rotation,strong,"{""degrees"":30.0}",class_conditional_conformal,0.05,,,Sandal,average_set_size,0.968
17,rotation,strong,"{""degrees"":30.0}",class_conditional_conformal,0.05,,,Sandal,coverage,0.691
17,rotation,strong,"{""degrees"":30.0}",class_conditional_conformal,0.05,,,Shirt,average_set_size,1.371
17,rotation,strong,"{""degrees"":30.0}",class_conditional_conformal,0.05,,,Shirt,coverage,0.947
17,rotation,strong,"{""degrees"":30.0}",class_conditional_conformal,0.05,,,Sneaker,average_set_size,0.514
17,rotation,strong,"{""degrees"":30.0}",class_conditional_conformal,0.05,,,Sneaker,coverage,0.021
17,rotation,strong,"{""degrees"":30.0}",class_conditional_conformal,0.05,,,T-shirt/top,average_set_size,1.556
17,rotation,strong,"{""degrees"":30.0}",class_conditional_conformal,0.05,,,T-shirt/top,coverage,0.021
17,rotation,strong,"{""degrees"":30.0}",class_conditional_conformal,0.05,,,Trouser,average_set_size,1.914
17,rotation,strong,"{""degrees"":30.0}",class_conditional_conformal,0.05,,,Trouser,coverage,0.0
17,rotation,strong,"{""degrees"":30.0}",class_conditional_conformal,0.1,,,Ankle boot,average_set_size,0.146
17,rotation,strong,"{""degrees"":30.0}",class_conditional_conformal,0.1,,,Ankle boot,coverage,0.026
17,rotation,strong,"{""degrees"":30.0}",class_conditional_conformal,0.1,,,Bag,average_set_size,0.319
17,rotation,strong,"{""degrees"":30.0}",class_conditional_conformal,0.1,,,Bag,coverage,0.028
17,rotation,strong,"{""degrees"":30.0}",class_conditional_conformal,0.1,,,Coat,average_set_size,1.106
17,rotation,strong,"{""degrees"":30.0}",class_conditional_conformal,0.1,,,Coat,coverage,0.18
17,rotation,strong,"{""degrees"":30.0}",class_conditional_conformal,0.1,,,Dress,average_set_size,0.909
17,rotation,strong,"{""degrees"":30.0}",class_conditional_conformal,0.1,,,Dress,coverage,0.031
17,rotation,strong,"{""degrees"":30.0}",class_conditional_conformal,0.1,,,Pullover,average_set_size,1.085
17,rotation,strong,"{""degrees"":30.0}",class_conditional_conformal,0.1,,,Pullover,coverage,0.012
17,rotation,strong,"{""degrees"":30.0}",class_conditional_conformal,0.1,,,Sandal,average_set_size,0.752
17,rotation,strong,"{""degrees"":30.0}",class_conditional_conformal,0.1,,,Sandal,coverage,0.548
17,rotation,strong,"{""degrees"":30.0}",class_conditional_conformal,0.1,,,Shirt,average_set_size,1.0
17,rotation,strong,"{""degrees"":30.0}",class_conditional_conformal,0.1,,,Shirt,coverage,0.877
17,rotation,strong,"{""degrees"":30.0}",class_conditional_conformal,0.1,,,Sneaker,average_set_size,0.091
17,rotation,strong,"{""degrees"":30.0}",class_conditional_conformal,0.1,,,Sneaker,coverage,0.005
17,rotation,strong,"{""degrees"":30.0}",class_conditional_conformal,0.1,,,T-shirt/top,average_set_size,1.064
17,rotation,strong,"{""degrees"":30.0}",class_conditional_conformal,0.1,,,T-shirt/top,coverage,0.006
17,rotation,strong,"{""degrees"":30.0}",class_conditional_conformal,0.1,,,Trouser,average_set_size,1.069
17,rotation,strong,"{""degrees"":30.0}",class_conditional_conformal,0.1,,,Trouser,coverage,0.0
17,rotation,strong,"{""degrees"":30.0}",class_conditional_conformal,0.2,,,Ankle boot,average_set_size,0.031
17,rotation,strong,"{""degrees"":30.0}",class_conditional_conformal,0.2,,,Ankle boot,coverage,0.0
17,rotation,strong,"{""degrees"":30.0}",class_conditional_conformal,0.2,,,Bag,average_set_size,0.132
17,rotation,strong,"{""degrees"":30.0}",class_conditional_conformal,0.2,,,Bag,coverage,0.003
17,rotation,strong,"{""degrees"":30.0}",class_conditional_conformal,0.2,,,Coat,average_set_size,0.784
17,rotation,strong,"{""degrees"":30.0}",class_conditional_conformal,0.2,,,Coat,coverage,0.023
17,rotation,strong,"{""degrees"":30.0}",class_conditional_conformal,0.2,,,Dress,average_set_size,0.522
17,rotation,strong,"{""degrees"":30.0}",class_conditional_conformal,0.2,,,Dress,coverage,0.003
17,rotation,strong,"{""degrees"":30.0}",class_conditional_conformal,0.2,,,Pullover,average_set_size,0.722
17,rotation,strong,"{""degrees"":30.0}",class_conditional_conformal,0.2,,,Pullover,coverage,0.0
17,rotation,strong,"{""degrees"":30.0}",class_conditional_conformal,0.2,,,Sandal,average_set_size,0.474
17,rotation,strong,"{""degrees"":30.0}",class_conditional_conformal,0.2,,,Sandal,coverage,0.34
17,rotation,strong,"{""degrees"":30.0}",class_conditional_conformal,0.2,,,Shirt,average_set_size,0.75
17,rotation,strong,"{""degrees"":30.0}",class_conditional_conformal,0.2,,,Shirt,coverage,0.728
17,rotation,strong,"{""degrees"":30.0}",class_conditional_conformal,0.2,,,Sneaker,average_set_size,0.012
17,rotation,strong,"{""degrees"":30.0}",class_conditional_conformal,0.2,,,Sneaker,coverage,0.0
17,rotation,strong,"{""degrees"":30.0}",class_conditional_conformal,0.2,,,T-shirt/top,average_set_size,0.606
17,rotation,strong,"{""degrees"":30.0}",class_conditional_conformal,0.2,,,T-shirt/top,coverage,0.001
17,rotation,strong,"{""degrees"":30.0}",class_conditional_conformal,0.2,,,Trouser,average_set_size,0.87
17,rotation,strong,"{""degrees"":30.0}",class_conditional_conformal,0.2,,,Trouser,coverage,0.0
17,rotation,strong,"{""degrees"":30.0}",raw_softmax,,,,Ankle boot,f1,0.68760907504363
17,rotation,strong,"{""degrees"":30.0}",raw_softmax,,,,Ankle boot,precision,0.8219749652294854
17,rotation,strong,"{""degrees"":30.0}",raw_softmax,,,,Ankle boot,recall,0.591
17,rotation,strong,"{""degrees"":30.0}",raw_softmax,,,,Bag,f1,0.5760135135135135
17,rotation,strong,"{""degrees"":30.0}",raw_softmax,,,,Bag,precision,0.49853801169590645
17,rotation,strong,"{""degrees"":30.0}",raw_softmax,,,,Bag,recall,0.682
17,rotation,strong,"{""degrees"":30.0}",raw_softmax,,,,Coat,f1,0.1716884593519045
17,rotation,strong,"{""degrees"":30.0}",raw_softmax,,,,Coat,precision,0.19894598155467721
17,rotation,strong,"{""degrees"":30.0}",raw_softmax,,,,Coat,recall,0.151
17,rotation,strong,"{""degrees"":30.0}",raw_softmax,,,,Dress,f1,0.11846153846153847
17,rotation,strong,"{""degrees"":30.0}",raw_softmax,,,,Dress,precision,0.25666666666666665
17,rotation,strong,"{""degrees"":30.0}",raw_softmax,,,,Dress,recall,0.077
17,rotation,strong,"{""degrees"":30.0}",raw_softmax,,,,Pullover,f1,0.04364326375711575
17,rotation,strong,"{""degrees"":30.0}",raw_softmax,,,,Pullover,precision,0.42592592592592593
17,rotation,strong,"{""degrees"":30.0}",raw_softmax,,,,Pullover,recall,0.023
17,rotation,strong,"{""degrees"":30.0}",raw_softmax,,,,Sandal,f1,0.5513134851138354
17,rotation,strong,"{""degrees"":30.0}",raw_softmax,,,,Sandal,precision,0.4242587601078167
17,rotation,strong,"{""degrees"":30.0}",raw_softmax,,,,Sandal,recall,0.787
17,rotation,strong,"{""degrees"":30.0}",raw_softmax,,,,Shirt,f1,0.27747353048557866
17,rotation,strong,"{""degrees"":30.0}",raw_softmax,,,,Shirt,precision,0.16971862438588656
17,rotation,strong,"{""degrees"":30.0}",raw_softmax,,,,Shirt,recall,0.76
17,rotation,strong,"{""degrees"":30.0}",raw_softmax,,,,Sneaker,f1,0.07871198568872988
17,rotation,strong,"{""degrees"":30.0}",raw_softmax,,,,Sneaker,precision,0.3728813559322034
17,rotation,strong,"{""degrees"":30.0}",raw_softmax,,,,Sneaker,recall,0.044
17,rotation,strong,"{""degrees"":30.0}",raw_softmax,,,,T-shirt/top,f1,0.026825633383010434
17,rotation,strong,"{""degrees"":30.0}",raw_softmax,,,,T-shirt/top,precision,0.05263157894736842
17,rotation,strong,"{""degrees"":30.0}",raw_softmax,,,,T-shirt/top,recall,0.018
17,rotation,strong,"{""degrees"":30.0}",raw_softmax,,,,Trouser,f1,0.0
17,rotation,strong,"{""degrees"":30.0}",raw_softmax,,,,Trouser,precision,0.0
17,rotation,strong,"{""degrees"":30.0}",raw_softmax,,,,Trouser,recall,0.0
17,rotation,strong,"{""degrees"":30.0}",standard_conformal,0.05,,,Ankle boot,average_set_size,1.211
17,rotation,strong,"{""degrees"":30.0}",standard_conformal,0.05,,,Ankle boot,coverage,0.673
17,rotation,strong,"{""degrees"":30.0}",standard_conformal,0.05,,,Bag,average_set_size,1.175
17,rotation,strong,"{""degrees"":30.0}",standard_conformal,0.05,,,Bag,coverage,0.722
17,rotation,strong,"{""degrees"":30.0}",standard_conformal,0.05,,,Coat,average_set_size,1.177
17,rotation,strong,"{""degrees"":30.0}",standard_conformal,0.05,,,Coat,coverage,0.247
17,rotation,strong,"{""degrees"":30.0}",standard_conformal,0.05,,,Dress,average_set_size,1.332
17,rotation,strong,"{""degrees"":30.0}",standard_conformal,0.05,,,Dress,coverage,0.084
17,rotation,strong,"{""degrees"":30.0}",standard_conformal,0.05,,,Pullover,average_set_size,1.133
17,rotation,strong,"{""degrees"":30.0}",standard_conformal,0.05,,,Pullover,coverage,0.021
17,rotation,strong,"{""degrees"":30.0}",standard_conformal,0.05,,,Sandal,average_set_size,1.086
17,rotation,strong,"{""degrees"":30.0}",standard_conformal,0.05,,,Sandal,coverage,0.811
17,rotation,strong,"{""degrees"":30.0}",standard_conformal,0.05,,,Shirt,average_set_size,1.162
17,rotation,strong,"{""degrees"":30.0}",standard_conformal,0.05,,,Shirt,coverage,0.827
17,rotation,strong,"{""degrees"":30.0}",standard_conformal,0.05,,,Sneaker,average_set_size,1.142
17,rotation,strong,"{""degrees"":30.0}",standard_conformal,0.05,,,Sneaker,coverage,0.099
17,rotation,strong,"{""degrees"":30.0}",standard_conformal,0.05,,,T-shirt/top,average_set_size,1.269
17,rotation,strong,"{""degrees"":30.0}",standard_conformal,0.05,,,T-shirt/top,coverage,0.021
17,rotation,strong,"{""degrees"":30.0}",standard_conformal,0.05,,,Trouser,average_set_size,1.168
17,rotation,strong,"{""degrees"":30.0}",standard_conformal,0.05,,,Trouser,coverage,0.0
17,rotation,strong,"{""degrees"":30.0}",standard_conformal,0.1,,,Ankle boot,average_set_size,0.655
17,rotation,strong,"{""degrees"":30.0}",standard_conformal,0.1,,,Ankle boot,coverage,0.462
17,rotation,strong,"{""degrees"":30.0}",standard_conformal,0.1,,,Bag,average_set_size,0.749
17,rotation,strong,"{""degrees"":30.0}",standard_conformal,0.1,,,Bag,coverage,0.584
17,rotation,strong,"{""degrees"":30.0}",standard_conformal,0.1,,,Coat,average_set_size,0.625
17,rotation,strong,"{""degrees"":30.0}",standard_conformal,0.1,,,Coat,coverage,0.039
17,rotation,strong,"{""degrees"":30.0}",standard_conformal,0.1,,,Dress,average_set_size,0.624
17,rotation,strong,"{""degrees"":30.0}",standard_conformal,0.1,,,Dress,coverage,0.038
17,rotation,strong,"{""degrees"":30.0}",standard_conformal,0.1,,,Pullover,average_set_size,0.584
17,rotation,strong,"{""degrees"":30.0}",standard_conformal,0.1,,,Pullover,coverage,0.0
17,rotation,strong,"{""degrees"":30.0}",standard_conformal,0.1,,,Sandal,average_set_size,0.927
17,rotation,strong,"{""degrees"":30.0}",standard_conformal,0.1,,,Sandal,coverage,0.768
17,rotation,strong,"{""degrees"":30.0}",standard_conformal,0.1,,,Shirt,average_set_size,0.696
17,rotation,strong,"{""degrees"":30.0}",standard_conformal,0.1,,,Shirt,coverage,0.576
17,rotation,strong,"{""degrees"":30.0}",standard_conformal,0.1,,,Sneaker,average_set_size,0.891
17,rotation,strong,"{""degrees"":30.0}",standard_conformal,0.1,,,Sneaker,coverage,0.022
17,rotation,strong,"{""degrees"":30.0}",standard_conformal,0.1,,,T-shirt/top,average_set_size,0.533
17,rotation,strong,"{""degrees"":30.0}",standard_conformal,0.1,,,T-shirt/top,coverage,0.004
17,rotation,strong,"{""degrees"":30.0}",standard_conformal,0.1,,,Trouser,average_set_size,0.507
17,rotation,strong,"{""degrees"":30.0}",standard_conformal,0.1,,,Trouser,coverage,0.0
17,rotation,strong,"{""degrees"":30.0}",standard_conformal,0.2,,,Ankle boot,average_set_size,0.209
17,rotation,strong,"{""degrees"":30.0}",standard_conformal,0.2,,,Ankle boot,coverage,0.168
17,rotation,strong,"{""degrees"":30.0}",standard_conformal,0.2,,,Bag,average_set_size,0.399
17,rotation,strong,"{""degrees"":30.0}",standard_conformal,0.2,,,Bag,coverage,0.352
17,rotation,strong,"{""degrees"":30.0}",standard_conformal,0.2,,,Coat,average_set_size,0.258
17,rotation,strong,"{""degrees"":30.0}",standard_conformal,0.2,,,Coat,coverage,0.002
17,rotation,strong,"{""degrees"":30.0}",standard_conformal,0.2,,,Dress,average_set_size,0.159
17,rotation,strong,"{""degrees"":30.0}",standard_conformal,0.2,,,Dress,coverage,0.006
17,rotation,strong,"{""degrees"":30.0}",standard_conformal,0.2,,,Pullover,average_set_size,0.218
17,rotation,strong,"{""degrees"":30.0}",standard_conformal,0.2,,,Pullover,coverage,0.0
17,rotation,strong,"{""degrees"":30.0}",standard_conformal,0.2,,,Sandal,average_set_size,0.779
17,rotation,strong,"{""degrees"":30.0}",standard_conformal,0.2,,,Sandal,coverage,0.709
17,rotation,strong,"{""degrees"":30.0}",standard_conformal,0.2,,,Shirt,average_set_size,0.275
17,rotation,strong,"{""degrees"":30.0}",standard_conformal,0.2,,,Shirt,coverage,0.236
17,rotation,strong,"{""degrees"":30.0}",standard_conformal,0.2,,,Sneaker,average_set_size,0.552
17,rotation,strong,"{""degrees"":30.0}",standard_conformal,0.2,,,Sneaker,coverage,0.003
17,rotation,strong,"{""degrees"":30.0}",standard_conformal,0.2,,,T-shirt/top,average_set_size,0.146
17,rotation,strong,"{""degrees"":30.0}",standard_conformal,0.2,,,T-shirt/top,coverage,0.0
17,rotation,strong,"{""degrees"":30.0}",standard_conformal,0.2,,,Trouser,average_set_size,0.016
17,rotation,strong,"{""degrees"":30.0}",standard_conformal,0.2,,,Trouser,coverage,0.0
42,brightness_contrast,increased_contrast,"{""brightness"":1.0,""contrast"":1.5}",class_conditional_conformal,0.05,,,Ankle boot,average_set_size,0.968
42,brightness_contrast,increased_contrast,"{""brightness"":1.0,""contrast"":1.5}",class_conditional_conformal,0.05,,,Ankle boot,coverage,0.942
42,brightness_contrast,increased_contrast,"{""brightness"":1.0,""contrast"":1.5}",class_conditional_conformal,0.05,,,Bag,average_set_size,1.0
42,brightness_contrast,increased_contrast,"{""brightness"":1.0,""contrast"":1.5}",class_conditional_conformal,0.05,,,Bag,coverage,0.966
42,brightness_contrast,increased_contrast,"{""brightness"":1.0,""contrast"":1.5}",class_conditional_conformal,0.05,,,Coat,average_set_size,1.393
42,brightness_contrast,increased_contrast,"{""brightness"":1.0,""contrast"":1.5}",class_conditional_conformal,0.05,,,Coat,coverage,0.96
42,brightness_contrast,increased_contrast,"{""brightness"":1.0,""contrast"":1.5}",class_conditional_conformal,0.05,,,Dress,average_set_size,1.112
42,brightness_contrast,increased_contrast,"{""brightness"":1.0,""contrast"":1.5}",class_conditional_conformal,0.05,,,Dress,coverage,0.934
42,brightness_contrast,increased_contrast,"{""brightness"":1.0,""contrast"":1.5}",class_conditional_conformal,0.05,,,Pullover,average_set_size,1.399
42,brightness_contrast,increased_contrast,"{""brightness"":1.0,""contrast"":1.5}",class_conditional_conformal,0.05,,,Pullover,coverage,0.936
42,brightness_contrast,increased_contrast,"{""brightness"":1.0,""contrast"":1.5}",class_conditional_conformal,0.05,,,Sandal,average_set_size,0.973
42,brightness_contrast,increased_contrast,"{""brightness"":1.0,""contrast"":1.5}",class_conditional_conformal,0.05,,,Sandal,coverage,0.96
42,brightness_contrast,increased_contrast,"{""brightness"":1.0,""contrast"":1.5}",class_conditional_conformal,0.05,,,Shirt,average_set_size,1.479
42,brightness_contrast,increased_contrast,"{""brightness"":1.0,""contrast"":1.5}",class_conditional_conformal,0.05,,,Shirt,coverage,0.921
42,brightness_contrast,increased_contrast,"{""brightness"":1.0,""contrast"":1.5}",class_conditional_conformal,0.05,,,Sneaker,average_set_size,0.964
42,brightness_contrast,increased_contrast,"{""brightness"":1.0,""contrast"":1.5}",class_conditional_conformal,0.05,,,Sneaker,coverage,0.95
42,brightness_contrast,increased_contrast,"{""brightness"":1.0,""contrast"":1.5}",class_conditional_conformal,0.05,,,T-shirt/top,average_set_size,1.325
42,brightness_contrast,increased_contrast,"{""brightness"":1.0,""contrast"":1.5}",class_conditional_conformal,0.05,,,T-shirt/top,coverage,0.94
42,brightness_contrast,increased_contrast,"{""brightness"":1.0,""contrast"":1.5}",class_conditional_conformal,0.05,,,Trouser,average_set_size,0.979
42,brightness_contrast,increased_contrast,"{""brightness"":1.0,""contrast"":1.5}",class_conditional_conformal,0.05,,,Trouser,coverage,0.95
42,brightness_contrast,increased_contrast,"{""brightness"":1.0,""contrast"":1.5}",class_conditional_conformal,0.1,,,Ankle boot,average_set_size,0.899
42,brightness_contrast,increased_contrast,"{""brightness"":1.0,""contrast"":1.5}",class_conditional_conformal,0.1,,,Ankle boot,coverage,0.884
42,brightness_contrast,increased_contrast,"{""brightness"":1.0,""contrast"":1.5}",class_conditional_conformal,0.1,,,Bag,average_set_size,0.927
42,brightness_contrast,increased_contrast,"{""brightness"":1.0,""contrast"":1.5}",class_conditional_conformal,0.1,,,Bag,coverage,0.912
42,brightness_contrast,increased_contrast,"{""brightness"":1.0,""contrast"":1.5}",class_conditional_conformal,0.1,,,Coat,average_set_size,1.141
42,brightness_contrast,increased_contrast,"{""brightness"":1.0,""contrast"":1.5}",class_conditional_conformal,0.1,,,Coat,coverage,0.899
42,brightness_contrast,increased_contrast,"{""brightness"":1.0,""contrast"":1.5}",class_conditional_conformal,0.1,,,Dress,average_set_size,0.987
42,brightness_contrast,increased_contrast,"{""brightness"":1.0,""contrast"":1.5}",class_conditional_conformal,0.1,,,Dress,coverage,0.882
42,brightness_contrast,increased_contrast,"{""brightness"":1.0,""contrast"":1.5}",class_conditional_conformal,0.1,,,Pullover,average_set_size,1.126
42,brightness_contrast,increased_contrast,"{""brightness"":1.0,""contrast"":1.5}",class_conditional_conformal,0.1,,,Pullover,coverage,0.87
42,brightness_contrast,increased_contrast,"{""brightness"":1.0,""contrast"":1.5}",class_conditional_conformal,0.1,,,Sandal,average_set_size,0.932
42,brightness_contrast,increased_contrast,"{""brightness"":1.0,""contrast"":1.5}",class_conditional_conformal,0.1,,,Sandal,coverage,0.922
42,brightness_contrast,increased_contrast,"{""brightness"":1.0,""contrast"":1.5}",class_conditional_conformal,0.1,,,Shirt,average_set_size,1.193
42,brightness_contrast,increased_contrast,"{""brightness"":1.0,""contrast"":1.5}",class_conditional_conformal,0.1,,,Shirt,coverage,0.867
42,brightness_contrast,increased_contrast,"{""brightness"":1.0,""contrast"":1.5}",class_conditional_conformal,0.1,,,Sneaker,average_set_size,0.908
42,brightness_contrast,increased_contrast,"{""brightness"":1.0,""contrast"":1.5}",class_conditional_conformal,0.1,,,Sneaker,coverage,0.903
42,brightness_contrast,increased_contrast,"{""brightness"":1.0,""contrast"":1.5}",class_conditional_conformal,0.1,,,T-shirt/top,average_set_size,1.134
42,brightness_contrast,increased_contrast,"{""brightness"":1.0,""contrast"":1.5}",class_conditional_conformal,0.1,,,T-shirt/top,coverage,0.879
42,brightness_contrast,increased_contrast,"{""brightness"":1.0,""contrast"":1.5}",class_conditional_conformal,0.1,,,Trouser,average_set_size,0.934
42,brightness_contrast,increased_contrast,"{""brightness"":1.0,""contrast"":1.5}",class_conditional_conformal,0.1,,,Trouser,coverage,0.918
42,brightness_contrast,increased_contrast,"{""brightness"":1.0,""contrast"":1.5}",class_conditional_conformal,0.2,,,Ankle boot,average_set_size,0.787
42,brightness_contrast,increased_contrast,"{""brightness"":1.0,""contrast"":1.5}",class_conditional_conformal,0.2,,,Ankle boot,coverage,0.782
42,brightness_contrast,increased_contrast,"{""brightness"":1.0,""contrast"":1.5}",class_conditional_conformal,0.2,,,Bag,average_set_size,0.847
42,brightness_contrast,increased_contrast,"{""brightness"":1.0,""contrast"":1.5}",class_conditional_conformal,0.2,,,Bag,coverage,0.84
42,brightness_contrast,increased_contrast,"{""brightness"":1.0,""contrast"":1.5}",class_conditional_conformal,0.2,,,Coat,average_set_size,0.91
42,brightness_contrast,increased_contrast,"{""brightness"":1.0,""contrast"":1.5}",class_conditional_conformal,0.2,,,Coat,coverage,0.802
42,brightness_contrast,increased_contrast,"{""brightness"":1.0,""contrast"":1.5}",class_conditional_conformal,0.2,,,Dress,average_set_size,0.847
42,brightness_contrast,increased_contrast,"{""brightness"":1.0,""contrast"":1.5}",class_conditional_conformal,0.2,,,Dress,coverage,0.797
42,brightness_contrast,increased_contrast,"{""brightness"":1.0,""contrast"":1.5}",class_conditional_conformal,0.2,,,Pullover,average_set_size,0.891
42,brightness_contrast,increased_contrast,"{""brightness"":1.0,""contrast"":1.5}",class_conditional_conformal,0.2,,,Pullover,coverage,0.755
42,brightness_contrast,increased_contrast,"{""brightness"":1.0,""contrast"":1.5}",class_conditional_conformal,0.2,,,Sandal,average_set_size,0.851
42,brightness_contrast,increased_contrast,"{""brightness"":1.0,""contrast"":1.5}",class_conditional_conformal,0.2,,,Sandal,coverage,0.847
42,brightness_contrast,increased_contrast,"{""brightness"":1.0,""contrast"":1.5}",class_conditional_conformal,0.2,,,Shirt,average_set_size,0.906
42,brightness_contrast,increased_contrast,"{""brightness"":1.0,""contrast"":1.5}",class_conditional_conformal,0.2,,,Shirt,coverage,0.77
42,brightness_contrast,increased_contrast,"{""brightness"":1.0,""contrast"":1.5}",class_conditional_conformal,0.2,,,Sneaker,average_set_size,0.81
42,brightness_contrast,increased_contrast,"{""brightness"":1.0,""contrast"":1.5}",class_conditional_conformal,0.2,,,Sneaker,coverage,0.808
42,brightness_contrast,increased_contrast,"{""brightness"":1.0,""contrast"":1.5}",class_conditional_conformal,0.2,,,T-shirt/top,average_set_size,0.895
42,brightness_contrast,increased_contrast,"{""brightness"":1.0,""contrast"":1.5}",class_conditional_conformal,0.2,,,T-shirt/top,coverage,0.768
42,brightness_contrast,increased_contrast,"{""brightness"":1.0,""contrast"":1.5}",class_conditional_conformal,0.2,,,Trouser,average_set_size,0.859
42,brightness_contrast,increased_contrast,"{""brightness"":1.0,""contrast"":1.5}",class_conditional_conformal,0.2,,,Trouser,coverage,0.852
42,brightness_contrast,increased_contrast,"{""brightness"":1.0,""contrast"":1.5}",raw_softmax,,,,Ankle boot,f1,0.9648138704742478
42,brightness_contrast,increased_contrast,"{""brightness"":1.0,""contrast"":1.5}",raw_softmax,,,,Ankle boot,precision,0.9843912591050988
42,brightness_contrast,increased_contrast,"{""brightness"":1.0,""contrast"":1.5}",raw_softmax,,,,Ankle boot,recall,0.946
42,brightness_contrast,increased_contrast,"{""brightness"":1.0,""contrast"":1.5}",raw_softmax,,,,Bag,f1,0.9814907453726863
42,brightness_contrast,increased_contrast,"{""brightness"":1.0,""contrast"":1.5}",raw_softmax,,,,Bag,precision,0.9819819819819819
42,brightness_contrast,increased_contrast,"{""brightness"":1.0,""contrast"":1.5}",raw_softmax,,,,Bag,recall,0.981
42,brightness_contrast,increased_contrast,"{""brightness"":1.0,""contrast"":1.5}",raw_softmax,,,,Coat,f1,0.8412618928392589
42,brightness_contrast,increased_contrast,"{""brightness"":1.0,""contrast"":1.5}",raw_softmax,,,,Coat,precision,0.8425275827482447
42,brightness_contrast,increased_contrast,"{""brightness"":1.0,""contrast"":1.5}",raw_softmax,,,,Coat,recall,0.84
42,brightness_contrast,increased_contrast,"{""brightness"":1.0,""contrast"":1.5}",raw_softmax,,,,Dress,f1,0.9098077870872351
42,brightness_contrast,increased_contrast,"{""brightness"":1.0,""contrast"":1.5}",raw_softmax,,,,Dress,precision,0.8969873663751214
42,brightness_contrast,increased_contrast,"{""brightness"":1.0,""contrast"":1.5}",raw_softmax,,,,Dress,recall,0.923
42,brightness_contrast,increased_contrast,"{""brightness"":1.0,""contrast"":1.5}",raw_softmax,,,,Pullover,f1,0.8445106805762543
42,brightness_contrast,increased_contrast,"{""brightness"":1.0,""contrast"":1.5}",raw_softmax,,,,Pullover,precision,0.8390918065153011
42,brightness_contrast,increased_contrast,"{""brightness"":1.0,""contrast"":1.5}",raw_softmax,,,,Pullover,recall,0.85
42,brightness_contrast,increased_contrast,"{""brightness"":1.0,""contrast"":1.5}",raw_softmax,,,,Sandal,f1,0.9830339321357285
42,brightness_contrast,increased_contrast,"{""brightness"":1.0,""contrast"":1.5}",raw_softmax,,,,Sandal,precision,0.9810756972111554
42,brightness_contrast,increased_contrast,"{""brightness"":1.0,""contrast"":1.5}",raw_softmax,,,,Sandal,recall,0.985
42,brightness_contrast,increased_contrast,"{""brightness"":1.0,""contrast"":1.5}",raw_softmax,,,,Shirt,f1,0.7414330218068536
42,brightness_contrast,increased_contrast,"{""brightness"":1.0,""contrast"":1.5}",raw_softmax,,,,Shirt,precision,0.7710583153347732
42,brightness_contrast,increased_contrast,"{""brightness"":1.0,""contrast"":1.5}",raw_softmax,,,,Shirt,recall,0.714
42,brightness_contrast,increased_contrast,"{""brightness"":1.0,""contrast"":1.5}",raw_softmax,,,,Sneaker,f1,0.9593336599706026
42,brightness_contrast,increased_contrast,"{""brightness"":1.0,""contrast"":1.5}",raw_softmax,,,,Sneaker,precision,0.9404418828049952
42,brightness_contrast,increased_contrast,"{""brightness"":1.0,""contrast"":1.5}",raw_softmax,,,,Sneaker,recall,0.979
42,brightness_contrast,increased_contrast,"{""brightness"":1.0,""contrast"":1.5}",raw_softmax,,,,T-shirt/top,f1,0.8642578125
42,brightness_contrast,increased_contrast,"{""brightness"":1.0,""contrast"":1.5}",raw_softmax,,,,T-shirt/top,precision,0.8444656488549618
42,brightness_contrast,increased_contrast,"{""brightness"":1.0,""contrast"":1.5}",raw_softmax,,,,T-shirt/top,recall,0.885
42,brightness_contrast,increased_contrast,"{""brightness"":1.0,""contrast"":1.5}",raw_softmax,,,,Trouser,f1,0.9868819374369324
42,brightness_contrast,increased_contrast,"{""brightness"":1.0,""contrast"":1.5}",raw_softmax,,,,Trouser,precision,0.9959266802443992
42,brightness_contrast,increased_contrast,"{""brightness"":1.0,""contrast"":1.5}",raw_softmax,,,,Trouser,recall,0.978
42,brightness_contrast,increased_contrast,"{""brightness"":1.0,""contrast"":1.5}",standard_conformal,0.05,,,Ankle boot,average_set_size,1.051
42,brightness_contrast,increased_contrast,"{""brightness"":1.0,""contrast"":1.5}",standard_conformal,0.05,,,Ankle boot,coverage,0.969
42,brightness_contrast,increased_contrast,"{""brightness"":1.0,""contrast"":1.5}",standard_conformal,0.05,,,Bag,average_set_size,1.003
42,brightness_contrast,increased_contrast,"{""brightness"":1.0,""contrast"":1.5}",standard_conformal,0.05,,,Bag,coverage,0.982
42,brightness_contrast,increased_contrast,"{""brightness"":1.0,""contrast"":1.5}",standard_conformal,0.05,,,Coat,average_set_size,1.18
42,brightness_contrast,increased_contrast,"{""brightness"":1.0,""contrast"":1.5}",standard_conformal,0.05,,,Coat,coverage,0.909
42,brightness_contrast,increased_contrast,"{""brightness"":1.0,""contrast"":1.5}",standard_conformal,0.05,,,Dress,average_set_size,1.076
42,brightness_contrast,increased_contrast,"{""brightness"":1.0,""contrast"":1.5}",standard_conformal,0.05,,,Dress,coverage,0.948
42,brightness_contrast,increased_contrast,"{""brightness"":1.0,""contrast"":1.5}",standard_conformal,0.05,,,Pullover,average_set_size,1.142
42,brightness_contrast,increased_contrast,"{""brightness"":1.0,""contrast"":1.5}",standard_conformal,0.05,,,Pullover,coverage,0.898
42,brightness_contrast,increased_contrast,"{""brightness"":1.0,""contrast"":1.5}",standard_conformal,0.05,,,Sandal,average_set_size,1.008
42,brightness_contrast,increased_contrast,"{""brightness"":1.0,""contrast"":1.5}",standard_conformal,0.05,,,Sandal,coverage,0.988
42,brightness_contrast,increased_contrast,"{""brightness"":1.0,""contrast"":1.5}",standard_conformal,0.05,,,Shirt,average_set_size,1.301
42,brightness_contrast,increased_contrast,"{""brightness"":1.0,""contrast"":1.5}",standard_conformal,0.05,,,Shirt,coverage,0.837
42,brightness_contrast,increased_contrast,"{""brightness"":1.0,""contrast"":1.5}",standard_conformal,0.05,,,Sneaker,average_set_size,1.032
42,brightness_contrast,increased_contrast,"{""brightness"":1.0,""contrast"":1.5}",standard_conformal,0.05,,,Sneaker,coverage,0.988
42,brightness_contrast,increased_contrast,"{""brightness"":1.0,""contrast"":1.5}",standard_conformal,0.05,,,T-shirt/top,average_set_size,1.153
42,brightness_contrast,increased_contrast,"{""brightness"":1.0,""contrast"":1.5}",standard_conformal,0.05,,,T-shirt/top,coverage,0.934
42,brightness_contrast,increased_contrast,"{""brightness"":1.0,""contrast"":1.5}",standard_conformal,0.05,,,Trouser,average_set_size,1.009
42,brightness_contrast,increased_contrast,"{""brightness"":1.0,""contrast"":1.5}",standard_conformal,0.05,,,Trouser,coverage,0.984
42,brightness_contrast,increased_contrast,"{""brightness"":1.0,""contrast"":1.5}",standard_conformal,0.1,,,Ankle boot,average_set_size,0.992
42,brightness_contrast,increased_contrast,"{""brightness"":1.0,""contrast"":1.5}",standard_conformal,0.1,,,Ankle boot,coverage,0.941
42,brightness_contrast,increased_contrast,"{""brightness"":1.0,""contrast"":1.5}",standard_conformal,0.1,,,Bag,average_set_size,0.99
42,brightness_contrast,increased_contrast,"{""brightness"":1.0,""contrast"":1.5}",standard_conformal,0.1,,,Bag,coverage,0.979
42,brightness_contrast,increased_contrast,"{""brightness"":1.0,""contrast"":1.5}",standard_conformal,0.1,,,Coat,average_set_size,0.93
42,brightness_contrast,increased_contrast,"{""brightness"":1.0,""contrast"":1.5}",standard_conformal,0.1,,,Coat,coverage,0.808
42,brightness_contrast,increased_contrast,"{""brightness"":1.0,""contrast"":1.5}",standard_conformal,0.1,,,Dress,average_set_size,0.956
42,brightness_contrast,increased_contrast,"{""brightness"":1.0,""contrast"":1.5}",standard_conformal,0.1,,,Dress,coverage,0.905
42,brightness_contrast,increased_contrast,"{""brightness"":1.0,""contrast"":1.5}",standard_conformal,0.1,,,Pullover,average_set_size,0.925
42,brightness_contrast,increased_contrast,"{""brightness"":1.0,""contrast"":1.5}",standard_conformal,0.1,,,Pullover,coverage,0.82
42,brightness_contrast,increased_contrast,"{""brightness"":1.0,""contrast"":1.5}",standard_conformal,0.1,,,Sandal,average_set_size,1.0
42,brightness_contrast,increased_contrast,"{""brightness"":1.0,""contrast"":1.5}",standard_conformal,0.1,,,Sandal,coverage,0.985
42,brightness_contrast,increased_contrast,"{""brightness"":1.0,""contrast"":1.5}",standard_conformal,0.1,,,Shirt,average_set_size,0.892
42,brightness_contrast,increased_contrast,"{""brightness"":1.0,""contrast"":1.5}",standard_conformal,0.1,,,Shirt,coverage,0.661
42,brightness_contrast,increased_contrast,"{""brightness"":1.0,""contrast"":1.5}",standard_conformal,0.1,,,Sneaker,average_set_size,0.998
42,brightness_contrast,increased_contrast,"{""brightness"":1.0,""contrast"":1.5}",standard_conformal,0.1,,,Sneaker,coverage,0.978
42,brightness_contrast,increased_contrast,"{""brightness"":1.0,""contrast"":1.5}",standard_conformal,0.1,,,T-shirt/top,average_set_size,0.935
42,brightness_contrast,increased_contrast,"{""brightness"":1.0,""contrast"":1.5}",standard_conformal,0.1,,,T-shirt/top,coverage,0.85
42,brightness_contrast,increased_contrast,"{""brightness"":1.0,""contrast"":1.5}",standard_conformal,0.1,,,Trouser,average_set_size,0.992
42,brightness_contrast,increased_contrast,"{""brightness"":1.0,""contrast"":1.5}",standard_conformal,0.1,,,Trouser,coverage,0.977
42,brightness_contrast,increased_contrast,"{""brightness"":1.0,""contrast"":1.5}",standard_conformal,0.2,,,Ankle boot,average_set_size,0.925
42,brightness_contrast,increased_contrast,"{""brightness"":1.0,""contrast"":1.5}",standard_conformal,0.2,,,Ankle boot,coverage,0.901
42,brightness_contrast,increased_contrast,"{""brightness"":1.0,""contrast"":1.5}",standard_conformal,0.2,,,Bag,average_set_size,0.974
42,brightness_contrast,increased_contrast,"{""brightness"":1.0,""contrast"":1.5}",standard_conformal,0.2,,,Bag,coverage,0.968
42,brightness_contrast,increased_contrast,"{""brightness"":1.0,""contrast"":1.5}",standard_conformal,0.2,,,Coat,average_set_size,0.664
42,brightness_contrast,increased_contrast,"{""brightness"":1.0,""contrast"":1.5}",standard_conformal,0.2,,,Coat,coverage,0.631
42,brightness_contrast,increased_contrast,"{""brightness"":1.0,""contrast"":1.5}",standard_conformal,0.2,,,Dress,average_set_size,0.825
42,brightness_contrast,increased_contrast,"{""brightness"":1.0,""contrast"":1.5}",standard_conformal,0.2,,,Dress,coverage,0.814
42,brightness_contrast,increased_contrast,"{""brightness"":1.0,""contrast"":1.5}",standard_conformal,0.2,,,Pullover,average_set_size,0.707
42,brightness_contrast,increased_contrast,"{""brightness"":1.0,""contrast"":1.5}",standard_conformal,0.2,,,Pullover,coverage,0.678
42,brightness_contrast,increased_contrast,"{""brightness"":1.0,""contrast"":1.5}",standard_conformal,0.2,,,Sandal,average_set_size,0.989
42,brightness_contrast,increased_contrast,"{""brightness"":1.0,""contrast"":1.5}",standard_conformal,0.2,,,Sandal,coverage,0.977
42,brightness_contrast,increased_contrast,"{""brightness"":1.0,""contrast"":1.5}",standard_conformal,0.2,,,Shirt,average_set_size,0.489
42,brightness_contrast,increased_contrast,"{""brightness"":1.0,""contrast"":1.5}",standard_conformal,0.2,,,Shirt,coverage,0.414
42,brightness_contrast,increased_contrast,"{""brightness"":1.0,""contrast"":1.5}",standard_conformal,0.2,,,Sneaker,average_set_size,0.955
42,brightness_contrast,increased_contrast,"{""brightness"":1.0,""contrast"":1.5}",standard_conformal,0.2,,,Sneaker,coverage,0.945
42,brightness_contrast,increased_contrast,"{""brightness"":1.0,""contrast"":1.5}",standard_conformal,0.2,,,T-shirt/top,average_set_size,0.703
42,brightness_contrast,increased_contrast,"{""brightness"":1.0,""contrast"":1.5}",standard_conformal,0.2,,,T-shirt/top,coverage,0.682
42,brightness_contrast,increased_contrast,"{""brightness"":1.0,""contrast"":1.5}",standard_conformal,0.2,,,Trouser,average_set_size,0.971
42,brightness_contrast,increased_contrast,"{""brightness"":1.0,""contrast"":1.5}",standard_conformal,0.2,,,Trouser,coverage,0.967
42,brightness_contrast,mild_brightness,"{""brightness"":0.8,""contrast"":1.0}",class_conditional_conformal,0.05,,,Ankle boot,average_set_size,0.977
42,brightness_contrast,mild_brightness,"{""brightness"":0.8,""contrast"":1.0}",class_conditional_conformal,0.05,,,Ankle boot,coverage,0.95
42,brightness_contrast,mild_brightness,"{""brightness"":0.8,""contrast"":1.0}",class_conditional_conformal,0.05,,,Bag,average_set_size,0.987
42,brightness_contrast,mild_brightness,"{""brightness"":0.8,""contrast"":1.0}",class_conditional_conformal,0.05,,,Bag,coverage,0.946
42,brightness_contrast,mild_brightness,"{""brightness"":0.8,""contrast"":1.0}",class_conditional_conformal,0.05,,,Coat,average_set_size,1.595
42,brightness_contrast,mild_brightness,"{""brightness"":0.8,""contrast"":1.0}",class_conditional_conformal,0.05,,,Coat,coverage,0.941
42,brightness_contrast,mild_brightness,"{""brightness"":0.8,""contrast"":1.0}",class_conditional_conformal,0.05,,,Dress,average_set_size,1.141
42,brightness_contrast,mild_brightness,"{""brightness"":0.8,""contrast"":1.0}",class_conditional_conformal,0.05,,,Dress,coverage,0.941
42,brightness_contrast,mild_brightness,"{""brightness"":0.8,""contrast"":1.0}",class_conditional_conformal,0.05,,,Pullover,average_set_size,1.34
42,brightness_contrast,mild_brightness,"{""brightness"":0.8,""contrast"":1.0}",class_conditional_conformal,0.05,,,Pullover,coverage,0.963
42,brightness_contrast,mild_brightness,"{""brightness"":0.8,""contrast"":1.0}",class_conditional_conformal,0.05,,,Sandal,average_set_size,0.96
42,brightness_contrast,mild_brightness,"{""brightness"":0.8,""contrast"":1.0}",class_conditional_conformal,0.05,,,Sandal,coverage,0.945
42,brightness_contrast,mild_brightness,"{""brightness"":0.8,""contrast"":1.0}",class_conditional_conformal,0.05,,,Shirt,average_set_size,1.563
42,brightness_contrast,mild_brightness,"{""brightness"":0.8,""contrast"":1.0}",class_conditional_conformal,0.05,,,Shirt,coverage,0.936
42,brightness_contrast,mild_brightness,"{""brightness"":0.8,""contrast"":1.0}",class_conditional_conformal,0.05,,,Sneaker,average_set_size,0.964
42,brightness_contrast,mild_brightness,"{""brightness"":0.8,""contrast"":1.0}",class_conditional_conformal,0.05,,,Sneaker,coverage,0.952
42,brightness_contrast,mild_brightness,"{""brightness"":0.8,""contrast"":1.0}",class_conditional_conformal,0.05,,,T-shirt/top,average_set_size,1.319
42,brightness_contrast,mild_brightness,"{""brightness"":0.8,""contrast"":1.0}",class_conditional_conformal,0.05,,,T-shirt/top,coverage,0.958
42,brightness_contrast,mild_brightness,"{""brightness"":0.8,""contrast"":1.0}",class_conditional_conformal,0.05,,,Trouser,average_set_size,0.975
42,brightness_contrast,mild_brightness,"{""brightness"":0.8,""contrast"":1.0}",class_conditional_conformal,0.05,,,Trouser,coverage,0.943
42,brightness_contrast,mild_brightness,"{""brightness"":0.8,""contrast"":1.0}",class_conditional_conformal,0.1,,,Ankle boot,average_set_size,0.9
42,brightness_contrast,mild_brightness,"{""brightness"":0.8,""contrast"":1.0}",class_conditional_conformal,0.1,,,Ankle boot,coverage,0.889
42,brightness_contrast,mild_brightness,"{""brightness"":0.8,""contrast"":1.0}",class_conditional_conformal,0.1,,,Bag,average_set_size,0.855
42,brightness_contrast,mild_brightness,"{""brightness"":0.8,""contrast"":1.0}",class_conditional_conformal,0.1,,,Bag,coverage,0.843
42,brightness_contrast,mild_brightness,"{""brightness"":0.8,""contrast"":1.0}",class_conditional_conformal,0.1,,,Coat,average_set_size,1.193
42,brightness_contrast,mild_brightness,"{""brightness"":0.8,""contrast"":1.0}",class_conditional_conformal,0.1,,,Coat,coverage,0.841
42,brightness_contrast,mild_brightness,"{""brightness"":0.8,""contrast"":1.0}",class_conditional_conformal,0.1,,,Dress,average_set_size,0.983
42,brightness_contrast,mild_brightness,"{""brightness"":0.8,""contrast"":1.0}",class_conditional_conformal,0.1,,,Dress,coverage,0.892
42,brightness_contrast,mild_brightness,"{""brightness"":0.8,""contrast"":1.0}",class_conditional_conformal,0.1,,,Pullover,average_set_size,1.107
42,brightness_contrast,mild_brightness,"{""brightness"":0.8,""contrast"":1.0}",class_conditional_conformal,0.1,,,Pullover,coverage,0.914
42,brightness_contrast,mild_brightness,"{""brightness"":0.8,""contrast"":1.0}",class_conditional_conformal,0.1,,,Sandal,average_set_size,0.885
42,brightness_contrast,mild_brightness,"{""brightness"":0.8,""contrast"":1.0}",class_conditional_conformal,0.1,,,Sandal,coverage,0.876
42,brightness_contrast,mild_brightness,"{""brightness"":0.8,""contrast"":1.0}",class_conditional_conformal,0.1,,,Shirt,average_set_size,1.204
42,brightness_contrast,mild_brightness,"{""brightness"":0.8,""contrast"":1.0}",class_conditional_conformal,0.1,,,Shirt,coverage,0.869
42,brightness_contrast,mild_brightness,"{""brightness"":0.8,""contrast"":1.0}",class_conditional_conformal,0.1,,,Sneaker,average_set_size,0.911
42,brightness_contrast,mild_brightness,"{""brightness"":0.8,""contrast"":1.0}",class_conditional_conformal,0.1,,,Sneaker,coverage,0.907
42,brightness_contrast,mild_brightness,"{""brightness"":0.8,""contrast"":1.0}",class_conditional_conformal,0.1,,,T-shirt/top,average_set_size,1.112
42,brightness_contrast,mild_brightness,"{""brightness"":0.8,""contrast"":1.0}",class_conditional_conformal,0.1,,,T-shirt/top,coverage,0.904
42,brightness_contrast,mild_brightness,"{""brightness"":0.8,""contrast"":1.0}",class_conditional_conformal,0.1,,,Trouser,average_set_size,0.889
42,brightness_contrast,mild_brightness,"{""brightness"":0.8,""contrast"":1.0}",class_conditional_conformal,0.1,,,Trouser,coverage,0.874
42,brightness_contrast,mild_brightness,"{""brightness"":0.8,""contrast"":1.0}",class_conditional_conformal,0.2,,,Ankle boot,average_set_size,0.778
42,brightness_contrast,mild_brightness,"{""brightness"":0.8,""contrast"":1.0}",class_conditional_conformal,0.2,,,Ankle boot,coverage,0.775
42,brightness_contrast,mild_brightness,"{""brightness"":0.8,""contrast"":1.0}",class_conditional_conformal,0.2,,,Bag,average_set_size,0.711
42,brightness_contrast,mild_brightness,"{""brightness"":0.8,""contrast"":1.0}",class_conditional_conformal,0.2,,,Bag,coverage,0.706
42,brightness_contrast,mild_brightness,"{""brightness"":0.8,""contrast"":1.0}",class_conditional_conformal,0.2,,,Coat,average_set_size,0.841
42,brightness_contrast,mild_brightness,"{""brightness"":0.8,""contrast"":1.0}",class_conditional_conformal,0.2,,,Coat,coverage,0.691
42,brightness_contrast,mild_brightness,"{""brightness"":0.8,""contrast"":1.0}",class_conditional_conformal,0.2,,,Dress,average_set_size,0.802
42,brightness_contrast,mild_brightness,"{""brightness"":0.8,""contrast"":1.0}",class_conditional_conformal,0.2,,,Dress,coverage,0.769
42,brightness_contrast,mild_brightness,"{""brightness"":0.8,""contrast"":1.0}",class_conditional_conformal,0.2,,,Pullover,average_set_size,0.882
42,brightness_contrast,mild_brightness,"{""brightness"":0.8,""contrast"":1.0}",class_conditional_conformal,0.2,,,Pullover,coverage,0.8
42,brightness_contrast,mild_brightness,"{""brightness"":0.8,""contrast"":1.0}",class_conditional_conformal,0.2,,,Sandal,average_set_size,0.735
42,brightness_contrast,mild_brightness,"{""brightness"":0.8,""contrast"":1.0}",class_conditional_conformal,0.2,,,Sandal,coverage,0.731
42,brightness_contrast,mild_brightness,"{""brightness"":0.8,""contrast"":1.0}",class_conditional_conformal,0.2,,,Shirt,average_set_size,0.876
42,brightness_contrast,mild_brightness,"{""brightness"":0.8,""contrast"":1.0}",class_conditional_conformal,0.2,,,Shirt,coverage,0.743
42,brightness_contrast,mild_brightness,"{""brightness"":0.8,""contrast"":1.0}",class_conditional_conformal,0.2,,,Sneaker,average_set_size,0.806
42,brightness_contrast,mild_brightness,"{""brightness"":0.8,""contrast"":1.0}",class_conditional_conformal,0.2,,,Sneaker,coverage,0.805
42,brightness_contrast,mild_brightness,"{""brightness"":0.8,""contrast"":1.0}",class_conditional_conformal,0.2,,,T-shirt/top,average_set_size,0.889
42,brightness_contrast,mild_brightness,"{""brightness"":0.8,""contrast"":1.0}",class_conditional_conformal,0.2,,,T-shirt/top,coverage,0.799
42,brightness_contrast,mild_brightness,"{""brightness"":0.8,""contrast"":1.0}",class_conditional_conformal,0.2,,,Trouser,average_set_size,0.645
42,brightness_contrast,mild_brightness,"{""brightness"":0.8,""contrast"":1.0}",class_conditional_conformal,0.2,,,Trouser,coverage,0.642
42,brightness_contrast,mild_brightness,"{""brightness"":0.8,""contrast"":1.0}",raw_softmax,,,,Ankle boot,f1,0.9684317718940937
42,brightness_contrast,mild_brightness,"{""brightness"":0.8,""contrast"":1.0}",raw_softmax,,,,Ankle boot,precision,0.9865145228215768
42,brightness_contrast,mild_brightness,"{""brightness"":0.8,""contrast"":1.0}",raw_softmax,,,,Ankle boot,recall,0.951
42,brightness_contrast,mild_brightness,"{""brightness"":0.8,""contrast"":1.0}",raw_softmax,,,,Bag,f1,0.9809045226130654
42,brightness_contrast,mild_brightness,"{""brightness"":0.8,""contrast"":1.0}",raw_softmax,,,,Bag,precision,0.9858585858585859
42,brightness_contrast,mild_brightness,"{""brightness"":0.8,""contrast"":1.0}",raw_softmax,,,,Bag,recall,0.976
42,brightness_contrast,mild_brightness,"{""brightness"":0.8,""contrast"":1.0}",raw_softmax,,,,Coat,f1,0.8282608695652174
42,brightness_contrast,mild_brightness,"{""brightness"":0.8,""contrast"":1.0}",raw_softmax,,,,Coat,precision,0.9071428571428571
42,brightness_contrast,mild_brightness,"{""brightness"":0.8,""contrast"":1.0}",raw_softmax,,,,Coat,recall,0.762
42,brightness_contrast,mild_brightness,"{""brightness"":0.8,""contrast"":1.0}",raw_softmax,,,,Dress,f1,0.9167072576716999
42,brightness_contrast,mild_brightness,"{""brightness"":0.8,""contrast"":1.0}",raw_softmax,,,,Dress,precision,0.8936372269705603
42,brightness_contrast,mild_brightness,"{""brightness"":0.8,""contrast"":1.0}",raw_softmax,,,,Dress,recall,0.941
42,brightness_contrast,mild_brightness,"{""brightness"":0.8,""contrast"":1.0}",raw_softmax,,,,Pullover,f1,0.8409302325581396
42,brightness_contrast,mild_brightness,"{""brightness"":0.8,""contrast"":1.0}",raw_softmax,,,,Pullover,precision,0.7860869565217391
42,brightness_contrast,mild_brightness,"{""brightness"":0.8,""contrast"":1.0}",raw_softmax,,,,Pullover,recall,0.904
42,brightness_contrast,mild_brightness,"{""brightness"":0.8,""contrast"":1.0}",raw_softmax,,,,Sandal,f1,0.9834420471650778
42,brightness_contrast,mild_brightness,"{""brightness"":0.8,""contrast"":1.0}",raw_softmax,,,,Sandal,precision,0.9869083585095669
42,brightness_contrast,mild_brightness,"{""brightness"":0.8,""contrast"":1.0}",raw_softmax,,,,Sandal,recall,0.98
42,brightness_contrast,mild_brightness,"{""brightness"":0.8,""contrast"":1.0}",raw_softmax,,,,Shirt,f1,0.7233351380617217
42,brightness_contrast,mild_brightness,"{""brightness"":0.8,""contrast"":1.0}",raw_softmax,,,,Shirt,precision,0.7886658795749705
42,brightness_contrast,mild_brightness,"{""brightness"":0.8,""contrast"":1.0}",raw_softmax,,,,Shirt,recall,0.668
42,brightness_contrast,mild_brightness,"{""brightness"":0.8,""contrast"":1.0}",raw_softmax,,,,Sneaker,f1,0.9624206930209859
42,brightness_contrast,mild_brightness,"{""brightness"":0.8,""contrast"":1.0}",raw_softmax,,,,Sneaker,precision,0.9399428026692088
42,brightness_contrast,mild_brightness,"{""brightness"":0.8,""contrast"":1.0}",raw_softmax,,,,Sneaker,recall,0.986
42,brightness_contrast,mild_brightness,"{""brightness"":0.8,""contrast"":1.0}",raw_softmax,,,,T-shirt/top,f1,0.8584861307005172
42,brightness_contrast,mild_brightness,"{""brightness"":0.8,""contrast"":1.0}",raw_softmax,,,,T-shirt/top,precision,0.8101153504880213
42,brightness_contrast,mild_brightness,"{""brightness"":0.8,""contrast"":1.0}",raw_softmax,,,,T-shirt/top,recall,0.913
42,brightness_contrast,mild_brightness,"{""brightness"":0.8,""contrast"":1.0}",raw_softmax,,,,Trouser,f1,0.9874182184197282
42,brightness_contrast,mild_brightness,"{""brightness"":0.8,""contrast"":1.0}",raw_softmax,,,,Trouser,precision,0.993920972644377
42,brightness_contrast,mild_brightness,"{""brightness"":0.8,""contrast"":1.0}",raw_softmax,,,,Trouser,recall,0.981
42,brightness_contrast,mild_brightness,"{""brightness"":0.8,""contrast"":1.0}",standard_conformal,0.05,,,Ankle boot,average_set_size,1.049
42,brightness_contrast,mild_brightness,"{""brightness"":0.8,""contrast"":1.0}",standard_conformal,0.05,,,Ankle boot,coverage,0.97
42,brightness_contrast,mild_brightness,"{""brightness"":0.8,""contrast"":1.0}",standard_conformal,0.05,,,Bag,average_set_size,1.008
42,brightness_contrast,mild_brightness,"{""brightness"":0.8,""contrast"":1.0}",standard_conformal,0.05,,,Bag,coverage,0.98
42,brightness_contrast,mild_brightness,"{""brightness"":0.8,""contrast"":1.0}",standard_conformal,0.05,,,Coat,average_set_size,1.258
42,brightness_contrast,mild_brightness,"{""brightness"":0.8,""contrast"":1.0}",standard_conformal,0.05,,,Coat,coverage,0.855
42,brightness_contrast,mild_brightness,"{""brightness"":0.8,""contrast"":1.0}",standard_conformal,0.05,,,Dress,average_set_size,1.066
42,brightness_contrast,mild_brightness,"{""brightness"":0.8,""contrast"":1.0}",standard_conformal,0.05,,,Dress,coverage,0.951
42,brightness_contrast,mild_brightness,"{""brightness"":0.8,""contrast"":1.0}",standard_conformal,0.05,,,Pullover,average_set_size,1.11
42,brightness_contrast,mild_brightness,"{""brightness"":0.8,""contrast"":1.0}",standard_conformal,0.05,,,Pullover,coverage,0.935
42,brightness_contrast,mild_brightness,"{""brightness"":0.8,""contrast"":1.0}",standard_conformal,0.05,,,Sandal,average_set_size,1.008
42,brightness_contrast,mild_brightness,"{""brightness"":0.8,""contrast"":1.0}",standard_conformal,0.05,,,Sandal,coverage,0.983
42,brightness_contrast,mild_brightness,"{""brightness"":0.8,""contrast"":1.0}",standard_conformal,0.05,,,Shirt,average_set_size,1.323
42,brightness_contrast,mild_brightness,"{""brightness"":0.8,""contrast"":1.0}",standard_conformal,0.05,,,Shirt,coverage,0.807
42,brightness_contrast,mild_brightness,"{""brightness"":0.8,""contrast"":1.0}",standard_conformal,0.05,,,Sneaker,average_set_size,1.029
42,brightness_contrast,mild_brightness,"{""brightness"":0.8,""contrast"":1.0}",standard_conformal,0.05,,,Sneaker,coverage,0.99
42,brightness_contrast,mild_brightness,"{""brightness"":0.8,""contrast"":1.0}",standard_conformal,0.05,,,T-shirt/top,average_set_size,1.129
42,brightness_contrast,mild_brightness,"{""brightness"":0.8,""contrast"":1.0}",standard_conformal,0.05,,,T-shirt/top,coverage,0.953
42,brightness_contrast,mild_brightness,"{""brightness"":0.8,""contrast"":1.0}",standard_conformal,0.05,,,Trouser,average_set_size,1.014
42,brightness_contrast,mild_brightness,"{""brightness"":0.8,""contrast"":1.0}",standard_conformal,0.05,,,Trouser,coverage,0.987
42,brightness_contrast,mild_brightness,"{""brightness"":0.8,""contrast"":1.0}",standard_conformal,0.1,,,Ankle boot,average_set_size,0.996
42,brightness_contrast,mild_brightness,"{""brightness"":0.8,""contrast"":1.0}",standard_conformal,0.1,,,Ankle boot,coverage,0.949
42,brightness_contrast,mild_brightness,"{""brightness"":0.8,""contrast"":1.0}",standard_conformal,0.1,,,Bag,average_set_size,0.986
42,brightness_contrast,mild_brightness,"{""brightness"":0.8,""contrast"":1.0}",standard_conformal,0.1,,,Bag,coverage,0.973
42,brightness_contrast,mild_brightness,"{""brightness"":0.8,""contrast"":1.0}",standard_conformal,0.1,,,Coat,average_set_size,0.866
42,brightness_contrast,mild_brightness,"{""brightness"":0.8,""contrast"":1.0}",standard_conformal,0.1,,,Coat,coverage,0.703
42,brightness_contrast,mild_brightness,"{""brightness"":0.8,""contrast"":1.0}",standard_conformal,0.1,,,Dress,average_set_size,0.944
42,brightness_contrast,mild_brightness,"{""brightness"":0.8,""contrast"":1.0}",standard_conformal,0.1,,,Dress,coverage,0.913
42,brightness_contrast,mild_brightness,"{""brightness"":0.8,""contrast"":1.0}",standard_conformal,0.1,,,Pullover,average_set_size,0.929
42,brightness_contrast,mild_brightness,"{""brightness"":0.8,""contrast"":1.0}",standard_conformal,0.1,,,Pullover,coverage,0.873
42,brightness_contrast,mild_brightness,"{""brightness"":0.8,""contrast"":1.0}",standard_conformal,0.1,,,Sandal,average_set_size,0.997
42,brightness_contrast,mild_brightness,"{""brightness"":0.8,""contrast"":1.0}",standard_conformal,0.1,,,Sandal,coverage,0.977
42,brightness_contrast,mild_brightness,"{""brightness"":0.8,""contrast"":1.0}",standard_conformal,0.1,,,Shirt,average_set_size,0.837
42,brightness_contrast,mild_brightness,"{""brightness"":0.8,""contrast"":1.0}",standard_conformal,0.1,,,Shirt,coverage,0.58
42,brightness_contrast,mild_brightness,"{""brightness"":0.8,""contrast"":1.0}",standard_conformal,0.1,,,Sneaker,average_set_size,1.0
42,brightness_contrast,mild_brightness,"{""brightness"":0.8,""contrast"":1.0}",standard_conformal,0.1,,,Sneaker,coverage,0.986
42,brightness_contrast,mild_brightness,"{""brightness"":0.8,""contrast"":1.0}",standard_conformal,0.1,,,T-shirt/top,average_set_size,0.934
42,brightness_contrast,mild_brightness,"{""brightness"":0.8,""contrast"":1.0}",standard_conformal,0.1,,,T-shirt/top,coverage,0.884
42,brightness_contrast,mild_brightness,"{""brightness"":0.8,""contrast"":1.0}",standard_conformal,0.1,,,Trouser,average_set_size,0.988
42,brightness_contrast,mild_brightness,"{""brightness"":0.8,""contrast"":1.0}",standard_conformal,0.1,,,Trouser,coverage,0.975
42,brightness_contrast,mild_brightness,"{""brightness"":0.8,""contrast"":1.0}",standard_conformal,0.2,,,Ankle boot,average_set_size,0.929
42,brightness_contrast,mild_brightness,"{""brightness"":0.8,""contrast"":1.0}",standard_conformal,0.2,,,Ankle boot,coverage,0.907
42,brightness_contrast,mild_brightness,"{""brightness"":0.8,""contrast"":1.0}",standard_conformal,0.2,,,Bag,average_set_size,0.957
42,brightness_contrast,mild_brightness,"{""brightness"":0.8,""contrast"":1.0}",standard_conformal,0.2,,,Bag,coverage,0.951
42,brightness_contrast,mild_brightness,"{""brightness"":0.8,""contrast"":1.0}",standard_conformal,0.2,,,Coat,average_set_size,0.487
42,brightness_contrast,mild_brightness,"{""brightness"":0.8,""contrast"":1.0}",standard_conformal,0.2,,,Coat,coverage,0.448
42,brightness_contrast,mild_brightness,"{""brightness"":0.8,""contrast"":1.0}",standard_conformal,0.2,,,Dress,average_set_size,0.812
42,brightness_contrast,mild_brightness,"{""brightness"":0.8,""contrast"":1.0}",standard_conformal,0.2,,,Dress,coverage,0.806
42,brightness_contrast,mild_brightness,"{""brightness"":0.8,""contrast"":1.0}",standard_conformal,0.2,,,Pullover,average_set_size,0.731
42,brightness_contrast,mild_brightness,"{""brightness"":0.8,""contrast"":1.0}",standard_conformal,0.2,,,Pullover,coverage,0.716
42,brightness_contrast,mild_brightness,"{""brightness"":0.8,""contrast"":1.0}",standard_conformal,0.2,,,Sandal,average_set_size,0.983
42,brightness_contrast,mild_brightness,"{""brightness"":0.8,""contrast"":1.0}",standard_conformal,0.2,,,Sandal,coverage,0.969
42,brightness_contrast,mild_brightness,"{""brightness"":0.8,""contrast"":1.0}",standard_conformal,0.2,,,Shirt,average_set_size,0.41
42,brightness_contrast,mild_brightness,"{""brightness"":0.8,""contrast"":1.0}",standard_conformal,0.2,,,Shirt,coverage,0.35
42,brightness_contrast,mild_brightness,"{""brightness"":0.8,""contrast"":1.0}",standard_conformal,0.2,,,Sneaker,average_set_size,0.957
42,brightness_contrast,mild_brightness,"{""brightness"":0.8,""contrast"":1.0}",standard_conformal,0.2,,,Sneaker,coverage,0.949
42,brightness_contrast,mild_brightness,"{""brightness"":0.8,""contrast"":1.0}",standard_conformal,0.2,,,T-shirt/top,average_set_size,0.725
42,brightness_contrast,mild_brightness,"{""brightness"":0.8,""contrast"":1.0}",standard_conformal,0.2,,,T-shirt/top,coverage,0.713
42,brightness_contrast,mild_brightness,"{""brightness"":0.8,""contrast"":1.0}",standard_conformal,0.2,,,Trouser,average_set_size,0.967
42,brightness_contrast,mild_brightness,"{""brightness"":0.8,""contrast"":1.0}",standard_conformal,0.2,,,Trouser,coverage,0.963
42,brightness_contrast,strong_brightness,"{""brightness"":0.6,""contrast"":1.0}",class_conditional_conformal,0.05,,,Ankle boot,average_set_size,0.973
42,brightness_contrast,strong_brightness,"{""brightness"":0.6,""contrast"":1.0}",class_conditional_conformal,0.05,,,Ankle boot,coverage,0.943
42,brightness_contrast,strong_brightness,"{""brightness"":0.6,""contrast"":1.0}",class_conditional_conformal,0.05,,,Bag,average_set_size,0.972
42,brightness_contrast,strong_brightness,"{""brightness"":0.6,""contrast"":1.0}",class_conditional_conformal,0.05,,,Bag,coverage,0.917
42,brightness_contrast,strong_brightness,"{""brightness"":0.6,""contrast"":1.0}",class_conditional_conformal,0.05,,,Coat,average_set_size,1.875
42,brightness_contrast,strong_brightness,"{""brightness"":0.6,""contrast"":1.0}",class_conditional_conformal,0.05,,,Coat,coverage,0.863
42,brightness_contrast,strong_brightness,"{""brightness"":0.6,""contrast"":1.0}",class_conditional_conformal,0.05,,,Dress,average_set_size,1.17
42,brightness_contrast,strong_brightness,"{""brightness"":0.6,""contrast"":1.0}",class_conditional_conformal,0.05,,,Dress,coverage,0.929
42,brightness_contrast,strong_brightness,"{""brightness"":0.6,""contrast"":1.0}",class_conditional_conformal,0.05,,,Pullover,average_set_size,1.339
42,brightness_contrast,strong_brightness,"{""brightness"":0.6,""contrast"":1.0}",class_conditional_conformal,0.05,,,Pullover,coverage,0.972
42,brightness_contrast,strong_brightness,"{""brightness"":0.6,""contrast"":1.0}",class_conditional_conformal,0.05,,,Sandal,average_set_size,0.931
42,brightness_contrast,strong_brightness,"{""brightness"":0.6,""contrast"":1.0}",class_conditional_conformal,0.05,,,Sandal,coverage,0.913
42,brightness_contrast,strong_brightness,"{""brightness"":0.6,""contrast"":1.0}",class_conditional_conformal,0.05,,,Shirt,average_set_size,1.622
42,brightness_contrast,strong_brightness,"{""brightness"":0.6,""contrast"":1.0}",class_conditional_conformal,0.05,,,Shirt,coverage,0.941
42,brightness_contrast,strong_brightness,"{""brightness"":0.6,""contrast"":1.0}",class_conditional_conformal,0.05,,,Sneaker,average_set_size,0.965
42,brightness_contrast,strong_brightness,"{""brightness"":0.6,""contrast"":1.0}",class_conditional_conformal,0.05,,,Sneaker,coverage,0.952
42,brightness_contrast,strong_brightness,"{""brightness"":0.6,""contrast"":1.0}",class_conditional_conformal,0.05,,,T-shirt/top,average_set_size,1.342
42,brightness_contrast,strong_brightness,"{""brightness"":0.6,""contrast"":1.0}",class_conditional_conformal,0.05,,,T-shirt/top,coverage,0.962
42,brightness_contrast,strong_brightness,"{""brightness"":0.6,""contrast"":1.0}",class_conditional_conformal,0.05,,,Trouser,average_set_size,0.956
42,brightness_contrast,strong_brightness,"{""brightness"":0.6,""contrast"":1.0}",class_conditional_conformal,0.05,,,Trouser,coverage,0.923
42,brightness_contrast,strong_brightness,"{""brightness"":0.6,""contrast"":1.0}",class_conditional_conformal,0.1,,,Ankle boot,average_set_size,0.885
42,brightness_contrast,strong_brightness,"{""brightness"":0.6,""contrast"":1.0}",class_conditional_conformal,0.1,,,Ankle boot,coverage,0.873
42,brightness_contrast,strong_brightness,"{""brightness"":0.6,""contrast"":1.0}",class_conditional_conformal,0.1,,,Bag,average_set_size,0.785
42,brightness_contrast,strong_brightness,"{""brightness"":0.6,""contrast"":1.0}",class_conditional_conformal,0.1,,,Bag,coverage,0.764
42,brightness_contrast,strong_brightness,"{""brightness"":0.6,""contrast"":1.0}",class_conditional_conformal,0.1,,,Coat,average_set_size,1.245
42,brightness_contrast,strong_brightness,"{""brightness"":0.6,""contrast"":1.0}",class_conditional_conformal,0.1,,,Coat,coverage,0.671
42,brightness_contrast,strong_brightness,"{""brightness"":0.6,""contrast"":1.0}",class_conditional_conformal,0.1,,,Dress,average_set_size,0.955
42,brightness_contrast,strong_brightness,"{""brightness"":0.6,""contrast"":1.0}",class_conditional_conformal,0.1,,,Dress,coverage,0.867
42,brightness_contrast,strong_brightness,"{""brightness"":0.6,""contrast"":1.0}",class_conditional_conformal,0.1,,,Pullover,average_set_size,1.088
42,brightness_contrast,strong_brightness,"{""brightness"":0.6,""contrast"":1.0}",class_conditional_conformal,0.1,,,Pullover,coverage,0.918
42,brightness_contrast,strong_brightness,"{""brightness"":0.6,""contrast"":1.0}",class_conditional_conformal,0.1,,,Sandal,average_set_size,0.813
42,brightness_contrast,strong_brightness,"{""brightness"":0.6,""contrast"":1.0}",class_conditional_conformal,0.1,,,Sandal,coverage,0.802
42,brightness_contrast,strong_brightness,"{""brightness"":0.6,""contrast"":1.0}",class_conditional_conformal,0.1,,,Shirt,average_set_size,1.203
42,brightness_contrast,strong_brightness,"{""brightness"":0.6,""contrast"":1.0}",class_conditional_conformal,0.1,,,Shirt,coverage,0.85
42,brightness_contrast,strong_brightness,"{""brightness"":0.6,""contrast"":1.0}",class_conditional_conformal,0.1,,,Sneaker,average_set_size,0.912
42,brightness_contrast,strong_brightness,"{""brightness"":0.6,""contrast"":1.0}",class_conditional_conformal,0.1,,,Sneaker,coverage,0.908
42,brightness_contrast,strong_brightness,"{""brightness"":0.6,""contrast"":1.0}",class_conditional_conformal,0.1,,,T-shirt/top,average_set_size,1.103
42,brightness_contrast,strong_brightness,"{""brightness"":0.6,""contrast"":1.0}",class_conditional_conformal,0.1,,,T-shirt/top,coverage,0.902
42,brightness_contrast,strong_brightness,"{""brightness"":0.6,""contrast"":1.0}",class_conditional_conformal,0.1,,,Trouser,average_set_size,0.79
42,brightness_contrast,strong_brightness,"{""brightness"":0.6,""contrast"":1.0}",class_conditional_conformal,0.1,,,Trouser,coverage,0.772
42,brightness_contrast,strong_brightness,"{""brightness"":0.6,""contrast"":1.0}",class_conditional_conformal,0.2,,,Ankle boot,average_set_size,0.725
42,brightness_contrast,strong_brightness,"{""brightness"":0.6,""contrast"":1.0}",class_conditional_conformal,0.2,,,Ankle boot,coverage,0.723
42,brightness_contrast,strong_brightness,"{""brightness"":0.6,""contrast"":1.0}",class_conditional_conformal,0.2,,,Bag,average_set_size,0.542
42,brightness_contrast,strong_brightness,"{""brightness"":0.6,""contrast"":1.0}",class_conditional_conformal,0.2,,,Bag,coverage,0.538
42,brightness_contrast,strong_brightness,"{""brightness"":0.6,""contrast"":1.0}",class_conditional_conformal,0.2,,,Coat,average_set_size,0.7
42,brightness_contrast,strong_brightness,"{""brightness"":0.6,""contrast"":1.0}",class_conditional_conformal,0.2,,,Coat,coverage,0.46
42,brightness_contrast,strong_brightness,"{""brightness"":0.6,""contrast"":1.0}",class_conditional_conformal,0.2,,,Dress,average_set_size,0.752
42,brightness_contrast,strong_brightness,"{""brightness"":0.6,""contrast"":1.0}",class_conditional_conformal,0.2,,,Dress,coverage,0.722
42,brightness_contrast,strong_brightness,"{""brightness"":0.6,""contrast"":1.0}",class_conditional_conformal,0.2,,,Pullover,average_set_size,0.871
42,brightness_contrast,strong_brightness,"{""brightness"":0.6,""contrast"":1.0}",class_conditional_conformal,0.2,,,Pullover,coverage,0.805
42,brightness_contrast,strong_brightness,"{""brightness"":0.6,""contrast"":1.0}",class_conditional_conformal,0.2,,,Sandal,average_set_size,0.61
42,brightness_contrast,strong_brightness,"{""brightness"":0.6,""contrast"":1.0}",class_conditional_conformal,0.2,,,Sandal,coverage,0.604
42,brightness_contrast,strong_brightness,"{""brightness"":0.6,""contrast"":1.0}",class_conditional_conformal,0.2,,,Shirt,average_set_size,0.839
42,brightness_contrast,strong_brightness,"{""brightness"":0.6,""contrast"":1.0}",class_conditional_conformal,0.2,,,Shirt,coverage,0.71
42,brightness_contrast,strong_brightness,"{""brightness"":0.6,""contrast"":1.0}",class_conditional_conformal,0.2,,,Sneaker,average_set_size,0.801
42,brightness_contrast,strong_brightness,"{""brightness"":0.6,""contrast"":1.0}",class_conditional_conformal,0.2,,,Sneaker,coverage,0.8
42,brightness_contrast,strong_brightness,"{""brightness"":0.6,""contrast"":1.0}",class_conditional_conformal,0.2,,,T-shirt/top,average_set_size,0.863
42,brightness_contrast,strong_brightness,"{""brightness"":0.6,""contrast"":1.0}",class_conditional_conformal,0.2,,,T-shirt/top,coverage,0.783
42,brightness_contrast,strong_brightness,"{""brightness"":0.6,""contrast"":1.0}",class_conditional_conformal,0.2,,,Trouser,average_set_size,0.366
42,brightness_contrast,strong_brightness,"{""brightness"":0.6,""contrast"":1.0}",class_conditional_conformal,0.2,,,Trouser,coverage,0.362
42,brightness_contrast,strong_brightness,"{""brightness"":0.6,""contrast"":1.0}",raw_softmax,,,,Ankle boot,f1,0.9647779479326187
42,brightness_contrast,strong_brightness,"{""brightness"":0.6,""contrast"":1.0}",raw_softmax,,,,Ankle boot,precision,0.9854014598540146
42,brightness_contrast,strong_brightness,"{""brightness"":0.6,""contrast"":1.0}",raw_softmax,,,,Ankle boot,recall,0.945
42,brightness_contrast,strong_brightness,"{""brightness"":0.6,""contrast"":1.0}",raw_softmax,,,,Bag,f1,0.9773299748110831
42,brightness_contrast,strong_brightness,"{""brightness"":0.6,""contrast"":1.0}",raw_softmax,,,,Bag,precision,0.9847715736040609
42,brightness_contrast,strong_brightness,"{""brightness"":0.6,""contrast"":1.0}",raw_softmax,,,,Bag,recall,0.97
42,brightness_contrast,strong_brightness,"{""brightness"":0.6,""contrast"":1.0}",raw_softmax,,,,Coat,f1,0.69625
42,brightness_contrast,strong_brightness,"{""brightness"":0.6,""contrast"":1.0}",raw_softmax,,,,Coat,precision,0.9283333333333333
42,brightness_contrast,strong_brightness,"{""brightness"":0.6,""contrast"":1.0}",raw_softmax,,,,Coat,recall,0.557
42,brightness_contrast,strong_brightness,"{""brightness"":0.6,""contrast"":1.0}",raw_softmax,,,,Dress,f1,0.9048768710767745
42,brightness_contrast,strong_brightness,"{""brightness"":0.6,""contrast"":1.0}",raw_softmax,,,,Dress,precision,0.8748832866479925
42,brightness_contrast,strong_brightness,"{""brightness"":0.6,""contrast"":1.0}",raw_softmax,,,,Dress,recall,0.937
42,brightness_contrast,strong_brightness,"{""brightness"":0.6,""contrast"":1.0}",raw_softmax,,,,Pullover,f1,0.7839453458582408
42,brightness_contrast,strong_brightness,"{""brightness"":0.6,""contrast"":1.0}",raw_softmax,,,,Pullover,precision,0.684053651266766
42,brightness_contrast,strong_brightness,"{""brightness"":0.6,""contrast"":1.0}",raw_softmax,,,,Pullover,recall,0.918
42,brightness_contrast,strong_brightness,"{""brightness"":0.6,""contrast"":1.0}",raw_softmax,,,,Sandal,f1,0.9784244856999498
42,brightness_contrast,strong_brightness,"{""brightness"":0.6,""contrast"":1.0}",raw_softmax,,,,Sandal,precision,0.9818731117824774
42,brightness_contrast,strong_brightness,"{""brightness"":0.6,""contrast"":1.0}",raw_softmax,,,,Sandal,recall,0.975
42,brightness_contrast,strong_brightness,"{""brightness"":0.6,""contrast"":1.0}",raw_softmax,,,,Shirt,f1,0.6941431670281996
42,brightness_contrast,strong_brightness,"{""brightness"":0.6,""contrast"":1.0}",raw_softmax,,,,Shirt,precision,0.7582938388625592
42,brightness_contrast,strong_brightness,"{""brightness"":0.6,""contrast"":1.0}",raw_softmax,,,,Shirt,recall,0.64
42,brightness_contrast,strong_brightness,"{""brightness"":0.6,""contrast"":1.0}",raw_softmax,,,,Sneaker,f1,0.958171206225681
42,brightness_contrast,strong_brightness,"{""brightness"":0.6,""contrast"":1.0}",raw_softmax,,,,Sneaker,precision,0.9327651515151515
42,brightness_contrast,strong_brightness,"{""brightness"":0.6,""contrast"":1.0}",raw_softmax,,,,Sneaker,recall,0.985
42,brightness_contrast,strong_brightness,"{""brightness"":0.6,""contrast"":1.0}",raw_softmax,,,,T-shirt/top,f1,0.8431734317343174
42,brightness_contrast,strong_brightness,"{""brightness"":0.6,""contrast"":1.0}",raw_softmax,,,,T-shirt/top,precision,0.7825342465753424
42,brightness_contrast,strong_brightness,"{""brightness"":0.6,""contrast"":1.0}",raw_softmax,,,,T-shirt/top,recall,0.914
42,brightness_contrast,strong_brightness,"{""brightness"":0.6,""contrast"":1.0}",raw_softmax,,,,Trouser,f1,0.9848637739656912
42,brightness_contrast,strong_brightness,"{""brightness"":0.6,""contrast"":1.0}",raw_softmax,,,,Trouser,precision,0.9938900203665988
42,brightness_contrast,strong_brightness,"{""brightness"":0.6,""contrast"":1.0}",raw_softmax,,,,Trouser,recall,0.976
42,brightness_contrast,strong_brightness,"{""brightness"":0.6,""contrast"":1.0}",standard_conformal,0.05,,,Ankle boot,average_set_size,1.047
42,brightness_contrast,strong_brightness,"{""brightness"":0.6,""contrast"":1.0}",standard_conformal,0.05,,,Ankle boot,coverage,0.965
42,brightness_contrast,strong_brightness,"{""brightness"":0.6,""contrast"":1.0}",standard_conformal,0.05,,,Bag,average_set_size,1.013
42,brightness_contrast,strong_brightness,"{""brightness"":0.6,""contrast"":1.0}",standard_conformal,0.05,,,Bag,coverage,0.974
42,brightness_contrast,strong_brightness,"{""brightness"":0.6,""contrast"":1.0}",standard_conformal,0.05,,,Coat,average_set_size,1.351
42,brightness_contrast,strong_brightness,"{""brightness"":0.6,""contrast"":1.0}",standard_conformal,0.05,,,Coat,coverage,0.7
42,brightness_contrast,strong_brightness,"{""brightness"":0.6,""contrast"":1.0}",standard_conformal,0.05,,,Dress,average_set_size,1.057
42,brightness_contrast,strong_brightness,"{""brightness"":0.6,""contrast"":1.0}",standard_conformal,0.05,,,Dress,coverage,0.948
42,brightness_contrast,strong_brightness,"{""brightness"":0.6,""contrast"":1.0}",standard_conformal,0.05,,,Pullover,average_set_size,1.101
42,brightness_contrast,strong_brightness,"{""brightness"":0.6,""contrast"":1.0}",standard_conformal,0.05,,,Pullover,coverage,0.949
42,brightness_contrast,strong_brightness,"{""brightness"":0.6,""contrast"":1.0}",standard_conformal,0.05,,,Sandal,average_set_size,1.012
42,brightness_contrast,strong_brightness,"{""brightness"":0.6,""contrast"":1.0}",standard_conformal,0.05,,,Sandal,coverage,0.98
42,brightness_contrast,strong_brightness,"{""brightness"":0.6,""contrast"":1.0}",standard_conformal,0.05,,,Shirt,average_set_size,1.333
42,brightness_contrast,strong_brightness,"{""brightness"":0.6,""contrast"":1.0}",standard_conformal,0.05,,,Shirt,coverage,0.781
42,brightness_contrast,strong_brightness,"{""brightness"":0.6,""contrast"":1.0}",standard_conformal,0.05,,,Sneaker,average_set_size,1.025
42,brightness_contrast,strong_brightness,"{""brightness"":0.6,""contrast"":1.0}",standard_conformal,0.05,,,Sneaker,coverage,0.991
42,brightness_contrast,strong_brightness,"{""brightness"":0.6,""contrast"":1.0}",standard_conformal,0.05,,,T-shirt/top,average_set_size,1.134
42,brightness_contrast,strong_brightness,"{""brightness"":0.6,""contrast"":1.0}",standard_conformal,0.05,,,T-shirt/top,coverage,0.952
42,brightness_contrast,strong_brightness,"{""brightness"":0.6,""contrast"":1.0}",standard_conformal,0.05,,,Trouser,average_set_size,1.012
42,brightness_contrast,strong_brightness,"{""brightness"":0.6,""contrast"":1.0}",standard_conformal,0.05,,,Trouser,coverage,0.98
42,brightness_contrast,strong_brightness,"{""brightness"":0.6,""contrast"":1.0}",standard_conformal,0.1,,,Ankle boot,average_set_size,0.992
42,brightness_contrast,strong_brightness,"{""brightness"":0.6,""contrast"":1.0}",standard_conformal,0.1,,,Ankle boot,coverage,0.942
42,brightness_contrast,strong_brightness,"{""brightness"":0.6,""contrast"":1.0}",standard_conformal,0.1,,,Bag,average_set_size,0.969
42,brightness_contrast,strong_brightness,"{""brightness"":0.6,""contrast"":1.0}",standard_conformal,0.1,,,Bag,coverage,0.96
42,brightness_contrast,strong_brightness,"{""brightness"":0.6,""contrast"":1.0}",standard_conformal,0.1,,,Coat,average_set_size,0.767
42,brightness_contrast,strong_brightness,"{""brightness"":0.6,""contrast"":1.0}",standard_conformal,0.1,,,Coat,coverage,0.469
42,brightness_contrast,strong_brightness,"{""brightness"":0.6,""contrast"":1.0}",standard_conformal,0.1,,,Dress,average_set_size,0.931
42,brightness_contrast,strong_brightness,"{""brightness"":0.6,""contrast"":1.0}",standard_conformal,0.1,,,Dress,coverage,0.901
42,brightness_contrast,strong_brightness,"{""brightness"":0.6,""contrast"":1.0}",standard_conformal,0.1,,,Pullover,average_set_size,0.923
42,brightness_contrast,strong_brightness,"{""brightness"":0.6,""contrast"":1.0}",standard_conformal,0.1,,,Pullover,coverage,0.879
42,brightness_contrast,strong_brightness,"{""brightness"":0.6,""contrast"":1.0}",standard_conformal,0.1,,,Sandal,average_set_size,0.998
42,brightness_contrast,strong_brightness,"{""brightness"":0.6,""contrast"":1.0}",standard_conformal,0.1,,,Sandal,coverage,0.973
42,brightness_contrast,strong_brightness,"{""brightness"":0.6,""contrast"":1.0}",standard_conformal,0.1,,,Shirt,average_set_size,0.807
42,brightness_contrast,strong_brightness,"{""brightness"":0.6,""contrast"":1.0}",standard_conformal,0.1,,,Shirt,coverage,0.537
42,brightness_contrast,strong_brightness,"{""brightness"":0.6,""contrast"":1.0}",standard_conformal,0.1,,,Sneaker,average_set_size,1.0
42,brightness_contrast,strong_brightness,"{""brightness"":0.6,""contrast"":1.0}",standard_conformal,0.1,,,Sneaker,coverage,0.985
42,brightness_contrast,strong_brightness,"{""brightness"":0.6,""contrast"":1.0}",standard_conformal,0.1,,,T-shirt/top,average_set_size,0.922
42,brightness_contrast,strong_brightness,"{""brightness"":0.6,""contrast"":1.0}",standard_conformal,0.1,,,T-shirt/top,coverage,0.881
42,brightness_contrast,strong_brightness,"{""brightness"":0.6,""contrast"":1.0}",standard_conformal,0.1,,,Trouser,average_set_size,0.989
42,brightness_contrast,strong_brightness,"{""brightness"":0.6,""contrast"":1.0}",standard_conformal,0.1,,,Trouser,coverage,0.971
42,brightness_contrast,strong_brightness,"{""brightness"":0.6,""contrast"":1.0}",standard_conformal,0.2,,,Ankle boot,average_set_size,0.927
42,brightness_contrast,strong_brightness,"{""brightness"":0.6,""contrast"":1.0}",standard_conformal,0.2,,,Ankle boot,coverage,0.9
42,brightness_contrast,strong_brightness,"{""brightness"":0.6,""contrast"":1.0}",standard_conformal,0.2,,,Bag,average_set_size,0.929
42,brightness_contrast,strong_brightness,"{""brightness"":0.6,""contrast"":1.0}",standard_conformal,0.2,,,Bag,coverage,0.923
42,brightness_contrast,strong_brightness,"{""brightness"":0.6,""contrast"":1.0}",standard_conformal,0.2,,,Coat,average_set_size,0.258
42,brightness_contrast,strong_brightness,"{""brightness"":0.6,""contrast"":1.0}",standard_conformal,0.2,,,Coat,coverage,0.178
42,brightness_contrast,strong_brightness,"{""brightness"":0.6,""contrast"":1.0}",standard_conformal,0.2,,,Dress,average_set_size,0.76
42,brightness_contrast,strong_brightness,"{""brightness"":0.6,""contrast"":1.0}",standard_conformal,0.2,,,Dress,coverage,0.756
42,brightness_contrast,strong_brightness,"{""brightness"":0.6,""contrast"":1.0}",standard_conformal,0.2,,,Pullover,average_set_size,0.719
42,brightness_contrast,strong_brightness,"{""brightness"":0.6,""contrast"":1.0}",standard_conformal,0.2,,,Pullover,coverage,0.711
42,brightness_contrast,strong_brightness,"{""brightness"":0.6,""contrast"":1.0}",standard_conformal,0.2,,,Sandal,average_set_size,0.976
42,brightness_contrast,strong_brightness,"{""brightness"":0.6,""contrast"":1.0}",standard_conformal,0.2,,,Sandal,coverage,0.961
42,brightness_contrast,strong_brightness,"{""brightness"":0.6,""contrast"":1.0}",standard_conformal,0.2,,,Shirt,average_set_size,0.347
42,brightness_contrast,strong_brightness,"{""brightness"":0.6,""contrast"":1.0}",standard_conformal,0.2,,,Shirt,coverage,0.281
42,brightness_contrast,strong_brightness,"{""brightness"":0.6,""contrast"":1.0}",standard_conformal,0.2,,,Sneaker,average_set_size,0.955
42,brightness_contrast,strong_brightness,"{""brightness"":0.6,""contrast"":1.0}",standard_conformal,0.2,,,Sneaker,coverage,0.948
42,brightness_contrast,strong_brightness,"{""brightness"":0.6,""contrast"":1.0}",standard_conformal,0.2,,,T-shirt/top,average_set_size,0.699
42,brightness_contrast,strong_brightness,"{""brightness"":0.6,""contrast"":1.0}",standard_conformal,0.2,,,T-shirt/top,coverage,0.69
42,brightness_contrast,strong_brightness,"{""brightness"":0.6,""contrast"":1.0}",standard_conformal,0.2,,,Trouser,average_set_size,0.961
42,brightness_contrast,strong_brightness,"{""brightness"":0.6,""contrast"":1.0}",standard_conformal,0.2,,,Trouser,coverage,0.955
42,class_imbalance,moderate,"{""majority_classes"":[0,1,8,9],""minority_fraction"":0.5}",class_conditional_conformal,0.05,,,Ankle boot,average_set_size,0.974
42,class_imbalance,moderate,"{""majority_classes"":[0,1,8,9],""minority_fraction"":0.5}",class_conditional_conformal,0.05,,,Ankle boot,coverage,0.949
42,class_imbalance,moderate,"{""majority_classes"":[0,1,8,9],""minority_fraction"":0.5}",class_conditional_conformal,0.05,,,Bag,average_set_size,0.993
42,class_imbalance,moderate,"{""majority_classes"":[0,1,8,9],""minority_fraction"":0.5}",class_conditional_conformal,0.05,,,Bag,coverage,0.957
42,class_imbalance,moderate,"{""majority_classes"":[0,1,8,9],""minority_fraction"":0.5}",class_conditional_conformal,0.05,,,Coat,average_set_size,1.426
42,class_imbalance,moderate,"{""majority_classes"":[0,1,8,9],""minority_fraction"":0.5}",class_conditional_conformal,0.05,,,Coat,coverage,0.97
42,class_imbalance,moderate,"{""majority_classes"":[0,1,8,9],""minority_fraction"":0.5}",class_conditional_conformal,0.05,,,Dress,average_set_size,1.112
42,class_imbalance,moderate,"{""majority_classes"":[0,1,8,9],""minority_fraction"":0.5}",class_conditional_conformal,0.05,,,Dress,coverage,0.94
42,class_imbalance,moderate,"{""majority_classes"":[0,1,8,9],""minority_fraction"":0.5}",class_conditional_conformal,0.05,,,Pullover,average_set_size,1.328
42,class_imbalance,moderate,"{""majority_classes"":[0,1,8,9],""minority_fraction"":0.5}",class_conditional_conformal,0.05,,,Pullover,coverage,0.956
42,class_imbalance,moderate,"{""majority_classes"":[0,1,8,9],""minority_fraction"":0.5}",class_conditional_conformal,0.05,,,Sandal,average_set_size,0.968
42,class_imbalance,moderate,"{""majority_classes"":[0,1,8,9],""minority_fraction"":0.5}",class_conditional_conformal,0.05,,,Sandal,coverage,0.958
42,class_imbalance,moderate,"{""majority_classes"":[0,1,8,9],""minority_fraction"":0.5}",class_conditional_conformal,0.05,,,Shirt,average_set_size,1.542
42,class_imbalance,moderate,"{""majority_classes"":[0,1,8,9],""minority_fraction"":0.5}",class_conditional_conformal,0.05,,,Shirt,coverage,0.94
42,class_imbalance,moderate,"{""majority_classes"":[0,1,8,9],""minority_fraction"":0.5}",class_conditional_conformal,0.05,,,Sneaker,average_set_size,0.964
42,class_imbalance,moderate,"{""majority_classes"":[0,1,8,9],""minority_fraction"":0.5}",class_conditional_conformal,0.05,,,Sneaker,coverage,0.948
42,class_imbalance,moderate,"{""majority_classes"":[0,1,8,9],""minority_fraction"":0.5}",class_conditional_conformal,0.05,,,T-shirt/top,average_set_size,1.319
42,class_imbalance,moderate,"{""majority_classes"":[0,1,8,9],""minority_fraction"":0.5}",class_conditional_conformal,0.05,,,T-shirt/top,coverage,0.95
42,class_imbalance,moderate,"{""majority_classes"":[0,1,8,9],""minority_fraction"":0.5}",class_conditional_conformal,0.05,,,Trouser,average_set_size,0.981
42,class_imbalance,moderate,"{""majority_classes"":[0,1,8,9],""minority_fraction"":0.5}",class_conditional_conformal,0.05,,,Trouser,coverage,0.95
42,class_imbalance,moderate,"{""majority_classes"":[0,1,8,9],""minority_fraction"":0.5}",class_conditional_conformal,0.1,,,Ankle boot,average_set_size,0.898
42,class_imbalance,moderate,"{""majority_classes"":[0,1,8,9],""minority_fraction"":0.5}",class_conditional_conformal,0.1,,,Ankle boot,coverage,0.888
42,class_imbalance,moderate,"{""majority_classes"":[0,1,8,9],""minority_fraction"":0.5}",class_conditional_conformal,0.1,,,Bag,average_set_size,0.906
42,class_imbalance,moderate,"{""majority_classes"":[0,1,8,9],""minority_fraction"":0.5}",class_conditional_conformal,0.1,,,Bag,coverage,0.895
42,class_imbalance,moderate,"{""majority_classes"":[0,1,8,9],""minority_fraction"":0.5}",class_conditional_conformal,0.1,,,Coat,average_set_size,1.148
42,class_imbalance,moderate,"{""majority_classes"":[0,1,8,9],""minority_fraction"":0.5}",class_conditional_conformal,0.1,,,Coat,coverage,0.912
42,class_imbalance,moderate,"{""majority_classes"":[0,1,8,9],""minority_fraction"":0.5}",class_conditional_conformal,0.1,,,Dress,average_set_size,0.998
42,class_imbalance,moderate,"{""majority_classes"":[0,1,8,9],""minority_fraction"":0.5}",class_conditional_conformal,0.1,,,Dress,coverage,0.9
42,class_imbalance,moderate,"{""majority_classes"":[0,1,8,9],""minority_fraction"":0.5}",class_conditional_conformal,0.1,,,Pullover,average_set_size,1.108
42,class_imbalance,moderate,"{""majority_classes"":[0,1,8,9],""minority_fraction"":0.5}",class_conditional_conformal,0.1,,,Pullover,coverage,0.916
42,class_imbalance,moderate,"{""majority_classes"":[0,1,8,9],""minority_fraction"":0.5}",class_conditional_conformal,0.1,,,Sandal,average_set_size,0.902
42,class_imbalance,moderate,"{""majority_classes"":[0,1,8,9],""minority_fraction"":0.5}",class_conditional_conformal,0.1,,,Sandal,coverage,0.896
42,class_imbalance,moderate,"{""majority_classes"":[0,1,8,9],""minority_fraction"":0.5}",class_conditional_conformal,0.1,,,Shirt,average_set_size,1.176
42,class_imbalance,moderate,"{""majority_classes"":[0,1,8,9],""minority_fraction"":0.5}",class_conditional_conformal,0.1,,,Shirt,coverage,0.876
42,class_imbalance,moderate,"{""majority_classes"":[0,1,8,9],""minority_fraction"":0.5}",class_conditional_conformal,0.1,,,Sneaker,average_set_size,0.9
42,class_imbalance,moderate,"{""majority_classes"":[0,1,8,9],""minority_fraction"":0.5}",class_conditional_conformal,0.1,,,Sneaker,coverage,0.898
42,class_imbalance,moderate,"{""majority_classes"":[0,1,8,9],""minority_fraction"":0.5}",class_conditional_conformal,0.1,,,T-shirt/top,average_set_size,1.12
42,class_imbalance,moderate,"{""majority_classes"":[0,1,8,9],""minority_fraction"":0.5}",class_conditional_conformal,0.1,,,T-shirt/top,coverage,0.897
42,class_imbalance,moderate,"{""majority_classes"":[0,1,8,9],""minority_fraction"":0.5}",class_conditional_conformal,0.1,,,Trouser,average_set_size,0.917
42,class_imbalance,moderate,"{""majority_classes"":[0,1,8,9],""minority_fraction"":0.5}",class_conditional_conformal,0.1,,,Trouser,coverage,0.904
42,class_imbalance,moderate,"{""majority_classes"":[0,1,8,9],""minority_fraction"":0.5}",class_conditional_conformal,0.2,,,Ankle boot,average_set_size,0.794
42,class_imbalance,moderate,"{""majority_classes"":[0,1,8,9],""minority_fraction"":0.5}",class_conditional_conformal,0.2,,,Ankle boot,coverage,0.789
42,class_imbalance,moderate,"{""majority_classes"":[0,1,8,9],""minority_fraction"":0.5}",class_conditional_conformal,0.2,,,Bag,average_set_size,0.783
42,class_imbalance,moderate,"{""majority_classes"":[0,1,8,9],""minority_fraction"":0.5}",class_conditional_conformal,0.2,,,Bag,coverage,0.777
42,class_imbalance,moderate,"{""majority_classes"":[0,1,8,9],""minority_fraction"":0.5}",class_conditional_conformal,0.2,,,Coat,average_set_size,0.904
42,class_imbalance,moderate,"{""majority_classes"":[0,1,8,9],""minority_fraction"":0.5}",class_conditional_conformal,0.2,,,Coat,coverage,0.808
42,class_imbalance,moderate,"{""majority_classes"":[0,1,8,9],""minority_fraction"":0.5}",class_conditional_conformal,0.2,,,Dress,average_set_size,0.856
42,class_imbalance,moderate,"{""majority_classes"":[0,1,8,9],""minority_fraction"":0.5}",class_conditional_conformal,0.2,,,Dress,coverage,0.804
42,class_imbalance,moderate,"{""majority_classes"":[0,1,8,9],""minority_fraction"":0.5}",class_conditional_conformal,0.2,,,Pullover,average_set_size,0.898
42,class_imbalance,moderate,"{""majority_classes"":[0,1,8,9],""minority_fraction"":0.5}",class_conditional_conformal,0.2,,,Pullover,coverage,0.81
42,class_imbalance,moderate,"{""majority_classes"":[0,1,8,9],""minority_fraction"":0.5}",class_conditional_conformal,0.2,,,Sandal,average_set_size,0.792
42,class_imbalance,moderate,"{""majority_classes"":[0,1,8,9],""minority_fraction"":0.5}",class_conditional_conformal,0.2,,,Sandal,coverage,0.788
42,class_imbalance,moderate,"{""majority_classes"":[0,1,8,9],""minority_fraction"":0.5}",class_conditional_conformal,0.2,,,Shirt,average_set_size,0.902
42,class_imbalance,moderate,"{""majority_classes"":[0,1,8,9],""minority_fraction"":0.5}",class_conditional_conformal,0.2,,,Shirt,coverage,0.784
42,class_imbalance,moderate,"{""majority_classes"":[0,1,8,9],""minority_fraction"":0.5}",class_conditional_conformal,0.2,,,Sneaker,average_set_size,0.81
42,class_imbalance,moderate,"{""majority_classes"":[0,1,8,9],""minority_fraction"":0.5}",class_conditional_conformal,0.2,,,Sneaker,coverage,0.81
42,class_imbalance,moderate,"{""majority_classes"":[0,1,8,9],""minority_fraction"":0.5}",class_conditional_conformal,0.2,,,T-shirt/top,average_set_size,0.896
42,class_imbalance,moderate,"{""majority_classes"":[0,1,8,9],""minority_fraction"":0.5}",class_conditional_conformal,0.2,,,T-shirt/top,coverage,0.793
42,class_imbalance,moderate,"{""majority_classes"":[0,1,8,9],""minority_fraction"":0.5}",class_conditional_conformal,0.2,,,Trouser,average_set_size,0.793
42,class_imbalance,moderate,"{""majority_classes"":[0,1,8,9],""minority_fraction"":0.5}",class_conditional_conformal,0.2,,,Trouser,coverage,0.788
42,class_imbalance,moderate,"{""majority_classes"":[0,1,8,9],""minority_fraction"":0.5}",raw_softmax,,,,Ankle boot,f1,0.9724489795918367
42,class_imbalance,moderate,"{""majority_classes"":[0,1,8,9],""minority_fraction"":0.5}",raw_softmax,,,,Ankle boot,precision,0.9927083333333333
42,class_imbalance,moderate,"{""majority_classes"":[0,1,8,9],""minority_fraction"":0.5}",raw_softmax,,,,Ankle boot,recall,0.953
42,class_imbalance,moderate,"{""majority_classes"":[0,1,8,9],""minority_fraction"":0.5}",raw_softmax,,,,Bag,f1,0.9859154929577465
42,class_imbalance,moderate,"{""majority_classes"":[0,1,8,9],""minority_fraction"":0.5}",raw_softmax,,,,Bag,precision,0.9919028340080972
42,class_imbalance,moderate,"{""majority_classes"":[0,1,8,9],""minority_fraction"":0.5}",raw_softmax,,,,Bag,recall,0.98
42,class_imbalance,moderate,"{""majority_classes"":[0,1,8,9],""minority_fraction"":0.5}",raw_softmax,,,,Coat,f1,0.8687690742624619
42,class_imbalance,moderate,"{""majority_classes"":[0,1,8,9],""minority_fraction"":0.5}",raw_softmax,,,,Coat,precision,0.8840579710144928
42,class_imbalance,moderate,"{""majority_classes"":[0,1,8,9],""minority_fraction"":0.5}",raw_softmax,,,,Coat,recall,0.854
42,class_imbalance,moderate,"{""majority_classes"":[0,1,8,9],""minority_fraction"":0.5}",raw_softmax,,,,Dress,f1,0.908203125
42,class_imbalance,moderate,"{""majority_classes"":[0,1,8,9],""minority_fraction"":0.5}",raw_softmax,,,,Dress,precision,0.8874045801526718
42,class_imbalance,moderate,"{""majority_classes"":[0,1,8,9],""minority_fraction"":0.5}",raw_softmax,,,,Dress,recall,0.93
42,class_imbalance,moderate,"{""majority_classes"":[0,1,8,9],""minority_fraction"":0.5}",raw_softmax,,,,Pullover,f1,0.861244019138756
42,class_imbalance,moderate,"{""majority_classes"":[0,1,8,9],""minority_fraction"":0.5}",raw_softmax,,,,Pullover,precision,0.8256880733944955
42,class_imbalance,moderate,"{""majority_classes"":[0,1,8,9],""minority_fraction"":0.5}",raw_softmax,,,,Pullover,recall,0.9
42,class_imbalance,moderate,"{""majority_classes"":[0,1,8,9],""minority_fraction"":0.5}",raw_softmax,,,,Sandal,f1,0.9791044776119403
42,class_imbalance,moderate,"{""majority_classes"":[0,1,8,9],""minority_fraction"":0.5}",raw_softmax,,,,Sandal,precision,0.9742574257425742
42,class_imbalance,moderate,"{""majority_classes"":[0,1,8,9],""minority_fraction"":0.5}",raw_softmax,,,,Sandal,recall,0.984
42,class_imbalance,moderate,"{""majority_classes"":[0,1,8,9],""minority_fraction"":0.5}",raw_softmax,,,,Shirt,f1,0.7402862985685071
42,class_imbalance,moderate,"{""majority_classes"":[0,1,8,9],""minority_fraction"":0.5}",raw_softmax,,,,Shirt,precision,0.7573221757322176
42,class_imbalance,moderate,"{""majority_classes"":[0,1,8,9],""minority_fraction"":0.5}",raw_softmax,,,,Shirt,recall,0.724
42,class_imbalance,moderate,"{""majority_classes"":[0,1,8,9],""minority_fraction"":0.5}",raw_softmax,,,,Sneaker,f1,0.9394812680115274
42,class_imbalance,moderate,"{""majority_classes"":[0,1,8,9],""minority_fraction"":0.5}",raw_softmax,,,,Sneaker,precision,0.9038817005545287
42,class_imbalance,moderate,"{""majority_classes"":[0,1,8,9],""minority_fraction"":0.5}",raw_softmax,,,,Sneaker,recall,0.978
42,class_imbalance,moderate,"{""majority_classes"":[0,1,8,9],""minority_fraction"":0.5}",raw_softmax,,,,T-shirt/top,f1,0.9090909090909091
42,class_imbalance,moderate,"{""majority_classes"":[0,1,8,9],""minority_fraction"":0.5}",raw_softmax,,,,T-shirt/top,precision,0.9132189707366297
42,class_imbalance,moderate,"{""majority_classes"":[0,1,8,9],""minority_fraction"":0.5}",raw_softmax,,,,T-shirt/top,recall,0.905
42,class_imbalance,moderate,"{""majority_classes"":[0,1,8,9],""minority_fraction"":0.5}",raw_softmax,,,,Trouser,f1,0.9894206549118388
42,class_imbalance,moderate,"{""majority_classes"":[0,1,8,9],""minority_fraction"":0.5}",raw_softmax,,,,Trouser,precision,0.9969543147208122
42,class_imbalance,moderate,"{""majority_classes"":[0,1,8,9],""minority_fraction"":0.5}",raw_softmax,,,,Trouser,recall,0.982
42,class_imbalance,moderate,"{""majority_classes"":[0,1,8,9],""minority_fraction"":0.5}",standard_conformal,0.05,,,Ankle boot,average_set_size,1.046
42,class_imbalance,moderate,"{""majority_classes"":[0,1,8,9],""minority_fraction"":0.5}",standard_conformal,0.05,,,Ankle boot,coverage,0.97
42,class_imbalance,moderate,"{""majority_classes"":[0,1,8,9],""minority_fraction"":0.5}",standard_conformal,0.05,,,Bag,average_set_size,1.004
42,class_imbalance,moderate,"{""majority_classes"":[0,1,8,9],""minority_fraction"":0.5}",standard_conformal,0.05,,,Bag,coverage,0.981
42,class_imbalance,moderate,"{""majority_classes"":[0,1,8,9],""minority_fraction"":0.5}",standard_conformal,0.05,,,Coat,average_set_size,1.192
42,class_imbalance,moderate,"{""majority_classes"":[0,1,8,9],""minority_fraction"":0.5}",standard_conformal,0.05,,,Coat,coverage,0.924
42,class_imbalance,moderate,"{""majority_classes"":[0,1,8,9],""minority_fraction"":0.5}",standard_conformal,0.05,,,Dress,average_set_size,1.07
42,class_imbalance,moderate,"{""majority_classes"":[0,1,8,9],""minority_fraction"":0.5}",standard_conformal,0.05,,,Dress,coverage,0.954
42,class_imbalance,moderate,"{""majority_classes"":[0,1,8,9],""minority_fraction"":0.5}",standard_conformal,0.05,,,Pullover,average_set_size,1.108
42,class_imbalance,moderate,"{""majority_classes"":[0,1,8,9],""minority_fraction"":0.5}",standard_conformal,0.05,,,Pullover,coverage,0.936
42,class_imbalance,moderate,"{""majority_classes"":[0,1,8,9],""minority_fraction"":0.5}",standard_conformal,0.05,,,Sandal,average_set_size,1.01
42,class_imbalance,moderate,"{""majority_classes"":[0,1,8,9],""minority_fraction"":0.5}",standard_conformal,0.05,,,Sandal,coverage,0.988
42,class_imbalance,moderate,"{""majority_classes"":[0,1,8,9],""minority_fraction"":0.5}",standard_conformal,0.05,,,Shirt,average_set_size,1.316
42,class_imbalance,moderate,"{""majority_classes"":[0,1,8,9],""minority_fraction"":0.5}",standard_conformal,0.05,,,Shirt,coverage,0.842
42,class_imbalance,moderate,"{""majority_classes"":[0,1,8,9],""minority_fraction"":0.5}",standard_conformal,0.05,,,Sneaker,average_set_size,1.032
42,class_imbalance,moderate,"{""majority_classes"":[0,1,8,9],""minority_fraction"":0.5}",standard_conformal,0.05,,,Sneaker,coverage,0.988
42,class_imbalance,moderate,"{""majority_classes"":[0,1,8,9],""minority_fraction"":0.5}",standard_conformal,0.05,,,T-shirt/top,average_set_size,1.142
42,class_imbalance,moderate,"{""majority_classes"":[0,1,8,9],""minority_fraction"":0.5}",standard_conformal,0.05,,,T-shirt/top,coverage,0.945
42,class_imbalance,moderate,"{""majority_classes"":[0,1,8,9],""minority_fraction"":0.5}",standard_conformal,0.05,,,Trouser,average_set_size,1.013
42,class_imbalance,moderate,"{""majority_classes"":[0,1,8,9],""minority_fraction"":0.5}",standard_conformal,0.05,,,Trouser,coverage,0.988
42,class_imbalance,moderate,"{""majority_classes"":[0,1,8,9],""minority_fraction"":0.5}",standard_conformal,0.1,,,Ankle boot,average_set_size,0.992
42,class_imbalance,moderate,"{""majority_classes"":[0,1,8,9],""minority_fraction"":0.5}",standard_conformal,0.1,,,Ankle boot,coverage,0.949
42,class_imbalance,moderate,"{""majority_classes"":[0,1,8,9],""minority_fraction"":0.5}",standard_conformal,0.1,,,Bag,average_set_size,0.989
42,class_imbalance,moderate,"{""majority_classes"":[0,1,8,9],""minority_fraction"":0.5}",standard_conformal,0.1,,,Bag,coverage,0.976
42,class_imbalance,moderate,"{""majority_classes"":[0,1,8,9],""minority_fraction"":0.5}",standard_conformal,0.1,,,Coat,average_set_size,0.918
42,class_imbalance,moderate,"{""majority_classes"":[0,1,8,9],""minority_fraction"":0.5}",standard_conformal,0.1,,,Coat,coverage,0.814
42,class_imbalance,moderate,"{""majority_classes"":[0,1,8,9],""minority_fraction"":0.5}",standard_conformal,0.1,,,Dress,average_set_size,0.96
42,class_imbalance,moderate,"{""majority_classes"":[0,1,8,9],""minority_fraction"":0.5}",standard_conformal,0.1,,,Dress,coverage,0.914
42,class_imbalance,moderate,"{""majority_classes"":[0,1,8,9],""minority_fraction"":0.5}",standard_conformal,0.1,,,Pullover,average_set_size,0.94
42,class_imbalance,moderate,"{""majority_classes"":[0,1,8,9],""minority_fraction"":0.5}",standard_conformal,0.1,,,Pullover,coverage,0.872
42,class_imbalance,moderate,"{""majority_classes"":[0,1,8,9],""minority_fraction"":0.5}",standard_conformal,0.1,,,Sandal,average_set_size,0.996
42,class_imbalance,moderate,"{""majority_classes"":[0,1,8,9],""minority_fraction"":0.5}",standard_conformal,0.1,,,Sandal,coverage,0.982
42,class_imbalance,moderate,"{""majority_classes"":[0,1,8,9],""minority_fraction"":0.5}",standard_conformal,0.1,,,Shirt,average_set_size,0.866
42,class_imbalance,moderate,"{""majority_classes"":[0,1,8,9],""minority_fraction"":0.5}",standard_conformal,0.1,,,Shirt,coverage,0.652
42,class_imbalance,moderate,"{""majority_classes"":[0,1,8,9],""minority_fraction"":0.5}",standard_conformal,0.1,,,Sneaker,average_set_size,0.994
42,class_imbalance,moderate,"{""majority_classes"":[0,1,8,9],""minority_fraction"":0.5}",standard_conformal,0.1,,,Sneaker,coverage,0.974
42,class_imbalance,moderate,"{""majority_classes"":[0,1,8,9],""minority_fraction"":0.5}",standard_conformal,0.1,,,T-shirt/top,average_set_size,0.938
42,class_imbalance,moderate,"{""majority_classes"":[0,1,8,9],""minority_fraction"":0.5}",standard_conformal,0.1,,,T-shirt/top,coverage,0.878
42,class_imbalance,moderate,"{""majority_classes"":[0,1,8,9],""minority_fraction"":0.5}",standard_conformal,0.1,,,Trouser,average_set_size,0.991
42,class_imbalance,moderate,"{""majority_classes"":[0,1,8,9],""minority_fraction"":0.5}",standard_conformal,0.1,,,Trouser,coverage,0.979
42,class_imbalance,moderate,"{""majority_classes"":[0,1,8,9],""minority_fraction"":0.5}",standard_conformal,0.2,,,Ankle boot,average_set_size,0.928
42,class_imbalance,moderate,"{""majority_classes"":[0,1,8,9],""minority_fraction"":0.5}",standard_conformal,0.2,,,Ankle boot,coverage,0.905
42,class_imbalance,moderate,"{""majority_classes"":[0,1,8,9],""minority_fraction"":0.5}",standard_conformal,0.2,,,Bag,average_set_size,0.971
42,class_imbalance,moderate,"{""majority_classes"":[0,1,8,9],""minority_fraction"":0.5}",standard_conformal,0.2,,,Bag,coverage,0.965
42,class_imbalance,moderate,"{""majority_classes"":[0,1,8,9],""minority_fraction"":0.5}",standard_conformal,0.2,,,Coat,average_set_size,0.632
42,class_imbalance,moderate,"{""majority_classes"":[0,1,8,9],""minority_fraction"":0.5}",standard_conformal,0.2,,,Coat,coverage,0.608
42,class_imbalance,moderate,"{""majority_classes"":[0,1,8,9],""minority_fraction"":0.5}",standard_conformal,0.2,,,Dress,average_set_size,0.836
42,class_imbalance,moderate,"{""majority_classes"":[0,1,8,9],""minority_fraction"":0.5}",standard_conformal,0.2,,,Dress,coverage,0.826
42,class_imbalance,moderate,"{""majority_classes"":[0,1,8,9],""minority_fraction"":0.5}",standard_conformal,0.2,,,Pullover,average_set_size,0.744
42,class_imbalance,moderate,"{""majority_classes"":[0,1,8,9],""minority_fraction"":0.5}",standard_conformal,0.2,,,Pullover,coverage,0.724
42,class_imbalance,moderate,"{""majority_classes"":[0,1,8,9],""minority_fraction"":0.5}",standard_conformal,0.2,,,Sandal,average_set_size,0.984
42,class_imbalance,moderate,"{""majority_classes"":[0,1,8,9],""minority_fraction"":0.5}",standard_conformal,0.2,,,Sandal,coverage,0.974
42,class_imbalance,moderate,"{""majority_classes"":[0,1,8,9],""minority_fraction"":0.5}",standard_conformal,0.2,,,Shirt,average_set_size,0.438
42,class_imbalance,moderate,"{""majority_classes"":[0,1,8,9],""minority_fraction"":0.5}",standard_conformal,0.2,,,Shirt,coverage,0.374
42,class_imbalance,moderate,"{""majority_classes"":[0,1,8,9],""minority_fraction"":0.5}",standard_conformal,0.2,,,Sneaker,average_set_size,0.954
42,class_imbalance,moderate,"{""majority_classes"":[0,1,8,9],""minority_fraction"":0.5}",standard_conformal,0.2,,,Sneaker,coverage,0.944
42,class_imbalance,moderate,"{""majority_classes"":[0,1,8,9],""minority_fraction"":0.5}",standard_conformal,0.2,,,T-shirt/top,average_set_size,0.717
42,class_imbalance,moderate,"{""majority_classes"":[0,1,8,9],""minority_fraction"":0.5}",standard_conformal,0.2,,,T-shirt/top,coverage,0.703
42,class_imbalance,moderate,"{""majority_classes"":[0,1,8,9],""minority_fraction"":0.5}",standard_conformal,0.2,,,Trouser,average_set_size,0.969
42,class_imbalance,moderate,"{""majority_classes"":[0,1,8,9],""minority_fraction"":0.5}",standard_conformal,0.2,,,Trouser,coverage,0.966
42,class_imbalance,strong,"{""majority_classes"":[0,1,8,9],""minority_fraction"":0.2}",class_conditional_conformal,0.05,,,Ankle boot,average_set_size,0.974
42,class_imbalance,strong,"{""majority_classes"":[0,1,8,9],""minority_fraction"":0.2}",class_conditional_conformal,0.05,,,Ankle boot,coverage,0.949
42,class_imbalance,strong,"{""majority_classes"":[0,1,8,9],""minority_fraction"":0.2}",class_conditional_conformal,0.05,,,Bag,average_set_size,0.993
42,class_imbalance,strong,"{""majority_classes"":[0,1,8,9],""minority_fraction"":0.2}",class_conditional_conformal,0.05,,,Bag,coverage,0.957
42,class_imbalance,strong,"{""majority_classes"":[0,1,8,9],""minority_fraction"":0.2}",class_conditional_conformal,0.05,,,Coat,average_set_size,1.43
42,class_imbalance,strong,"{""majority_classes"":[0,1,8,9],""minority_fraction"":0.2}",class_conditional_conformal,0.05,,,Coat,coverage,0.97
42,class_imbalance,strong,"{""majority_classes"":[0,1,8,9],""minority_fraction"":0.2}",class_conditional_conformal,0.05,,,Dress,average_set_size,1.115
42,class_imbalance,strong,"{""majority_classes"":[0,1,8,9],""minority_fraction"":0.2}",class_conditional_conformal,0.05,,,Dress,coverage,0.92
42,class_imbalance,strong,"{""majority_classes"":[0,1,8,9],""minority_fraction"":0.2}",class_conditional_conformal,0.05,,,Pullover,average_set_size,1.365
42,class_imbalance,strong,"{""majority_classes"":[0,1,8,9],""minority_fraction"":0.2}",class_conditional_conformal,0.05,,,Pullover,coverage,0.925
42,class_imbalance,strong,"{""majority_classes"":[0,1,8,9],""minority_fraction"":0.2}",class_conditional_conformal,0.05,,,Sandal,average_set_size,0.96
42,class_imbalance,strong,"{""majority_classes"":[0,1,8,9],""minority_fraction"":0.2}",class_conditional_conformal,0.05,,,Sandal,coverage,0.95
42,class_imbalance,strong,"{""majority_classes"":[0,1,8,9],""minority_fraction"":0.2}",class_conditional_conformal,0.05,,,Shirt,average_set_size,1.545
42,class_imbalance,strong,"{""majority_classes"":[0,1,8,9],""minority_fraction"":0.2}",class_conditional_conformal,0.05,,,Shirt,coverage,0.94
42,class_imbalance,strong,"{""majority_classes"":[0,1,8,9],""minority_fraction"":0.2}",class_conditional_conformal,0.05,,,Sneaker,average_set_size,0.97
42,class_imbalance,strong,"{""majority_classes"":[0,1,8,9],""minority_fraction"":0.2}",class_conditional_conformal,0.05,,,Sneaker,coverage,0.96
42,class_imbalance,strong,"{""majority_classes"":[0,1,8,9],""minority_fraction"":0.2}",class_conditional_conformal,0.05,,,T-shirt/top,average_set_size,1.319
42,class_imbalance,strong,"{""majority_classes"":[0,1,8,9],""minority_fraction"":0.2}",class_conditional_conformal,0.05,,,T-shirt/top,coverage,0.95
42,class_imbalance,strong,"{""majority_classes"":[0,1,8,9],""minority_fraction"":0.2}",class_conditional_conformal,0.05,,,Trouser,average_set_size,0.981
42,class_imbalance,strong,"{""majority_classes"":[0,1,8,9],""minority_fraction"":0.2}",class_conditional_conformal,0.05,,,Trouser,coverage,0.95
42,class_imbalance,strong,"{""majority_classes"":[0,1,8,9],""minority_fraction"":0.2}",class_conditional_conformal,0.1,,,Ankle boot,average_set_size,0.898
42,class_imbalance,strong,"{""majority_classes"":[0,1,8,9],""minority_fraction"":0.2}",class_conditional_conformal,0.1,,,Ankle boot,coverage,0.888
42,class_imbalance,strong,"{""majority_classes"":[0,1,8,9],""minority_fraction"":0.2}",class_conditional_conformal,0.1,,,Bag,average_set_size,0.906
42,class_imbalance,strong,"{""majority_classes"":[0,1,8,9],""minority_fraction"":0.2}",class_conditional_conformal,0.1,,,Bag,coverage,0.895
42,class_imbalance,strong,"{""majority_classes"":[0,1,8,9],""minority_fraction"":0.2}",class_conditional_conformal,0.1,,,Coat,average_set_size,1.16
42,class_imbalance,strong,"{""majority_classes"":[0,1,8,9],""minority_fraction"":0.2}",class_conditional_conformal,0.1,,,Coat,coverage,0.905
42,class_imbalance,strong,"{""majority_classes"":[0,1,8,9],""minority_fraction"":0.2}",class_conditional_conformal,0.1,,,Dress,average_set_size,1.01
42,class_imbalance,strong,"{""majority_classes"":[0,1,8,9],""minority_fraction"":0.2}",class_conditional_conformal,0.1,,,Dress,coverage,0.895
42,class_imbalance,strong,"{""majority_classes"":[0,1,8,9],""minority_fraction"":0.2}",class_conditional_conformal,0.1,,,Pullover,average_set_size,1.135
42,class_imbalance,strong,"{""majority_classes"":[0,1,8,9],""minority_fraction"":0.2}",class_conditional_conformal,0.1,,,Pullover,coverage,0.895
42,class_imbalance,strong,"{""majority_classes"":[0,1,8,9],""minority_fraction"":0.2}",class_conditional_conformal,0.1,,,Sandal,average_set_size,0.9
42,class_imbalance,strong,"{""majority_classes"":[0,1,8,9],""minority_fraction"":0.2}",class_conditional_conformal,0.1,,,Sandal,coverage,0.89
42,class_imbalance,strong,"{""majority_classes"":[0,1,8,9],""minority_fraction"":0.2}",class_conditional_conformal,0.1,,,Shirt,average_set_size,1.235
42,class_imbalance,strong,"{""majority_classes"":[0,1,8,9],""minority_fraction"":0.2}",class_conditional_conformal,0.1,,,Shirt,coverage,0.89
42,class_imbalance,strong,"{""majority_classes"":[0,1,8,9],""minority_fraction"":0.2}",class_conditional_conformal,0.1,,,Sneaker,average_set_size,0.93
42,class_imbalance,strong,"{""majority_classes"":[0,1,8,9],""minority_fraction"":0.2}",class_conditional_conformal,0.1,,,Sneaker,coverage,0.93
42,class_imbalance,strong,"{""majority_classes"":[0,1,8,9],""minority_fraction"":0.2}",class_conditional_conformal,0.1,,,T-shirt/top,average_set_size,1.12
42,class_imbalance,strong,"{""majority_classes"":[0,1,8,9],""minority_fraction"":0.2}",class_conditional_conformal,0.1,,,T-shirt/top,coverage,0.897
42,class_imbalance,strong,"{""majority_classes"":[0,1,8,9],""minority_fraction"":0.2}",class_conditional_conformal,0.1,,,Trouser,average_set_size,0.917
42,class_imbalance,strong,"{""majority_classes"":[0,1,8,9],""minority_fraction"":0.2}",class_conditional_conformal,0.1,,,Trouser,coverage,0.904
42,class_imbalance,strong,"{""majority_classes"":[0,1,8,9],""minority_fraction"":0.2}",class_conditional_conformal,0.2,,,Ankle boot,average_set_size,0.794
42,class_imbalance,strong,"{""majority_classes"":[0,1,8,9],""minority_fraction"":0.2}",class_conditional_conformal,0.2,,,Ankle boot,coverage,0.789
42,class_imbalance,strong,"{""majority_classes"":[0,1,8,9],""minority_fraction"":0.2}",class_conditional_conformal,0.2,,,Bag,average_set_size,0.783
42,class_imbalance,strong,"{""majority_classes"":[0,1,8,9],""minority_fraction"":0.2}",class_conditional_conformal,0.2,,,Bag,coverage,0.777
42,class_imbalance,strong,"{""majority_classes"":[0,1,8,9],""minority_fraction"":0.2}",class_conditional_conformal,0.2,,,Coat,average_set_size,0.905
42,class_imbalance,strong,"{""majority_classes"":[0,1,8,9],""minority_fraction"":0.2}",class_conditional_conformal,0.2,,,Coat,coverage,0.825
42,class_imbalance,strong,"{""majority_classes"":[0,1,8,9],""minority_fraction"":0.2}",class_conditional_conformal,0.2,,,Dress,average_set_size,0.87
42,class_imbalance,strong,"{""majority_classes"":[0,1,8,9],""minority_fraction"":0.2}",class_conditional_conformal,0.2,,,Dress,coverage,0.815
42,class_imbalance,strong,"{""majority_classes"":[0,1,8,9],""minority_fraction"":0.2}",class_conditional_conformal,0.2,,,Pullover,average_set_size,0.9
42,class_imbalance,strong,"{""majority_classes"":[0,1,8,9],""minority_fraction"":0.2}",class_conditional_conformal,0.2,,,Pullover,coverage,0.78
42,class_imbalance,strong,"{""majority_classes"":[0,1,8,9],""minority_fraction"":0.2}",class_conditional_conformal,0.2,,,Sandal,average_set_size,0.815
42,class_imbalance,strong,"{""majority_classes"":[0,1,8,9],""minority_fraction"":0.2}",class_conditional_conformal,0.2,,,Sandal,coverage,0.81
42,class_imbalance,strong,"{""majority_classes"":[0,1,8,9],""minority_fraction"":0.2}",class_conditional_conformal,0.2,,,Shirt,average_set_size,0.905
42,class_imbalance,strong,"{""majority_classes"":[0,1,8,9],""minority_fraction"":0.2}",class_conditional_conformal,0.2,,,Shirt,coverage,0.8
42,class_imbalance,strong,"{""majority_classes"":[0,1,8,9],""minority_fraction"":0.2}",class_conditional_conformal,0.2,,,Sneaker,average_set_size,0.805
42,class_imbalance,strong,"{""majority_classes"":[0,1,8,9],""minority_fraction"":0.2}",class_conditional_conformal,0.2,,,Sneaker,coverage,0.805
42,class_imbalance,strong,"{""majority_classes"":[0,1,8,9],""minority_fraction"":0.2}",class_conditional_conformal,0.2,,,T-shirt/top,average_set_size,0.896
42,class_imbalance,strong,"{""majority_classes"":[0,1,8,9],""minority_fraction"":0.2}",class_conditional_conformal,0.2,,,T-shirt/top,coverage,0.793
42,class_imbalance,strong,"{""majority_classes"":[0,1,8,9],""minority_fraction"":0.2}",class_conditional_conformal,0.2,,,Trouser,average_set_size,0.793
42,class_imbalance,strong,"{""majority_classes"":[0,1,8,9],""minority_fraction"":0.2}",class_conditional_conformal,0.2,,,Trouser,coverage,0.788
42,class_imbalance,strong,"{""majority_classes"":[0,1,8,9],""minority_fraction"":0.2}",raw_softmax,,,,Ankle boot,f1,0.9754350051177073
42,class_imbalance,strong,"{""majority_classes"":[0,1,8,9],""minority_fraction"":0.2}",raw_softmax,,,,Ankle boot,precision,0.9989517819706499
42,class_imbalance,strong,"{""majority_classes"":[0,1,8,9],""minority_fraction"":0.2}",raw_softmax,,,,Ankle boot,recall,0.953
42,class_imbalance,strong,"{""majority_classes"":[0,1,8,9],""minority_fraction"":0.2}",raw_softmax,,,,Bag,f1,0.9849246231155779
42,class_imbalance,strong,"{""majority_classes"":[0,1,8,9],""minority_fraction"":0.2}",raw_softmax,,,,Bag,precision,0.98989898989899
42,class_imbalance,strong,"{""majority_classes"":[0,1,8,9],""minority_fraction"":0.2}",raw_softmax,,,,Bag,recall,0.98
42,class_imbalance,strong,"{""majority_classes"":[0,1,8,9],""minority_fraction"":0.2}",raw_softmax,,,,Coat,f1,0.8423645320197044
42,class_imbalance,strong,"{""majority_classes"":[0,1,8,9],""minority_fraction"":0.2}",raw_softmax,,,,Coat,precision,0.8300970873786407
42,class_imbalance,strong,"{""majority_classes"":[0,1,8,9],""minority_fraction"":0.2}",raw_softmax,,,,Coat,recall,0.855
42,class_imbalance,strong,"{""majority_classes"":[0,1,8,9],""minority_fraction"":0.2}",raw_softmax,,,,Dress,f1,0.8618266978922716
42,class_imbalance,strong,"{""majority_classes"":[0,1,8,9],""minority_fraction"":0.2}",raw_softmax,,,,Dress,precision,0.8105726872246696
42,class_imbalance,strong,"{""majority_classes"":[0,1,8,9],""minority_fraction"":0.2}",raw_softmax,,,,Dress,recall,0.92
42,class_imbalance,strong,"{""majority_classes"":[0,1,8,9],""minority_fraction"":0.2}",raw_softmax,,,,Pullover,f1,0.8373205741626795
42,class_imbalance,strong,"{""majority_classes"":[0,1,8,9],""minority_fraction"":0.2}",raw_softmax,,,,Pullover,precision,0.8027522935779816
42,class_imbalance,strong,"{""majority_classes"":[0,1,8,9],""minority_fraction"":0.2}",raw_softmax,,,,Pullover,recall,0.875
42,class_imbalance,strong,"{""majority_classes"":[0,1,8,9],""minority_fraction"":0.2}",raw_softmax,,,,Sandal,f1,0.9656862745098039
42,class_imbalance,strong,"{""majority_classes"":[0,1,8,9],""minority_fraction"":0.2}",raw_softmax,,,,Sandal,precision,0.9471153846153846
42,class_imbalance,strong,"{""majority_classes"":[0,1,8,9],""minority_fraction"":0.2}",raw_softmax,,,,Sandal,recall,0.985
42,class_imbalance,strong,"{""majority_classes"":[0,1,8,9],""minority_fraction"":0.2}",raw_softmax,,,,Shirt,f1,0.668235294117647
42,class_imbalance,strong,"{""majority_classes"":[0,1,8,9],""minority_fraction"":0.2}",raw_softmax,,,,Shirt,precision,0.6311111111111111
42,class_imbalance,strong,"{""majority_classes"":[0,1,8,9],""minority_fraction"":0.2}",raw_softmax,,,,Shirt,recall,0.71
42,class_imbalance,strong,"{""majority_classes"":[0,1,8,9],""minority_fraction"":0.2}",raw_softmax,,,,Sneaker,f1,0.8873873873873874
42,class_imbalance,strong,"{""majority_classes"":[0,1,8,9],""minority_fraction"":0.2}",raw_softmax,,,,Sneaker,precision,0.8073770491803278
42,class_imbalance,strong,"{""majority_classes"":[0,1,8,9],""minority_fraction"":0.2}",raw_softmax,,,,Sneaker,recall,0.985
42,class_imbalance,strong,"{""majority_classes"":[0,1,8,9],""minority_fraction"":0.2}",raw_softmax,,,,T-shirt/top,f1,0.9310699588477366
42,class_imbalance,strong,"{""majority_classes"":[0,1,8,9],""minority_fraction"":0.2}",raw_softmax,,,,T-shirt/top,precision,0.9586864406779662
42,class_imbalance,strong,"{""majority_classes"":[0,1,8,9],""minority_fraction"":0.2}",raw_softmax,,,,T-shirt/top,recall,0.905
42,class_imbalance,strong,"{""majority_classes"":[0,1,8,9],""minority_fraction"":0.2}",raw_softmax,,,,Trouser,f1,0.9899193548387096
42,class_imbalance,strong,"{""majority_classes"":[0,1,8,9],""minority_fraction"":0.2}",raw_softmax,,,,Trouser,precision,0.9979674796747967
42,class_imbalance,strong,"{""majority_classes"":[0,1,8,9],""minority_fraction"":0.2}",raw_softmax,,,,Trouser,recall,0.982
42,class_imbalance,strong,"{""majority_classes"":[0,1,8,9],""minority_fraction"":0.2}",standard_conformal,0.05,,,Ankle boot,average_set_size,1.046
42,class_imbalance,strong,"{""majority_classes"":[0,1,8,9],""minority_fraction"":0.2}",standard_conformal,0.05,,,Ankle boot,coverage,0.97
42,class_imbalance,strong,"{""majority_classes"":[0,1,8,9],""minority_fraction"":0.2}",standard_conformal,0.05,,,Bag,average_set_size,1.004
42,class_imbalance,strong,"{""majority_classes"":[0,1,8,9],""minority_fraction"":0.2}",standard_conformal,0.05,,,Bag,coverage,0.981
42,class_imbalance,strong,"{""majority_classes"":[0,1,8,9],""minority_fraction"":0.2}",standard_conformal,0.05,,,Coat,average_set_size,1.195
42,class_imbalance,strong,"{""majority_classes"":[0,1,8,9],""minority_fraction"":0.2}",standard_conformal,0.05,,,Coat,coverage,0.925
42,class_imbalance,strong,"{""majority_classes"":[0,1,8,9],""minority_fraction"":0.2}",standard_conformal,0.05,,,Dress,average_set_size,1.055
42,class_imbalance,strong,"{""majority_classes"":[0,1,8,9],""minority_fraction"":0.2}",standard_conformal,0.05,,,Dress,coverage,0.935
42,class_imbalance,strong,"{""majority_classes"":[0,1,8,9],""minority_fraction"":0.2}",standard_conformal,0.05,,,Pullover,average_set_size,1.115
42,class_imbalance,strong,"{""majority_classes"":[0,1,8,9],""minority_fraction"":0.2}",standard_conformal,0.05,,,Pullover,coverage,0.91
42,class_imbalance,strong,"{""majority_classes"":[0,1,8,9],""minority_fraction"":0.2}",standard_conformal,0.05,,,Sandal,average_set_size,1.025
42,class_imbalance,strong,"{""majority_classes"":[0,1,8,9],""minority_fraction"":0.2}",standard_conformal,0.05,,,Sandal,coverage,0.99
42,class_imbalance,strong,"{""majority_classes"":[0,1,8,9],""minority_fraction"":0.2}",standard_conformal,0.05,,,Shirt,average_set_size,1.37
42,class_imbalance,strong,"{""majority_classes"":[0,1,8,9],""minority_fraction"":0.2}",standard_conformal,0.05,,,Shirt,coverage,0.87
42,class_imbalance,strong,"{""majority_classes"":[0,1,8,9],""minority_fraction"":0.2}",standard_conformal,0.05,,,Sneaker,average_set_size,1.02
42,class_imbalance,strong,"{""majority_classes"":[0,1,8,9],""minority_fraction"":0.2}",standard_conformal,0.05,,,Sneaker,coverage,0.99
42,class_imbalance,strong,"{""majority_classes"":[0,1,8,9],""minority_fraction"":0.2}",standard_conformal,0.05,,,T-shirt/top,average_set_size,1.142
42,class_imbalance,strong,"{""majority_classes"":[0,1,8,9],""minority_fraction"":0.2}",standard_conformal,0.05,,,T-shirt/top,coverage,0.945
42,class_imbalance,strong,"{""majority_classes"":[0,1,8,9],""minority_fraction"":0.2}",standard_conformal,0.05,,,Trouser,average_set_size,1.013
42,class_imbalance,strong,"{""majority_classes"":[0,1,8,9],""minority_fraction"":0.2}",standard_conformal,0.05,,,Trouser,coverage,0.988
42,class_imbalance,strong,"{""majority_classes"":[0,1,8,9],""minority_fraction"":0.2}",standard_conformal,0.1,,,Ankle boot,average_set_size,0.992
42,class_imbalance,strong,"{""majority_classes"":[0,1,8,9],""minority_fraction"":0.2}",standard_conformal,0.1,,,Ankle boot,coverage,0.949
42,class_imbalance,strong,"{""majority_classes"":[0,1,8,9],""minority_fraction"":0.2}",standard_conformal,0.1,,,Bag,average_set_size,0.989
42,class_imbalance,strong,"{""majority_classes"":[0,1,8,9],""minority_fraction"":0.2}",standard_conformal,0.1,,,Bag,coverage,0.976
42,class_imbalance,strong,"{""majority_classes"":[0,1,8,9],""minority_fraction"":0.2}",standard_conformal,0.1,,,Coat,average_set_size,0.935
42,class_imbalance,strong,"{""majority_classes"":[0,1,8,9],""minority_fraction"":0.2}",standard_conformal,0.1,,,Coat,coverage,0.83
42,class_imbalance,strong,"{""majority_classes"":[0,1,8,9],""minority_fraction"":0.2}",standard_conformal,0.1,,,Dress,average_set_size,0.965
42,class_imbalance,strong,"{""majority_classes"":[0,1,8,9],""minority_fraction"":0.2}",standard_conformal,0.1,,,Dress,coverage,0.91
42,class_imbalance,strong,"{""majority_classes"":[0,1,8,9],""minority_fraction"":0.2}",standard_conformal,0.1,,,Pullover,average_set_size,0.96
42,class_imbalance,strong,"{""majority_classes"":[0,1,8,9],""minority_fraction"":0.2}",standard_conformal,0.1,,,Pullover,coverage,0.86
42,class_imbalance,strong,"{""majority_classes"":[0,1,8,9],""minority_fraction"":0.2}",standard_conformal,0.1,,,Sandal,average_set_size,0.995
42,class_imbalance,strong,"{""majority_classes"":[0,1,8,9],""minority_fraction"":0.2}",standard_conformal,0.1,,,Sandal,coverage,0.985
42,class_imbalance,strong,"{""majority_classes"":[0,1,8,9],""minority_fraction"":0.2}",standard_conformal,0.1,,,Shirt,average_set_size,0.83
42,class_imbalance,strong,"{""majority_classes"":[0,1,8,9],""minority_fraction"":0.2}",standard_conformal,0.1,,,Shirt,coverage,0.62
42,class_imbalance,strong,"{""majority_classes"":[0,1,8,9],""minority_fraction"":0.2}",standard_conformal,0.1,,,Sneaker,average_set_size,1.0
42,class_imbalance,strong,"{""majority_classes"":[0,1,8,9],""minority_fraction"":0.2}",standard_conformal,0.1,,,Sneaker,coverage,0.985
42,class_imbalance,strong,"{""majority_classes"":[0,1,8,9],""minority_fraction"":0.2}",standard_conformal,0.1,,,T-shirt/top,average_set_size,0.938
42,class_imbalance,strong,"{""majority_classes"":[0,1,8,9],""minority_fraction"":0.2}",standard_conformal,0.1,,,T-shirt/top,coverage,0.878
42,class_imbalance,strong,"{""majority_classes"":[0,1,8,9],""minority_fraction"":0.2}",standard_conformal,0.1,,,Trouser,average_set_size,0.991
42,class_imbalance,strong,"{""majority_classes"":[0,1,8,9],""minority_fraction"":0.2}",standard_conformal,0.1,,,Trouser,coverage,0.979
42,class_imbalance,strong,"{""majority_classes"":[0,1,8,9],""minority_fraction"":0.2}",standard_conformal,0.2,,,Ankle boot,average_set_size,0.928
42,class_imbalance,strong,"{""majority_classes"":[0,1,8,9],""minority_fraction"":0.2}",standard_conformal,0.2,,,Ankle boot,coverage,0.905
42,class_imbalance,strong,"{""majority_classes"":[0,1,8,9],""minority_fraction"":0.2}",standard_conformal,0.2,,,Bag,average_set_size,0.971
42,class_imbalance,strong,"{""majority_classes"":[0,1,8,9],""minority_fraction"":0.2}",standard_conformal,0.2,,,Bag,coverage,0.965
42,class_imbalance,strong,"{""majority_classes"":[0,1,8,9],""minority_fraction"":0.2}",standard_conformal,0.2,,,Coat,average_set_size,0.615
42,class_imbalance,strong,"{""majority_classes"":[0,1,8,9],""minority_fraction"":0.2}",standard_conformal,0.2,,,Coat,coverage,0.6
42,class_imbalance,strong,"{""majority_classes"":[0,1,8,9],""minority_fraction"":0.2}",standard_conformal,0.2,,,Dress,average_set_size,0.83
42,class_imbalance,strong,"{""majority_classes"":[0,1,8,9],""minority_fraction"":0.2}",standard_conformal,0.2,,,Dress,coverage,0.82
42,class_imbalance,strong,"{""majority_classes"":[0,1,8,9],""minority_fraction"":0.2}",standard_conformal,0.2,,,Pullover,average_set_size,0.69
42,class_imbalance,strong,"{""majority_classes"":[0,1,8,9],""minority_fraction"":0.2}",standard_conformal,0.2,,,Pullover,coverage,0.655
42,class_imbalance,strong,"{""majority_classes"":[0,1,8,9],""minority_fraction"":0.2}",standard_conformal,0.2,,,Sandal,average_set_size,0.975
42,class_imbalance,strong,"{""majority_classes"":[0,1,8,9],""minority_fraction"":0.2}",standard_conformal,0.2,,,Sandal,coverage,0.965
42,class_imbalance,strong,"{""majority_classes"":[0,1,8,9],""minority_fraction"":0.2}",standard_conformal,0.2,,,Shirt,average_set_size,0.455
42,class_imbalance,strong,"{""majority_classes"":[0,1,8,9],""minority_fraction"":0.2}",standard_conformal,0.2,,,Shirt,coverage,0.385
42,class_imbalance,strong,"{""majority_classes"":[0,1,8,9],""minority_fraction"":0.2}",standard_conformal,0.2,,,Sneaker,average_set_size,0.965
42,class_imbalance,strong,"{""majority_classes"":[0,1,8,9],""minority_fraction"":0.2}",standard_conformal,0.2,,,Sneaker,coverage,0.955
42,class_imbalance,strong,"{""majority_classes"":[0,1,8,9],""minority_fraction"":0.2}",standard_conformal,0.2,,,T-shirt/top,average_set_size,0.717
42,class_imbalance,strong,"{""majority_classes"":[0,1,8,9],""minority_fraction"":0.2}",standard_conformal,0.2,,,T-shirt/top,coverage,0.703
42,class_imbalance,strong,"{""majority_classes"":[0,1,8,9],""minority_fraction"":0.2}",standard_conformal,0.2,,,Trouser,average_set_size,0.969
42,class_imbalance,strong,"{""majority_classes"":[0,1,8,9],""minority_fraction"":0.2}",standard_conformal,0.2,,,Trouser,coverage,0.966
42,clean,clean,{},class_conditional_conformal,0.05,,,Ankle boot,average_set_size,0.974
42,clean,clean,{},class_conditional_conformal,0.05,,,Ankle boot,coverage,0.949
42,clean,clean,{},class_conditional_conformal,0.05,,,Bag,average_set_size,0.993
42,clean,clean,{},class_conditional_conformal,0.05,,,Bag,coverage,0.957
42,clean,clean,{},class_conditional_conformal,0.05,,,Coat,average_set_size,1.417
42,clean,clean,{},class_conditional_conformal,0.05,,,Coat,coverage,0.964
42,clean,clean,{},class_conditional_conformal,0.05,,,Dress,average_set_size,1.128
42,clean,clean,{},class_conditional_conformal,0.05,,,Dress,coverage,0.942
42,clean,clean,{},class_conditional_conformal,0.05,,,Pullover,average_set_size,1.372
42,clean,clean,{},class_conditional_conformal,0.05,,,Pullover,coverage,0.949
42,clean,clean,{},class_conditional_conformal,0.05,,,Sandal,average_set_size,0.967
42,clean,clean,{},class_conditional_conformal,0.05,,,Sandal,coverage,0.955
42,clean,clean,{},class_conditional_conformal,0.05,,,Shirt,average_set_size,1.536
42,clean,clean,{},class_conditional_conformal,0.05,,,Shirt,coverage,0.935
42,clean,clean,{},class_conditional_conformal,0.05,,,Sneaker,average_set_size,0.966
42,clean,clean,{},class_conditional_conformal,0.05,,,Sneaker,coverage,0.953
42,clean,clean,{},class_conditional_conformal,0.05,,,T-shirt/top,average_set_size,1.319
42,clean,clean,{},class_conditional_conformal,0.05,,,T-shirt/top,coverage,0.95
42,clean,clean,{},class_conditional_conformal,0.05,,,Trouser,average_set_size,0.981
42,clean,clean,{},class_conditional_conformal,0.05,,,Trouser,coverage,0.95
42,clean,clean,{},class_conditional_conformal,0.1,,,Ankle boot,average_set_size,0.898
42,clean,clean,{},class_conditional_conformal,0.1,,,Ankle boot,coverage,0.888
42,clean,clean,{},class_conditional_conformal,0.1,,,Bag,average_set_size,0.906
42,clean,clean,{},class_conditional_conformal,0.1,,,Bag,coverage,0.895
42,clean,clean,{},class_conditional_conformal,0.1,,,Coat,average_set_size,1.144
42,clean,clean,{},class_conditional_conformal,0.1,,,Coat,coverage,0.905
42,clean,clean,{},class_conditional_conformal,0.1,,,Dress,average_set_size,0.995
42,clean,clean,{},class_conditional_conformal,0.1,,,Dress,coverage,0.895
42,clean,clean,{},class_conditional_conformal,0.1,,,Pullover,average_set_size,1.119
42,clean,clean,{},class_conditional_conformal,0.1,,,Pullover,coverage,0.895
42,clean,clean,{},class_conditional_conformal,0.1,,,Sandal,average_set_size,0.906
42,clean,clean,{},class_conditional_conformal,0.1,,,Sandal,coverage,0.898
42,clean,clean,{},class_conditional_conformal,0.1,,,Shirt,average_set_size,1.202
42,clean,clean,{},class_conditional_conformal,0.1,,,Shirt,coverage,0.872
42,clean,clean,{},class_conditional_conformal,0.1,,,Sneaker,average_set_size,0.913
42,clean,clean,{},class_conditional_conformal,0.1,,,Sneaker,coverage,0.91
42,clean,clean,{},class_conditional_conformal,0.1,,,T-shirt/top,average_set_size,1.12
42,clean,clean,{},class_conditional_conformal,0.1,,,T-shirt/top,coverage,0.897
42,clean,clean,{},class_conditional_conformal,0.1,,,Trouser,average_set_size,0.917
42,clean,clean,{},class_conditional_conformal,0.1,,,Trouser,coverage,0.904
42,clean,clean,{},class_conditional_conformal,0.2,,,Ankle boot,average_set_size,0.794
42,clean,clean,{},class_conditional_conformal,0.2,,,Ankle boot,coverage,0.789
42,clean,clean,{},class_conditional_conformal,0.2,,,Bag,average_set_size,0.783
42,clean,clean,{},class_conditional_conformal,0.2,,,Bag,coverage,0.777
42,clean,clean,{},class_conditional_conformal,0.2,,,Coat,average_set_size,0.918
42,clean,clean,{},class_conditional_conformal,0.2,,,Coat,coverage,0.81
42,clean,clean,{},class_conditional_conformal,0.2,,,Dress,average_set_size,0.836
42,clean,clean,{},class_conditional_conformal,0.2,,,Dress,coverage,0.796
42,clean,clean,{},class_conditional_conformal,0.2,,,Pullover,average_set_size,0.887
42,clean,clean,{},class_conditional_conformal,0.2,,,Pullover,coverage,0.784
42,clean,clean,{},class_conditional_conformal,0.2,,,Sandal,average_set_size,0.797
42,clean,clean,{},class_conditional_conformal,0.2,,,Sandal,coverage,0.793
42,clean,clean,{},class_conditional_conformal,0.2,,,Shirt,average_set_size,0.901
42,clean,clean,{},class_conditional_conformal,0.2,,,Shirt,coverage,0.767
42,clean,clean,{},class_conditional_conformal,0.2,,,Sneaker,average_set_size,0.81
42,clean,clean,{},class_conditional_conformal,0.2,,,Sneaker,coverage,0.808
42,clean,clean,{},class_conditional_conformal,0.2,,,T-shirt/top,average_set_size,0.896
42,clean,clean,{},class_conditional_conformal,0.2,,,T-shirt/top,coverage,0.793
42,clean,clean,{},class_conditional_conformal,0.2,,,Trouser,average_set_size,0.793
42,clean,clean,{},class_conditional_conformal,0.2,,,Trouser,coverage,0.788
42,clean,clean,{},raw_softmax,,,,Ankle boot,f1,0.9689883070665989
42,clean,clean,{},raw_softmax,,,,Ankle boot,precision,0.9855222337125129
42,clean,clean,{},raw_softmax,,,,Ankle boot,recall,0.953
42,clean,clean,{},raw_softmax,,,,Bag,f1,0.9829488465396189
42,clean,clean,{},raw_softmax,,,,Bag,precision,0.9859154929577465
42,clean,clean,{},raw_softmax,,,,Bag,recall,0.98
42,clean,clean,{},raw_softmax,,,,Coat,f1,0.8567088607594937
42,clean,clean,{},raw_softmax,,,,Coat,precision,0.8676923076923077
42,clean,clean,{},raw_softmax,,,,Coat,recall,0.846
42,clean,clean,{},raw_softmax,,,,Dress,f1,0.9207287050713934
42,clean,clean,{},raw_softmax,,,,Dress,precision,0.906886517943744
42,clean,clean,{},raw_softmax,,,,Dress,recall,0.935
42,clean,clean,{},raw_softmax,,,,Pullover,f1,0.8613424791768741
42,clean,clean,{},raw_softmax,,,,Pullover,precision,0.8443804034582133
42,clean,clean,{},raw_softmax,,,,Pullover,recall,0.879
42,clean,clean,{},raw_softmax,,,,Sandal,f1,0.9844922461230615
42,clean,clean,{},raw_softmax,,,,Sandal,precision,0.984984984984985
42,clean,clean,{},raw_softmax,,,,Sandal,recall,0.984
42,clean,clean,{},raw_softmax,,,,Shirt,f1,0.7433439829605963
42,clean,clean,{},raw_softmax,,,,Shirt,precision,0.7949886104783599
42,clean,clean,{},raw_softmax,,,,Shirt,recall,0.698
42,clean,clean,{},raw_softmax,,,,Sneaker,f1,0.9627450980392157
42,clean,clean,{},raw_softmax,,,,Sneaker,precision,0.9442307692307692
42,clean,clean,{},raw_softmax,,,,Sneaker,recall,0.982
42,clean,clean,{},raw_softmax,,,,T-shirt/top,f1,0.8676893576222435
42,clean,clean,{},raw_softmax,,,,T-shirt/top,precision,0.8333333333333334
42,clean,clean,{},raw_softmax,,,,T-shirt/top,recall,0.905
42,clean,clean,{},raw_softmax,,,,Trouser,f1,0.987430869783811
42,clean,clean,{},raw_softmax,,,,Trouser,precision,0.9929221435793731
42,clean,clean,{},raw_softmax,,,,Trouser,recall,0.982
42,clean,clean,{},standard_conformal,0.05,,,Ankle boot,average_set_size,1.046
42,clean,clean,{},standard_conformal,0.05,,,Ankle boot,coverage,0.97
42,clean,clean,{},standard_conformal,0.05,,,Bag,average_set_size,1.004
42,clean,clean,{},standard_conformal,0.05,,,Bag,coverage,0.981
42,clean,clean,{},standard_conformal,0.05,,,Coat,average_set_size,1.185
42,clean,clean,{},standard_conformal,0.05,,,Coat,coverage,0.917
42,clean,clean,{},standard_conformal,0.05,,,Dress,average_set_size,1.072
42,clean,clean,{},standard_conformal,0.05,,,Dress,coverage,0.957
42,clean,clean,{},standard_conformal,0.05,,,Pullover,average_set_size,1.127
42,clean,clean,{},standard_conformal,0.05,,,Pullover,coverage,0.92
42,clean,clean,{},standard_conformal,0.05,,,Sandal,average_set_size,1.01
42,clean,clean,{},standard_conformal,0.05,,,Sandal,coverage,0.986
42,clean,clean,{},standard_conformal,0.05,,,Shirt,average_set_size,1.314
42,clean,clean,{},standard_conformal,0.05,,,Shirt,coverage,0.825
42,clean,clean,{},standard_conformal,0.05,,,Sneaker,average_set_size,1.028
42,clean,clean,{},standard_conformal,0.05,,,Sneaker,coverage,0.99
42,clean,clean,{},standard_conformal,0.05,,,T-shirt/top,average_set_size,1.142
42,clean,clean,{},standard_conformal,0.05,,,T-shirt/top,coverage,0.945
42,clean,clean,{},standard_conformal,0.05,,,Trouser,average_set_size,1.013
42,clean,clean,{},standard_conformal,0.05,,,Trouser,coverage,0.988
42,clean,clean,{},standard_conformal,0.1,,,Ankle boot,average_set_size,0.992
42,clean,clean,{},standard_conformal,0.1,,,Ankle boot,coverage,0.949
42,clean,clean,{},standard_conformal,0.1,,,Bag,average_set_size,0.989
42,clean,clean,{},standard_conformal,0.1,,,Bag,coverage,0.976
42,clean,clean,{},standard_conformal,0.1,,,Coat,average_set_size,0.924
42,clean,clean,{},standard_conformal,0.1,,,Coat,coverage,0.816
42,clean,clean,{},standard_conformal,0.1,,,Dress,average_set_size,0.953
42,clean,clean,{},standard_conformal,0.1,,,Dress,coverage,0.911
42,clean,clean,{},standard_conformal,0.1,,,Pullover,average_set_size,0.931
42,clean,clean,{},standard_conformal,0.1,,,Pullover,coverage,0.851
42,clean,clean,{},standard_conformal,0.1,,,Sandal,average_set_size,0.998
42,clean,clean,{},standard_conformal,0.1,,,Sandal,coverage,0.983
42,clean,clean,{},standard_conformal,0.1,,,Shirt,average_set_size,0.871
42,clean,clean,{},standard_conformal,0.1,,,Shirt,coverage,0.635
42,clean,clean,{},standard_conformal,0.1,,,Sneaker,average_set_size,0.997
42,clean,clean,{},standard_conformal,0.1,,,Sneaker,coverage,0.98
42,clean,clean,{},standard_conformal,0.1,,,T-shirt/top,average_set_size,0.938
42,clean,clean,{},standard_conformal,0.1,,,T-shirt/top,coverage,0.878
42,clean,clean,{},standard_conformal,0.1,,,Trouser,average_set_size,0.991
42,clean,clean,{},standard_conformal,0.1,,,Trouser,coverage,0.979
42,clean,clean,{},standard_conformal,0.2,,,Ankle boot,average_set_size,0.928
42,clean,clean,{},standard_conformal,0.2,,,Ankle boot,coverage,0.905
42,clean,clean,{},standard_conformal,0.2,,,Bag,average_set_size,0.971
42,clean,clean,{},standard_conformal,0.2,,,Bag,coverage,0.965
42,clean,clean,{},standard_conformal,0.2,,,Coat,average_set_size,0.645
42,clean,clean,{},standard_conformal,0.2,,,Coat,coverage,0.617
42,clean,clean,{},standard_conformal,0.2,,,Dress,average_set_size,0.824
42,clean,clean,{},standard_conformal,0.2,,,Dress,coverage,0.816
42,clean,clean,{},standard_conformal,0.2,,,Pullover,average_set_size,0.707
42,clean,clean,{},standard_conformal,0.2,,,Pullover,coverage,0.686
42,clean,clean,{},standard_conformal,0.2,,,Sandal,average_set_size,0.984
42,clean,clean,{},standard_conformal,0.2,,,Sandal,coverage,0.973
42,clean,clean,{},standard_conformal,0.2,,,Shirt,average_set_size,0.454
42,clean,clean,{},standard_conformal,0.2,,,Shirt,coverage,0.385
42,clean,clean,{},standard_conformal,0.2,,,Sneaker,average_set_size,0.959
42,clean,clean,{},standard_conformal,0.2,,,Sneaker,coverage,0.95
42,clean,clean,{},standard_conformal,0.2,,,T-shirt/top,average_set_size,0.717
42,clean,clean,{},standard_conformal,0.2,,,T-shirt/top,coverage,0.703
42,clean,clean,{},standard_conformal,0.2,,,Trouser,average_set_size,0.969
42,clean,clean,{},standard_conformal,0.2,,,Trouser,coverage,0.966
42,gaussian_blur,medium,"{""sigma"":1.0}",class_conditional_conformal,0.05,,,Ankle boot,average_set_size,0.975
42,gaussian_blur,medium,"{""sigma"":1.0}",class_conditional_conformal,0.05,,,Ankle boot,coverage,0.971
42,gaussian_blur,medium,"{""sigma"":1.0}",class_conditional_conformal,0.05,,,Bag,average_set_size,0.874
42,gaussian_blur,medium,"{""sigma"":1.0}",class_conditional_conformal,0.05,,,Bag,coverage,0.799
42,gaussian_blur,medium,"{""sigma"":1.0}",class_conditional_conformal,0.05,,,Coat,average_set_size,2.153
42,gaussian_blur,medium,"{""sigma"":1.0}",class_conditional_conformal,0.05,,,Coat,coverage,0.896
42,gaussian_blur,medium,"{""sigma"":1.0}",class_conditional_conformal,0.05,,,Dress,average_set_size,1.172
42,gaussian_blur,medium,"{""sigma"":1.0}",class_conditional_conformal,0.05,,,Dress,coverage,0.91
42,gaussian_blur,medium,"{""sigma"":1.0}",class_conditional_conformal,0.05,,,Pullover,average_set_size,1.602
42,gaussian_blur,medium,"{""sigma"":1.0}",class_conditional_conformal,0.05,,,Pullover,coverage,0.969
42,gaussian_blur,medium,"{""sigma"":1.0}",class_conditional_conformal,0.05,,,Sandal,average_set_size,0.716
42,gaussian_blur,medium,"{""sigma"":1.0}",class_conditional_conformal,0.05,,,Sandal,coverage,0.657
42,gaussian_blur,medium,"{""sigma"":1.0}",class_conditional_conformal,0.05,,,Shirt,average_set_size,2.018
42,gaussian_blur,medium,"{""sigma"":1.0}",class_conditional_conformal,0.05,,,Shirt,coverage,0.801
42,gaussian_blur,medium,"{""sigma"":1.0}",class_conditional_conformal,0.05,,,Sneaker,average_set_size,0.806
42,gaussian_blur,medium,"{""sigma"":1.0}",class_conditional_conformal,0.05,,,Sneaker,coverage,0.771
42,gaussian_blur,medium,"{""sigma"":1.0}",class_conditional_conformal,0.05,,,T-shirt/top,average_set_size,1.275
42,gaussian_blur,medium,"{""sigma"":1.0}",class_conditional_conformal,0.05,,,T-shirt/top,coverage,0.949
42,gaussian_blur,medium,"{""sigma"":1.0}",class_conditional_conformal,0.05,,,Trouser,average_set_size,0.804
42,gaussian_blur,medium,"{""sigma"":1.0}",class_conditional_conformal,0.05,,,Trouser,coverage,0.737
42,gaussian_blur,medium,"{""sigma"":1.0}",class_conditional_conformal,0.1,,,Ankle boot,average_set_size,0.834
42,gaussian_blur,medium,"{""sigma"":1.0}",class_conditional_conformal,0.1,,,Ankle boot,coverage,0.833
42,gaussian_blur,medium,"{""sigma"":1.0}",class_conditional_conformal,0.1,,,Bag,average_set_size,0.305
42,gaussian_blur,medium,"{""sigma"":1.0}",class_conditional_conformal,0.1,,,Bag,coverage,0.286
42,gaussian_blur,medium,"{""sigma"":1.0}",class_conditional_conformal,0.1,,,Coat,average_set_size,1.193
42,gaussian_blur,medium,"{""sigma"":1.0}",class_conditional_conformal,0.1,,,Coat,coverage,0.573
42,gaussian_blur,medium,"{""sigma"":1.0}",class_conditional_conformal,0.1,,,Dress,average_set_size,0.88
42,gaussian_blur,medium,"{""sigma"":1.0}",class_conditional_conformal,0.1,,,Dress,coverage,0.809
42,gaussian_blur,medium,"{""sigma"":1.0}",class_conditional_conformal,0.1,,,Pullover,average_set_size,1.054
42,gaussian_blur,medium,"{""sigma"":1.0}",class_conditional_conformal,0.1,,,Pullover,coverage,0.914
42,gaussian_blur,medium,"{""sigma"":1.0}",class_conditional_conformal,0.1,,,Sandal,average_set_size,0.445
42,gaussian_blur,medium,"{""sigma"":1.0}",class_conditional_conformal,0.1,,,Sandal,coverage,0.427
42,gaussian_blur,medium,"{""sigma"":1.0}",class_conditional_conformal,0.1,,,Shirt,average_set_size,1.138
42,gaussian_blur,medium,"{""sigma"":1.0}",class_conditional_conformal,0.1,,,Shirt,coverage,0.46
42,gaussian_blur,medium,"{""sigma"":1.0}",class_conditional_conformal,0.1,,,Sneaker,average_set_size,0.682
42,gaussian_blur,medium,"{""sigma"":1.0}",class_conditional_conformal,0.1,,,Sneaker,coverage,0.68
42,gaussian_blur,medium,"{""sigma"":1.0}",class_conditional_conformal,0.1,,,T-shirt/top,average_set_size,0.986
42,gaussian_blur,medium,"{""sigma"":1.0}",class_conditional_conformal,0.1,,,T-shirt/top,coverage,0.881
42,gaussian_blur,medium,"{""sigma"":1.0}",class_conditional_conformal,0.1,,,Trouser,average_set_size,0.166
42,gaussian_blur,medium,"{""sigma"":1.0}",class_conditional_conformal,0.1,,,Trouser,coverage,0.143
42,gaussian_blur,medium,"{""sigma"":1.0}",class_conditional_conformal,0.2,,,Ankle boot,average_set_size,0.391
42,gaussian_blur,medium,"{""sigma"":1.0}",class_conditional_conformal,0.2,,,Ankle boot,coverage,0.39
42,gaussian_blur,medium,"{""sigma"":1.0}",class_conditional_conformal,0.2,,,Bag,average_set_size,0.026
42,gaussian_blur,medium,"{""sigma"":1.0}",class_conditional_conformal,0.2,,,Bag,coverage,0.022
42,gaussian_blur,medium,"{""sigma"":1.0}",class_conditional_conformal,0.2,,,Coat,average_set_size,0.335
42,gaussian_blur,medium,"{""sigma"":1.0}",class_conditional_conformal,0.2,,,Coat,coverage,0.252
42,gaussian_blur,medium,"{""sigma"":1.0}",class_conditional_conformal,0.2,,,Dress,average_set_size,0.511
42,gaussian_blur,medium,"{""sigma"":1.0}",class_conditional_conformal,0.2,,,Dress,coverage,0.502
42,gaussian_blur,medium,"{""sigma"":1.0}",class_conditional_conformal,0.2,,,Pullover,average_set_size,0.691
42,gaussian_blur,medium,"{""sigma"":1.0}",class_conditional_conformal,0.2,,,Pullover,coverage,0.667
42,gaussian_blur,medium,"{""sigma"":1.0}",class_conditional_conformal,0.2,,,Sandal,average_set_size,0.179
42,gaussian_blur,medium,"{""sigma"":1.0}",class_conditional_conformal,0.2,,,Sandal,coverage,0.178
42,gaussian_blur,medium,"{""sigma"":1.0}",class_conditional_conformal,0.2,,,Shirt,average_set_size,0.394
42,gaussian_blur,medium,"{""sigma"":1.0}",class_conditional_conformal,0.2,,,Shirt,coverage,0.186
42,gaussian_blur,medium,"{""sigma"":1.0}",class_conditional_conformal,0.2,,,Sneaker,average_set_size,0.48
42,gaussian_blur,medium,"{""sigma"":1.0}",class_conditional_conformal,0.2,,,Sneaker,coverage,0.48
42,gaussian_blur,medium,"{""sigma"":1.0}",class_conditional_conformal,0.2,,,T-shirt/top,average_set_size,0.78
42,gaussian_blur,medium,"{""sigma"":1.0}",class_conditional_conformal,0.2,,,T-shirt/top,coverage,0.764
42,gaussian_blur,medium,"{""sigma"":1.0}",class_conditional_conformal,0.2,,,Trouser,average_set_size,0.007
42,gaussian_blur,medium,"{""sigma"":1.0}",class_conditional_conformal,0.2,,,Trouser,coverage,0.0
42,gaussian_blur,medium,"{""sigma"":1.0}",raw_softmax,,,,Ankle boot,f1,0.9479318734793187
42,gaussian_blur,medium,"{""sigma"":1.0}",raw_softmax,,,,Ankle boot,precision,0.9232227488151659
42,gaussian_blur,medium,"{""sigma"":1.0}",raw_softmax,,,,Ankle boot,recall,0.974
42,gaussian_blur,medium,"{""sigma"":1.0}",raw_softmax,,,,Bag,f1,0.9707955689828801
42,gaussian_blur,medium,"{""sigma"":1.0}",raw_softmax,,,,Bag,precision,0.9776876267748479
42,gaussian_blur,medium,"{""sigma"":1.0}",raw_softmax,,,,Bag,recall,0.964
42,gaussian_blur,medium,"{""sigma"":1.0}",raw_softmax,,,,Coat,f1,0.5519125683060109
42,gaussian_blur,medium,"{""sigma"":1.0}",raw_softmax,,,,Coat,precision,0.8706896551724138
42,gaussian_blur,medium,"{""sigma"":1.0}",raw_softmax,,,,Coat,recall,0.404
42,gaussian_blur,medium,"{""sigma"":1.0}",raw_softmax,,,,Dress,f1,0.8475524475524475
42,gaussian_blur,medium,"{""sigma"":1.0}",raw_softmax,,,,Dress,precision,0.7938864628820961
42,gaussian_blur,medium,"{""sigma"":1.0}",raw_softmax,,,,Dress,recall,0.909
42,gaussian_blur,medium,"{""sigma"":1.0}",raw_softmax,,,,Pullover,f1,0.6480331262939959
42,gaussian_blur,medium,"{""sigma"":1.0}",raw_softmax,,,,Pullover,precision,0.4947312961011591
42,gaussian_blur,medium,"{""sigma"":1.0}",raw_softmax,,,,Pullover,recall,0.939
42,gaussian_blur,medium,"{""sigma"":1.0}",raw_softmax,,,,Sandal,f1,0.9319872476089267
42,gaussian_blur,medium,"{""sigma"":1.0}",raw_softmax,,,,Sandal,precision,0.9943310657596371
42,gaussian_blur,medium,"{""sigma"":1.0}",raw_softmax,,,,Sandal,recall,0.877
42,gaussian_blur,medium,"{""sigma"":1.0}",raw_softmax,,,,Shirt,f1,0.28735632183908044
42,gaussian_blur,medium,"{""sigma"":1.0}",raw_softmax,,,,Shirt,precision,0.8027522935779816
42,gaussian_blur,medium,"{""sigma"":1.0}",raw_softmax,,,,Shirt,recall,0.175
42,gaussian_blur,medium,"{""sigma"":1.0}",raw_softmax,,,,Sneaker,f1,0.930884485258579
42,gaussian_blur,medium,"{""sigma"":1.0}",raw_softmax,,,,Sneaker,precision,0.9008419083255379
42,gaussian_blur,medium,"{""sigma"":1.0}",raw_softmax,,,,Sneaker,recall,0.963
42,gaussian_blur,medium,"{""sigma"":1.0}",raw_softmax,,,,T-shirt/top,f1,0.7893379191745485
42,gaussian_blur,medium,"{""sigma"":1.0}",raw_softmax,,,,T-shirt/top,precision,0.6923076923076923
42,gaussian_blur,medium,"{""sigma"":1.0}",raw_softmax,,,,T-shirt/top,recall,0.918
42,gaussian_blur,medium,"{""sigma"":1.0}",raw_softmax,,,,Trouser,f1,0.970873786407767
42,gaussian_blur,medium,"{""sigma"":1.0}",raw_softmax,,,,Trouser,precision,0.9926854754440961
42,gaussian_blur,medium,"{""sigma"":1.0}",raw_softmax,,,,Trouser,recall,0.95
42,gaussian_blur,medium,"{""sigma"":1.0}",standard_conformal,0.05,,,Ankle boot,average_set_size,1.071
42,gaussian_blur,medium,"{""sigma"":1.0}",standard_conformal,0.05,,,Ankle boot,coverage,0.995
42,gaussian_blur,medium,"{""sigma"":1.0}",standard_conformal,0.05,,,Bag,average_set_size,1.007
42,gaussian_blur,medium,"{""sigma"":1.0}",standard_conformal,0.05,,,Bag,coverage,0.965
42,gaussian_blur,medium,"{""sigma"":1.0}",standard_conformal,0.05,,,Coat,average_set_size,1.408
42,gaussian_blur,medium,"{""sigma"":1.0}",standard_conformal,0.05,,,Coat,coverage,0.634
42,gaussian_blur,medium,"{""sigma"":1.0}",standard_conformal,0.05,,,Dress,average_set_size,1.076
42,gaussian_blur,medium,"{""sigma"":1.0}",standard_conformal,0.05,,,Dress,coverage,0.936
42,gaussian_blur,medium,"{""sigma"":1.0}",standard_conformal,0.05,,,Pullover,average_set_size,1.093
42,gaussian_blur,medium,"{""sigma"":1.0}",standard_conformal,0.05,,,Pullover,coverage,0.952
42,gaussian_blur,medium,"{""sigma"":1.0}",standard_conformal,0.05,,,Sandal,average_set_size,1.089
42,gaussian_blur,medium,"{""sigma"":1.0}",standard_conformal,0.05,,,Sandal,coverage,0.919
42,gaussian_blur,medium,"{""sigma"":1.0}",standard_conformal,0.05,,,Shirt,average_set_size,1.243
42,gaussian_blur,medium,"{""sigma"":1.0}",standard_conformal,0.05,,,Shirt,coverage,0.293
42,gaussian_blur,medium,"{""sigma"":1.0}",standard_conformal,0.05,,,Sneaker,average_set_size,1.141
42,gaussian_blur,medium,"{""sigma"":1.0}",standard_conformal,0.05,,,Sneaker,coverage,0.99
42,gaussian_blur,medium,"{""sigma"":1.0}",standard_conformal,0.05,,,T-shirt/top,average_set_size,1.087
42,gaussian_blur,medium,"{""sigma"":1.0}",standard_conformal,0.05,,,T-shirt/top,coverage,0.946
42,gaussian_blur,medium,"{""sigma"":1.0}",standard_conformal,0.05,,,Trouser,average_set_size,1.028
42,gaussian_blur,medium,"{""sigma"":1.0}",standard_conformal,0.05,,,Trouser,coverage,0.961
42,gaussian_blur,medium,"{""sigma"":1.0}",standard_conformal,0.1,,,Ankle boot,average_set_size,0.987
42,gaussian_blur,medium,"{""sigma"":1.0}",standard_conformal,0.1,,,Ankle boot,coverage,0.968
42,gaussian_blur,medium,"{""sigma"":1.0}",standard_conformal,0.1,,,Bag,average_set_size,0.941
42,gaussian_blur,medium,"{""sigma"":1.0}",standard_conformal,0.1,,,Bag,coverage,0.927
42,gaussian_blur,medium,"{""sigma"":1.0}",standard_conformal,0.1,,,Coat,average_set_size,0.615
42,gaussian_blur,medium,"{""sigma"":1.0}",standard_conformal,0.1,,,Coat,coverage,0.262
42,gaussian_blur,medium,"{""sigma"":1.0}",standard_conformal,0.1,,,Dress,average_set_size,0.882
42,gaussian_blur,medium,"{""sigma"":1.0}",standard_conformal,0.1,,,Dress,coverage,0.853
42,gaussian_blur,medium,"{""sigma"":1.0}",standard_conformal,0.1,,,Pullover,average_set_size,0.878
42,gaussian_blur,medium,"{""sigma"":1.0}",standard_conformal,0.1,,,Pullover,coverage,0.845
42,gaussian_blur,medium,"{""sigma"":1.0}",standard_conformal,0.1,,,Sandal,average_set_size,0.948
42,gaussian_blur,medium,"{""sigma"":1.0}",standard_conformal,0.1,,,Sandal,coverage,0.857
42,gaussian_blur,medium,"{""sigma"":1.0}",standard_conformal,0.1,,,Shirt,average_set_size,0.561
42,gaussian_blur,medium,"{""sigma"":1.0}",standard_conformal,0.1,,,Shirt,coverage,0.088
42,gaussian_blur,medium,"{""sigma"":1.0}",standard_conformal,0.1,,,Sneaker,average_set_size,0.99
42,gaussian_blur,medium,"{""sigma"":1.0}",standard_conformal,0.1,,,Sneaker,coverage,0.954
42,gaussian_blur,medium,"{""sigma"":1.0}",standard_conformal,0.1,,,T-shirt/top,average_set_size,0.87
42,gaussian_blur,medium,"{""sigma"":1.0}",standard_conformal,0.1,,,T-shirt/top,coverage,0.853
42,gaussian_blur,medium,"{""sigma"":1.0}",standard_conformal,0.1,,,Trouser,average_set_size,0.97
42,gaussian_blur,medium,"{""sigma"":1.0}",standard_conformal,0.1,,,Trouser,coverage,0.939
42,gaussian_blur,medium,"{""sigma"":1.0}",standard_conformal,0.2,,,Ankle boot,average_set_size,0.885
42,gaussian_blur,medium,"{""sigma"":1.0}",standard_conformal,0.2,,,Ankle boot,coverage,0.883
42,gaussian_blur,medium,"{""sigma"":1.0}",standard_conformal,0.2,,,Bag,average_set_size,0.838
42,gaussian_blur,medium,"{""sigma"":1.0}",standard_conformal,0.2,,,Bag,coverage,0.834
42,gaussian_blur,medium,"{""sigma"":1.0}",standard_conformal,0.2,,,Coat,average_set_size,0.05
42,gaussian_blur,medium,"{""sigma"":1.0}",standard_conformal,0.2,,,Coat,coverage,0.034
42,gaussian_blur,medium,"{""sigma"":1.0}",standard_conformal,0.2,,,Dress,average_set_size,0.6
42,gaussian_blur,medium,"{""sigma"":1.0}",standard_conformal,0.2,,,Dress,coverage,0.599
42,gaussian_blur,medium,"{""sigma"":1.0}",standard_conformal,0.2,,,Pullover,average_set_size,0.379
42,gaussian_blur,medium,"{""sigma"":1.0}",standard_conformal,0.2,,,Pullover,coverage,0.373
42,gaussian_blur,medium,"{""sigma"":1.0}",standard_conformal,0.2,,,Sandal,average_set_size,0.819
42,gaussian_blur,medium,"{""sigma"":1.0}",standard_conformal,0.2,,,Sandal,coverage,0.786
42,gaussian_blur,medium,"{""sigma"":1.0}",standard_conformal,0.2,,,Shirt,average_set_size,0.115
42,gaussian_blur,medium,"{""sigma"":1.0}",standard_conformal,0.2,,,Shirt,coverage,0.002
42,gaussian_blur,medium,"{""sigma"":1.0}",standard_conformal,0.2,,,Sneaker,average_set_size,0.754
42,gaussian_blur,medium,"{""sigma"":1.0}",standard_conformal,0.2,,,Sneaker,coverage,0.751
42,gaussian_blur,medium,"{""sigma"":1.0}",standard_conformal,0.2,,,T-shirt/top,average_set_size,0.662
42,gaussian_blur,medium,"{""sigma"":1.0}",standard_conformal,0.2,,,T-shirt/top,coverage,0.658
42,gaussian_blur,medium,"{""sigma"":1.0}",standard_conformal,0.2,,,Trouser,average_set_size,0.886
42,gaussian_blur,medium,"{""sigma"":1.0}",standard_conformal,0.2,,,Trouser,coverage,0.878
42,gaussian_blur,mild,"{""sigma"":0.5}",class_conditional_conformal,0.05,,,Ankle boot,average_set_size,0.976
42,gaussian_blur,mild,"{""sigma"":0.5}",class_conditional_conformal,0.05,,,Ankle boot,coverage,0.961
42,gaussian_blur,mild,"{""sigma"":0.5}",class_conditional_conformal,0.05,,,Bag,average_set_size,0.976
42,gaussian_blur,mild,"{""sigma"":0.5}",class_conditional_conformal,0.05,,,Bag,coverage,0.933
42,gaussian_blur,mild,"{""sigma"":0.5}",class_conditional_conformal,0.05,,,Coat,average_set_size,1.549
42,gaussian_blur,mild,"{""sigma"":0.5}",class_conditional_conformal,0.05,,,Coat,coverage,0.96
42,gaussian_blur,mild,"{""sigma"":0.5}",class_conditional_conformal,0.05,,,Dress,average_set_size,1.124
42,gaussian_blur,mild,"{""sigma"":0.5}",class_conditional_conformal,0.05,,,Dress,coverage,0.941
42,gaussian_blur,mild,"{""sigma"":0.5}",class_conditional_conformal,0.05,,,Pullover,average_set_size,1.36
42,gaussian_blur,mild,"{""sigma"":0.5}",class_conditional_conformal,0.05,,,Pullover,coverage,0.966
42,gaussian_blur,mild,"{""sigma"":0.5}",class_conditional_conformal,0.05,,,Sandal,average_set_size,0.931
42,gaussian_blur,mild,"{""sigma"":0.5}",class_conditional_conformal,0.05,,,Sandal,coverage,0.913
42,gaussian_blur,mild,"{""sigma"":0.5}",class_conditional_conformal,0.05,,,Shirt,average_set_size,1.728
42,gaussian_blur,mild,"{""sigma"":0.5}",class_conditional_conformal,0.05,,,Shirt,coverage,0.911
42,gaussian_blur,mild,"{""sigma"":0.5}",class_conditional_conformal,0.05,,,Sneaker,average_set_size,0.936
42,gaussian_blur,mild,"{""sigma"":0.5}",class_conditional_conformal,0.05,,,Sneaker,coverage,0.922
42,gaussian_blur,mild,"{""sigma"":0.5}",class_conditional_conformal,0.05,,,T-shirt/top,average_set_size,1.279
42,gaussian_blur,mild,"{""sigma"":0.5}",class_conditional_conformal,0.05,,,T-shirt/top,coverage,0.956
42,gaussian_blur,mild,"{""sigma"":0.5}",class_conditional_conformal,0.05,,,Trouser,average_set_size,0.973
42,gaussian_blur,mild,"{""sigma"":0.5}",class_conditional_conformal,0.05,,,Trouser,coverage,0.946
42,gaussian_blur,mild,"{""sigma"":0.5}",class_conditional_conformal,0.1,,,Ankle boot,average_set_size,0.887
42,gaussian_blur,mild,"{""sigma"":0.5}",class_conditional_conformal,0.1,,,Ankle boot,coverage,0.884
42,gaussian_blur,mild,"{""sigma"":0.5}",class_conditional_conformal,0.1,,,Bag,average_set_size,0.829
42,gaussian_blur,mild,"{""sigma"":0.5}",class_conditional_conformal,0.1,,,Bag,coverage,0.815
42,gaussian_blur,mild,"{""sigma"":0.5}",class_conditional_conformal,0.1,,,Coat,average_set_size,1.151
42,gaussian_blur,mild,"{""sigma"":0.5}",class_conditional_conformal,0.1,,,Coat,coverage,0.886
42,gaussian_blur,mild,"{""sigma"":0.5}",class_conditional_conformal,0.1,,,Dress,average_set_size,0.978
42,gaussian_blur,mild,"{""sigma"":0.5}",class_conditional_conformal,0.1,,,Dress,coverage,0.89
42,gaussian_blur,mild,"{""sigma"":0.5}",class_conditional_conformal,0.1,,,Pullover,average_set_size,1.088
42,gaussian_blur,mild,"{""sigma"":0.5}",class_conditional_conformal,0.1,,,Pullover,coverage,0.917
42,gaussian_blur,mild,"{""sigma"":0.5}",class_conditional_conformal,0.1,,,Sandal,average_set_size,0.84
42,gaussian_blur,mild,"{""sigma"":0.5}",class_conditional_conformal,0.1,,,Sandal,coverage,0.831
42,gaussian_blur,mild,"{""sigma"":0.5}",class_conditional_conformal,0.1,,,Shirt,average_set_size,1.233
42,gaussian_blur,mild,"{""sigma"":0.5}",class_conditional_conformal,0.1,,,Shirt,coverage,0.8
42,gaussian_blur,mild,"{""sigma"":0.5}",class_conditional_conformal,0.1,,,Sneaker,average_set_size,0.842
42,gaussian_blur,mild,"{""sigma"":0.5}",class_conditional_conformal,0.1,,,Sneaker,coverage,0.839
42,gaussian_blur,mild,"{""sigma"":0.5}",class_conditional_conformal,0.1,,,T-shirt/top,average_set_size,1.07
42,gaussian_blur,mild,"{""sigma"":0.5}",class_conditional_conformal,0.1,,,T-shirt/top,coverage,0.906
42,gaussian_blur,mild,"{""sigma"":0.5}",class_conditional_conformal,0.1,,,Trouser,average_set_size,0.882
42,gaussian_blur,mild,"{""sigma"":0.5}",class_conditional_conformal,0.1,,,Trouser,coverage,0.871
42,gaussian_blur,mild,"{""sigma"":0.5}",class_conditional_conformal,0.2,,,Ankle boot,average_set_size,0.761
42,gaussian_blur,mild,"{""sigma"":0.5}",class_conditional_conformal,0.2,,,Ankle boot,coverage,0.76
42,gaussian_blur,mild,"{""sigma"":0.5}",class_conditional_conformal,0.2,,,Bag,average_set_size,0.635
42,gaussian_blur,mild,"{""sigma"":0.5}",class_conditional_conformal,0.2,,,Bag,coverage,0.631
42,gaussian_blur,mild,"{""sigma"":0.5}",class_conditional_conformal,0.2,,,Coat,average_set_size,0.822
42,gaussian_blur,mild,"{""sigma"":0.5}",class_conditional_conformal,0.2,,,Coat,coverage,0.742
42,gaussian_blur,mild,"{""sigma"":0.5}",class_conditional_conformal,0.2,,,Dress,average_set_size,0.785
42,gaussian_blur,mild,"{""sigma"":0.5}",class_conditional_conformal,0.2,,,Dress,coverage,0.758
42,gaussian_blur,mild,"{""sigma"":0.5}",class_conditional_conformal,0.2,,,Pullover,average_set_size,0.875
42,gaussian_blur,mild,"{""sigma"":0.5}",class_conditional_conformal,0.2,,,Pullover,coverage,0.802
42,gaussian_blur,mild,"{""sigma"":0.5}",class_conditional_conformal,0.2,,,Sandal,average_set_size,0.67
42,gaussian_blur,mild,"{""sigma"":0.5}",class_conditional_conformal,0.2,,,Sandal,coverage,0.668
42,gaussian_blur,mild,"{""sigma"":0.5}",class_conditional_conformal,0.2,,,Shirt,average_set_size,0.81
42,gaussian_blur,mild,"{""sigma"":0.5}",class_conditional_conformal,0.2,,,Shirt,coverage,0.634
42,gaussian_blur,mild,"{""sigma"":0.5}",class_conditional_conformal,0.2,,,Sneaker,average_set_size,0.734
42,gaussian_blur,mild,"{""sigma"":0.5}",class_conditional_conformal,0.2,,,Sneaker,coverage,0.733
42,gaussian_blur,mild,"{""sigma"":0.5}",class_conditional_conformal,0.2,,,T-shirt/top,average_set_size,0.883
42,gaussian_blur,mild,"{""sigma"":0.5}",class_conditional_conformal,0.2,,,T-shirt/top,coverage,0.817
42,gaussian_blur,mild,"{""sigma"":0.5}",class_conditional_conformal,0.2,,,Trouser,average_set_size,0.646
42,gaussian_blur,mild,"{""sigma"":0.5}",class_conditional_conformal,0.2,,,Trouser,coverage,0.641
42,gaussian_blur,mild,"{""sigma"":0.5}",raw_softmax,,,,Ankle boot,f1,0.9712556732223904
42,gaussian_blur,mild,"{""sigma"":0.5}",raw_softmax,,,,Ankle boot,precision,0.9796541200406917
42,gaussian_blur,mild,"{""sigma"":0.5}",raw_softmax,,,,Ankle boot,recall,0.963
42,gaussian_blur,mild,"{""sigma"":0.5}",raw_softmax,,,,Bag,f1,0.9829317269076305
42,gaussian_blur,mild,"{""sigma"":0.5}",raw_softmax,,,,Bag,precision,0.9868951612903226
42,gaussian_blur,mild,"{""sigma"":0.5}",raw_softmax,,,,Bag,recall,0.979
42,gaussian_blur,mild,"{""sigma"":0.5}",raw_softmax,,,,Coat,f1,0.8389089037570767
42,gaussian_blur,mild,"{""sigma"":0.5}",raw_softmax,,,,Coat,precision,0.8642629904559915
42,gaussian_blur,mild,"{""sigma"":0.5}",raw_softmax,,,,Coat,recall,0.815
42,gaussian_blur,mild,"{""sigma"":0.5}",raw_softmax,,,,Dress,f1,0.9149560117302052
42,gaussian_blur,mild,"{""sigma"":0.5}",raw_softmax,,,,Dress,precision,0.8948374760994264
42,gaussian_blur,mild,"{""sigma"":0.5}",raw_softmax,,,,Dress,recall,0.936
42,gaussian_blur,mild,"{""sigma"":0.5}",raw_softmax,,,,Pullover,f1,0.8346384154767388
42,gaussian_blur,mild,"{""sigma"":0.5}",raw_softmax,,,,Pullover,precision,0.7736976942783945
42,gaussian_blur,mild,"{""sigma"":0.5}",raw_softmax,,,,Pullover,recall,0.906
42,gaussian_blur,mild,"{""sigma"":0.5}",raw_softmax,,,,Sandal,f1,0.9818548387096774
42,gaussian_blur,mild,"{""sigma"":0.5}",raw_softmax,,,,Sandal,precision,0.9898373983739838
42,gaussian_blur,mild,"{""sigma"":0.5}",raw_softmax,,,,Sandal,recall,0.974
42,gaussian_blur,mild,"{""sigma"":0.5}",raw_softmax,,,,Shirt,f1,0.6758869512928443
42,gaussian_blur,mild,"{""sigma"":0.5}",raw_softmax,,,,Shirt,precision,0.8476621417797888
42,gaussian_blur,mild,"{""sigma"":0.5}",raw_softmax,,,,Shirt,recall,0.562
42,gaussian_blur,mild,"{""sigma"":0.5}",raw_softmax,,,,Sneaker,f1,0.9636898920510304
42,gaussian_blur,mild,"{""sigma"":0.5}",raw_softmax,,,,Sneaker,precision,0.9460500963391136
42,gaussian_blur,mild,"{""sigma"":0.5}",raw_softmax,,,,Sneaker,recall,0.982
42,gaussian_blur,mild,"{""sigma"":0.5}",raw_softmax,,,,T-shirt/top,f1,0.838591678097851
42,gaussian_blur,mild,"{""sigma"":0.5}",raw_softmax,,,,T-shirt/top,precision,0.7725358045492839
42,gaussian_blur,mild,"{""sigma"":0.5}",raw_softmax,,,,T-shirt/top,recall,0.917
42,gaussian_blur,mild,"{""sigma"":0.5}",raw_softmax,,,,Trouser,f1,0.9864525840441546
42,gaussian_blur,mild,"{""sigma"":0.5}",raw_softmax,,,,Trouser,precision,0.9899295065458208
42,gaussian_blur,mild,"{""sigma"":0.5}",raw_softmax,,,,Trouser,recall,0.983
42,gaussian_blur,mild,"{""sigma"":0.5}",standard_conformal,0.05,,,Ankle boot,average_set_size,1.05
42,gaussian_blur,mild,"{""sigma"":0.5}",standard_conformal,0.05,,,Ankle boot,coverage,0.979
42,gaussian_blur,mild,"{""sigma"":0.5}",standard_conformal,0.05,,,Bag,average_set_size,1.006
42,gaussian_blur,mild,"{""sigma"":0.5}",standard_conformal,0.05,,,Bag,coverage,0.98
42,gaussian_blur,mild,"{""sigma"":0.5}",standard_conformal,0.05,,,Coat,average_set_size,1.237
42,gaussian_blur,mild,"{""sigma"":0.5}",standard_conformal,0.05,,,Coat,coverage,0.909
42,gaussian_blur,mild,"{""sigma"":0.5}",standard_conformal,0.05,,,Dress,average_set_size,1.057
42,gaussian_blur,mild,"{""sigma"":0.5}",standard_conformal,0.05,,,Dress,coverage,0.954
42,gaussian_blur,mild,"{""sigma"":0.5}",standard_conformal,0.05,,,Pullover,average_set_size,1.105
42,gaussian_blur,mild,"{""sigma"":0.5}",standard_conformal,0.05,,,Pullover,coverage,0.943
42,gaussian_blur,mild,"{""sigma"":0.5}",standard_conformal,0.05,,,Sandal,average_set_size,1.019
42,gaussian_blur,mild,"{""sigma"":0.5}",standard_conformal,0.05,,,Sandal,coverage,0.982
42,gaussian_blur,mild,"{""sigma"":0.5}",standard_conformal,0.05,,,Shirt,average_set_size,1.376
42,gaussian_blur,mild,"{""sigma"":0.5}",standard_conformal,0.05,,,Shirt,coverage,0.733
42,gaussian_blur,mild,"{""sigma"":0.5}",standard_conformal,0.05,,,Sneaker,average_set_size,1.047
42,gaussian_blur,mild,"{""sigma"":0.5}",standard_conformal,0.05,,,Sneaker,coverage,0.991
42,gaussian_blur,mild,"{""sigma"":0.5}",standard_conformal,0.05,,,T-shirt/top,average_set_size,1.11
42,gaussian_blur,mild,"{""sigma"":0.5}",standard_conformal,0.05,,,T-shirt/top,coverage,0.952
42,gaussian_blur,mild,"{""sigma"":0.5}",standard_conformal,0.05,,,Trouser,average_set_size,1.013
42,gaussian_blur,mild,"{""sigma"":0.5}",standard_conformal,0.05,,,Trouser,coverage,0.988
42,gaussian_blur,mild,"{""sigma"":0.5}",standard_conformal,0.1,,,Ankle boot,average_set_size,0.993
42,gaussian_blur,mild,"{""sigma"":0.5}",standard_conformal,0.1,,,Ankle boot,coverage,0.96
42,gaussian_blur,mild,"{""sigma"":0.5}",standard_conformal,0.1,,,Bag,average_set_size,0.983
42,gaussian_blur,mild,"{""sigma"":0.5}",standard_conformal,0.1,,,Bag,coverage,0.972
42,gaussian_blur,mild,"{""sigma"":0.5}",standard_conformal,0.1,,,Coat,average_set_size,0.879
42,gaussian_blur,mild,"{""sigma"":0.5}",standard_conformal,0.1,,,Coat,coverage,0.752
42,gaussian_blur,mild,"{""sigma"":0.5}",standard_conformal,0.1,,,Dress,average_set_size,0.943
42,gaussian_blur,mild,"{""sigma"":0.5}",standard_conformal,0.1,,,Dress,coverage,0.91
42,gaussian_blur,mild,"{""sigma"":0.5}",standard_conformal,0.1,,,Pullover,average_set_size,0.928
42,gaussian_blur,mild,"{""sigma"":0.5}",standard_conformal,0.1,,,Pullover,coverage,0.87
42,gaussian_blur,mild,"{""sigma"":0.5}",standard_conformal,0.1,,,Sandal,average_set_size,0.996
42,gaussian_blur,mild,"{""sigma"":0.5}",standard_conformal,0.1,,,Sandal,coverage,0.971
42,gaussian_blur,mild,"{""sigma"":0.5}",standard_conformal,0.1,,,Shirt,average_set_size,0.746
42,gaussian_blur,mild,"{""sigma"":0.5}",standard_conformal,0.1,,,Shirt,coverage,0.45
42,gaussian_blur,mild,"{""sigma"":0.5}",standard_conformal,0.1,,,Sneaker,average_set_size,0.992
42,gaussian_blur,mild,"{""sigma"":0.5}",standard_conformal,0.1,,,Sneaker,coverage,0.977
42,gaussian_blur,mild,"{""sigma"":0.5}",standard_conformal,0.1,,,T-shirt/top,average_set_size,0.926
42,gaussian_blur,mild,"{""sigma"":0.5}",standard_conformal,0.1,,,T-shirt/top,coverage,0.889
42,gaussian_blur,mild,"{""sigma"":0.5}",standard_conformal,0.1,,,Trouser,average_set_size,0.987
42,gaussian_blur,mild,"{""sigma"":0.5}",standard_conformal,0.1,,,Trouser,coverage,0.978
42,gaussian_blur,mild,"{""sigma"":0.5}",standard_conformal,0.2,,,Ankle boot,average_set_size,0.923
42,gaussian_blur,mild,"{""sigma"":0.5}",standard_conformal,0.2,,,Ankle boot,coverage,0.912
42,gaussian_blur,mild,"{""sigma"":0.5}",standard_conformal,0.2,,,Bag,average_set_size,0.951
42,gaussian_blur,mild,"{""sigma"":0.5}",standard_conformal,0.2,,,Bag,coverage,0.947
42,gaussian_blur,mild,"{""sigma"":0.5}",standard_conformal,0.2,,,Coat,average_set_size,0.521
42,gaussian_blur,mild,"{""sigma"":0.5}",standard_conformal,0.2,,,Coat,coverage,0.488
42,gaussian_blur,mild,"{""sigma"":0.5}",standard_conformal,0.2,,,Dress,average_set_size,0.809
42,gaussian_blur,mild,"{""sigma"":0.5}",standard_conformal,0.2,,,Dress,coverage,0.8
42,gaussian_blur,mild,"{""sigma"":0.5}",standard_conformal,0.2,,,Pullover,average_set_size,0.718
42,gaussian_blur,mild,"{""sigma"":0.5}",standard_conformal,0.2,,,Pullover,coverage,0.701
42,gaussian_blur,mild,"{""sigma"":0.5}",standard_conformal,0.2,,,Sandal,average_set_size,0.968
42,gaussian_blur,mild,"{""sigma"":0.5}",standard_conformal,0.2,,,Sandal,coverage,0.953
42,gaussian_blur,mild,"{""sigma"":0.5}",standard_conformal,0.2,,,Shirt,average_set_size,0.327
42,gaussian_blur,mild,"{""sigma"":0.5}",standard_conformal,0.2,,,Shirt,coverage,0.233
42,gaussian_blur,mild,"{""sigma"":0.5}",standard_conformal,0.2,,,Sneaker,average_set_size,0.915
42,gaussian_blur,mild,"{""sigma"":0.5}",standard_conformal,0.2,,,Sneaker,coverage,0.907
42,gaussian_blur,mild,"{""sigma"":0.5}",standard_conformal,0.2,,,T-shirt/top,average_set_size,0.743
42,gaussian_blur,mild,"{""sigma"":0.5}",standard_conformal,0.2,,,T-shirt/top,coverage,0.733
42,gaussian_blur,mild,"{""sigma"":0.5}",standard_conformal,0.2,,,Trouser,average_set_size,0.969
42,gaussian_blur,mild,"{""sigma"":0.5}",standard_conformal,0.2,,,Trouser,coverage,0.966
42,gaussian_blur,strong,"{""sigma"":1.5}",class_conditional_conformal,0.05,,,Ankle boot,average_set_size,0.977
42,gaussian_blur,strong,"{""sigma"":1.5}",class_conditional_conformal,0.05,,,Ankle boot,coverage,0.972
42,gaussian_blur,strong,"{""sigma"":1.5}",class_conditional_conformal,0.05,,,Bag,average_set_size,0.637
42,gaussian_blur,strong,"{""sigma"":1.5}",class_conditional_conformal,0.05,,,Bag,coverage,0.49
42,gaussian_blur,strong,"{""sigma"":1.5}",class_conditional_conformal,0.05,,,Coat,average_set_size,2.317
42,gaussian_blur,strong,"{""sigma"":1.5}",class_conditional_conformal,0.05,,,Coat,coverage,0.727
42,gaussian_blur,strong,"{""sigma"":1.5}",class_conditional_conformal,0.05,,,Dress,average_set_size,1.258
42,gaussian_blur,strong,"{""sigma"":1.5}",class_conditional_conformal,0.05,,,Dress,coverage,0.883
42,gaussian_blur,strong,"{""sigma"":1.5}",class_conditional_conformal,0.05,,,Pullover,average_set_size,1.98
42,gaussian_blur,strong,"{""sigma"":1.5}",class_conditional_conformal,0.05,,,Pullover,coverage,0.965
42,gaussian_blur,strong,"{""sigma"":1.5}",class_conditional_conformal,0.05,,,Sandal,average_set_size,0.435
42,gaussian_blur,strong,"{""sigma"":1.5}",class_conditional_conformal,0.05,,,Sandal,coverage,0.268
42,gaussian_blur,strong,"{""sigma"":1.5}",class_conditional_conformal,0.05,,,Shirt,average_set_size,1.983
42,gaussian_blur,strong,"{""sigma"":1.5}",class_conditional_conformal,0.05,,,Shirt,coverage,0.754
42,gaussian_blur,strong,"{""sigma"":1.5}",class_conditional_conformal,0.05,,,Sneaker,average_set_size,0.77
42,gaussian_blur,strong,"{""sigma"":1.5}",class_conditional_conformal,0.05,,,Sneaker,coverage,0.722
42,gaussian_blur,strong,"{""sigma"":1.5}",class_conditional_conformal,0.05,,,T-shirt/top,average_set_size,1.321
42,gaussian_blur,strong,"{""sigma"":1.5}",class_conditional_conformal,0.05,,,T-shirt/top,coverage,0.937
42,gaussian_blur,strong,"{""sigma"":1.5}",class_conditional_conformal,0.05,,,Trouser,average_set_size,0.387
42,gaussian_blur,strong,"{""sigma"":1.5}",class_conditional_conformal,0.05,,,Trouser,coverage,0.028
42,gaussian_blur,strong,"{""sigma"":1.5}",class_conditional_conformal,0.1,,,Ankle boot,average_set_size,0.659
42,gaussian_blur,strong,"{""sigma"":1.5}",class_conditional_conformal,0.1,,,Ankle boot,coverage,0.658
42,gaussian_blur,strong,"{""sigma"":1.5}",class_conditional_conformal,0.1,,,Bag,average_set_size,0.051
42,gaussian_blur,strong,"{""sigma"":1.5}",class_conditional_conformal,0.1,,,Bag,coverage,0.031
42,gaussian_blur,strong,"{""sigma"":1.5}",class_conditional_conformal,0.1,,,Coat,average_set_size,0.954
42,gaussian_blur,strong,"{""sigma"":1.5}",class_conditional_conformal,0.1,,,Coat,coverage,0.243
42,gaussian_blur,strong,"{""sigma"":1.5}",class_conditional_conformal,0.1,,,Dress,average_set_size,0.738
42,gaussian_blur,strong,"{""sigma"":1.5}",class_conditional_conformal,0.1,,,Dress,coverage,0.672
42,gaussian_blur,strong,"{""sigma"":1.5}",class_conditional_conformal,0.1,,,Pullover,average_set_size,1.005
42,gaussian_blur,strong,"{""sigma"":1.5}",class_conditional_conformal,0.1,,,Pullover,coverage,0.847
42,gaussian_blur,strong,"{""sigma"":1.5}",class_conditional_conformal,0.1,,,Sandal,average_set_size,0.101
42,gaussian_blur,strong,"{""sigma"":1.5}",class_conditional_conformal,0.1,,,Sandal,coverage,0.07
42,gaussian_blur,strong,"{""sigma"":1.5}",class_conditional_conformal,0.1,,,Shirt,average_set_size,0.904
42,gaussian_blur,strong,"{""sigma"":1.5}",class_conditional_conformal,0.1,,,Shirt,coverage,0.26
42,gaussian_blur,strong,"{""sigma"":1.5}",class_conditional_conformal,0.1,,,Sneaker,average_set_size,0.605
42,gaussian_blur,strong,"{""sigma"":1.5}",class_conditional_conformal,0.1,,,Sneaker,coverage,0.605
42,gaussian_blur,strong,"{""sigma"":1.5}",class_conditional_conformal,0.1,,,T-shirt/top,average_set_size,0.894
42,gaussian_blur,strong,"{""sigma"":1.5}",class_conditional_conformal,0.1,,,T-shirt/top,coverage,0.817
42,gaussian_blur,strong,"{""sigma"":1.5}",class_conditional_conformal,0.1,,,Trouser,average_set_size,0.127
42,gaussian_blur,strong,"{""sigma"":1.5}",class_conditional_conformal,0.1,,,Trouser,coverage,0.0
42,gaussian_blur,strong,"{""sigma"":1.5}",class_conditional_conformal,0.2,,,Ankle boot,average_set_size,0.033
42,gaussian_blur,strong,"{""sigma"":1.5}",class_conditional_conformal,0.2,,,Ankle boot,coverage,0.033
42,gaussian_blur,strong,"{""sigma"":1.5}",class_conditional_conformal,0.2,,,Bag,average_set_size,0.002
42,gaussian_blur,strong,"{""sigma"":1.5}",class_conditional_conformal,0.2,,,Bag,coverage,0.0
42,gaussian_blur,strong,"{""sigma"":1.5}",class_conditional_conformal,0.2,,,Coat,average_set_size,0.059
42,gaussian_blur,strong,"{""sigma"":1.5}",class_conditional_conformal,0.2,,,Coat,coverage,0.039
42,gaussian_blur,strong,"{""sigma"":1.5}",class_conditional_conformal,0.2,,,Dress,average_set_size,0.2
42,gaussian_blur,strong,"{""sigma"":1.5}",class_conditional_conformal,0.2,,,Dress,coverage,0.195
42,gaussian_blur,strong,"{""sigma"":1.5}",class_conditional_conformal,0.2,,,Pullover,average_set_size,0.18
42,gaussian_blur,strong,"{""sigma"":1.5}",class_conditional_conformal,0.2,,,Pullover,coverage,0.169
42,gaussian_blur,strong,"{""sigma"":1.5}",class_conditional_conformal,0.2,,,Sandal,average_set_size,0.006
42,gaussian_blur,strong,"{""sigma"":1.5}",class_conditional_conformal,0.2,,,Sandal,coverage,0.004
42,gaussian_blur,strong,"{""sigma"":1.5}",class_conditional_conformal,0.2,,,Shirt,average_set_size,0.172
42,gaussian_blur,strong,"{""sigma"":1.5}",class_conditional_conformal,0.2,,,Shirt,coverage,0.048
42,gaussian_blur,strong,"{""sigma"":1.5}",class_conditional_conformal,0.2,,,Sneaker,average_set_size,0.331
42,gaussian_blur,strong,"{""sigma"":1.5}",class_conditional_conformal,0.2,,,Sneaker,coverage,0.331
42,gaussian_blur,strong,"{""sigma"":1.5}",class_conditional_conformal,0.2,,,T-shirt/top,average_set_size,0.665
42,gaussian_blur,strong,"{""sigma"":1.5}",class_conditional_conformal,0.2,,,T-shirt/top,coverage,0.66
42,gaussian_blur,strong,"{""sigma"":1.5}",class_conditional_conformal,0.2,,,Trouser,average_set_size,0.008
42,gaussian_blur,strong,"{""sigma"":1.5}",class_conditional_conformal,0.2,,,Trouser,coverage,0.0
42,gaussian_blur,strong,"{""sigma"":1.5}",raw_softmax,,,,Ankle boot,f1,0.8980156898938625
42,gaussian_blur,strong,"{""sigma"":1.5}",raw_softmax,,,,Ankle boot,precision,0.8337617823479005
42,gaussian_blur,strong,"{""sigma"":1.5}",raw_softmax,,,,Ankle boot,recall,0.973
42,gaussian_blur,strong,"{""sigma"":1.5}",raw_softmax,,,,Bag,f1,0.9470529470529471
42,gaussian_blur,strong,"{""sigma"":1.5}",raw_softmax,,,,Bag,precision,0.9461077844311377
42,gaussian_blur,strong,"{""sigma"":1.5}",raw_softmax,,,,Bag,recall,0.948
42,gaussian_blur,strong,"{""sigma"":1.5}",raw_softmax,,,,Coat,f1,0.2559322033898305
42,gaussian_blur,strong,"{""sigma"":1.5}",raw_softmax,,,,Coat,precision,0.8388888888888889
42,gaussian_blur,strong,"{""sigma"":1.5}",raw_softmax,,,,Coat,recall,0.151
42,gaussian_blur,strong,"{""sigma"":1.5}",raw_softmax,,,,Dress,f1,0.7286245353159851
42,gaussian_blur,strong,"{""sigma"":1.5}",raw_softmax,,,,Dress,precision,0.6206896551724138
42,gaussian_blur,strong,"{""sigma"":1.5}",raw_softmax,,,,Dress,recall,0.882
42,gaussian_blur,strong,"{""sigma"":1.5}",raw_softmax,,,,Pullover,f1,0.5650169074700276
42,gaussian_blur,strong,"{""sigma"":1.5}",raw_softmax,,,,Pullover,precision,0.4079005770084332
42,gaussian_blur,strong,"{""sigma"":1.5}",raw_softmax,,,,Pullover,recall,0.919
42,gaussian_blur,strong,"{""sigma"":1.5}",raw_softmax,,,,Sandal,f1,0.7888687235329703
42,gaussian_blur,strong,"{""sigma"":1.5}",raw_softmax,,,,Sandal,precision,0.998468606431853
42,gaussian_blur,strong,"{""sigma"":1.5}",raw_softmax,,,,Sandal,recall,0.652
42,gaussian_blur,strong,"{""sigma"":1.5}",raw_softmax,,,,Shirt,f1,0.11570247933884298
42,gaussian_blur,strong,"{""sigma"":1.5}",raw_softmax,,,,Shirt,precision,0.7078651685393258
42,gaussian_blur,strong,"{""sigma"":1.5}",raw_softmax,,,,Shirt,recall,0.063
42,gaussian_blur,strong,"{""sigma"":1.5}",raw_softmax,,,,Sneaker,f1,0.8635531135531136
42,gaussian_blur,strong,"{""sigma"":1.5}",raw_softmax,,,,Sneaker,precision,0.7964527027027027
42,gaussian_blur,strong,"{""sigma"":1.5}",raw_softmax,,,,Sneaker,recall,0.943
42,gaussian_blur,strong,"{""sigma"":1.5}",raw_softmax,,,,T-shirt/top,f1,0.7554417413572343
42,gaussian_blur,strong,"{""sigma"":1.5}",raw_softmax,,,,T-shirt/top,precision,0.6589724497393894
42,gaussian_blur,strong,"{""sigma"":1.5}",raw_softmax,,,,T-shirt/top,recall,0.885
42,gaussian_blur,strong,"{""sigma"":1.5}",raw_softmax,,,,Trouser,f1,0.8220140515222483
42,gaussian_blur,strong,"{""sigma"":1.5}",raw_softmax,,,,Trouser,precision,0.9915254237288136
42,gaussian_blur,strong,"{""sigma"":1.5}",raw_softmax,,,,Trouser,recall,0.702
42,gaussian_blur,strong,"{""sigma"":1.5}",standard_conformal,0.05,,,Ankle boot,average_set_size,1.079
42,gaussian_blur,strong,"{""sigma"":1.5}",standard_conformal,0.05,,,Ankle boot,coverage,0.995
42,gaussian_blur,strong,"{""sigma"":1.5}",standard_conformal,0.05,,,Bag,average_set_size,1.004
42,gaussian_blur,strong,"{""sigma"":1.5}",standard_conformal,0.05,,,Bag,coverage,0.944
42,gaussian_blur,strong,"{""sigma"":1.5}",standard_conformal,0.05,,,Coat,average_set_size,1.229
42,gaussian_blur,strong,"{""sigma"":1.5}",standard_conformal,0.05,,,Coat,coverage,0.295
42,gaussian_blur,strong,"{""sigma"":1.5}",standard_conformal,0.05,,,Dress,average_set_size,1.134
42,gaussian_blur,strong,"{""sigma"":1.5}",standard_conformal,0.05,,,Dress,coverage,0.912
42,gaussian_blur,strong,"{""sigma"":1.5}",standard_conformal,0.05,,,Pullover,average_set_size,1.064
42,gaussian_blur,strong,"{""sigma"":1.5}",standard_conformal,0.05,,,Pullover,coverage,0.922
42,gaussian_blur,strong,"{""sigma"":1.5}",standard_conformal,0.05,,,Sandal,average_set_size,1.198
42,gaussian_blur,strong,"{""sigma"":1.5}",standard_conformal,0.05,,,Sandal,coverage,0.726
42,gaussian_blur,strong,"{""sigma"":1.5}",standard_conformal,0.05,,,Shirt,average_set_size,1.104
42,gaussian_blur,strong,"{""sigma"":1.5}",standard_conformal,0.05,,,Shirt,coverage,0.108
42,gaussian_blur,strong,"{""sigma"":1.5}",standard_conformal,0.05,,,Sneaker,average_set_size,1.194
42,gaussian_blur,strong,"{""sigma"":1.5}",standard_conformal,0.05,,,Sneaker,coverage,0.989
42,gaussian_blur,strong,"{""sigma"":1.5}",standard_conformal,0.05,,,T-shirt/top,average_set_size,1.103
42,gaussian_blur,strong,"{""sigma"":1.5}",standard_conformal,0.05,,,T-shirt/top,coverage,0.929
42,gaussian_blur,strong,"{""sigma"":1.5}",standard_conformal,0.05,,,Trouser,average_set_size,1.13
42,gaussian_blur,strong,"{""sigma"":1.5}",standard_conformal,0.05,,,Trouser,coverage,0.737
42,gaussian_blur,strong,"{""sigma"":1.5}",standard_conformal,0.1,,,Ankle boot,average_set_size,0.981
42,gaussian_blur,strong,"{""sigma"":1.5}",standard_conformal,0.1,,,Ankle boot,coverage,0.967
42,gaussian_blur,strong,"{""sigma"":1.5}",standard_conformal,0.1,,,Bag,average_set_size,0.864
42,gaussian_blur,strong,"{""sigma"":1.5}",standard_conformal,0.1,,,Bag,coverage,0.85
42,gaussian_blur,strong,"{""sigma"":1.5}",standard_conformal,0.1,,,Coat,average_set_size,0.374
42,gaussian_blur,strong,"{""sigma"":1.5}",standard_conformal,0.1,,,Coat,coverage,0.047
42,gaussian_blur,strong,"{""sigma"":1.5}",standard_conformal,0.1,,,Dress,average_set_size,0.805
42,gaussian_blur,strong,"{""sigma"":1.5}",standard_conformal,0.1,,,Dress,coverage,0.78
42,gaussian_blur,strong,"{""sigma"":1.5}",standard_conformal,0.1,,,Pullover,average_set_size,0.611
42,gaussian_blur,strong,"{""sigma"":1.5}",standard_conformal,0.1,,,Pullover,coverage,0.59
42,gaussian_blur,strong,"{""sigma"":1.5}",standard_conformal,0.1,,,Sandal,average_set_size,0.867
42,gaussian_blur,strong,"{""sigma"":1.5}",standard_conformal,0.1,,,Sandal,coverage,0.599
42,gaussian_blur,strong,"{""sigma"":1.5}",standard_conformal,0.1,,,Shirt,average_set_size,0.35
42,gaussian_blur,strong,"{""sigma"":1.5}",standard_conformal,0.1,,,Shirt,coverage,0.008
42,gaussian_blur,strong,"{""sigma"":1.5}",standard_conformal,0.1,,,Sneaker,average_set_size,0.968
42,gaussian_blur,strong,"{""sigma"":1.5}",standard_conformal,0.1,,,Sneaker,coverage,0.926
42,gaussian_blur,strong,"{""sigma"":1.5}",standard_conformal,0.1,,,T-shirt/top,average_set_size,0.802
42,gaussian_blur,strong,"{""sigma"":1.5}",standard_conformal,0.1,,,T-shirt/top,coverage,0.773
42,gaussian_blur,strong,"{""sigma"":1.5}",standard_conformal,0.1,,,Trouser,average_set_size,0.798
42,gaussian_blur,strong,"{""sigma"":1.5}",standard_conformal,0.1,,,Trouser,coverage,0.623
42,gaussian_blur,strong,"{""sigma"":1.5}",standard_conformal,0.2,,,Ankle boot,average_set_size,0.82
42,gaussian_blur,strong,"{""sigma"":1.5}",standard_conformal,0.2,,,Ankle boot,coverage,0.818
42,gaussian_blur,strong,"{""sigma"":1.5}",standard_conformal,0.2,,,Bag,average_set_size,0.596
42,gaussian_blur,strong,"{""sigma"":1.5}",standard_conformal,0.2,,,Bag,coverage,0.592
42,gaussian_blur,strong,"{""sigma"":1.5}",standard_conformal,0.2,,,Coat,average_set_size,0.003
42,gaussian_blur,strong,"{""sigma"":1.5}",standard_conformal,0.2,,,Coat,coverage,0.002
42,gaussian_blur,strong,"{""sigma"":1.5}",standard_conformal,0.2,,,Dress,average_set_size,0.299
42,gaussian_blur,strong,"{""sigma"":1.5}",standard_conformal,0.2,,,Dress,coverage,0.298
42,gaussian_blur,strong,"{""sigma"":1.5}",standard_conformal,0.2,,,Pullover,average_set_size,0.017
42,gaussian_blur,strong,"{""sigma"":1.5}",standard_conformal,0.2,,,Pullover,coverage,0.014
42,gaussian_blur,strong,"{""sigma"":1.5}",standard_conformal,0.2,,,Sandal,average_set_size,0.511
42,gaussian_blur,strong,"{""sigma"":1.5}",standard_conformal,0.2,,,Sandal,coverage,0.436
42,gaussian_blur,strong,"{""sigma"":1.5}",standard_conformal,0.2,,,Shirt,average_set_size,0.079
42,gaussian_blur,strong,"{""sigma"":1.5}",standard_conformal,0.2,,,Shirt,coverage,0.0
42,gaussian_blur,strong,"{""sigma"":1.5}",standard_conformal,0.2,,,Sneaker,average_set_size,0.7
42,gaussian_blur,strong,"{""sigma"":1.5}",standard_conformal,0.2,,,Sneaker,coverage,0.7
42,gaussian_blur,strong,"{""sigma"":1.5}",standard_conformal,0.2,,,T-shirt/top,average_set_size,0.53
42,gaussian_blur,strong,"{""sigma"":1.5}",standard_conformal,0.2,,,T-shirt/top,coverage,0.526
42,gaussian_blur,strong,"{""sigma"":1.5}",standard_conformal,0.2,,,Trouser,average_set_size,0.421
42,gaussian_blur,strong,"{""sigma"":1.5}",standard_conformal,0.2,,,Trouser,coverage,0.409
42,gaussian_noise,medium,"{""std"":0.2}",class_conditional_conformal,0.05,,,Ankle boot,average_set_size,0.879
42,gaussian_noise,medium,"{""std"":0.2}",class_conditional_conformal,0.05,,,Ankle boot,coverage,0.807
42,gaussian_noise,medium,"{""std"":0.2}",class_conditional_conformal,0.05,,,Bag,average_set_size,0.999
42,gaussian_noise,medium,"{""std"":0.2}",class_conditional_conformal,0.05,,,Bag,coverage,0.91
42,gaussian_noise,medium,"{""std"":0.2}",class_conditional_conformal,0.05,,,Coat,average_set_size,1.766
42,gaussian_noise,medium,"{""std"":0.2}",class_conditional_conformal,0.05,,,Coat,coverage,0.832
42,gaussian_noise,medium,"{""std"":0.2}",class_conditional_conformal,0.05,,,Dress,average_set_size,1.242
42,gaussian_noise,medium,"{""std"":0.2}",class_conditional_conformal,0.05,,,Dress,coverage,0.88
42,gaussian_noise,medium,"{""std"":0.2}",class_conditional_conformal,0.05,,,Pullover,average_set_size,1.574
42,gaussian_noise,medium,"{""std"":0.2}",class_conditional_conformal,0.05,,,Pullover,coverage,0.28
42,gaussian_noise,medium,"{""std"":0.2}",class_conditional_conformal,0.05,,,Sandal,average_set_size,0.666
42,gaussian_noise,medium,"{""std"":0.2}",class_conditional_conformal,0.05,,,Sandal,coverage,0.54
42,gaussian_noise,medium,"{""std"":0.2}",class_conditional_conformal,0.05,,,Shirt,average_set_size,1.212
42,gaussian_noise,medium,"{""std"":0.2}",class_conditional_conformal,0.05,,,Shirt,coverage,0.981
42,gaussian_noise,medium,"{""std"":0.2}",class_conditional_conformal,0.05,,,Sneaker,average_set_size,0.57
42,gaussian_noise,medium,"{""std"":0.2}",class_conditional_conformal,0.05,,,Sneaker,coverage,0.487
42,gaussian_noise,medium,"{""std"":0.2}",class_conditional_conformal,0.05,,,T-shirt/top,average_set_size,1.548
42,gaussian_noise,medium,"{""std"":0.2}",class_conditional_conformal,0.05,,,T-shirt/top,coverage,0.545
42,gaussian_noise,medium,"{""std"":0.2}",class_conditional_conformal,0.05,,,Trouser,average_set_size,0.834
42,gaussian_noise,medium,"{""std"":0.2}",class_conditional_conformal,0.05,,,Trouser,coverage,0.728
42,gaussian_noise,medium,"{""std"":0.2}",class_conditional_conformal,0.1,,,Ankle boot,average_set_size,0.613
42,gaussian_noise,medium,"{""std"":0.2}",class_conditional_conformal,0.1,,,Ankle boot,coverage,0.591
42,gaussian_noise,medium,"{""std"":0.2}",class_conditional_conformal,0.1,,,Bag,average_set_size,0.759
42,gaussian_noise,medium,"{""std"":0.2}",class_conditional_conformal,0.1,,,Bag,coverage,0.703
42,gaussian_noise,medium,"{""std"":0.2}",class_conditional_conformal,0.1,,,Coat,average_set_size,1.368
42,gaussian_noise,medium,"{""std"":0.2}",class_conditional_conformal,0.1,,,Coat,coverage,0.647
42,gaussian_noise,medium,"{""std"":0.2}",class_conditional_conformal,0.1,,,Dress,average_set_size,0.999
42,gaussian_noise,medium,"{""std"":0.2}",class_conditional_conformal,0.1,,,Dress,coverage,0.778
42,gaussian_noise,medium,"{""std"":0.2}",class_conditional_conformal,0.1,,,Pullover,average_set_size,1.151
42,gaussian_noise,medium,"{""std"":0.2}",class_conditional_conformal,0.1,,,Pullover,coverage,0.082
42,gaussian_noise,medium,"{""std"":0.2}",class_conditional_conformal,0.1,,,Sandal,average_set_size,0.407
42,gaussian_noise,medium,"{""std"":0.2}",class_conditional_conformal,0.1,,,Sandal,coverage,0.359
42,gaussian_noise,medium,"{""std"":0.2}",class_conditional_conformal,0.1,,,Shirt,average_set_size,1.047
42,gaussian_noise,medium,"{""std"":0.2}",class_conditional_conformal,0.1,,,Shirt,coverage,0.963
42,gaussian_noise,medium,"{""std"":0.2}",class_conditional_conformal,0.1,,,Sneaker,average_set_size,0.332
42,gaussian_noise,medium,"{""std"":0.2}",class_conditional_conformal,0.1,,,Sneaker,coverage,0.307
42,gaussian_noise,medium,"{""std"":0.2}",class_conditional_conformal,0.1,,,T-shirt/top,average_set_size,1.161
42,gaussian_noise,medium,"{""std"":0.2}",class_conditional_conformal,0.1,,,T-shirt/top,coverage,0.313
42,gaussian_noise,medium,"{""std"":0.2}",class_conditional_conformal,0.1,,,Trouser,average_set_size,0.497
42,gaussian_noise,medium,"{""std"":0.2}",class_conditional_conformal,0.1,,,Trouser,coverage,0.444
42,gaussian_noise,medium,"{""std"":0.2}",class_conditional_conformal,0.2,,,Ankle boot,average_set_size,0.269
42,gaussian_noise,medium,"{""std"":0.2}",class_conditional_conformal,0.2,,,Ankle boot,coverage,0.26
42,gaussian_noise,medium,"{""std"":0.2}",class_conditional_conformal,0.2,,,Bag,average_set_size,0.496
42,gaussian_noise,medium,"{""std"":0.2}",class_conditional_conformal,0.2,,,Bag,coverage,0.468
42,gaussian_noise,medium,"{""std"":0.2}",class_conditional_conformal,0.2,,,Coat,average_set_size,0.953
42,gaussian_noise,medium,"{""std"":0.2}",class_conditional_conformal,0.2,,,Coat,coverage,0.414
42,gaussian_noise,medium,"{""std"":0.2}",class_conditional_conformal,0.2,,,Dress,average_set_size,0.712
42,gaussian_noise,medium,"{""std"":0.2}",class_conditional_conformal,0.2,,,Dress,coverage,0.599
42,gaussian_noise,medium,"{""std"":0.2}",class_conditional_conformal,0.2,,,Pullover,average_set_size,0.89
42,gaussian_noise,medium,"{""std"":0.2}",class_conditional_conformal,0.2,,,Pullover,coverage,0.013
42,gaussian_noise,medium,"{""std"":0.2}",class_conditional_conformal,0.2,,,Sandal,average_set_size,0.212
42,gaussian_noise,medium,"{""std"":0.2}",class_conditional_conformal,0.2,,,Sandal,coverage,0.194
42,gaussian_noise,medium,"{""std"":0.2}",class_conditional_conformal,0.2,,,Shirt,average_set_size,0.941
42,gaussian_noise,medium,"{""std"":0.2}",class_conditional_conformal,0.2,,,Shirt,coverage,0.918
42,gaussian_noise,medium,"{""std"":0.2}",class_conditional_conformal,0.2,,,Sneaker,average_set_size,0.147
42,gaussian_noise,medium,"{""std"":0.2}",class_conditional_conformal,0.2,,,Sneaker,coverage,0.137
42,gaussian_noise,medium,"{""std"":0.2}",class_conditional_conformal,0.2,,,T-shirt/top,average_set_size,0.836
42,gaussian_noise,medium,"{""std"":0.2}",class_conditional_conformal,0.2,,,T-shirt/top,coverage,0.154
42,gaussian_noise,medium,"{""std"":0.2}",class_conditional_conformal,0.2,,,Trouser,average_set_size,0.199
42,gaussian_noise,medium,"{""std"":0.2}",class_conditional_conformal,0.2,,,Trouser,coverage,0.182
42,gaussian_noise,medium,"{""std"":0.2}",raw_softmax,,,,Ankle boot,f1,0.9044313934863855
42,gaussian_noise,medium,"{""std"":0.2}",raw_softmax,,,,Ankle boot,precision,0.9702176403207331
42,gaussian_noise,medium,"{""std"":0.2}",raw_softmax,,,,Ankle boot,recall,0.847
42,gaussian_noise,medium,"{""std"":0.2}",raw_softmax,,,,Bag,f1,0.8254777070063695
42,gaussian_noise,medium,"{""std"":0.2}",raw_softmax,,,,Bag,precision,0.7173431734317344
42,gaussian_noise,medium,"{""std"":0.2}",raw_softmax,,,,Bag,recall,0.972
42,gaussian_noise,medium,"{""std"":0.2}",raw_softmax,,,,Coat,f1,0.613349368610944
42,gaussian_noise,medium,"{""std"":0.2}",raw_softmax,,,,Coat,precision,0.7692307692307693
42,gaussian_noise,medium,"{""std"":0.2}",raw_softmax,,,,Coat,recall,0.51
42,gaussian_noise,medium,"{""std"":0.2}",raw_softmax,,,,Dress,f1,0.819038642789821
42,gaussian_noise,medium,"{""std"":0.2}",raw_softmax,,,,Dress,precision,0.7745098039215687
42,gaussian_noise,medium,"{""std"":0.2}",raw_softmax,,,,Dress,recall,0.869
42,gaussian_noise,medium,"{""std"":0.2}",raw_softmax,,,,Pullover,f1,0.1423290203327172
42,gaussian_noise,medium,"{""std"":0.2}",raw_softmax,,,,Pullover,precision,0.9390243902439024
42,gaussian_noise,medium,"{""std"":0.2}",raw_softmax,,,,Pullover,recall,0.077
42,gaussian_noise,medium,"{""std"":0.2}",raw_softmax,,,,Sandal,f1,0.893923789907312
42,gaussian_noise,medium,"{""std"":0.2}",raw_softmax,,,,Sandal,precision,0.921443736730361
42,gaussian_noise,medium,"{""std"":0.2}",raw_softmax,,,,Sandal,recall,0.868
42,gaussian_noise,medium,"{""std"":0.2}",raw_softmax,,,,Shirt,f1,0.4644525168655942
42,gaussian_noise,medium,"{""std"":0.2}",raw_softmax,,,,Shirt,precision,0.3135949544498949
42,gaussian_noise,medium,"{""std"":0.2}",raw_softmax,,,,Shirt,recall,0.895
42,gaussian_noise,medium,"{""std"":0.2}",raw_softmax,,,,Sneaker,f1,0.8610354223433242
42,gaussian_noise,medium,"{""std"":0.2}",raw_softmax,,,,Sneaker,precision,0.9461077844311377
42,gaussian_noise,medium,"{""std"":0.2}",raw_softmax,,,,Sneaker,recall,0.79
42,gaussian_noise,medium,"{""std"":0.2}",raw_softmax,,,,T-shirt/top,f1,0.4704119850187266
42,gaussian_noise,medium,"{""std"":0.2}",raw_softmax,,,,T-shirt/top,precision,0.9373134328358209
42,gaussian_noise,medium,"{""std"":0.2}",raw_softmax,,,,T-shirt/top,recall,0.314
42,gaussian_noise,medium,"{""std"":0.2}",raw_softmax,,,,Trouser,f1,0.9675090252707581
42,gaussian_noise,medium,"{""std"":0.2}",raw_softmax,,,,Trouser,precision,0.9989350372736954
42,gaussian_noise,medium,"{""std"":0.2}",raw_softmax,,,,Trouser,recall,0.938
42,gaussian_noise,medium,"{""std"":0.2}",standard_conformal,0.05,,,Ankle boot,average_set_size,1.099
42,gaussian_noise,medium,"{""std"":0.2}",standard_conformal,0.05,,,Ankle boot,coverage,0.89
42,gaussian_noise,medium,"{""std"":0.2}",standard_conformal,0.05,,,Bag,average_set_size,1.031
42,gaussian_noise,medium,"{""std"":0.2}",standard_conformal,0.05,,,Bag,coverage,0.984
42,gaussian_noise,medium,"{""std"":0.2}",standard_conformal,0.05,,,Coat,average_set_size,1.404
42,gaussian_noise,medium,"{""std"":0.2}",standard_conformal,0.05,,,Coat,coverage,0.684
42,gaussian_noise,medium,"{""std"":0.2}",standard_conformal,0.05,,,Dress,average_set_size,1.119
42,gaussian_noise,medium,"{""std"":0.2}",standard_conformal,0.05,,,Dress,coverage,0.914
42,gaussian_noise,medium,"{""std"":0.2}",standard_conformal,0.05,,,Pullover,average_set_size,1.255
42,gaussian_noise,medium,"{""std"":0.2}",standard_conformal,0.05,,,Pullover,coverage,0.155
42,gaussian_noise,medium,"{""std"":0.2}",standard_conformal,0.05,,,Sandal,average_set_size,1.092
42,gaussian_noise,medium,"{""std"":0.2}",standard_conformal,0.05,,,Sandal,coverage,0.898
42,gaussian_noise,medium,"{""std"":0.2}",standard_conformal,0.05,,,Shirt,average_set_size,1.138
42,gaussian_noise,medium,"{""std"":0.2}",standard_conformal,0.05,,,Shirt,coverage,0.945
42,gaussian_noise,medium,"{""std"":0.2}",standard_conformal,0.05,,,Sneaker,average_set_size,1.166
42,gaussian_noise,medium,"{""std"":0.2}",standard_conformal,0.05,,,Sneaker,coverage,0.85
42,gaussian_noise,medium,"{""std"":0.2}",standard_conformal,0.05,,,T-shirt/top,average_set_size,1.422
42,gaussian_noise,medium,"{""std"":0.2}",standard_conformal,0.05,,,T-shirt/top,coverage,0.523
42,gaussian_noise,medium,"{""std"":0.2}",standard_conformal,0.05,,,Trouser,average_set_size,1.036
42,gaussian_noise,medium,"{""std"":0.2}",standard_conformal,0.05,,,Trouser,coverage,0.95
42,gaussian_noise,medium,"{""std"":0.2}",standard_conformal,0.1,,,Ankle boot,average_set_size,0.881
42,gaussian_noise,medium,"{""std"":0.2}",standard_conformal,0.1,,,Ankle boot,coverage,0.803
42,gaussian_noise,medium,"{""std"":0.2}",standard_conformal,0.1,,,Bag,average_set_size,0.982
42,gaussian_noise,medium,"{""std"":0.2}",standard_conformal,0.1,,,Bag,coverage,0.965
42,gaussian_noise,medium,"{""std"":0.2}",standard_conformal,0.1,,,Coat,average_set_size,0.846
42,gaussian_noise,medium,"{""std"":0.2}",standard_conformal,0.1,,,Coat,coverage,0.43
42,gaussian_noise,medium,"{""std"":0.2}",standard_conformal,0.1,,,Dress,average_set_size,0.899
42,gaussian_noise,medium,"{""std"":0.2}",standard_conformal,0.1,,,Dress,coverage,0.816
42,gaussian_noise,medium,"{""std"":0.2}",standard_conformal,0.1,,,Pullover,average_set_size,0.823
42,gaussian_noise,medium,"{""std"":0.2}",standard_conformal,0.1,,,Pullover,coverage,0.049
42,gaussian_noise,medium,"{""std"":0.2}",standard_conformal,0.1,,,Sandal,average_set_size,0.919
42,gaussian_noise,medium,"{""std"":0.2}",standard_conformal,0.1,,,Sandal,coverage,0.834
42,gaussian_noise,medium,"{""std"":0.2}",standard_conformal,0.1,,,Shirt,average_set_size,0.926
42,gaussian_noise,medium,"{""std"":0.2}",standard_conformal,0.1,,,Shirt,coverage,0.854
42,gaussian_noise,medium,"{""std"":0.2}",standard_conformal,0.1,,,Sneaker,average_set_size,0.823
42,gaussian_noise,medium,"{""std"":0.2}",standard_conformal,0.1,,,Sneaker,coverage,0.7
42,gaussian_noise,medium,"{""std"":0.2}",standard_conformal,0.1,,,T-shirt/top,average_set_size,0.79
42,gaussian_noise,medium,"{""std"":0.2}",standard_conformal,0.1,,,T-shirt/top,coverage,0.252
42,gaussian_noise,medium,"{""std"":0.2}",standard_conformal,0.1,,,Trouser,average_set_size,0.959
42,gaussian_noise,medium,"{""std"":0.2}",standard_conformal,0.1,,,Trouser,coverage,0.924
42,gaussian_noise,medium,"{""std"":0.2}",standard_conformal,0.2,,,Ankle boot,average_set_size,0.678
42,gaussian_noise,medium,"{""std"":0.2}",standard_conformal,0.2,,,Ankle boot,coverage,0.657
42,gaussian_noise,medium,"{""std"":0.2}",standard_conformal,0.2,,,Bag,average_set_size,0.923
42,gaussian_noise,medium,"{""std"":0.2}",standard_conformal,0.2,,,Bag,coverage,0.922
42,gaussian_noise,medium,"{""std"":0.2}",standard_conformal,0.2,,,Coat,average_set_size,0.253
42,gaussian_noise,medium,"{""std"":0.2}",standard_conformal,0.2,,,Coat,coverage,0.127
42,gaussian_noise,medium,"{""std"":0.2}",standard_conformal,0.2,,,Dress,average_set_size,0.66
42,gaussian_noise,medium,"{""std"":0.2}",standard_conformal,0.2,,,Dress,coverage,0.646
42,gaussian_noise,medium,"{""std"":0.2}",standard_conformal,0.2,,,Pullover,average_set_size,0.339
42,gaussian_noise,medium,"{""std"":0.2}",standard_conformal,0.2,,,Pullover,coverage,0.011
42,gaussian_noise,medium,"{""std"":0.2}",standard_conformal,0.2,,,Sandal,average_set_size,0.735
42,gaussian_noise,medium,"{""std"":0.2}",standard_conformal,0.2,,,Sandal,coverage,0.709
42,gaussian_noise,medium,"{""std"":0.2}",standard_conformal,0.2,,,Shirt,average_set_size,0.62
42,gaussian_noise,medium,"{""std"":0.2}",standard_conformal,0.2,,,Shirt,coverage,0.606
42,gaussian_noise,medium,"{""std"":0.2}",standard_conformal,0.2,,,Sneaker,average_set_size,0.464
42,gaussian_noise,medium,"{""std"":0.2}",standard_conformal,0.2,,,Sneaker,coverage,0.446
42,gaussian_noise,medium,"{""std"":0.2}",standard_conformal,0.2,,,T-shirt/top,average_set_size,0.236
42,gaussian_noise,medium,"{""std"":0.2}",standard_conformal,0.2,,,T-shirt/top,coverage,0.097
42,gaussian_noise,medium,"{""std"":0.2}",standard_conformal,0.2,,,Trouser,average_set_size,0.88
42,gaussian_noise,medium,"{""std"":0.2}",standard_conformal,0.2,,,Trouser,coverage,0.874
42,gaussian_noise,mild,"{""std"":0.1}",class_conditional_conformal,0.05,,,Ankle boot,average_set_size,0.957
42,gaussian_noise,mild,"{""std"":0.1}",class_conditional_conformal,0.05,,,Ankle boot,coverage,0.939
42,gaussian_noise,mild,"{""std"":0.1}",class_conditional_conformal,0.05,,,Bag,average_set_size,0.988
42,gaussian_noise,mild,"{""std"":0.1}",class_conditional_conformal,0.05,,,Bag,coverage,0.934
42,gaussian_noise,mild,"{""std"":0.1}",class_conditional_conformal,0.05,,,Coat,average_set_size,1.513
42,gaussian_noise,mild,"{""std"":0.1}",class_conditional_conformal,0.05,,,Coat,coverage,0.974
42,gaussian_noise,mild,"{""std"":0.1}",class_conditional_conformal,0.05,,,Dress,average_set_size,1.171
42,gaussian_noise,mild,"{""std"":0.1}",class_conditional_conformal,0.05,,,Dress,coverage,0.934
42,gaussian_noise,mild,"{""std"":0.1}",class_conditional_conformal,0.05,,,Pullover,average_set_size,1.946
42,gaussian_noise,mild,"{""std"":0.1}",class_conditional_conformal,0.05,,,Pullover,coverage,0.757
42,gaussian_noise,mild,"{""std"":0.1}",class_conditional_conformal,0.05,,,Sandal,average_set_size,0.91
42,gaussian_noise,mild,"{""std"":0.1}",class_conditional_conformal,0.05,,,Sandal,coverage,0.902
42,gaussian_noise,mild,"{""std"":0.1}",class_conditional_conformal,0.05,,,Shirt,average_set_size,1.404
42,gaussian_noise,mild,"{""std"":0.1}",class_conditional_conformal,0.05,,,Shirt,coverage,0.964
42,gaussian_noise,mild,"{""std"":0.1}",class_conditional_conformal,0.05,,,Sneaker,average_set_size,0.893
42,gaussian_noise,mild,"{""std"":0.1}",class_conditional_conformal,0.05,,,Sneaker,coverage,0.879
42,gaussian_noise,mild,"{""std"":0.1}",class_conditional_conformal,0.05,,,T-shirt/top,average_set_size,1.541
42,gaussian_noise,mild,"{""std"":0.1}",class_conditional_conformal,0.05,,,T-shirt/top,coverage,0.863
42,gaussian_noise,mild,"{""std"":0.1}",class_conditional_conformal,0.05,,,Trouser,average_set_size,0.969
42,gaussian_noise,mild,"{""std"":0.1}",class_conditional_conformal,0.05,,,Trouser,coverage,0.933
42,gaussian_noise,mild,"{""std"":0.1}",class_conditional_conformal,0.1,,,Ankle boot,average_set_size,0.846
42,gaussian_noise,mild,"{""std"":0.1}",class_conditional_conformal,0.1,,,Ankle boot,coverage,0.84
42,gaussian_noise,mild,"{""std"":0.1}",class_conditional_conformal,0.1,,,Bag,average_set_size,0.835
42,gaussian_noise,mild,"{""std"":0.1}",class_conditional_conformal,0.1,,,Bag,coverage,0.807
42,gaussian_noise,mild,"{""std"":0.1}",class_conditional_conformal,0.1,,,Coat,average_set_size,1.228
42,gaussian_noise,mild,"{""std"":0.1}",class_conditional_conformal,0.1,,,Coat,coverage,0.924
42,gaussian_noise,mild,"{""std"":0.1}",class_conditional_conformal,0.1,,,Dress,average_set_size,0.987
42,gaussian_noise,mild,"{""std"":0.1}",class_conditional_conformal,0.1,,,Dress,coverage,0.87
42,gaussian_noise,mild,"{""std"":0.1}",class_conditional_conformal,0.1,,,Pullover,average_set_size,1.343
42,gaussian_noise,mild,"{""std"":0.1}",class_conditional_conformal,0.1,,,Pullover,coverage,0.503
42,gaussian_noise,mild,"{""std"":0.1}",class_conditional_conformal,0.1,,,Sandal,average_set_size,0.771
42,gaussian_noise,mild,"{""std"":0.1}",class_conditional_conformal,0.1,,,Sandal,coverage,0.766
42,gaussian_noise,mild,"{""std"":0.1}",class_conditional_conformal,0.1,,,Shirt,average_set_size,1.133
42,gaussian_noise,mild,"{""std"":0.1}",class_conditional_conformal,0.1,,,Shirt,coverage,0.919
42,gaussian_noise,mild,"{""std"":0.1}",class_conditional_conformal,0.1,,,Sneaker,average_set_size,0.786
42,gaussian_noise,mild,"{""std"":0.1}",class_conditional_conformal,0.1,,,Sneaker,coverage,0.783
42,gaussian_noise,mild,"{""std"":0.1}",class_conditional_conformal,0.1,,,T-shirt/top,average_set_size,1.188
42,gaussian_noise,mild,"{""std"":0.1}",class_conditional_conformal,0.1,,,T-shirt/top,coverage,0.716
42,gaussian_noise,mild,"{""std"":0.1}",class_conditional_conformal,0.1,,,Trouser,average_set_size,0.863
42,gaussian_noise,mild,"{""std"":0.1}",class_conditional_conformal,0.1,,,Trouser,coverage,0.845
42,gaussian_noise,mild,"{""std"":0.1}",class_conditional_conformal,0.2,,,Ankle boot,average_set_size,0.693
42,gaussian_noise,mild,"{""std"":0.1}",class_conditional_conformal,0.2,,,Ankle boot,coverage,0.692
42,gaussian_noise,mild,"{""std"":0.1}",class_conditional_conformal,0.2,,,Bag,average_set_size,0.65
42,gaussian_noise,mild,"{""std"":0.1}",class_conditional_conformal,0.2,,,Bag,coverage,0.642
42,gaussian_noise,mild,"{""std"":0.1}",class_conditional_conformal,0.2,,,Coat,average_set_size,0.962
42,gaussian_noise,mild,"{""std"":0.1}",class_conditional_conformal,0.2,,,Coat,coverage,0.813
42,gaussian_noise,mild,"{""std"":0.1}",class_conditional_conformal,0.2,,,Dress,average_set_size,0.798
42,gaussian_noise,mild,"{""std"":0.1}",class_conditional_conformal,0.2,,,Dress,coverage,0.743
42,gaussian_noise,mild,"{""std"":0.1}",class_conditional_conformal,0.2,,,Pullover,average_set_size,0.769
42,gaussian_noise,mild,"{""std"":0.1}",class_conditional_conformal,0.2,,,Pullover,coverage,0.234
42,gaussian_noise,mild,"{""std"":0.1}",class_conditional_conformal,0.2,,,Sandal,average_set_size,0.573
42,gaussian_noise,mild,"{""std"":0.1}",class_conditional_conformal,0.2,,,Sandal,coverage,0.571
42,gaussian_noise,mild,"{""std"":0.1}",class_conditional_conformal,0.2,,,Shirt,average_set_size,0.937
42,gaussian_noise,mild,"{""std"":0.1}",class_conditional_conformal,0.2,,,Shirt,coverage,0.855
42,gaussian_noise,mild,"{""std"":0.1}",class_conditional_conformal,0.2,,,Sneaker,average_set_size,0.65
42,gaussian_noise,mild,"{""std"":0.1}",class_conditional_conformal,0.2,,,Sneaker,coverage,0.65
42,gaussian_noise,mild,"{""std"":0.1}",class_conditional_conformal,0.2,,,T-shirt/top,average_set_size,0.817
42,gaussian_noise,mild,"{""std"":0.1}",class_conditional_conformal,0.2,,,T-shirt/top,coverage,0.543
42,gaussian_noise,mild,"{""std"":0.1}",class_conditional_conformal,0.2,,,Trouser,average_set_size,0.612
42,gaussian_noise,mild,"{""std"":0.1}",class_conditional_conformal,0.2,,,Trouser,coverage,0.606
42,gaussian_noise,mild,"{""std"":0.1}",raw_softmax,,,,Ankle boot,f1,0.9612640163098879
42,gaussian_noise,mild,"{""std"":0.1}",raw_softmax,,,,Ankle boot,precision,0.9802494802494802
42,gaussian_noise,mild,"{""std"":0.1}",raw_softmax,,,,Ankle boot,recall,0.943
42,gaussian_noise,mild,"{""std"":0.1}",raw_softmax,,,,Bag,f1,0.9794486215538847
42,gaussian_noise,mild,"{""std"":0.1}",raw_softmax,,,,Bag,precision,0.9819095477386934
42,gaussian_noise,mild,"{""std"":0.1}",raw_softmax,,,,Bag,recall,0.977
42,gaussian_noise,mild,"{""std"":0.1}",raw_softmax,,,,Coat,f1,0.8043375766148043
42,gaussian_noise,mild,"{""std"":0.1}",raw_softmax,,,,Coat,precision,0.7609277430865299
42,gaussian_noise,mild,"{""std"":0.1}",raw_softmax,,,,Coat,recall,0.853
42,gaussian_noise,mild,"{""std"":0.1}",raw_softmax,,,,Dress,f1,0.8824369347929557
42,gaussian_noise,mild,"{""std"":0.1}",raw_softmax,,,,Dress,precision,0.8419618528610354
42,gaussian_noise,mild,"{""std"":0.1}",raw_softmax,,,,Dress,recall,0.927
42,gaussian_noise,mild,"{""std"":0.1}",raw_softmax,,,,Pullover,f1,0.6243315508021391
42,gaussian_noise,mild,"{""std"":0.1}",raw_softmax,,,,Pullover,precision,0.9415322580645161
42,gaussian_noise,mild,"{""std"":0.1}",raw_softmax,,,,Pullover,recall,0.467
42,gaussian_noise,mild,"{""std"":0.1}",raw_softmax,,,,Sandal,f1,0.9762376237623762
42,gaussian_noise,mild,"{""std"":0.1}",raw_softmax,,,,Sandal,precision,0.9666666666666667
42,gaussian_noise,mild,"{""std"":0.1}",raw_softmax,,,,Sandal,recall,0.986
42,gaussian_noise,mild,"{""std"":0.1}",raw_softmax,,,,Shirt,f1,0.6509018036072144
42,gaussian_noise,mild,"{""std"":0.1}",raw_softmax,,,,Shirt,precision,0.5431438127090301
42,gaussian_noise,mild,"{""std"":0.1}",raw_softmax,,,,Shirt,recall,0.812
42,gaussian_noise,mild,"{""std"":0.1}",raw_softmax,,,,Sneaker,f1,0.9574257425742574
42,gaussian_noise,mild,"{""std"":0.1}",raw_softmax,,,,Sneaker,precision,0.9480392156862745
42,gaussian_noise,mild,"{""std"":0.1}",raw_softmax,,,,Sneaker,recall,0.967
42,gaussian_noise,mild,"{""std"":0.1}",raw_softmax,,,,T-shirt/top,f1,0.8037589828634605
42,gaussian_noise,mild,"{""std"":0.1}",raw_softmax,,,,T-shirt/top,precision,0.8986402966625463
42,gaussian_noise,mild,"{""std"":0.1}",raw_softmax,,,,T-shirt/top,recall,0.727
42,gaussian_noise,mild,"{""std"":0.1}",raw_softmax,,,,Trouser,f1,0.9843513377082281
42,gaussian_noise,mild,"{""std"":0.1}",raw_softmax,,,,Trouser,precision,0.9938837920489296
42,gaussian_noise,mild,"{""std"":0.1}",raw_softmax,,,,Trouser,recall,0.975
42,gaussian_noise,mild,"{""std"":0.1}",standard_conformal,0.05,,,Ankle boot,average_set_size,1.065
42,gaussian_noise,mild,"{""std"":0.1}",standard_conformal,0.05,,,Ankle boot,coverage,0.961
42,gaussian_noise,mild,"{""std"":0.1}",standard_conformal,0.05,,,Bag,average_set_size,1.015
42,gaussian_noise,mild,"{""std"":0.1}",standard_conformal,0.05,,,Bag,coverage,0.982
42,gaussian_noise,mild,"{""std"":0.1}",standard_conformal,0.05,,,Coat,average_set_size,1.215
42,gaussian_noise,mild,"{""std"":0.1}",standard_conformal,0.05,,,Coat,coverage,0.93
42,gaussian_noise,mild,"{""std"":0.1}",standard_conformal,0.05,,,Dress,average_set_size,1.072
42,gaussian_noise,mild,"{""std"":0.1}",standard_conformal,0.05,,,Dress,coverage,0.953
42,gaussian_noise,mild,"{""std"":0.1}",standard_conformal,0.05,,,Pullover,average_set_size,1.411
42,gaussian_noise,mild,"{""std"":0.1}",standard_conformal,0.05,,,Pullover,coverage,0.621
42,gaussian_noise,mild,"{""std"":0.1}",standard_conformal,0.05,,,Sandal,average_set_size,1.012
42,gaussian_noise,mild,"{""std"":0.1}",standard_conformal,0.05,,,Sandal,coverage,0.99
42,gaussian_noise,mild,"{""std"":0.1}",standard_conformal,0.05,,,Shirt,average_set_size,1.234
42,gaussian_noise,mild,"{""std"":0.1}",standard_conformal,0.05,,,Shirt,coverage,0.888
42,gaussian_noise,mild,"{""std"":0.1}",standard_conformal,0.05,,,Sneaker,average_set_size,1.07
42,gaussian_noise,mild,"{""std"":0.1}",standard_conformal,0.05,,,Sneaker,coverage,0.985
42,gaussian_noise,mild,"{""std"":0.1}",standard_conformal,0.05,,,T-shirt/top,average_set_size,1.295
42,gaussian_noise,mild,"{""std"":0.1}",standard_conformal,0.05,,,T-shirt/top,coverage,0.851
42,gaussian_noise,mild,"{""std"":0.1}",standard_conformal,0.05,,,Trouser,average_set_size,1.019
42,gaussian_noise,mild,"{""std"":0.1}",standard_conformal,0.05,,,Trouser,coverage,0.985
42,gaussian_noise,mild,"{""std"":0.1}",standard_conformal,0.1,,,Ankle boot,average_set_size,0.985
42,gaussian_noise,mild,"{""std"":0.1}",standard_conformal,0.1,,,Ankle boot,coverage,0.937
42,gaussian_noise,mild,"{""std"":0.1}",standard_conformal,0.1,,,Bag,average_set_size,0.98
42,gaussian_noise,mild,"{""std"":0.1}",standard_conformal,0.1,,,Bag,coverage,0.973
42,gaussian_noise,mild,"{""std"":0.1}",standard_conformal,0.1,,,Coat,average_set_size,0.93
42,gaussian_noise,mild,"{""std"":0.1}",standard_conformal,0.1,,,Coat,coverage,0.821
42,gaussian_noise,mild,"{""std"":0.1}",standard_conformal,0.1,,,Dress,average_set_size,0.944
42,gaussian_noise,mild,"{""std"":0.1}",standard_conformal,0.1,,,Dress,coverage,0.898
42,gaussian_noise,mild,"{""std"":0.1}",standard_conformal,0.1,,,Pullover,average_set_size,0.763
42,gaussian_noise,mild,"{""std"":0.1}",standard_conformal,0.1,,,Pullover,coverage,0.372
42,gaussian_noise,mild,"{""std"":0.1}",standard_conformal,0.1,,,Sandal,average_set_size,0.994
42,gaussian_noise,mild,"{""std"":0.1}",standard_conformal,0.1,,,Sandal,coverage,0.982
42,gaussian_noise,mild,"{""std"":0.1}",standard_conformal,0.1,,,Shirt,average_set_size,0.901
42,gaussian_noise,mild,"{""std"":0.1}",standard_conformal,0.1,,,Shirt,coverage,0.764
42,gaussian_noise,mild,"{""std"":0.1}",standard_conformal,0.1,,,Sneaker,average_set_size,0.983
42,gaussian_noise,mild,"{""std"":0.1}",standard_conformal,0.1,,,Sneaker,coverage,0.958
42,gaussian_noise,mild,"{""std"":0.1}",standard_conformal,0.1,,,T-shirt/top,average_set_size,0.854
42,gaussian_noise,mild,"{""std"":0.1}",standard_conformal,0.1,,,T-shirt/top,coverage,0.668
42,gaussian_noise,mild,"{""std"":0.1}",standard_conformal,0.1,,,Trouser,average_set_size,0.985
42,gaussian_noise,mild,"{""std"":0.1}",standard_conformal,0.1,,,Trouser,coverage,0.972
42,gaussian_noise,mild,"{""std"":0.1}",standard_conformal,0.2,,,Ankle boot,average_set_size,0.888
42,gaussian_noise,mild,"{""std"":0.1}",standard_conformal,0.2,,,Ankle boot,coverage,0.869
42,gaussian_noise,mild,"{""std"":0.1}",standard_conformal,0.2,,,Bag,average_set_size,0.946
42,gaussian_noise,mild,"{""std"":0.1}",standard_conformal,0.2,,,Bag,coverage,0.944
42,gaussian_noise,mild,"{""std"":0.1}",standard_conformal,0.2,,,Coat,average_set_size,0.584
42,gaussian_noise,mild,"{""std"":0.1}",standard_conformal,0.2,,,Coat,coverage,0.564
42,gaussian_noise,mild,"{""std"":0.1}",standard_conformal,0.2,,,Dress,average_set_size,0.786
42,gaussian_noise,mild,"{""std"":0.1}",standard_conformal,0.2,,,Dress,coverage,0.776
42,gaussian_noise,mild,"{""std"":0.1}",standard_conformal,0.2,,,Pullover,average_set_size,0.195
42,gaussian_noise,mild,"{""std"":0.1}",standard_conformal,0.2,,,Pullover,coverage,0.122
42,gaussian_noise,mild,"{""std"":0.1}",standard_conformal,0.2,,,Sandal,average_set_size,0.966
42,gaussian_noise,mild,"{""std"":0.1}",standard_conformal,0.2,,,Sandal,coverage,0.959
42,gaussian_noise,mild,"{""std"":0.1}",standard_conformal,0.2,,,Shirt,average_set_size,0.47
42,gaussian_noise,mild,"{""std"":0.1}",standard_conformal,0.2,,,Shirt,coverage,0.438
42,gaussian_noise,mild,"{""std"":0.1}",standard_conformal,0.2,,,Sneaker,average_set_size,0.87
42,gaussian_noise,mild,"{""std"":0.1}",standard_conformal,0.2,,,Sneaker,coverage,0.863
42,gaussian_noise,mild,"{""std"":0.1}",standard_conformal,0.2,,,T-shirt/top,average_set_size,0.453
42,gaussian_noise,mild,"{""std"":0.1}",standard_conformal,0.2,,,T-shirt/top,coverage,0.42
42,gaussian_noise,mild,"{""std"":0.1}",standard_conformal,0.2,,,Trouser,average_set_size,0.962
42,gaussian_noise,mild,"{""std"":0.1}",standard_conformal,0.2,,,Trouser,coverage,0.959
42,gaussian_noise,strong,"{""std"":0.3}",class_conditional_conformal,0.05,,,Ankle boot,average_set_size,0.858
42,gaussian_noise,strong,"{""std"":0.3}",class_conditional_conformal,0.05,,,Ankle boot,coverage,0.248
42,gaussian_noise,strong,"{""std"":0.3}",class_conditional_conformal,0.05,,,Bag,average_set_size,1.011
42,gaussian_noise,strong,"{""std"":0.3}",class_conditional_conformal,0.05,,,Bag,coverage,0.853
42,gaussian_noise,strong,"{""std"":0.3}",class_conditional_conformal,0.05,,,Coat,average_set_size,1.348
42,gaussian_noise,strong,"{""std"":0.3}",class_conditional_conformal,0.05,,,Coat,coverage,0.332
42,gaussian_noise,strong,"{""std"":0.3}",class_conditional_conformal,0.05,,,Dress,average_set_size,1.319
42,gaussian_noise,strong,"{""std"":0.3}",class_conditional_conformal,0.05,,,Dress,coverage,0.668
42,gaussian_noise,strong,"{""std"":0.3}",class_conditional_conformal,0.05,,,Pullover,average_set_size,1.16
42,gaussian_noise,strong,"{""std"":0.3}",class_conditional_conformal,0.05,,,Pullover,coverage,0.052
42,gaussian_noise,strong,"{""std"":0.3}",class_conditional_conformal,0.05,,,Sandal,average_set_size,0.717
42,gaussian_noise,strong,"{""std"":0.3}",class_conditional_conformal,0.05,,,Sandal,coverage,0.112
42,gaussian_noise,strong,"{""std"":0.3}",class_conditional_conformal,0.05,,,Shirt,average_set_size,1.067
42,gaussian_noise,strong,"{""std"":0.3}",class_conditional_conformal,0.05,,,Shirt,coverage,0.983
42,gaussian_noise,strong,"{""std"":0.3}",class_conditional_conformal,0.05,,,Sneaker,average_set_size,0.737
42,gaussian_noise,strong,"{""std"":0.3}",class_conditional_conformal,0.05,,,Sneaker,coverage,0.016
42,gaussian_noise,strong,"{""std"":0.3}",class_conditional_conformal,0.05,,,T-shirt/top,average_set_size,1.157
42,gaussian_noise,strong,"{""std"":0.3}",class_conditional_conformal,0.05,,,T-shirt/top,coverage,0.125
42,gaussian_noise,strong,"{""std"":0.3}",class_conditional_conformal,0.05,,,Trouser,average_set_size,0.727
42,gaussian_noise,strong,"{""std"":0.3}",class_conditional_conformal,0.05,,,Trouser,coverage,0.223
42,gaussian_noise,strong,"{""std"":0.3}",class_conditional_conformal,0.1,,,Ankle boot,average_set_size,0.355
42,gaussian_noise,strong,"{""std"":0.3}",class_conditional_conformal,0.1,,,Ankle boot,coverage,0.104
42,gaussian_noise,strong,"{""std"":0.3}",class_conditional_conformal,0.1,,,Bag,average_set_size,0.674
42,gaussian_noise,strong,"{""std"":0.3}",class_conditional_conformal,0.1,,,Bag,coverage,0.571
42,gaussian_noise,strong,"{""std"":0.3}",class_conditional_conformal,0.1,,,Coat,average_set_size,1.066
42,gaussian_noise,strong,"{""std"":0.3}",class_conditional_conformal,0.1,,,Coat,coverage,0.157
42,gaussian_noise,strong,"{""std"":0.3}",class_conditional_conformal,0.1,,,Dress,average_set_size,0.976
42,gaussian_noise,strong,"{""std"":0.3}",class_conditional_conformal,0.1,,,Dress,coverage,0.526
42,gaussian_noise,strong,"{""std"":0.3}",class_conditional_conformal,0.1,,,Pullover,average_set_size,1.001
42,gaussian_noise,strong,"{""std"":0.3}",class_conditional_conformal,0.1,,,Pullover,coverage,0.011
42,gaussian_noise,strong,"{""std"":0.3}",class_conditional_conformal,0.1,,,Sandal,average_set_size,0.352
42,gaussian_noise,strong,"{""std"":0.3}",class_conditional_conformal,0.1,,,Sandal,coverage,0.029
42,gaussian_noise,strong,"{""std"":0.3}",class_conditional_conformal,0.1,,,Shirt,average_set_size,0.98
42,gaussian_noise,strong,"{""std"":0.3}",class_conditional_conformal,0.1,,,Shirt,coverage,0.956
42,gaussian_noise,strong,"{""std"":0.3}",class_conditional_conformal,0.1,,,Sneaker,average_set_size,0.258
42,gaussian_noise,strong,"{""std"":0.3}",class_conditional_conformal,0.1,,,Sneaker,coverage,0.006
42,gaussian_noise,strong,"{""std"":0.3}",class_conditional_conformal,0.1,,,T-shirt/top,average_set_size,1.003
42,gaussian_noise,strong,"{""std"":0.3}",class_conditional_conformal,0.1,,,T-shirt/top,coverage,0.047
42,gaussian_noise,strong,"{""std"":0.3}",class_conditional_conformal,0.1,,,Trouser,average_set_size,0.269
42,gaussian_noise,strong,"{""std"":0.3}",class_conditional_conformal,0.1,,,Trouser,coverage,0.038
42,gaussian_noise,strong,"{""std"":0.3}",class_conditional_conformal,0.2,,,Ankle boot,average_set_size,0.157
42,gaussian_noise,strong,"{""std"":0.3}",class_conditional_conformal,0.2,,,Ankle boot,coverage,0.016
42,gaussian_noise,strong,"{""std"":0.3}",class_conditional_conformal,0.2,,,Bag,average_set_size,0.382
42,gaussian_noise,strong,"{""std"":0.3}",class_conditional_conformal,0.2,,,Bag,coverage,0.319
42,gaussian_noise,strong,"{""std"":0.3}",class_conditional_conformal,0.2,,,Coat,average_set_size,0.874
42,gaussian_noise,strong,"{""std"":0.3}",class_conditional_conformal,0.2,,,Coat,coverage,0.056
42,gaussian_noise,strong,"{""std"":0.3}",class_conditional_conformal,0.2,,,Dress,average_set_size,0.572
42,gaussian_noise,strong,"{""std"":0.3}",class_conditional_conformal,0.2,,,Dress,coverage,0.296
42,gaussian_noise,strong,"{""std"":0.3}",class_conditional_conformal,0.2,,,Pullover,average_set_size,0.929
42,gaussian_noise,strong,"{""std"":0.3}",class_conditional_conformal,0.2,,,Pullover,coverage,0.001
42,gaussian_noise,strong,"{""std"":0.3}",class_conditional_conformal,0.2,,,Sandal,average_set_size,0.228
42,gaussian_noise,strong,"{""std"":0.3}",class_conditional_conformal,0.2,,,Sandal,coverage,0.007
42,gaussian_noise,strong,"{""std"":0.3}",class_conditional_conformal,0.2,,,Shirt,average_set_size,0.939
42,gaussian_noise,strong,"{""std"":0.3}",class_conditional_conformal,0.2,,,Shirt,coverage,0.931
42,gaussian_noise,strong,"{""std"":0.3}",class_conditional_conformal,0.2,,,Sneaker,average_set_size,0.12
42,gaussian_noise,strong,"{""std"":0.3}",class_conditional_conformal,0.2,,,Sneaker,coverage,0.0
42,gaussian_noise,strong,"{""std"":0.3}",class_conditional_conformal,0.2,,,T-shirt/top,average_set_size,0.907
42,gaussian_noise,strong,"{""std"":0.3}",class_conditional_conformal,0.2,,,T-shirt/top,coverage,0.019
42,gaussian_noise,strong,"{""std"":0.3}",class_conditional_conformal,0.2,,,Trouser,average_set_size,0.102
42,gaussian_noise,strong,"{""std"":0.3}",class_conditional_conformal,0.2,,,Trouser,coverage,0.008
42,gaussian_noise,strong,"{""std"":0.3}",raw_softmax,,,,Ankle boot,f1,0.4648318042813456
42,gaussian_noise,strong,"{""std"":0.3}",raw_softmax,,,,Ankle boot,precision,0.987012987012987
42,gaussian_noise,strong,"{""std"":0.3}",raw_softmax,,,,Ankle boot,recall,0.304
42,gaussian_noise,strong,"{""std"":0.3}",raw_softmax,,,,Bag,f1,0.4430409356725146
42,gaussian_noise,strong,"{""std"":0.3}",raw_softmax,,,,Bag,precision,0.28916030534351145
42,gaussian_noise,strong,"{""std"":0.3}",raw_softmax,,,,Bag,recall,0.947
42,gaussian_noise,strong,"{""std"":0.3}",raw_softmax,,,,Coat,f1,0.14774774774774774
42,gaussian_noise,strong,"{""std"":0.3}",raw_softmax,,,,Coat,precision,0.7454545454545455
42,gaussian_noise,strong,"{""std"":0.3}",raw_softmax,,,,Coat,recall,0.082
42,gaussian_noise,strong,"{""std"":0.3}",raw_softmax,,,,Dress,f1,0.6588114754098361
42,gaussian_noise,strong,"{""std"":0.3}",raw_softmax,,,,Dress,precision,0.6754201680672269
42,gaussian_noise,strong,"{""std"":0.3}",raw_softmax,,,,Dress,recall,0.643
42,gaussian_noise,strong,"{""std"":0.3}",raw_softmax,,,,Pullover,f1,0.015873015873015872
42,gaussian_noise,strong,"{""std"":0.3}",raw_softmax,,,,Pullover,precision,1.0
42,gaussian_noise,strong,"{""std"":0.3}",raw_softmax,,,,Pullover,recall,0.008
42,gaussian_noise,strong,"{""std"":0.3}",raw_softmax,,,,Sandal,f1,0.4967032967032967
42,gaussian_noise,strong,"{""std"":0.3}",raw_softmax,,,,Sandal,precision,0.9287671232876712
42,gaussian_noise,strong,"{""std"":0.3}",raw_softmax,,,,Sandal,recall,0.339
42,gaussian_noise,strong,"{""std"":0.3}",raw_softmax,,,,Shirt,f1,0.34898037706810314
42,gaussian_noise,strong,"{""std"":0.3}",raw_softmax,,,,Shirt,precision,0.2160552644116246
42,gaussian_noise,strong,"{""std"":0.3}",raw_softmax,,,,Shirt,recall,0.907
42,gaussian_noise,strong,"{""std"":0.3}",raw_softmax,,,,Sneaker,f1,0.14113277623026926
42,gaussian_noise,strong,"{""std"":0.3}",raw_softmax,,,,Sneaker,precision,0.987012987012987
42,gaussian_noise,strong,"{""std"":0.3}",raw_softmax,,,,Sneaker,recall,0.076
42,gaussian_noise,strong,"{""std"":0.3}",raw_softmax,,,,T-shirt/top,f1,0.08952380952380952
42,gaussian_noise,strong,"{""std"":0.3}",raw_softmax,,,,T-shirt/top,precision,0.94
42,gaussian_noise,strong,"{""std"":0.3}",raw_softmax,,,,T-shirt/top,recall,0.047
42,gaussian_noise,strong,"{""std"":0.3}",raw_softmax,,,,Trouser,f1,0.7929993964996982
42,gaussian_noise,strong,"{""std"":0.3}",raw_softmax,,,,Trouser,precision,1.0
42,gaussian_noise,strong,"{""std"":0.3}",raw_softmax,,,,Trouser,recall,0.657
42,gaussian_noise,strong,"{""std"":0.3}",standard_conformal,0.05,,,Ankle boot,average_set_size,1.228
42,gaussian_noise,strong,"{""std"":0.3}",standard_conformal,0.05,,,Ankle boot,coverage,0.371
42,gaussian_noise,strong,"{""std"":0.3}",standard_conformal,0.05,,,Bag,average_set_size,1.05
42,gaussian_noise,strong,"{""std"":0.3}",standard_conformal,0.05,,,Bag,coverage,0.968
42,gaussian_noise,strong,"{""std"":0.3}",standard_conformal,0.05,,,Coat,average_set_size,1.237
42,gaussian_noise,strong,"{""std"":0.3}",standard_conformal,0.05,,,Coat,coverage,0.167
42,gaussian_noise,strong,"{""std"":0.3}",standard_conformal,0.05,,,Dress,average_set_size,1.221
42,gaussian_noise,strong,"{""std"":0.3}",standard_conformal,0.05,,,Dress,coverage,0.711
42,gaussian_noise,strong,"{""std"":0.3}",standard_conformal,0.05,,,Pullover,average_set_size,1.113
42,gaussian_noise,strong,"{""std"":0.3}",standard_conformal,0.05,,,Pullover,coverage,0.017
42,gaussian_noise,strong,"{""std"":0.3}",standard_conformal,0.05,,,Sandal,average_set_size,1.251
42,gaussian_noise,strong,"{""std"":0.3}",standard_conformal,0.05,,,Sandal,coverage,0.404
42,gaussian_noise,strong,"{""std"":0.3}",standard_conformal,0.05,,,Shirt,average_set_size,1.096
42,gaussian_noise,strong,"{""std"":0.3}",standard_conformal,0.05,,,Shirt,coverage,0.943
42,gaussian_noise,strong,"{""std"":0.3}",standard_conformal,0.05,,,Sneaker,average_set_size,1.191
42,gaussian_noise,strong,"{""std"":0.3}",standard_conformal,0.05,,,Sneaker,coverage,0.115
42,gaussian_noise,strong,"{""std"":0.3}",standard_conformal,0.05,,,T-shirt/top,average_set_size,1.186
42,gaussian_noise,strong,"{""std"":0.3}",standard_conformal,0.05,,,T-shirt/top,coverage,0.114
42,gaussian_noise,strong,"{""std"":0.3}",standard_conformal,0.05,,,Trouser,average_set_size,1.169
42,gaussian_noise,strong,"{""std"":0.3}",standard_conformal,0.05,,,Trouser,coverage,0.704
42,gaussian_noise,strong,"{""std"":0.3}",standard_conformal,0.1,,,Ankle boot,average_set_size,0.814
42,gaussian_noise,strong,"{""std"":0.3}",standard_conformal,0.1,,,Ankle boot,coverage,0.242
42,gaussian_noise,strong,"{""std"":0.3}",standard_conformal,0.1,,,Bag,average_set_size,0.991
42,gaussian_noise,strong,"{""std"":0.3}",standard_conformal,0.1,,,Bag,coverage,0.946
42,gaussian_noise,strong,"{""std"":0.3}",standard_conformal,0.1,,,Coat,average_set_size,0.87
42,gaussian_noise,strong,"{""std"":0.3}",standard_conformal,0.1,,,Coat,coverage,0.058
42,gaussian_noise,strong,"{""std"":0.3}",standard_conformal,0.1,,,Dress,average_set_size,0.823
42,gaussian_noise,strong,"{""std"":0.3}",standard_conformal,0.1,,,Dress,coverage,0.575
42,gaussian_noise,strong,"{""std"":0.3}",standard_conformal,0.1,,,Pullover,average_set_size,0.93
42,gaussian_noise,strong,"{""std"":0.3}",standard_conformal,0.1,,,Pullover,coverage,0.006
42,gaussian_noise,strong,"{""std"":0.3}",standard_conformal,0.1,,,Sandal,average_set_size,0.881
42,gaussian_noise,strong,"{""std"":0.3}",standard_conformal,0.1,,,Sandal,coverage,0.313
42,gaussian_noise,strong,"{""std"":0.3}",standard_conformal,0.1,,,Shirt,average_set_size,0.954
42,gaussian_noise,strong,"{""std"":0.3}",standard_conformal,0.1,,,Shirt,coverage,0.881
42,gaussian_noise,strong,"{""std"":0.3}",standard_conformal,0.1,,,Sneaker,average_set_size,0.849
42,gaussian_noise,strong,"{""std"":0.3}",standard_conformal,0.1,,,Sneaker,coverage,0.051
42,gaussian_noise,strong,"{""std"":0.3}",standard_conformal,0.1,,,T-shirt/top,average_set_size,0.904
42,gaussian_noise,strong,"{""std"":0.3}",standard_conformal,0.1,,,T-shirt/top,coverage,0.032
42,gaussian_noise,strong,"{""std"":0.3}",standard_conformal,0.1,,,Trouser,average_set_size,0.769
42,gaussian_noise,strong,"{""std"":0.3}",standard_conformal,0.1,,,Trouser,coverage,0.592
42,gaussian_noise,strong,"{""std"":0.3}",standard_conformal,0.2,,,Ankle boot,average_set_size,0.416
42,gaussian_noise,strong,"{""std"":0.3}",standard_conformal,0.2,,,Ankle boot,coverage,0.141
42,gaussian_noise,strong,"{""std"":0.3}",standard_conformal,0.2,,,Bag,average_set_size,0.894
42,gaussian_noise,strong,"{""std"":0.3}",standard_conformal,0.2,,,Bag,coverage,0.88
42,gaussian_noise,strong,"{""std"":0.3}",standard_conformal,0.2,,,Coat,average_set_size,0.462
42,gaussian_noise,strong,"{""std"":0.3}",standard_conformal,0.2,,,Coat,coverage,0.008
42,gaussian_noise,strong,"{""std"":0.3}",standard_conformal,0.2,,,Dress,average_set_size,0.426
42,gaussian_noise,strong,"{""std"":0.3}",standard_conformal,0.2,,,Dress,coverage,0.345
42,gaussian_noise,strong,"{""std"":0.3}",standard_conformal,0.2,,,Pullover,average_set_size,0.617
42,gaussian_noise,strong,"{""std"":0.3}",standard_conformal,0.2,,,Pullover,coverage,0.0
42,gaussian_noise,strong,"{""std"":0.3}",standard_conformal,0.2,,,Sandal,average_set_size,0.472
42,gaussian_noise,strong,"{""std"":0.3}",standard_conformal,0.2,,,Sandal,coverage,0.211
42,gaussian_noise,strong,"{""std"":0.3}",standard_conformal,0.2,,,Shirt,average_set_size,0.725
42,gaussian_noise,strong,"{""std"":0.3}",standard_conformal,0.2,,,Shirt,coverage,0.699
42,gaussian_noise,strong,"{""std"":0.3}",standard_conformal,0.2,,,Sneaker,average_set_size,0.422
42,gaussian_noise,strong,"{""std"":0.3}",standard_conformal,0.2,,,Sneaker,coverage,0.012
42,gaussian_noise,strong,"{""std"":0.3}",standard_conformal,0.2,,,T-shirt/top,average_set_size,0.468
42,gaussian_noise,strong,"{""std"":0.3}",standard_conformal,0.2,,,T-shirt/top,coverage,0.012
42,gaussian_noise,strong,"{""std"":0.3}",standard_conformal,0.2,,,Trouser,average_set_size,0.474
42,gaussian_noise,strong,"{""std"":0.3}",standard_conformal,0.2,,,Trouser,coverage,0.441
42,rotation,medium,"{""degrees"":20.0}",class_conditional_conformal,0.05,,,Ankle boot,average_set_size,0.848
42,rotation,medium,"{""degrees"":20.0}",class_conditional_conformal,0.05,,,Ankle boot,coverage,0.749
42,rotation,medium,"{""degrees"":20.0}",class_conditional_conformal,0.05,,,Bag,average_set_size,0.846
42,rotation,medium,"{""degrees"":20.0}",class_conditional_conformal,0.05,,,Bag,coverage,0.703
42,rotation,medium,"{""degrees"":20.0}",class_conditional_conformal,0.05,,,Coat,average_set_size,1.907
42,rotation,medium,"{""degrees"":20.0}",class_conditional_conformal,0.05,,,Coat,coverage,0.852
42,rotation,medium,"{""degrees"":20.0}",class_conditional_conformal,0.05,,,Dress,average_set_size,1.575
42,rotation,medium,"{""degrees"":20.0}",class_conditional_conformal,0.05,,,Dress,coverage,0.658
42,rotation,medium,"{""degrees"":20.0}",class_conditional_conformal,0.05,,,Pullover,average_set_size,1.998
42,rotation,medium,"{""degrees"":20.0}",class_conditional_conformal,0.05,,,Pullover,coverage,0.33
42,rotation,medium,"{""degrees"":20.0}",class_conditional_conformal,0.05,,,Sandal,average_set_size,0.855
42,rotation,medium,"{""degrees"":20.0}",class_conditional_conformal,0.05,,,Sandal,coverage,0.739
42,rotation,medium,"{""degrees"":20.0}",class_conditional_conformal,0.05,,,Shirt,average_set_size,1.766
42,rotation,medium,"{""degrees"":20.0}",class_conditional_conformal,0.05,,,Shirt,coverage,0.853
42,rotation,medium,"{""degrees"":20.0}",class_conditional_conformal,0.05,,,Sneaker,average_set_size,0.43
42,rotation,medium,"{""degrees"":20.0}",class_conditional_conformal,0.05,,,Sneaker,coverage,0.369
42,rotation,medium,"{""degrees"":20.0}",class_conditional_conformal,0.05,,,T-shirt/top,average_set_size,1.645
42,rotation,medium,"{""degrees"":20.0}",class_conditional_conformal,0.05,,,T-shirt/top,coverage,0.155
42,rotation,medium,"{""degrees"":20.0}",class_conditional_conformal,0.05,,,Trouser,average_set_size,1.251
42,rotation,medium,"{""degrees"":20.0}",class_conditional_conformal,0.05,,,Trouser,coverage,0.011
42,rotation,medium,"{""degrees"":20.0}",class_conditional_conformal,0.1,,,Ankle boot,average_set_size,0.478
42,rotation,medium,"{""degrees"":20.0}",class_conditional_conformal,0.1,,,Ankle boot,coverage,0.441
42,rotation,medium,"{""degrees"":20.0}",class_conditional_conformal,0.1,,,Bag,average_set_size,0.294
42,rotation,medium,"{""degrees"":20.0}",class_conditional_conformal,0.1,,,Bag,coverage,0.248
42,rotation,medium,"{""degrees"":20.0}",class_conditional_conformal,0.1,,,Coat,average_set_size,0.981
42,rotation,medium,"{""degrees"":20.0}",class_conditional_conformal,0.1,,,Coat,coverage,0.477
42,rotation,medium,"{""degrees"":20.0}",class_conditional_conformal,0.1,,,Dress,average_set_size,0.906
42,rotation,medium,"{""degrees"":20.0}",class_conditional_conformal,0.1,,,Dress,coverage,0.455
42,rotation,medium,"{""degrees"":20.0}",class_conditional_conformal,0.1,,,Pullover,average_set_size,0.71
42,rotation,medium,"{""degrees"":20.0}",class_conditional_conformal,0.1,,,Pullover,coverage,0.009
42,rotation,medium,"{""degrees"":20.0}",class_conditional_conformal,0.1,,,Sandal,average_set_size,0.636
42,rotation,medium,"{""degrees"":20.0}",class_conditional_conformal,0.1,,,Sandal,coverage,0.563
42,rotation,medium,"{""degrees"":20.0}",class_conditional_conformal,0.1,,,Shirt,average_set_size,0.865
42,rotation,medium,"{""degrees"":20.0}",class_conditional_conformal,0.1,,,Shirt,coverage,0.585
42,rotation,medium,"{""degrees"":20.0}",class_conditional_conformal,0.1,,,Sneaker,average_set_size,0.178
42,rotation,medium,"{""degrees"":20.0}",class_conditional_conformal,0.1,,,Sneaker,coverage,0.169
42,rotation,medium,"{""degrees"":20.0}",class_conditional_conformal,0.1,,,T-shirt/top,average_set_size,0.902
42,rotation,medium,"{""degrees"":20.0}",class_conditional_conformal,0.1,,,T-shirt/top,coverage,0.043
42,rotation,medium,"{""degrees"":20.0}",class_conditional_conformal,0.1,,,Trouser,average_set_size,0.508
42,rotation,medium,"{""degrees"":20.0}",class_conditional_conformal,0.1,,,Trouser,coverage,0.0
42,rotation,medium,"{""degrees"":20.0}",class_conditional_conformal,0.2,,,Ankle boot,average_set_size,0.084
42,rotation,medium,"{""degrees"":20.0}",class_conditional_conformal,0.2,,,Ankle boot,coverage,0.071
42,rotation,medium,"{""degrees"":20.0}",class_conditional_conformal,0.2,,,Bag,average_set_size,0.045
42,rotation,medium,"{""degrees"":20.0}",class_conditional_conformal,0.2,,,Bag,coverage,0.034
42,rotation,medium,"{""degrees"":20.0}",class_conditional_conformal,0.2,,,Coat,average_set_size,0.344
42,rotation,medium,"{""degrees"":20.0}",class_conditional_conformal,0.2,,,Coat,coverage,0.203
42,rotation,medium,"{""degrees"":20.0}",class_conditional_conformal,0.2,,,Dress,average_set_size,0.319
42,rotation,medium,"{""degrees"":20.0}",class_conditional_conformal,0.2,,,Dress,coverage,0.155
42,rotation,medium,"{""degrees"":20.0}",class_conditional_conformal,0.2,,,Pullover,average_set_size,0.185
42,rotation,medium,"{""degrees"":20.0}",class_conditional_conformal,0.2,,,Pullover,coverage,0.0
42,rotation,medium,"{""degrees"":20.0}",class_conditional_conformal,0.2,,,Sandal,average_set_size,0.396
42,rotation,medium,"{""degrees"":20.0}",class_conditional_conformal,0.2,,,Sandal,coverage,0.356
42,rotation,medium,"{""degrees"":20.0}",class_conditional_conformal,0.2,,,Shirt,average_set_size,0.304
42,rotation,medium,"{""degrees"":20.0}",class_conditional_conformal,0.2,,,Shirt,coverage,0.243
42,rotation,medium,"{""degrees"":20.0}",class_conditional_conformal,0.2,,,Sneaker,average_set_size,0.044
42,rotation,medium,"{""degrees"":20.0}",class_conditional_conformal,0.2,,,Sneaker,coverage,0.044
42,rotation,medium,"{""degrees"":20.0}",class_conditional_conformal,0.2,,,T-shirt/top,average_set_size,0.324
42,rotation,medium,"{""degrees"":20.0}",class_conditional_conformal,0.2,,,T-shirt/top,coverage,0.007
42,rotation,medium,"{""degrees"":20.0}",class_conditional_conformal,0.2,,,Trouser,average_set_size,0.135
42,rotation,medium,"{""degrees"":20.0}",class_conditional_conformal,0.2,,,Trouser,coverage,0.0
42,rotation,medium,"{""degrees"":20.0}",raw_softmax,,,,Ankle boot,f1,0.8657205240174672
42,rotation,medium,"{""degrees"":20.0}",raw_softmax,,,,Ankle boot,precision,0.953125
42,rotation,medium,"{""degrees"":20.0}",raw_softmax,,,,Ankle boot,recall,0.793
42,rotation,medium,"{""degrees"":20.0}",raw_softmax,,,,Bag,f1,0.8532961931290622
42,rotation,medium,"{""degrees"":20.0}",raw_softmax,,,,Bag,precision,0.7963604852686309
42,rotation,medium,"{""degrees"":20.0}",raw_softmax,,,,Bag,recall,0.919
42,rotation,medium,"{""degrees"":20.0}",raw_softmax,,,,Coat,f1,0.45603181617322136
42,rotation,medium,"{""degrees"":20.0}",raw_softmax,,,,Coat,precision,0.4085510688836104
42,rotation,medium,"{""degrees"":20.0}",raw_softmax,,,,Coat,recall,0.516
42,rotation,medium,"{""degrees"":20.0}",raw_softmax,,,,Dress,f1,0.41216216216216217
42,rotation,medium,"{""degrees"":20.0}",raw_softmax,,,,Dress,precision,0.2974290780141844
42,rotation,medium,"{""degrees"":20.0}",raw_softmax,,,,Dress,recall,0.671
42,rotation,medium,"{""degrees"":20.0}",raw_softmax,,,,Pullover,f1,0.11913357400722022
42,rotation,medium,"{""degrees"":20.0}",raw_softmax,,,,Pullover,precision,0.6111111111111112
42,rotation,medium,"{""degrees"":20.0}",raw_softmax,,,,Pullover,recall,0.066
42,rotation,medium,"{""degrees"":20.0}",raw_softmax,,,,Sandal,f1,0.8007133303611235
42,rotation,medium,"{""degrees"":20.0}",raw_softmax,,,,Sandal,precision,0.7224456958970233
42,rotation,medium,"{""degrees"":20.0}",raw_softmax,,,,Sandal,recall,0.898
42,rotation,medium,"{""degrees"":20.0}",raw_softmax,,,,Shirt,f1,0.29130087789305664
42,rotation,medium,"{""degrees"":20.0}",raw_softmax,,,,Shirt,precision,0.24236387782204516
42,rotation,medium,"{""degrees"":20.0}",raw_softmax,,,,Shirt,recall,0.365
42,rotation,medium,"{""degrees"":20.0}",raw_softmax,,,,Sneaker,f1,0.7824657534246575
42,rotation,medium,"{""degrees"":20.0}",raw_softmax,,,,Sneaker,precision,0.8654545454545455
42,rotation,medium,"{""degrees"":20.0}",raw_softmax,,,,Sneaker,recall,0.714
42,rotation,medium,"{""degrees"":20.0}",raw_softmax,,,,T-shirt/top,f1,0.11641791044776119
42,rotation,medium,"{""degrees"":20.0}",raw_softmax,,,,T-shirt/top,precision,0.22941176470588234
42,rotation,medium,"{""degrees"":20.0}",raw_softmax,,,,T-shirt/top,recall,0.078
42,rotation,medium,"{""degrees"":20.0}",raw_softmax,,,,Trouser,f1,0.6381534283774609
42,rotation,medium,"{""degrees"":20.0}",raw_softmax,,,,Trouser,precision,0.9936575052854123
42,rotation,medium,"{""degrees"":20.0}",raw_softmax,,,,Trouser,recall,0.47
42,rotation,medium,"{""degrees"":20.0}",standard_conformal,0.05,,,Ankle boot,average_set_size,1.183
42,rotation,medium,"{""degrees"":20.0}",standard_conformal,0.05,,,Ankle boot,coverage,0.858
42,rotation,medium,"{""degrees"":20.0}",standard_conformal,0.05,,,Bag,average_set_size,1.052
42,rotation,medium,"{""degrees"":20.0}",standard_conformal,0.05,,,Bag,coverage,0.94
42,rotation,medium,"{""degrees"":20.0}",standard_conformal,0.05,,,Coat,average_set_size,1.012
42,rotation,medium,"{""degrees"":20.0}",standard_conformal,0.05,,,Coat,coverage,0.536
42,rotation,medium,"{""degrees"":20.0}",standard_conformal,0.05,,,Dress,average_set_size,1.186
42,rotation,medium,"{""degrees"":20.0}",standard_conformal,0.05,,,Dress,coverage,0.728
42,rotation,medium,"{""degrees"":20.0}",standard_conformal,0.05,,,Pullover,average_set_size,0.839
42,rotation,medium,"{""degrees"":20.0}",standard_conformal,0.05,,,Pullover,coverage,0.051
42,rotation,medium,"{""degrees"":20.0}",standard_conformal,0.05,,,Sandal,average_set_size,1.062
42,rotation,medium,"{""degrees"":20.0}",standard_conformal,0.05,,,Sandal,coverage,0.918
42,rotation,medium,"{""degrees"":20.0}",standard_conformal,0.05,,,Shirt,average_set_size,1.119
42,rotation,medium,"{""degrees"":20.0}",standard_conformal,0.05,,,Shirt,coverage,0.393
42,rotation,medium,"{""degrees"":20.0}",standard_conformal,0.05,,,Sneaker,average_set_size,1.293
42,rotation,medium,"{""degrees"":20.0}",standard_conformal,0.05,,,Sneaker,coverage,0.834
42,rotation,medium,"{""degrees"":20.0}",standard_conformal,0.05,,,T-shirt/top,average_set_size,1.291
42,rotation,medium,"{""degrees"":20.0}",standard_conformal,0.05,,,T-shirt/top,coverage,0.138
42,rotation,medium,"{""degrees"":20.0}",standard_conformal,0.05,,,Trouser,average_set_size,1.217
42,rotation,medium,"{""degrees"":20.0}",standard_conformal,0.05,,,Trouser,coverage,0.528
42,rotation,medium,"{""degrees"":20.0}",standard_conformal,0.1,,,Ankle boot,average_set_size,0.886
42,rotation,medium,"{""degrees"":20.0}",standard_conformal,0.1,,,Ankle boot,coverage,0.742
42,rotation,medium,"{""degrees"":20.0}",standard_conformal,0.1,,,Bag,average_set_size,0.907
42,rotation,medium,"{""degrees"":20.0}",standard_conformal,0.1,,,Bag,coverage,0.878
42,rotation,medium,"{""degrees"":20.0}",standard_conformal,0.1,,,Coat,average_set_size,0.276
42,rotation,medium,"{""degrees"":20.0}",standard_conformal,0.1,,,Coat,coverage,0.211
42,rotation,medium,"{""degrees"":20.0}",standard_conformal,0.1,,,Dress,average_set_size,0.662
42,rotation,medium,"{""degrees"":20.0}",standard_conformal,0.1,,,Dress,coverage,0.535
42,rotation,medium,"{""degrees"":20.0}",standard_conformal,0.1,,,Pullover,average_set_size,0.111
42,rotation,medium,"{""degrees"":20.0}",standard_conformal,0.1,,,Pullover,coverage,0.0
42,rotation,medium,"{""degrees"":20.0}",standard_conformal,0.1,,,Sandal,average_set_size,0.969
42,rotation,medium,"{""degrees"":20.0}",standard_conformal,0.1,,,Sandal,coverage,0.888
42,rotation,medium,"{""degrees"":20.0}",standard_conformal,0.1,,,Shirt,average_set_size,0.307
42,rotation,medium,"{""degrees"":20.0}",standard_conformal,0.1,,,Shirt,coverage,0.083
42,rotation,medium,"{""degrees"":20.0}",standard_conformal,0.1,,,Sneaker,average_set_size,0.92
42,rotation,medium,"{""degrees"":20.0}",standard_conformal,0.1,,,Sneaker,coverage,0.671
42,rotation,medium,"{""degrees"":20.0}",standard_conformal,0.1,,,T-shirt/top,average_set_size,0.561
42,rotation,medium,"{""degrees"":20.0}",standard_conformal,0.1,,,T-shirt/top,coverage,0.027
42,rotation,medium,"{""degrees"":20.0}",standard_conformal,0.1,,,Trouser,average_set_size,0.483
42,rotation,medium,"{""degrees"":20.0}",standard_conformal,0.1,,,Trouser,coverage,0.339
42,rotation,medium,"{""degrees"":20.0}",standard_conformal,0.2,,,Ankle boot,average_set_size,0.567
42,rotation,medium,"{""degrees"":20.0}",standard_conformal,0.2,,,Ankle boot,coverage,0.527
42,rotation,medium,"{""degrees"":20.0}",standard_conformal,0.2,,,Bag,average_set_size,0.738
42,rotation,medium,"{""degrees"":20.0}",standard_conformal,0.2,,,Bag,coverage,0.734
42,rotation,medium,"{""degrees"":20.0}",standard_conformal,0.2,,,Coat,average_set_size,0.03
42,rotation,medium,"{""degrees"":20.0}",standard_conformal,0.2,,,Coat,coverage,0.026
42,rotation,medium,"{""degrees"":20.0}",standard_conformal,0.2,,,Dress,average_set_size,0.228
42,rotation,medium,"{""degrees"":20.0}",standard_conformal,0.2,,,Dress,coverage,0.215
42,rotation,medium,"{""degrees"":20.0}",standard_conformal,0.2,,,Pullover,average_set_size,0.006
42,rotation,medium,"{""degrees"":20.0}",standard_conformal,0.2,,,Pullover,coverage,0.0
42,rotation,medium,"{""degrees"":20.0}",standard_conformal,0.2,,,Sandal,average_set_size,0.866
42,rotation,medium,"{""degrees"":20.0}",standard_conformal,0.2,,,Sandal,coverage,0.827
42,rotation,medium,"{""degrees"":20.0}",standard_conformal,0.2,,,Shirt,average_set_size,0.031
42,rotation,medium,"{""degrees"":20.0}",standard_conformal,0.2,,,Shirt,coverage,0.002
42,rotation,medium,"{""degrees"":20.0}",standard_conformal,0.2,,,Sneaker,average_set_size,0.434
42,rotation,medium,"{""degrees"":20.0}",standard_conformal,0.2,,,Sneaker,coverage,0.333
42,rotation,medium,"{""degrees"":20.0}",standard_conformal,0.2,,,T-shirt/top,average_set_size,0.102
42,rotation,medium,"{""degrees"":20.0}",standard_conformal,0.2,,,T-shirt/top,coverage,0.002
42,rotation,medium,"{""degrees"":20.0}",standard_conformal,0.2,,,Trouser,average_set_size,0.133
42,rotation,medium,"{""degrees"":20.0}",standard_conformal,0.2,,,Trouser,coverage,0.122
42,rotation,mild,"{""degrees"":10.0}",class_conditional_conformal,0.05,,,Ankle boot,average_set_size,0.958
42,rotation,mild,"{""degrees"":10.0}",class_conditional_conformal,0.05,,,Ankle boot,coverage,0.946
42,rotation,mild,"{""degrees"":10.0}",class_conditional_conformal,0.05,,,Bag,average_set_size,0.966
42,rotation,mild,"{""degrees"":10.0}",class_conditional_conformal,0.05,,,Bag,coverage,0.919
42,rotation,mild,"{""degrees"":10.0}",class_conditional_conformal,0.05,,,Coat,average_set_size,1.963
42,rotation,mild,"{""degrees"":10.0}",class_conditional_conformal,0.05,,,Coat,coverage,0.967
42,rotation,mild,"{""degrees"":10.0}",class_conditional_conformal,0.05,,,Dress,average_set_size,1.201
42,rotation,mild,"{""degrees"":10.0}",class_conditional_conformal,0.05,,,Dress,coverage,0.947
42,rotation,mild,"{""degrees"":10.0}",class_conditional_conformal,0.05,,,Pullover,average_set_size,2.122
42,rotation,mild,"{""degrees"":10.0}",class_conditional_conformal,0.05,,,Pullover,coverage,0.906
42,rotation,mild,"{""degrees"":10.0}",class_conditional_conformal,0.05,,,Sandal,average_set_size,0.896
42,rotation,mild,"{""degrees"":10.0}",class_conditional_conformal,0.05,,,Sandal,coverage,0.875
42,rotation,mild,"{""degrees"":10.0}",class_conditional_conformal,0.05,,,Shirt,average_set_size,1.873
42,rotation,mild,"{""degrees"":10.0}",class_conditional_conformal,0.05,,,Shirt,coverage,0.925
42,rotation,mild,"{""degrees"":10.0}",class_conditional_conformal,0.05,,,Sneaker,average_set_size,0.887
42,rotation,mild,"{""degrees"":10.0}",class_conditional_conformal,0.05,,,Sneaker,coverage,0.859
42,rotation,mild,"{""degrees"":10.0}",class_conditional_conformal,0.05,,,T-shirt/top,average_set_size,1.64
42,rotation,mild,"{""degrees"":10.0}",class_conditional_conformal,0.05,,,T-shirt/top,coverage,0.775
42,rotation,mild,"{""degrees"":10.0}",class_conditional_conformal,0.05,,,Trouser,average_set_size,0.673
42,rotation,mild,"{""degrees"":10.0}",class_conditional_conformal,0.05,,,Trouser,coverage,0.547
42,rotation,mild,"{""degrees"":10.0}",class_conditional_conformal,0.1,,,Ankle boot,average_set_size,0.855
42,rotation,mild,"{""degrees"":10.0}",class_conditional_conformal,0.1,,,Ankle boot,coverage,0.85
42,rotation,mild,"{""degrees"":10.0}",class_conditional_conformal,0.1,,,Bag,average_set_size,0.727
42,rotation,mild,"{""degrees"":10.0}",class_conditional_conformal,0.1,,,Bag,coverage,0.712
42,rotation,mild,"{""degrees"":10.0}",class_conditional_conformal,0.1,,,Coat,average_set_size,1.318
42,rotation,mild,"{""degrees"":10.0}",class_conditional_conformal,0.1,,,Coat,coverage,0.801
42,rotation,mild,"{""degrees"":10.0}",class_conditional_conformal,0.1,,,Dress,average_set_size,0.953
42,rotation,mild,"{""degrees"":10.0}",class_conditional_conformal,0.1,,,Dress,coverage,0.854
42,rotation,mild,"{""degrees"":10.0}",class_conditional_conformal,0.1,,,Pullover,average_set_size,1.25
42,rotation,mild,"{""degrees"":10.0}",class_conditional_conformal,0.1,,,Pullover,coverage,0.664
42,rotation,mild,"{""degrees"":10.0}",class_conditional_conformal,0.1,,,Sandal,average_set_size,0.778
42,rotation,mild,"{""degrees"":10.0}",class_conditional_conformal,0.1,,,Sandal,coverage,0.772
42,rotation,mild,"{""degrees"":10.0}",class_conditional_conformal,0.1,,,Shirt,average_set_size,1.112
42,rotation,mild,"{""degrees"":10.0}",class_conditional_conformal,0.1,,,Shirt,coverage,0.785
42,rotation,mild,"{""degrees"":10.0}",class_conditional_conformal,0.1,,,Sneaker,average_set_size,0.716
42,rotation,mild,"{""degrees"":10.0}",class_conditional_conformal,0.1,,,Sneaker,coverage,0.71
42,rotation,mild,"{""degrees"":10.0}",class_conditional_conformal,0.1,,,T-shirt/top,average_set_size,1.023
42,rotation,mild,"{""degrees"":10.0}",class_conditional_conformal,0.1,,,T-shirt/top,coverage,0.598
42,rotation,mild,"{""degrees"":10.0}",class_conditional_conformal,0.1,,,Trouser,average_set_size,0.237
42,rotation,mild,"{""degrees"":10.0}",class_conditional_conformal,0.1,,,Trouser,coverage,0.186
42,rotation,mild,"{""degrees"":10.0}",class_conditional_conformal,0.2,,,Ankle boot,average_set_size,0.611
42,rotation,mild,"{""degrees"":10.0}",class_conditional_conformal,0.2,,,Ankle boot,coverage,0.61
42,rotation,mild,"{""degrees"":10.0}",class_conditional_conformal,0.2,,,Bag,average_set_size,0.415
42,rotation,mild,"{""degrees"":10.0}",class_conditional_conformal,0.2,,,Bag,coverage,0.412
42,rotation,mild,"{""degrees"":10.0}",class_conditional_conformal,0.2,,,Coat,average_set_size,0.705
42,rotation,mild,"{""degrees"":10.0}",class_conditional_conformal,0.2,,,Coat,coverage,0.541
42,rotation,mild,"{""degrees"":10.0}",class_conditional_conformal,0.2,,,Dress,average_set_size,0.713
42,rotation,mild,"{""degrees"":10.0}",class_conditional_conformal,0.2,,,Dress,coverage,0.677
42,rotation,mild,"{""degrees"":10.0}",class_conditional_conformal,0.2,,,Pullover,average_set_size,0.318
42,rotation,mild,"{""degrees"":10.0}",class_conditional_conformal,0.2,,,Pullover,coverage,0.171
42,rotation,mild,"{""degrees"":10.0}",class_conditional_conformal,0.2,,,Sandal,average_set_size,0.582
42,rotation,mild,"{""degrees"":10.0}",class_conditional_conformal,0.2,,,Sandal,coverage,0.579
42,rotation,mild,"{""degrees"":10.0}",class_conditional_conformal,0.2,,,Shirt,average_set_size,0.632
42,rotation,mild,"{""degrees"":10.0}",class_conditional_conformal,0.2,,,Shirt,coverage,0.555
42,rotation,mild,"{""degrees"":10.0}",class_conditional_conformal,0.2,,,Sneaker,average_set_size,0.477
42,rotation,mild,"{""degrees"":10.0}",class_conditional_conformal,0.2,,,Sneaker,coverage,0.476
42,rotation,mild,"{""degrees"":10.0}",class_conditional_conformal,0.2,,,T-shirt/top,average_set_size,0.526
42,rotation,mild,"{""degrees"":10.0}",class_conditional_conformal,0.2,,,T-shirt/top,coverage,0.39
42,rotation,mild,"{""degrees"":10.0}",class_conditional_conformal,0.2,,,Trouser,average_set_size,0.022
42,rotation,mild,"{""degrees"":10.0}",class_conditional_conformal,0.2,,,Trouser,coverage,0.01
42,rotation,mild,"{""degrees"":10.0}",raw_softmax,,,,Ankle boot,f1,0.9577039274924471
42,rotation,mild,"{""degrees"":10.0}",raw_softmax,,,,Ankle boot,precision,0.9645030425963489
42,rotation,mild,"{""degrees"":10.0}",raw_softmax,,,,Ankle boot,recall,0.951
42,rotation,mild,"{""degrees"":10.0}",raw_softmax,,,,Bag,f1,0.9686723023371457
42,rotation,mild,"{""degrees"":10.0}",raw_softmax,,,,Bag,precision,0.963402571711177
42,rotation,mild,"{""degrees"":10.0}",raw_softmax,,,,Bag,recall,0.974
42,rotation,mild,"{""degrees"":10.0}",raw_softmax,,,,Coat,f1,0.7282555282555283
42,rotation,mild,"{""degrees"":10.0}",raw_softmax,,,,Coat,precision,0.7159420289855073
42,rotation,mild,"{""degrees"":10.0}",raw_softmax,,,,Coat,recall,0.741
42,rotation,mild,"{""degrees"":10.0}",raw_softmax,,,,Dress,f1,0.771311475409836
42,rotation,mild,"{""degrees"":10.0}",raw_softmax,,,,Dress,precision,0.6534722222222222
42,rotation,mild,"{""degrees"":10.0}",raw_softmax,,,,Dress,recall,0.941
42,rotation,mild,"{""degrees"":10.0}",raw_softmax,,,,Pullover,f1,0.7685774946921444
42,rotation,mild,"{""degrees"":10.0}",raw_softmax,,,,Pullover,precision,0.8190045248868778
42,rotation,mild,"{""degrees"":10.0}",raw_softmax,,,,Pullover,recall,0.724
42,rotation,mild,"{""degrees"":10.0}",raw_softmax,,,,Sandal,f1,0.9626679940268791
42,rotation,mild,"{""degrees"":10.0}",raw_softmax,,,,Sandal,precision,0.958374628344896
42,rotation,mild,"{""degrees"":10.0}",raw_softmax,,,,Sandal,recall,0.967
42,rotation,mild,"{""degrees"":10.0}",raw_softmax,,,,Shirt,f1,0.5874867444326617
42,rotation,mild,"{""degrees"":10.0}",raw_softmax,,,,Shirt,precision,0.6252821670428894
42,rotation,mild,"{""degrees"":10.0}",raw_softmax,,,,Shirt,recall,0.554
42,rotation,mild,"{""degrees"":10.0}",raw_softmax,,,,Sneaker,f1,0.9407665505226481
42,rotation,mild,"{""degrees"":10.0}",raw_softmax,,,,Sneaker,precision,0.9365708622398414
42,rotation,mild,"{""degrees"":10.0}",raw_softmax,,,,Sneaker,recall,0.945
42,rotation,mild,"{""degrees"":10.0}",raw_softmax,,,,T-shirt/top,f1,0.7461024498886414
42,rotation,mild,"{""degrees"":10.0}",raw_softmax,,,,T-shirt/top,precision,0.8417085427135679
42,rotation,mild,"{""degrees"":10.0}",raw_softmax,,,,T-shirt/top,recall,0.67
42,rotation,mild,"{""degrees"":10.0}",raw_softmax,,,,Trouser,f1,0.9681069958847737
42,rotation,mild,"{""degrees"":10.0}",raw_softmax,,,,Trouser,precision,0.996822033898305
42,rotation,mild,"{""degrees"":10.0}",raw_softmax,,,,Trouser,recall,0.941
42,rotation,mild,"{""degrees"":10.0}",standard_conformal,0.05,,,Ankle boot,average_set_size,1.059
42,rotation,mild,"{""degrees"":10.0}",standard_conformal,0.05,,,Ankle boot,coverage,0.979
42,rotation,mild,"{""degrees"":10.0}",standard_conformal,0.05,,,Bag,average_set_size,1.009
42,rotation,mild,"{""degrees"":10.0}",standard_conformal,0.05,,,Bag,coverage,0.98
42,rotation,mild,"{""degrees"":10.0}",standard_conformal,0.05,,,Coat,average_set_size,1.326
42,rotation,mild,"{""degrees"":10.0}",standard_conformal,0.05,,,Coat,coverage,0.831
42,rotation,mild,"{""degrees"":10.0}",standard_conformal,0.05,,,Dress,average_set_size,1.061
42,rotation,mild,"{""degrees"":10.0}",standard_conformal,0.05,,,Dress,coverage,0.966
42,rotation,mild,"{""degrees"":10.0}",standard_conformal,0.05,,,Pullover,average_set_size,1.288
42,rotation,mild,"{""degrees"":10.0}",standard_conformal,0.05,,,Pullover,coverage,0.794
42,rotation,mild,"{""degrees"":10.0}",standard_conformal,0.05,,,Sandal,average_set_size,1.032
42,rotation,mild,"{""degrees"":10.0}",standard_conformal,0.05,,,Sandal,coverage,0.977
42,rotation,mild,"{""degrees"":10.0}",standard_conformal,0.05,,,Shirt,average_set_size,1.343
42,rotation,mild,"{""degrees"":10.0}",standard_conformal,0.05,,,Shirt,coverage,0.691
42,rotation,mild,"{""degrees"":10.0}",standard_conformal,0.05,,,Sneaker,average_set_size,1.074
42,rotation,mild,"{""degrees"":10.0}",standard_conformal,0.05,,,Sneaker,coverage,0.975
42,rotation,mild,"{""degrees"":10.0}",standard_conformal,0.05,,,T-shirt/top,average_set_size,1.285
42,rotation,mild,"{""degrees"":10.0}",standard_conformal,0.05,,,T-shirt/top,coverage,0.763
42,rotation,mild,"{""degrees"":10.0}",standard_conformal,0.05,,,Trouser,average_set_size,1.054
42,rotation,mild,"{""degrees"":10.0}",standard_conformal,0.05,,,Trouser,coverage,0.959
42,rotation,mild,"{""degrees"":10.0}",standard_conformal,0.1,,,Ankle boot,average_set_size,0.986
42,rotation,mild,"{""degrees"":10.0}",standard_conformal,0.1,,,Ankle boot,coverage,0.946
42,rotation,mild,"{""degrees"":10.0}",standard_conformal,0.1,,,Bag,average_set_size,0.979
42,rotation,mild,"{""degrees"":10.0}",standard_conformal,0.1,,,Bag,coverage,0.964
42,rotation,mild,"{""degrees"":10.0}",standard_conformal,0.1,,,Coat,average_set_size,0.627
42,rotation,mild,"{""degrees"":10.0}",standard_conformal,0.1,,,Coat,coverage,0.559
42,rotation,mild,"{""degrees"":10.0}",standard_conformal,0.1,,,Dress,average_set_size,0.927
42,rotation,mild,"{""degrees"":10.0}",standard_conformal,0.1,,,Dress,coverage,0.902
42,rotation,mild,"{""degrees"":10.0}",standard_conformal,0.1,,,Pullover,average_set_size,0.504
42,rotation,mild,"{""degrees"":10.0}",standard_conformal,0.1,,,Pullover,coverage,0.408
42,rotation,mild,"{""degrees"":10.0}",standard_conformal,0.1,,,Sandal,average_set_size,0.99
42,rotation,mild,"{""degrees"":10.0}",standard_conformal,0.1,,,Sandal,coverage,0.963
42,rotation,mild,"{""degrees"":10.0}",standard_conformal,0.1,,,Shirt,average_set_size,0.488
42,rotation,mild,"{""degrees"":10.0}",standard_conformal,0.1,,,Shirt,coverage,0.294
42,rotation,mild,"{""degrees"":10.0}",standard_conformal,0.1,,,Sneaker,average_set_size,0.989
42,rotation,mild,"{""degrees"":10.0}",standard_conformal,0.1,,,Sneaker,coverage,0.94
42,rotation,mild,"{""degrees"":10.0}",standard_conformal,0.1,,,T-shirt/top,average_set_size,0.736
42,rotation,mild,"{""degrees"":10.0}",standard_conformal,0.1,,,T-shirt/top,coverage,0.544
42,rotation,mild,"{""degrees"":10.0}",standard_conformal,0.1,,,Trouser,average_set_size,0.948
42,rotation,mild,"{""degrees"":10.0}",standard_conformal,0.1,,,Trouser,coverage,0.912
42,rotation,mild,"{""degrees"":10.0}",standard_conformal,0.2,,,Ankle boot,average_set_size,0.898
42,rotation,mild,"{""degrees"":10.0}",standard_conformal,0.2,,,Ankle boot,coverage,0.888
42,rotation,mild,"{""degrees"":10.0}",standard_conformal,0.2,,,Bag,average_set_size,0.94
42,rotation,mild,"{""degrees"":10.0}",standard_conformal,0.2,,,Bag,coverage,0.936
42,rotation,mild,"{""degrees"":10.0}",standard_conformal,0.2,,,Coat,average_set_size,0.233
42,rotation,mild,"{""degrees"":10.0}",standard_conformal,0.2,,,Coat,coverage,0.228
42,rotation,mild,"{""degrees"":10.0}",standard_conformal,0.2,,,Dress,average_set_size,0.734
42,rotation,mild,"{""degrees"":10.0}",standard_conformal,0.2,,,Dress,coverage,0.73
42,rotation,mild,"{""degrees"":10.0}",standard_conformal,0.2,,,Pullover,average_set_size,0.065
42,rotation,mild,"{""degrees"":10.0}",standard_conformal,0.2,,,Pullover,coverage,0.06
42,rotation,mild,"{""degrees"":10.0}",standard_conformal,0.2,,,Sandal,average_set_size,0.932
42,rotation,mild,"{""degrees"":10.0}",standard_conformal,0.2,,,Sandal,coverage,0.924
42,rotation,mild,"{""degrees"":10.0}",standard_conformal,0.2,,,Shirt,average_set_size,0.072
42,rotation,mild,"{""degrees"":10.0}",standard_conformal,0.2,,,Shirt,coverage,0.04
42,rotation,mild,"{""degrees"":10.0}",standard_conformal,0.2,,,Sneaker,average_set_size,0.852
42,rotation,mild,"{""degrees"":10.0}",standard_conformal,0.2,,,Sneaker,coverage,0.834
42,rotation,mild,"{""degrees"":10.0}",standard_conformal,0.2,,,T-shirt/top,average_set_size,0.304
42,rotation,mild,"{""degrees"":10.0}",standard_conformal,0.2,,,T-shirt/top,coverage,0.254
42,rotation,mild,"{""degrees"":10.0}",standard_conformal,0.2,,,Trouser,average_set_size,0.825
42,rotation,mild,"{""degrees"":10.0}",standard_conformal,0.2,,,Trouser,coverage,0.818
42,rotation,strong,"{""degrees"":30.0}",class_conditional_conformal,0.05,,,Ankle boot,average_set_size,0.683
42,rotation,strong,"{""degrees"":30.0}",class_conditional_conformal,0.05,,,Ankle boot,coverage,0.371
42,rotation,strong,"{""degrees"":30.0}",class_conditional_conformal,0.05,,,Bag,average_set_size,0.727
42,rotation,strong,"{""degrees"":30.0}",class_conditional_conformal,0.05,,,Bag,coverage,0.318
42,rotation,strong,"{""degrees"":30.0}",class_conditional_conformal,0.05,,,Coat,average_set_size,1.786
42,rotation,strong,"{""degrees"":30.0}",class_conditional_conformal,0.05,,,Coat,coverage,0.776
42,rotation,strong,"{""degrees"":30.0}",class_conditional_conformal,0.05,,,Dress,average_set_size,1.399
42,rotation,strong,"{""degrees"":30.0}",class_conditional_conformal,0.05,,,Dress,coverage,0.248
42,rotation,strong,"{""degrees"":30.0}",class_conditional_conformal,0.05,,,Pullover,average_set_size,1.678
42,rotation,strong,"{""degrees"":30.0}",class_conditional_conformal,0.05,,,Pullover,coverage,0.099
42,rotation,strong,"{""degrees"":30.0}",class_conditional_conformal,0.05,,,Sandal,average_set_size,0.875
42,rotation,strong,"{""degrees"":30.0}",class_conditional_conformal,0.05,,,Sandal,coverage,0.59
42,rotation,strong,"{""degrees"":30.0}",class_conditional_conformal,0.05,,,Shirt,average_set_size,1.609
42,rotation,strong,"{""degrees"":30.0}",class_conditional_conformal,0.05,,,Shirt,coverage,0.884
42,rotation,strong,"{""degrees"":30.0}",class_conditional_conformal,0.05,,,Sneaker,average_set_size,0.228
42,rotation,strong,"{""degrees"":30.0}",class_conditional_conformal,0.05,,,Sneaker,coverage,0.022
42,rotation,strong,"{""degrees"":30.0}",class_conditional_conformal,0.05,,,T-shirt/top,average_set_size,1.535
42,rotation,strong,"{""degrees"":30.0}",class_conditional_conformal,0.05,,,T-shirt/top,coverage,0.018
42,rotation,strong,"{""degrees"":30.0}",class_conditional_conformal,0.05,,,Trouser,average_set_size,1.459
42,rotation,strong,"{""degrees"":30.0}",class_conditional_conformal,0.05,,,Trouser,coverage,0.0
42,rotation,strong,"{""degrees"":30.0}",class_conditional_conformal,0.1,,,Ankle boot,average_set_size,0.13
42,rotation,strong,"{""degrees"":30.0}",class_conditional_conformal,0.1,,,Ankle boot,coverage,0.027
42,rotation,strong,"{""degrees"":30.0}",class_conditional_conformal,0.1,,,Bag,average_set_size,0.21
42,rotation,strong,"{""degrees"":30.0}",class_conditional_conformal,0.1,,,Bag,coverage,0.042
42,rotation,strong,"{""degrees"":30.0}",class_conditional_conformal,0.1,,,Coat,average_set_size,1.126
42,rotation,strong,"{""degrees"":30.0}",class_conditional_conformal,0.1,,,Coat,coverage,0.423
42,rotation,strong,"{""degrees"":30.0}",class_conditional_conformal,0.1,,,Dress,average_set_size,0.655
42,rotation,strong,"{""degrees"":30.0}",class_conditional_conformal,0.1,,,Dress,coverage,0.086
42,rotation,strong,"{""degrees"":30.0}",class_conditional_conformal,0.1,,,Pullover,average_set_size,0.986
42,rotation,strong,"{""degrees"":30.0}",class_conditional_conformal,0.1,,,Pullover,coverage,0.001
42,rotation,strong,"{""degrees"":30.0}",class_conditional_conformal,0.1,,,Sandal,average_set_size,0.625
42,rotation,strong,"{""degrees"":30.0}",class_conditional_conformal,0.1,,,Sandal,coverage,0.439
42,rotation,strong,"{""degrees"":30.0}",class_conditional_conformal,0.1,,,Shirt,average_set_size,0.965
42,rotation,strong,"{""degrees"":30.0}",class_conditional_conformal,0.1,,,Shirt,coverage,0.668
42,rotation,strong,"{""degrees"":30.0}",class_conditional_conformal,0.1,,,Sneaker,average_set_size,0.03
42,rotation,strong,"{""degrees"":30.0}",class_conditional_conformal,0.1,,,Sneaker,coverage,0.002
42,rotation,strong,"{""degrees"":30.0}",class_conditional_conformal,0.1,,,T-shirt/top,average_set_size,0.81
42,rotation,strong,"{""degrees"":30.0}",class_conditional_conformal,0.1,,,T-shirt/top,coverage,0.006
42,rotation,strong,"{""degrees"":30.0}",class_conditional_conformal,0.1,,,Trouser,average_set_size,0.533
42,rotation,strong,"{""degrees"":30.0}",class_conditional_conformal,0.1,,,Trouser,coverage,0.0
42,rotation,strong,"{""degrees"":30.0}",class_conditional_conformal,0.2,,,Ankle boot,average_set_size,0.031
42,rotation,strong,"{""degrees"":30.0}",class_conditional_conformal,0.2,,,Ankle boot,coverage,0.0
42,rotation,strong,"{""degrees"":30.0}",class_conditional_conformal,0.2,,,Bag,average_set_size,0.073
42,rotation,strong,"{""degrees"":30.0}",class_conditional_conformal,0.2,,,Bag,coverage,0.006
42,rotation,strong,"{""degrees"":30.0}",class_conditional_conformal,0.2,,,Coat,average_set_size,0.476
42,rotation,strong,"{""degrees"":30.0}",class_conditional_conformal,0.2,,,Coat,coverage,0.143
42,rotation,strong,"{""degrees"":30.0}",class_conditional_conformal,0.2,,,Dress,average_set_size,0.208
42,rotation,strong,"{""degrees"":30.0}",class_conditional_conformal,0.2,,,Dress,coverage,0.004
42,rotation,strong,"{""degrees"":30.0}",class_conditional_conformal,0.2,,,Pullover,average_set_size,0.43
42,rotation,strong,"{""degrees"":30.0}",class_conditional_conformal,0.2,,,Pullover,coverage,0.0
42,rotation,strong,"{""degrees"":30.0}",class_conditional_conformal,0.2,,,Sandal,average_set_size,0.363
42,rotation,strong,"{""degrees"":30.0}",class_conditional_conformal,0.2,,,Sandal,coverage,0.243
42,rotation,strong,"{""degrees"":30.0}",class_conditional_conformal,0.2,,,Shirt,average_set_size,0.41
42,rotation,strong,"{""degrees"":30.0}",class_conditional_conformal,0.2,,,Shirt,coverage,0.327
42,rotation,strong,"{""degrees"":30.0}",class_conditional_conformal,0.2,,,Sneaker,average_set_size,0.006
42,rotation,strong,"{""degrees"":30.0}",class_conditional_conformal,0.2,,,Sneaker,coverage,0.001
42,rotation,strong,"{""degrees"":30.0}",class_conditional_conformal,0.2,,,T-shirt/top,average_set_size,0.307
42,rotation,strong,"{""degrees"":30.0}",class_conditional_conformal,0.2,,,T-shirt/top,coverage,0.001
42,rotation,strong,"{""degrees"":30.0}",class_conditional_conformal,0.2,,,Trouser,average_set_size,0.088
42,rotation,strong,"{""degrees"":30.0}",class_conditional_conformal,0.2,,,Trouser,coverage,0.0
42,rotation,strong,"{""degrees"":30.0}",raw_softmax,,,,Ankle boot,f1,0.6088050314465409
42,rotation,strong,"{""degrees"":30.0}",raw_softmax,,,,Ankle boot,precision,0.8203389830508474
42,rotation,strong,"{""degrees"":30.0}",raw_softmax,,,,Ankle boot,recall,0.484
42,rotation,strong,"{""degrees"":30.0}",raw_softmax,,,,Bag,f1,0.5049575070821529
42,rotation,strong,"{""degrees"":30.0}",raw_softmax,,,,Bag,precision,0.39089912280701755
42,rotation,strong,"{""degrees"":30.0}",raw_softmax,,,,Bag,recall,0.713
42,rotation,strong,"{""degrees"":30.0}",raw_softmax,,,,Coat,f1,0.30705705705705705
42,rotation,strong,"{""degrees"":30.0}",raw_softmax,,,,Coat,precision,0.24579326923076922
42,rotation,strong,"{""degrees"":30.0}",raw_softmax,,,,Coat,recall,0.409
42,rotation,strong,"{""degrees"":30.0}",raw_softmax,,,,Dress,f1,0.25196123673281035
42,rotation,strong,"{""degrees"":30.0}",raw_softmax,,,,Dress,precision,0.23393316195372751
42,rotation,strong,"{""degrees"":30.0}",raw_softmax,,,,Dress,recall,0.273
42,rotation,strong,"{""degrees"":30.0}",raw_softmax,,,,Pullover,f1,0.0497131931166348
42,rotation,strong,"{""degrees"":30.0}",raw_softmax,,,,Pullover,precision,0.5652173913043478
42,rotation,strong,"{""degrees"":30.0}",raw_softmax,,,,Pullover,recall,0.026
42,rotation,strong,"{""degrees"":30.0}",raw_softmax,,,,Sandal,f1,0.5537906137184115
42,rotation,strong,"{""degrees"":30.0}",raw_softmax,,,,Sandal,precision,0.43333333333333335
42,rotation,strong,"{""degrees"":30.0}",raw_softmax,,,,Sandal,recall,0.767
42,rotation,strong,"{""degrees"":30.0}",raw_softmax,,,,Shirt,f1,0.2814719173660426
42,rotation,strong,"{""degrees"":30.0}",raw_softmax,,,,Shirt,precision,0.20781696854146806
42,rotation,strong,"{""degrees"":30.0}",raw_softmax,,,,Shirt,recall,0.436
42,rotation,strong,"{""degrees"":30.0}",raw_softmax,,,,Sneaker,f1,0.304576144036009
42,rotation,strong,"{""degrees"":30.0}",raw_softmax,,,,Sneaker,precision,0.6096096096096096
42,rotation,strong,"{""degrees"":30.0}",raw_softmax,,,,Sneaker,recall,0.203
42,rotation,strong,"{""degrees"":30.0}",raw_softmax,,,,T-shirt/top,f1,0.02223869532987398
42,rotation,strong,"{""degrees"":30.0}",raw_softmax,,,,T-shirt/top,precision,0.04297994269340974
42,rotation,strong,"{""degrees"":30.0}",raw_softmax,,,,T-shirt/top,recall,0.015
42,rotation,strong,"{""degrees"":30.0}",raw_softmax,,,,Trouser,f1,0.26919758412424505
42,rotation,strong,"{""degrees"":30.0}",raw_softmax,,,,Trouser,precision,0.9811320754716981
42,rotation,strong,"{""degrees"":30.0}",raw_softmax,,,,Trouser,recall,0.156
42,rotation,strong,"{""degrees"":30.0}",standard_conformal,0.05,,,Ankle boot,average_set_size,1.271
42,rotation,strong,"{""degrees"":30.0}",standard_conformal,0.05,,,Ankle boot,coverage,0.59
42,rotation,strong,"{""degrees"":30.0}",standard_conformal,0.05,,,Bag,average_set_size,1.069
42,rotation,strong,"{""degrees"":30.0}",standard_conformal,0.05,,,Bag,coverage,0.725
42,rotation,strong,"{""degrees"":30.0}",standard_conformal,0.05,,,Coat,average_set_size,1.139
42,rotation,strong,"{""degrees"":30.0}",standard_conformal,0.05,,,Coat,coverage,0.469
42,rotation,strong,"{""degrees"":30.0}",standard_conformal,0.05,,,Dress,average_set_size,1.247
42,rotation,strong,"{""degrees"":30.0}",standard_conformal,0.05,,,Dress,coverage,0.343
42,rotation,strong,"{""degrees"":30.0}",standard_conformal,0.05,,,Pullover,average_set_size,1.101
42,rotation,strong,"{""degrees"":30.0}",standard_conformal,0.05,,,Pullover,coverage,0.01
42,rotation,strong,"{""degrees"":30.0}",standard_conformal,0.05,,,Sandal,average_set_size,1.082
42,rotation,strong,"{""degrees"":30.0}",standard_conformal,0.05,,,Sandal,coverage,0.795
42,rotation,strong,"{""degrees"":30.0}",standard_conformal,0.05,,,Shirt,average_set_size,1.1
42,rotation,strong,"{""degrees"":30.0}",standard_conformal,0.05,,,Shirt,coverage,0.493
42,rotation,strong,"{""degrees"":30.0}",standard_conformal,0.05,,,Sneaker,average_set_size,1.29
42,rotation,strong,"{""degrees"":30.0}",standard_conformal,0.05,,,Sneaker,coverage,0.346
42,rotation,strong,"{""degrees"":30.0}",standard_conformal,0.05,,,T-shirt/top,average_set_size,1.19
42,rotation,strong,"{""degrees"":30.0}",standard_conformal,0.05,,,T-shirt/top,coverage,0.016
42,rotation,strong,"{""degrees"":30.0}",standard_conformal,0.05,,,Trouser,average_set_size,0.762
42,rotation,strong,"{""degrees"":30.0}",standard_conformal,0.05,,,Trouser,coverage,0.099
42,rotation,strong,"{""degrees"":30.0}",standard_conformal,0.1,,,Ankle boot,average_set_size,0.642
42,rotation,strong,"{""degrees"":30.0}",standard_conformal,0.1,,,Ankle boot,coverage,0.36
42,rotation,strong,"{""degrees"":30.0}",standard_conformal,0.1,,,Bag,average_set_size,0.733
42,rotation,strong,"{""degrees"":30.0}",standard_conformal,0.1,,,Bag,coverage,0.601
42,rotation,strong,"{""degrees"":30.0}",standard_conformal,0.1,,,Coat,average_set_size,0.276
42,rotation,strong,"{""degrees"":30.0}",standard_conformal,0.1,,,Coat,coverage,0.162
42,rotation,strong,"{""degrees"":30.0}",standard_conformal,0.1,,,Dress,average_set_size,0.435
42,rotation,strong,"{""degrees"":30.0}",standard_conformal,0.1,,,Dress,coverage,0.133
42,rotation,strong,"{""degrees"":30.0}",standard_conformal,0.1,,,Pullover,average_set_size,0.216
42,rotation,strong,"{""degrees"":30.0}",standard_conformal,0.1,,,Pullover,coverage,0.0
42,rotation,strong,"{""degrees"":30.0}",standard_conformal,0.1,,,Sandal,average_set_size,0.919
42,rotation,strong,"{""degrees"":30.0}",standard_conformal,0.1,,,Sandal,coverage,0.748
42,rotation,strong,"{""degrees"":30.0}",standard_conformal,0.1,,,Shirt,average_set_size,0.315
42,rotation,strong,"{""degrees"":30.0}",standard_conformal,0.1,,,Shirt,coverage,0.127
42,rotation,strong,"{""degrees"":30.0}",standard_conformal,0.1,,,Sneaker,average_set_size,0.817
42,rotation,strong,"{""degrees"":30.0}",standard_conformal,0.1,,,Sneaker,coverage,0.131
42,rotation,strong,"{""degrees"":30.0}",standard_conformal,0.1,,,T-shirt/top,average_set_size,0.335
42,rotation,strong,"{""degrees"":30.0}",standard_conformal,0.1,,,T-shirt/top,coverage,0.004
42,rotation,strong,"{""degrees"":30.0}",standard_conformal,0.1,,,Trouser,average_set_size,0.083
42,rotation,strong,"{""degrees"":30.0}",standard_conformal,0.1,,,Trouser,coverage,0.017
42,rotation,strong,"{""degrees"":30.0}",standard_conformal,0.2,,,Ankle boot,average_set_size,0.156
42,rotation,strong,"{""degrees"":30.0}",standard_conformal,0.2,,,Ankle boot,coverage,0.082
42,rotation,strong,"{""degrees"":30.0}",standard_conformal,0.2,,,Bag,average_set_size,0.429
42,rotation,strong,"{""degrees"":30.0}",standard_conformal,0.2,,,Bag,coverage,0.386
42,rotation,strong,"{""degrees"":30.0}",standard_conformal,0.2,,,Coat,average_set_size,0.025
42,rotation,strong,"{""degrees"":30.0}",standard_conformal,0.2,,,Coat,coverage,0.021
42,rotation,strong,"{""degrees"":30.0}",standard_conformal,0.2,,,Dress,average_set_size,0.063
42,rotation,strong,"{""degrees"":30.0}",standard_conformal,0.2,,,Dress,coverage,0.012
42,rotation,strong,"{""degrees"":30.0}",standard_conformal,0.2,,,Pullover,average_set_size,0.019
42,rotation,strong,"{""degrees"":30.0}",standard_conformal,0.2,,,Pullover,coverage,0.0
42,rotation,strong,"{""degrees"":30.0}",standard_conformal,0.2,,,Sandal,average_set_size,0.77
42,rotation,strong,"{""degrees"":30.0}",standard_conformal,0.2,,,Sandal,coverage,0.682
42,rotation,strong,"{""degrees"":30.0}",standard_conformal,0.2,,,Shirt,average_set_size,0.064
42,rotation,strong,"{""degrees"":30.0}",standard_conformal,0.2,,,Shirt,coverage,0.013
42,rotation,strong,"{""degrees"":30.0}",standard_conformal,0.2,,,Sneaker,average_set_size,0.364
42,rotation,strong,"{""degrees"":30.0}",standard_conformal,0.2,,,Sneaker,coverage,0.016
42,rotation,strong,"{""degrees"":30.0}",standard_conformal,0.2,,,T-shirt/top,average_set_size,0.065
42,rotation,strong,"{""degrees"":30.0}",standard_conformal,0.2,,,T-shirt/top,coverage,0.0
42,rotation,strong,"{""degrees"":30.0}",standard_conformal,0.2,,,Trouser,average_set_size,0.005
42,rotation,strong,"{""degrees"":30.0}",standard_conformal,0.2,,,Trouser,coverage,0.0
73,brightness_contrast,increased_contrast,"{""brightness"":1.0,""contrast"":1.5}",class_conditional_conformal,0.05,,,Ankle boot,average_set_size,0.962
73,brightness_contrast,increased_contrast,"{""brightness"":1.0,""contrast"":1.5}",class_conditional_conformal,0.05,,,Ankle boot,coverage,0.936
73,brightness_contrast,increased_contrast,"{""brightness"":1.0,""contrast"":1.5}",class_conditional_conformal,0.05,,,Bag,average_set_size,0.987
73,brightness_contrast,increased_contrast,"{""brightness"":1.0,""contrast"":1.5}",class_conditional_conformal,0.05,,,Bag,coverage,0.958
73,brightness_contrast,increased_contrast,"{""brightness"":1.0,""contrast"":1.5}",class_conditional_conformal,0.05,,,Coat,average_set_size,1.326
73,brightness_contrast,increased_contrast,"{""brightness"":1.0,""contrast"":1.5}",class_conditional_conformal,0.05,,,Coat,coverage,0.957
73,brightness_contrast,increased_contrast,"{""brightness"":1.0,""contrast"":1.5}",class_conditional_conformal,0.05,,,Dress,average_set_size,1.188
73,brightness_contrast,increased_contrast,"{""brightness"":1.0,""contrast"":1.5}",class_conditional_conformal,0.05,,,Dress,coverage,0.948
73,brightness_contrast,increased_contrast,"{""brightness"":1.0,""contrast"":1.5}",class_conditional_conformal,0.05,,,Pullover,average_set_size,1.291
73,brightness_contrast,increased_contrast,"{""brightness"":1.0,""contrast"":1.5}",class_conditional_conformal,0.05,,,Pullover,coverage,0.931
73,brightness_contrast,increased_contrast,"{""brightness"":1.0,""contrast"":1.5}",class_conditional_conformal,0.05,,,Sandal,average_set_size,0.967
73,brightness_contrast,increased_contrast,"{""brightness"":1.0,""contrast"":1.5}",class_conditional_conformal,0.05,,,Sandal,coverage,0.961
73,brightness_contrast,increased_contrast,"{""brightness"":1.0,""contrast"":1.5}",class_conditional_conformal,0.05,,,Shirt,average_set_size,1.441
73,brightness_contrast,increased_contrast,"{""brightness"":1.0,""contrast"":1.5}",class_conditional_conformal,0.05,,,Shirt,coverage,0.929
73,brightness_contrast,increased_contrast,"{""brightness"":1.0,""contrast"":1.5}",class_conditional_conformal,0.05,,,Sneaker,average_set_size,0.958
73,brightness_contrast,increased_contrast,"{""brightness"":1.0,""contrast"":1.5}",class_conditional_conformal,0.05,,,Sneaker,coverage,0.944
73,brightness_contrast,increased_contrast,"{""brightness"":1.0,""contrast"":1.5}",class_conditional_conformal,0.05,,,T-shirt/top,average_set_size,1.443
73,brightness_contrast,increased_contrast,"{""brightness"":1.0,""contrast"":1.5}",class_conditional_conformal,0.05,,,T-shirt/top,coverage,0.949
73,brightness_contrast,increased_contrast,"{""brightness"":1.0,""contrast"":1.5}",class_conditional_conformal,0.05,,,Trouser,average_set_size,0.975
73,brightness_contrast,increased_contrast,"{""brightness"":1.0,""contrast"":1.5}",class_conditional_conformal,0.05,,,Trouser,coverage,0.955
73,brightness_contrast,increased_contrast,"{""brightness"":1.0,""contrast"":1.5}",class_conditional_conformal,0.1,,,Ankle boot,average_set_size,0.908
73,brightness_contrast,increased_contrast,"{""brightness"":1.0,""contrast"":1.5}",class_conditional_conformal,0.1,,,Ankle boot,coverage,0.889
73,brightness_contrast,increased_contrast,"{""brightness"":1.0,""contrast"":1.5}",class_conditional_conformal,0.1,,,Bag,average_set_size,0.93
73,brightness_contrast,increased_contrast,"{""brightness"":1.0,""contrast"":1.5}",class_conditional_conformal,0.1,,,Bag,coverage,0.918
73,brightness_contrast,increased_contrast,"{""brightness"":1.0,""contrast"":1.5}",class_conditional_conformal,0.1,,,Coat,average_set_size,1.115
73,brightness_contrast,increased_contrast,"{""brightness"":1.0,""contrast"":1.5}",class_conditional_conformal,0.1,,,Coat,coverage,0.916
73,brightness_contrast,increased_contrast,"{""brightness"":1.0,""contrast"":1.5}",class_conditional_conformal,0.1,,,Dress,average_set_size,1.016
73,brightness_contrast,increased_contrast,"{""brightness"":1.0,""contrast"":1.5}",class_conditional_conformal,0.1,,,Dress,coverage,0.895
73,brightness_contrast,increased_contrast,"{""brightness"":1.0,""contrast"":1.5}",class_conditional_conformal,0.1,,,Pullover,average_set_size,1.079
73,brightness_contrast,increased_contrast,"{""brightness"":1.0,""contrast"":1.5}",class_conditional_conformal,0.1,,,Pullover,coverage,0.861
73,brightness_contrast,increased_contrast,"{""brightness"":1.0,""contrast"":1.5}",class_conditional_conformal,0.1,,,Sandal,average_set_size,0.932
73,brightness_contrast,increased_contrast,"{""brightness"":1.0,""contrast"":1.5}",class_conditional_conformal,0.1,,,Sandal,coverage,0.928
73,brightness_contrast,increased_contrast,"{""brightness"":1.0,""contrast"":1.5}",class_conditional_conformal,0.1,,,Shirt,average_set_size,1.168
73,brightness_contrast,increased_contrast,"{""brightness"":1.0,""contrast"":1.5}",class_conditional_conformal,0.1,,,Shirt,coverage,0.884
73,brightness_contrast,increased_contrast,"{""brightness"":1.0,""contrast"":1.5}",class_conditional_conformal,0.1,,,Sneaker,average_set_size,0.915
73,brightness_contrast,increased_contrast,"{""brightness"":1.0,""contrast"":1.5}",class_conditional_conformal,0.1,,,Sneaker,coverage,0.909
73,brightness_contrast,increased_contrast,"{""brightness"":1.0,""contrast"":1.5}",class_conditional_conformal,0.1,,,T-shirt/top,average_set_size,1.204
73,brightness_contrast,increased_contrast,"{""brightness"":1.0,""contrast"":1.5}",class_conditional_conformal,0.1,,,T-shirt/top,coverage,0.875
73,brightness_contrast,increased_contrast,"{""brightness"":1.0,""contrast"":1.5}",class_conditional_conformal,0.1,,,Trouser,average_set_size,0.932
73,brightness_contrast,increased_contrast,"{""brightness"":1.0,""contrast"":1.5}",class_conditional_conformal,0.1,,,Trouser,coverage,0.923
73,brightness_contrast,increased_contrast,"{""brightness"":1.0,""contrast"":1.5}",class_conditional_conformal,0.2,,,Ankle boot,average_set_size,0.807
73,brightness_contrast,increased_contrast,"{""brightness"":1.0,""contrast"":1.5}",class_conditional_conformal,0.2,,,Ankle boot,coverage,0.8
73,brightness_contrast,increased_contrast,"{""brightness"":1.0,""contrast"":1.5}",class_conditional_conformal,0.2,,,Bag,average_set_size,0.831
73,brightness_contrast,increased_contrast,"{""brightness"":1.0,""contrast"":1.5}",class_conditional_conformal,0.2,,,Bag,coverage,0.828
73,brightness_contrast,increased_contrast,"{""brightness"":1.0,""contrast"":1.5}",class_conditional_conformal,0.2,,,Coat,average_set_size,0.875
73,brightness_contrast,increased_contrast,"{""brightness"":1.0,""contrast"":1.5}",class_conditional_conformal,0.2,,,Coat,coverage,0.804
73,brightness_contrast,increased_contrast,"{""brightness"":1.0,""contrast"":1.5}",class_conditional_conformal,0.2,,,Dress,average_set_size,0.83
73,brightness_contrast,increased_contrast,"{""brightness"":1.0,""contrast"":1.5}",class_conditional_conformal,0.2,,,Dress,coverage,0.791
73,brightness_contrast,increased_contrast,"{""brightness"":1.0,""contrast"":1.5}",class_conditional_conformal,0.2,,,Pullover,average_set_size,0.872
73,brightness_contrast,increased_contrast,"{""brightness"":1.0,""contrast"":1.5}",class_conditional_conformal,0.2,,,Pullover,coverage,0.75
73,brightness_contrast,increased_contrast,"{""brightness"":1.0,""contrast"":1.5}",class_conditional_conformal,0.2,,,Sandal,average_set_size,0.84
73,brightness_contrast,increased_contrast,"{""brightness"":1.0,""contrast"":1.5}",class_conditional_conformal,0.2,,,Sandal,coverage,0.839
73,brightness_contrast,increased_contrast,"{""brightness"":1.0,""contrast"":1.5}",class_conditional_conformal,0.2,,,Shirt,average_set_size,0.899
73,brightness_contrast,increased_contrast,"{""brightness"":1.0,""contrast"":1.5}",class_conditional_conformal,0.2,,,Shirt,coverage,0.773
73,brightness_contrast,increased_contrast,"{""brightness"":1.0,""contrast"":1.5}",class_conditional_conformal,0.2,,,Sneaker,average_set_size,0.815
73,brightness_contrast,increased_contrast,"{""brightness"":1.0,""contrast"":1.5}",class_conditional_conformal,0.2,,,Sneaker,coverage,0.814
73,brightness_contrast,increased_contrast,"{""brightness"":1.0,""contrast"":1.5}",class_conditional_conformal,0.2,,,T-shirt/top,average_set_size,0.93
73,brightness_contrast,increased_contrast,"{""brightness"":1.0,""contrast"":1.5}",class_conditional_conformal,0.2,,,T-shirt/top,coverage,0.773
73,brightness_contrast,increased_contrast,"{""brightness"":1.0,""contrast"":1.5}",class_conditional_conformal,0.2,,,Trouser,average_set_size,0.87
73,brightness_contrast,increased_contrast,"{""brightness"":1.0,""contrast"":1.5}",class_conditional_conformal,0.2,,,Trouser,coverage,0.865
73,brightness_contrast,increased_contrast,"{""brightness"":1.0,""contrast"":1.5}",raw_softmax,,,,Ankle boot,f1,0.9680365296803652
73,brightness_contrast,increased_contrast,"{""brightness"":1.0,""contrast"":1.5}",raw_softmax,,,,Ankle boot,precision,0.9824922760041195
73,brightness_contrast,increased_contrast,"{""brightness"":1.0,""contrast"":1.5}",raw_softmax,,,,Ankle boot,recall,0.954
73,brightness_contrast,increased_contrast,"{""brightness"":1.0,""contrast"":1.5}",raw_softmax,,,,Bag,f1,0.9816011934361014
73,brightness_contrast,increased_contrast,"{""brightness"":1.0,""contrast"":1.5}",raw_softmax,,,,Bag,precision,0.9762611275964391
73,brightness_contrast,increased_contrast,"{""brightness"":1.0,""contrast"":1.5}",raw_softmax,,,,Bag,recall,0.987
73,brightness_contrast,increased_contrast,"{""brightness"":1.0,""contrast"":1.5}",raw_softmax,,,,Coat,f1,0.8644724104549855
73,brightness_contrast,increased_contrast,"{""brightness"":1.0,""contrast"":1.5}",raw_softmax,,,,Coat,precision,0.8377110694183865
73,brightness_contrast,increased_contrast,"{""brightness"":1.0,""contrast"":1.5}",raw_softmax,,,,Coat,recall,0.893
73,brightness_contrast,increased_contrast,"{""brightness"":1.0,""contrast"":1.5}",raw_softmax,,,,Dress,f1,0.9080234833659491
73,brightness_contrast,increased_contrast,"{""brightness"":1.0,""contrast"":1.5}",raw_softmax,,,,Dress,precision,0.8888888888888888
73,brightness_contrast,increased_contrast,"{""brightness"":1.0,""contrast"":1.5}",raw_softmax,,,,Dress,recall,0.928
73,brightness_contrast,increased_contrast,"{""brightness"":1.0,""contrast"":1.5}",raw_softmax,,,,Pullover,f1,0.8671399594320487
73,brightness_contrast,increased_contrast,"{""brightness"":1.0,""contrast"":1.5}",raw_softmax,,,,Pullover,precision,0.8796296296296297
73,brightness_contrast,increased_contrast,"{""brightness"":1.0,""contrast"":1.5}",raw_softmax,,,,Pullover,recall,0.855
73,brightness_contrast,increased_contrast,"{""brightness"":1.0,""contrast"":1.5}",raw_softmax,,,,Sandal,f1,0.9845847836897066
73,brightness_contrast,increased_contrast,"{""brightness"":1.0,""contrast"":1.5}",raw_softmax,,,,Sandal,precision,0.9792284866468842
73,brightness_contrast,increased_contrast,"{""brightness"":1.0,""contrast"":1.5}",raw_softmax,,,,Sandal,recall,0.99
73,brightness_contrast,increased_contrast,"{""brightness"":1.0,""contrast"":1.5}",raw_softmax,,,,Shirt,f1,0.753099173553719
73,brightness_contrast,increased_contrast,"{""brightness"":1.0,""contrast"":1.5}",raw_softmax,,,,Shirt,precision,0.7788461538461539
73,brightness_contrast,increased_contrast,"{""brightness"":1.0,""contrast"":1.5}",raw_softmax,,,,Shirt,recall,0.729
73,brightness_contrast,increased_contrast,"{""brightness"":1.0,""contrast"":1.5}",raw_softmax,,,,Sneaker,f1,0.9614243323442137
73,brightness_contrast,increased_contrast,"{""brightness"":1.0,""contrast"":1.5}",raw_softmax,,,,Sneaker,precision,0.9510763209393346
73,brightness_contrast,increased_contrast,"{""brightness"":1.0,""contrast"":1.5}",raw_softmax,,,,Sneaker,recall,0.972
73,brightness_contrast,increased_contrast,"{""brightness"":1.0,""contrast"":1.5}",raw_softmax,,,,T-shirt/top,f1,0.8618052014278429
73,brightness_contrast,increased_contrast,"{""brightness"":1.0,""contrast"":1.5}",raw_softmax,,,,T-shirt/top,precision,0.8792924037460979
73,brightness_contrast,increased_contrast,"{""brightness"":1.0,""contrast"":1.5}",raw_softmax,,,,T-shirt/top,recall,0.845
73,brightness_contrast,increased_contrast,"{""brightness"":1.0,""contrast"":1.5}",raw_softmax,,,,Trouser,f1,0.9890329012961117
73,brightness_contrast,increased_contrast,"{""brightness"":1.0,""contrast"":1.5}",raw_softmax,,,,Trouser,precision,0.9860834990059643
73,brightness_contrast,increased_contrast,"{""brightness"":1.0,""contrast"":1.5}",raw_softmax,,,,Trouser,recall,0.992
73,brightness_contrast,increased_contrast,"{""brightness"":1.0,""contrast"":1.5}",standard_conformal,0.05,,,Ankle boot,average_set_size,1.038
73,brightness_contrast,increased_contrast,"{""brightness"":1.0,""contrast"":1.5}",standard_conformal,0.05,,,Ankle boot,coverage,0.971
73,brightness_contrast,increased_contrast,"{""brightness"":1.0,""contrast"":1.5}",standard_conformal,0.05,,,Bag,average_set_size,1.007
73,brightness_contrast,increased_contrast,"{""brightness"":1.0,""contrast"":1.5}",standard_conformal,0.05,,,Bag,coverage,0.987
73,brightness_contrast,increased_contrast,"{""brightness"":1.0,""contrast"":1.5}",standard_conformal,0.05,,,Coat,average_set_size,1.139
73,brightness_contrast,increased_contrast,"{""brightness"":1.0,""contrast"":1.5}",standard_conformal,0.05,,,Coat,coverage,0.934
73,brightness_contrast,increased_contrast,"{""brightness"":1.0,""contrast"":1.5}",standard_conformal,0.05,,,Dress,average_set_size,1.081
73,brightness_contrast,increased_contrast,"{""brightness"":1.0,""contrast"":1.5}",standard_conformal,0.05,,,Dress,coverage,0.948
73,brightness_contrast,increased_contrast,"{""brightness"":1.0,""contrast"":1.5}",standard_conformal,0.05,,,Pullover,average_set_size,1.116
73,brightness_contrast,increased_contrast,"{""brightness"":1.0,""contrast"":1.5}",standard_conformal,0.05,,,Pullover,coverage,0.891
73,brightness_contrast,increased_contrast,"{""brightness"":1.0,""contrast"":1.5}",standard_conformal,0.05,,,Sandal,average_set_size,1.007
73,brightness_contrast,increased_contrast,"{""brightness"":1.0,""contrast"":1.5}",standard_conformal,0.05,,,Sandal,coverage,0.993
73,brightness_contrast,increased_contrast,"{""brightness"":1.0,""contrast"":1.5}",standard_conformal,0.05,,,Shirt,average_set_size,1.221
73,brightness_contrast,increased_contrast,"{""brightness"":1.0,""contrast"":1.5}",standard_conformal,0.05,,,Shirt,coverage,0.824
73,brightness_contrast,increased_contrast,"{""brightness"":1.0,""contrast"":1.5}",standard_conformal,0.05,,,Sneaker,average_set_size,1.031
73,brightness_contrast,increased_contrast,"{""brightness"":1.0,""contrast"":1.5}",standard_conformal,0.05,,,Sneaker,coverage,0.983
73,brightness_contrast,increased_contrast,"{""brightness"":1.0,""contrast"":1.5}",standard_conformal,0.05,,,T-shirt/top,average_set_size,1.189
73,brightness_contrast,increased_contrast,"{""brightness"":1.0,""contrast"":1.5}",standard_conformal,0.05,,,T-shirt/top,coverage,0.909
73,brightness_contrast,increased_contrast,"{""brightness"":1.0,""contrast"":1.5}",standard_conformal,0.05,,,Trouser,average_set_size,1.009
73,brightness_contrast,increased_contrast,"{""brightness"":1.0,""contrast"":1.5}",standard_conformal,0.05,,,Trouser,coverage,0.993
73,brightness_contrast,increased_contrast,"{""brightness"":1.0,""contrast"":1.5}",standard_conformal,0.1,,,Ankle boot,average_set_size,0.996
73,brightness_contrast,increased_contrast,"{""brightness"":1.0,""contrast"":1.5}",standard_conformal,0.1,,,Ankle boot,coverage,0.953
73,brightness_contrast,increased_contrast,"{""brightness"":1.0,""contrast"":1.5}",standard_conformal,0.1,,,Bag,average_set_size,0.987
73,brightness_contrast,increased_contrast,"{""brightness"":1.0,""contrast"":1.5}",standard_conformal,0.1,,,Bag,coverage,0.979
73,brightness_contrast,increased_contrast,"{""brightness"":1.0,""contrast"":1.5}",standard_conformal,0.1,,,Coat,average_set_size,0.95
73,brightness_contrast,increased_contrast,"{""brightness"":1.0,""contrast"":1.5}",standard_conformal,0.1,,,Coat,coverage,0.869
73,brightness_contrast,increased_contrast,"{""brightness"":1.0,""contrast"":1.5}",standard_conformal,0.1,,,Dress,average_set_size,0.932
73,brightness_contrast,increased_contrast,"{""brightness"":1.0,""contrast"":1.5}",standard_conformal,0.1,,,Dress,coverage,0.892
73,brightness_contrast,increased_contrast,"{""brightness"":1.0,""contrast"":1.5}",standard_conformal,0.1,,,Pullover,average_set_size,0.925
73,brightness_contrast,increased_contrast,"{""brightness"":1.0,""contrast"":1.5}",standard_conformal,0.1,,,Pullover,coverage,0.819
73,brightness_contrast,increased_contrast,"{""brightness"":1.0,""contrast"":1.5}",standard_conformal,0.1,,,Sandal,average_set_size,0.997
73,brightness_contrast,increased_contrast,"{""brightness"":1.0,""contrast"":1.5}",standard_conformal,0.1,,,Sandal,coverage,0.988
73,brightness_contrast,increased_contrast,"{""brightness"":1.0,""contrast"":1.5}",standard_conformal,0.1,,,Shirt,average_set_size,0.878
73,brightness_contrast,increased_contrast,"{""brightness"":1.0,""contrast"":1.5}",standard_conformal,0.1,,,Shirt,coverage,0.68
73,brightness_contrast,increased_contrast,"{""brightness"":1.0,""contrast"":1.5}",standard_conformal,0.1,,,Sneaker,average_set_size,0.994
73,brightness_contrast,increased_contrast,"{""brightness"":1.0,""contrast"":1.5}",standard_conformal,0.1,,,Sneaker,coverage,0.968
73,brightness_contrast,increased_contrast,"{""brightness"":1.0,""contrast"":1.5}",standard_conformal,0.1,,,T-shirt/top,average_set_size,0.904
73,brightness_contrast,increased_contrast,"{""brightness"":1.0,""contrast"":1.5}",standard_conformal,0.1,,,T-shirt/top,coverage,0.803
73,brightness_contrast,increased_contrast,"{""brightness"":1.0,""contrast"":1.5}",standard_conformal,0.1,,,Trouser,average_set_size,0.995
73,brightness_contrast,increased_contrast,"{""brightness"":1.0,""contrast"":1.5}",standard_conformal,0.1,,,Trouser,coverage,0.99
73,brightness_contrast,increased_contrast,"{""brightness"":1.0,""contrast"":1.5}",standard_conformal,0.2,,,Ankle boot,average_set_size,0.929
73,brightness_contrast,increased_contrast,"{""brightness"":1.0,""contrast"":1.5}",standard_conformal,0.2,,,Ankle boot,coverage,0.906
73,brightness_contrast,increased_contrast,"{""brightness"":1.0,""contrast"":1.5}",standard_conformal,0.2,,,Bag,average_set_size,0.973
73,brightness_contrast,increased_contrast,"{""brightness"":1.0,""contrast"":1.5}",standard_conformal,0.2,,,Bag,coverage,0.967
73,brightness_contrast,increased_contrast,"{""brightness"":1.0,""contrast"":1.5}",standard_conformal,0.2,,,Coat,average_set_size,0.676
73,brightness_contrast,increased_contrast,"{""brightness"":1.0,""contrast"":1.5}",standard_conformal,0.2,,,Coat,coverage,0.652
73,brightness_contrast,increased_contrast,"{""brightness"":1.0,""contrast"":1.5}",standard_conformal,0.2,,,Dress,average_set_size,0.786
73,brightness_contrast,increased_contrast,"{""brightness"":1.0,""contrast"":1.5}",standard_conformal,0.2,,,Dress,coverage,0.773
73,brightness_contrast,increased_contrast,"{""brightness"":1.0,""contrast"":1.5}",standard_conformal,0.2,,,Pullover,average_set_size,0.723
73,brightness_contrast,increased_contrast,"{""brightness"":1.0,""contrast"":1.5}",standard_conformal,0.2,,,Pullover,coverage,0.697
73,brightness_contrast,increased_contrast,"{""brightness"":1.0,""contrast"":1.5}",standard_conformal,0.2,,,Sandal,average_set_size,0.98
73,brightness_contrast,increased_contrast,"{""brightness"":1.0,""contrast"":1.5}",standard_conformal,0.2,,,Sandal,coverage,0.976
73,brightness_contrast,increased_contrast,"{""brightness"":1.0,""contrast"":1.5}",standard_conformal,0.2,,,Shirt,average_set_size,0.5
73,brightness_contrast,increased_contrast,"{""brightness"":1.0,""contrast"":1.5}",standard_conformal,0.2,,,Shirt,coverage,0.447
73,brightness_contrast,increased_contrast,"{""brightness"":1.0,""contrast"":1.5}",standard_conformal,0.2,,,Sneaker,average_set_size,0.936
73,brightness_contrast,increased_contrast,"{""brightness"":1.0,""contrast"":1.5}",standard_conformal,0.2,,,Sneaker,coverage,0.925
73,brightness_contrast,increased_contrast,"{""brightness"":1.0,""contrast"":1.5}",standard_conformal,0.2,,,T-shirt/top,average_set_size,0.612
73,brightness_contrast,increased_contrast,"{""brightness"":1.0,""contrast"":1.5}",standard_conformal,0.2,,,T-shirt/top,coverage,0.592
73,brightness_contrast,increased_contrast,"{""brightness"":1.0,""contrast"":1.5}",standard_conformal,0.2,,,Trouser,average_set_size,0.981
73,brightness_contrast,increased_contrast,"{""brightness"":1.0,""contrast"":1.5}",standard_conformal,0.2,,,Trouser,coverage,0.978
73,brightness_contrast,mild_brightness,"{""brightness"":0.8,""contrast"":1.0}",class_conditional_conformal,0.05,,,Ankle boot,average_set_size,0.969
73,brightness_contrast,mild_brightness,"{""brightness"":0.8,""contrast"":1.0}",class_conditional_conformal,0.05,,,Ankle boot,coverage,0.944
73,brightness_contrast,mild_brightness,"{""brightness"":0.8,""contrast"":1.0}",class_conditional_conformal,0.05,,,Bag,average_set_size,0.974
73,brightness_contrast,mild_brightness,"{""brightness"":0.8,""contrast"":1.0}",class_conditional_conformal,0.05,,,Bag,coverage,0.948
73,brightness_contrast,mild_brightness,"{""brightness"":0.8,""contrast"":1.0}",class_conditional_conformal,0.05,,,Coat,average_set_size,1.522
73,brightness_contrast,mild_brightness,"{""brightness"":0.8,""contrast"":1.0}",class_conditional_conformal,0.05,,,Coat,coverage,0.936
73,brightness_contrast,mild_brightness,"{""brightness"":0.8,""contrast"":1.0}",class_conditional_conformal,0.05,,,Dress,average_set_size,1.216
73,brightness_contrast,mild_brightness,"{""brightness"":0.8,""contrast"":1.0}",class_conditional_conformal,0.05,,,Dress,coverage,0.959
73,brightness_contrast,mild_brightness,"{""brightness"":0.8,""contrast"":1.0}",class_conditional_conformal,0.05,,,Pullover,average_set_size,1.246
73,brightness_contrast,mild_brightness,"{""brightness"":0.8,""contrast"":1.0}",class_conditional_conformal,0.05,,,Pullover,coverage,0.957
73,brightness_contrast,mild_brightness,"{""brightness"":0.8,""contrast"":1.0}",class_conditional_conformal,0.05,,,Sandal,average_set_size,0.946
73,brightness_contrast,mild_brightness,"{""brightness"":0.8,""contrast"":1.0}",class_conditional_conformal,0.05,,,Sandal,coverage,0.935
73,brightness_contrast,mild_brightness,"{""brightness"":0.8,""contrast"":1.0}",class_conditional_conformal,0.05,,,Shirt,average_set_size,1.523
73,brightness_contrast,mild_brightness,"{""brightness"":0.8,""contrast"":1.0}",class_conditional_conformal,0.05,,,Shirt,coverage,0.941
73,brightness_contrast,mild_brightness,"{""brightness"":0.8,""contrast"":1.0}",class_conditional_conformal,0.05,,,Sneaker,average_set_size,0.963
73,brightness_contrast,mild_brightness,"{""brightness"":0.8,""contrast"":1.0}",class_conditional_conformal,0.05,,,Sneaker,coverage,0.95
73,brightness_contrast,mild_brightness,"{""brightness"":0.8,""contrast"":1.0}",class_conditional_conformal,0.05,,,T-shirt/top,average_set_size,1.435
73,brightness_contrast,mild_brightness,"{""brightness"":0.8,""contrast"":1.0}",class_conditional_conformal,0.05,,,T-shirt/top,coverage,0.956
73,brightness_contrast,mild_brightness,"{""brightness"":0.8,""contrast"":1.0}",class_conditional_conformal,0.05,,,Trouser,average_set_size,0.965
73,brightness_contrast,mild_brightness,"{""brightness"":0.8,""contrast"":1.0}",class_conditional_conformal,0.05,,,Trouser,coverage,0.939
73,brightness_contrast,mild_brightness,"{""brightness"":0.8,""contrast"":1.0}",class_conditional_conformal,0.1,,,Ankle boot,average_set_size,0.915
73,brightness_contrast,mild_brightness,"{""brightness"":0.8,""contrast"":1.0}",class_conditional_conformal,0.1,,,Ankle boot,coverage,0.901
73,brightness_contrast,mild_brightness,"{""brightness"":0.8,""contrast"":1.0}",class_conditional_conformal,0.1,,,Bag,average_set_size,0.867
73,brightness_contrast,mild_brightness,"{""brightness"":0.8,""contrast"":1.0}",class_conditional_conformal,0.1,,,Bag,coverage,0.853
73,brightness_contrast,mild_brightness,"{""brightness"":0.8,""contrast"":1.0}",class_conditional_conformal,0.1,,,Coat,average_set_size,1.167
73,brightness_contrast,mild_brightness,"{""brightness"":0.8,""contrast"":1.0}",class_conditional_conformal,0.1,,,Coat,coverage,0.864
73,brightness_contrast,mild_brightness,"{""brightness"":0.8,""contrast"":1.0}",class_conditional_conformal,0.1,,,Dress,average_set_size,1.003
73,brightness_contrast,mild_brightness,"{""brightness"":0.8,""contrast"":1.0}",class_conditional_conformal,0.1,,,Dress,coverage,0.895
73,brightness_contrast,mild_brightness,"{""brightness"":0.8,""contrast"":1.0}",class_conditional_conformal,0.1,,,Pullover,average_set_size,1.067
73,brightness_contrast,mild_brightness,"{""brightness"":0.8,""contrast"":1.0}",class_conditional_conformal,0.1,,,Pullover,coverage,0.918
73,brightness_contrast,mild_brightness,"{""brightness"":0.8,""contrast"":1.0}",class_conditional_conformal,0.1,,,Sandal,average_set_size,0.887
73,brightness_contrast,mild_brightness,"{""brightness"":0.8,""contrast"":1.0}",class_conditional_conformal,0.1,,,Sandal,coverage,0.882
73,brightness_contrast,mild_brightness,"{""brightness"":0.8,""contrast"":1.0}",class_conditional_conformal,0.1,,,Shirt,average_set_size,1.196
73,brightness_contrast,mild_brightness,"{""brightness"":0.8,""contrast"":1.0}",class_conditional_conformal,0.1,,,Shirt,coverage,0.881
73,brightness_contrast,mild_brightness,"{""brightness"":0.8,""contrast"":1.0}",class_conditional_conformal,0.1,,,Sneaker,average_set_size,0.91
73,brightness_contrast,mild_brightness,"{""brightness"":0.8,""contrast"":1.0}",class_conditional_conformal,0.1,,,Sneaker,coverage,0.906
73,brightness_contrast,mild_brightness,"{""brightness"":0.8,""contrast"":1.0}",class_conditional_conformal,0.1,,,T-shirt/top,average_set_size,1.205
73,brightness_contrast,mild_brightness,"{""brightness"":0.8,""contrast"":1.0}",class_conditional_conformal,0.1,,,T-shirt/top,coverage,0.909
73,brightness_contrast,mild_brightness,"{""brightness"":0.8,""contrast"":1.0}",class_conditional_conformal,0.1,,,Trouser,average_set_size,0.859
73,brightness_contrast,mild_brightness,"{""brightness"":0.8,""contrast"":1.0}",class_conditional_conformal,0.1,,,Trouser,coverage,0.846
73,brightness_contrast,mild_brightness,"{""brightness"":0.8,""contrast"":1.0}",class_conditional_conformal,0.2,,,Ankle boot,average_set_size,0.781
73,brightness_contrast,mild_brightness,"{""brightness"":0.8,""contrast"":1.0}",class_conditional_conformal,0.2,,,Ankle boot,coverage,0.778
73,brightness_contrast,mild_brightness,"{""brightness"":0.8,""contrast"":1.0}",class_conditional_conformal,0.2,,,Bag,average_set_size,0.688
73,brightness_contrast,mild_brightness,"{""brightness"":0.8,""contrast"":1.0}",class_conditional_conformal,0.2,,,Bag,coverage,0.686
73,brightness_contrast,mild_brightness,"{""brightness"":0.8,""contrast"":1.0}",class_conditional_conformal,0.2,,,Coat,average_set_size,0.782
73,brightness_contrast,mild_brightness,"{""brightness"":0.8,""contrast"":1.0}",class_conditional_conformal,0.2,,,Coat,coverage,0.671
73,brightness_contrast,mild_brightness,"{""brightness"":0.8,""contrast"":1.0}",class_conditional_conformal,0.2,,,Dress,average_set_size,0.794
73,brightness_contrast,mild_brightness,"{""brightness"":0.8,""contrast"":1.0}",class_conditional_conformal,0.2,,,Dress,coverage,0.763
73,brightness_contrast,mild_brightness,"{""brightness"":0.8,""contrast"":1.0}",class_conditional_conformal,0.2,,,Pullover,average_set_size,0.86
73,brightness_contrast,mild_brightness,"{""brightness"":0.8,""contrast"":1.0}",class_conditional_conformal,0.2,,,Pullover,coverage,0.808
73,brightness_contrast,mild_brightness,"{""brightness"":0.8,""contrast"":1.0}",class_conditional_conformal,0.2,,,Sandal,average_set_size,0.732
73,brightness_contrast,mild_brightness,"{""brightness"":0.8,""contrast"":1.0}",class_conditional_conformal,0.2,,,Sandal,coverage,0.73
73,brightness_contrast,mild_brightness,"{""brightness"":0.8,""contrast"":1.0}",class_conditional_conformal,0.2,,,Shirt,average_set_size,0.871
73,brightness_contrast,mild_brightness,"{""brightness"":0.8,""contrast"":1.0}",class_conditional_conformal,0.2,,,Shirt,coverage,0.754
73,brightness_contrast,mild_brightness,"{""brightness"":0.8,""contrast"":1.0}",class_conditional_conformal,0.2,,,Sneaker,average_set_size,0.786
73,brightness_contrast,mild_brightness,"{""brightness"":0.8,""contrast"":1.0}",class_conditional_conformal,0.2,,,Sneaker,coverage,0.785
73,brightness_contrast,mild_brightness,"{""brightness"":0.8,""contrast"":1.0}",class_conditional_conformal,0.2,,,T-shirt/top,average_set_size,0.923
73,brightness_contrast,mild_brightness,"{""brightness"":0.8,""contrast"":1.0}",class_conditional_conformal,0.2,,,T-shirt/top,coverage,0.797
73,brightness_contrast,mild_brightness,"{""brightness"":0.8,""contrast"":1.0}",class_conditional_conformal,0.2,,,Trouser,average_set_size,0.627
73,brightness_contrast,mild_brightness,"{""brightness"":0.8,""contrast"":1.0}",class_conditional_conformal,0.2,,,Trouser,coverage,0.623
73,brightness_contrast,mild_brightness,"{""brightness"":0.8,""contrast"":1.0}",raw_softmax,,,,Ankle boot,f1,0.9697275479313825
73,brightness_contrast,mild_brightness,"{""brightness"":0.8,""contrast"":1.0}",raw_softmax,,,,Ankle boot,precision,0.9786150712830958
73,brightness_contrast,mild_brightness,"{""brightness"":0.8,""contrast"":1.0}",raw_softmax,,,,Ankle boot,recall,0.961
73,brightness_contrast,mild_brightness,"{""brightness"":0.8,""contrast"":1.0}",raw_softmax,,,,Bag,f1,0.9794897448724362
73,brightness_contrast,mild_brightness,"{""brightness"":0.8,""contrast"":1.0}",raw_softmax,,,,Bag,precision,0.97997997997998
73,brightness_contrast,mild_brightness,"{""brightness"":0.8,""contrast"":1.0}",raw_softmax,,,,Bag,recall,0.979
73,brightness_contrast,mild_brightness,"{""brightness"":0.8,""contrast"":1.0}",raw_softmax,,,,Coat,f1,0.8523384130320546
73,brightness_contrast,mild_brightness,"{""brightness"":0.8,""contrast"":1.0}",raw_softmax,,,,Coat,precision,0.8981173864894795
73,brightness_contrast,mild_brightness,"{""brightness"":0.8,""contrast"":1.0}",raw_softmax,,,,Coat,recall,0.811
73,brightness_contrast,mild_brightness,"{""brightness"":0.8,""contrast"":1.0}",raw_softmax,,,,Dress,f1,0.9199417758369723
73,brightness_contrast,mild_brightness,"{""brightness"":0.8,""contrast"":1.0}",raw_softmax,,,,Dress,precision,0.8934967012252591
73,brightness_contrast,mild_brightness,"{""brightness"":0.8,""contrast"":1.0}",raw_softmax,,,,Dress,recall,0.948
73,brightness_contrast,mild_brightness,"{""brightness"":0.8,""contrast"":1.0}",raw_softmax,,,,Pullover,f1,0.8603667136812412
73,brightness_contrast,mild_brightness,"{""brightness"":0.8,""contrast"":1.0}",raw_softmax,,,,Pullover,precision,0.8118899733806566
73,brightness_contrast,mild_brightness,"{""brightness"":0.8,""contrast"":1.0}",raw_softmax,,,,Pullover,recall,0.915
73,brightness_contrast,mild_brightness,"{""brightness"":0.8,""contrast"":1.0}",raw_softmax,,,,Sandal,f1,0.9845232151772342
73,brightness_contrast,mild_brightness,"{""brightness"":0.8,""contrast"":1.0}",raw_softmax,,,,Sandal,precision,0.9830508474576272
73,brightness_contrast,mild_brightness,"{""brightness"":0.8,""contrast"":1.0}",raw_softmax,,,,Sandal,recall,0.986
73,brightness_contrast,mild_brightness,"{""brightness"":0.8,""contrast"":1.0}",raw_softmax,,,,Shirt,f1,0.753577106518283
73,brightness_contrast,mild_brightness,"{""brightness"":0.8,""contrast"":1.0}",raw_softmax,,,,Shirt,precision,0.8015783540022547
73,brightness_contrast,mild_brightness,"{""brightness"":0.8,""contrast"":1.0}",raw_softmax,,,,Shirt,recall,0.711
73,brightness_contrast,mild_brightness,"{""brightness"":0.8,""contrast"":1.0}",raw_softmax,,,,Sneaker,f1,0.9634387351778656
73,brightness_contrast,mild_brightness,"{""brightness"":0.8,""contrast"":1.0}",raw_softmax,,,,Sneaker,precision,0.9521484375
73,brightness_contrast,mild_brightness,"{""brightness"":0.8,""contrast"":1.0}",raw_softmax,,,,Sneaker,recall,0.975
73,brightness_contrast,mild_brightness,"{""brightness"":0.8,""contrast"":1.0}",raw_softmax,,,,T-shirt/top,f1,0.8776622090143635
73,brightness_contrast,mild_brightness,"{""brightness"":0.8,""contrast"":1.0}",raw_softmax,,,,T-shirt/top,precision,0.8694798822374877
73,brightness_contrast,mild_brightness,"{""brightness"":0.8,""contrast"":1.0}",raw_softmax,,,,T-shirt/top,recall,0.886
73,brightness_contrast,mild_brightness,"{""brightness"":0.8,""contrast"":1.0}",raw_softmax,,,,Trouser,f1,0.9874686716791979
73,brightness_contrast,mild_brightness,"{""brightness"":0.8,""contrast"":1.0}",raw_softmax,,,,Trouser,precision,0.9899497487437185
73,brightness_contrast,mild_brightness,"{""brightness"":0.8,""contrast"":1.0}",raw_softmax,,,,Trouser,recall,0.985
73,brightness_contrast,mild_brightness,"{""brightness"":0.8,""contrast"":1.0}",standard_conformal,0.05,,,Ankle boot,average_set_size,1.031
73,brightness_contrast,mild_brightness,"{""brightness"":0.8,""contrast"":1.0}",standard_conformal,0.05,,,Ankle boot,coverage,0.973
73,brightness_contrast,mild_brightness,"{""brightness"":0.8,""contrast"":1.0}",standard_conformal,0.05,,,Bag,average_set_size,1.006
73,brightness_contrast,mild_brightness,"{""brightness"":0.8,""contrast"":1.0}",standard_conformal,0.05,,,Bag,coverage,0.984
73,brightness_contrast,mild_brightness,"{""brightness"":0.8,""contrast"":1.0}",standard_conformal,0.05,,,Coat,average_set_size,1.241
73,brightness_contrast,mild_brightness,"{""brightness"":0.8,""contrast"":1.0}",standard_conformal,0.05,,,Coat,coverage,0.907
73,brightness_contrast,mild_brightness,"{""brightness"":0.8,""contrast"":1.0}",standard_conformal,0.05,,,Dress,average_set_size,1.081
73,brightness_contrast,mild_brightness,"{""brightness"":0.8,""contrast"":1.0}",standard_conformal,0.05,,,Dress,coverage,0.961
73,brightness_contrast,mild_brightness,"{""brightness"":0.8,""contrast"":1.0}",standard_conformal,0.05,,,Pullover,average_set_size,1.079
73,brightness_contrast,mild_brightness,"{""brightness"":0.8,""contrast"":1.0}",standard_conformal,0.05,,,Pullover,coverage,0.94
73,brightness_contrast,mild_brightness,"{""brightness"":0.8,""contrast"":1.0}",standard_conformal,0.05,,,Sandal,average_set_size,1.006
73,brightness_contrast,mild_brightness,"{""brightness"":0.8,""contrast"":1.0}",standard_conformal,0.05,,,Sandal,coverage,0.986
73,brightness_contrast,mild_brightness,"{""brightness"":0.8,""contrast"":1.0}",standard_conformal,0.05,,,Shirt,average_set_size,1.267
73,brightness_contrast,mild_brightness,"{""brightness"":0.8,""contrast"":1.0}",standard_conformal,0.05,,,Shirt,coverage,0.823
73,brightness_contrast,mild_brightness,"{""brightness"":0.8,""contrast"":1.0}",standard_conformal,0.05,,,Sneaker,average_set_size,1.032
73,brightness_contrast,mild_brightness,"{""brightness"":0.8,""contrast"":1.0}",standard_conformal,0.05,,,Sneaker,coverage,0.987
73,brightness_contrast,mild_brightness,"{""brightness"":0.8,""contrast"":1.0}",standard_conformal,0.05,,,T-shirt/top,average_set_size,1.181
73,brightness_contrast,mild_brightness,"{""brightness"":0.8,""contrast"":1.0}",standard_conformal,0.05,,,T-shirt/top,coverage,0.933
73,brightness_contrast,mild_brightness,"{""brightness"":0.8,""contrast"":1.0}",standard_conformal,0.05,,,Trouser,average_set_size,1.013
73,brightness_contrast,mild_brightness,"{""brightness"":0.8,""contrast"":1.0}",standard_conformal,0.05,,,Trouser,coverage,0.991
73,brightness_contrast,mild_brightness,"{""brightness"":0.8,""contrast"":1.0}",standard_conformal,0.1,,,Ankle boot,average_set_size,0.994
73,brightness_contrast,mild_brightness,"{""brightness"":0.8,""contrast"":1.0}",standard_conformal,0.1,,,Ankle boot,coverage,0.958
73,brightness_contrast,mild_brightness,"{""brightness"":0.8,""contrast"":1.0}",standard_conformal,0.1,,,Bag,average_set_size,0.99
73,brightness_contrast,mild_brightness,"{""brightness"":0.8,""contrast"":1.0}",standard_conformal,0.1,,,Bag,coverage,0.975
73,brightness_contrast,mild_brightness,"{""brightness"":0.8,""contrast"":1.0}",standard_conformal,0.1,,,Coat,average_set_size,0.861
73,brightness_contrast,mild_brightness,"{""brightness"":0.8,""contrast"":1.0}",standard_conformal,0.1,,,Coat,coverage,0.748
73,brightness_contrast,mild_brightness,"{""brightness"":0.8,""contrast"":1.0}",standard_conformal,0.1,,,Dress,average_set_size,0.92
73,brightness_contrast,mild_brightness,"{""brightness"":0.8,""contrast"":1.0}",standard_conformal,0.1,,,Dress,coverage,0.892
73,brightness_contrast,mild_brightness,"{""brightness"":0.8,""contrast"":1.0}",standard_conformal,0.1,,,Pullover,average_set_size,0.934
73,brightness_contrast,mild_brightness,"{""brightness"":0.8,""contrast"":1.0}",standard_conformal,0.1,,,Pullover,coverage,0.883
73,brightness_contrast,mild_brightness,"{""brightness"":0.8,""contrast"":1.0}",standard_conformal,0.1,,,Sandal,average_set_size,0.997
73,brightness_contrast,mild_brightness,"{""brightness"":0.8,""contrast"":1.0}",standard_conformal,0.1,,,Sandal,coverage,0.983
73,brightness_contrast,mild_brightness,"{""brightness"":0.8,""contrast"":1.0}",standard_conformal,0.1,,,Shirt,average_set_size,0.821
73,brightness_contrast,mild_brightness,"{""brightness"":0.8,""contrast"":1.0}",standard_conformal,0.1,,,Shirt,coverage,0.629
73,brightness_contrast,mild_brightness,"{""brightness"":0.8,""contrast"":1.0}",standard_conformal,0.1,,,Sneaker,average_set_size,0.99
73,brightness_contrast,mild_brightness,"{""brightness"":0.8,""contrast"":1.0}",standard_conformal,0.1,,,Sneaker,coverage,0.969
73,brightness_contrast,mild_brightness,"{""brightness"":0.8,""contrast"":1.0}",standard_conformal,0.1,,,T-shirt/top,average_set_size,0.889
73,brightness_contrast,mild_brightness,"{""brightness"":0.8,""contrast"":1.0}",standard_conformal,0.1,,,T-shirt/top,coverage,0.825
73,brightness_contrast,mild_brightness,"{""brightness"":0.8,""contrast"":1.0}",standard_conformal,0.1,,,Trouser,average_set_size,0.986
73,brightness_contrast,mild_brightness,"{""brightness"":0.8,""contrast"":1.0}",standard_conformal,0.1,,,Trouser,coverage,0.98
73,brightness_contrast,mild_brightness,"{""brightness"":0.8,""contrast"":1.0}",standard_conformal,0.2,,,Ankle boot,average_set_size,0.937
73,brightness_contrast,mild_brightness,"{""brightness"":0.8,""contrast"":1.0}",standard_conformal,0.2,,,Ankle boot,coverage,0.917
73,brightness_contrast,mild_brightness,"{""brightness"":0.8,""contrast"":1.0}",standard_conformal,0.2,,,Bag,average_set_size,0.966
73,brightness_contrast,mild_brightness,"{""brightness"":0.8,""contrast"":1.0}",standard_conformal,0.2,,,Bag,coverage,0.96
73,brightness_contrast,mild_brightness,"{""brightness"":0.8,""contrast"":1.0}",standard_conformal,0.2,,,Coat,average_set_size,0.492
73,brightness_contrast,mild_brightness,"{""brightness"":0.8,""contrast"":1.0}",standard_conformal,0.2,,,Coat,coverage,0.461
73,brightness_contrast,mild_brightness,"{""brightness"":0.8,""contrast"":1.0}",standard_conformal,0.2,,,Dress,average_set_size,0.755
73,brightness_contrast,mild_brightness,"{""brightness"":0.8,""contrast"":1.0}",standard_conformal,0.2,,,Dress,coverage,0.748
73,brightness_contrast,mild_brightness,"{""brightness"":0.8,""contrast"":1.0}",standard_conformal,0.2,,,Pullover,average_set_size,0.755
73,brightness_contrast,mild_brightness,"{""brightness"":0.8,""contrast"":1.0}",standard_conformal,0.2,,,Pullover,coverage,0.746
73,brightness_contrast,mild_brightness,"{""brightness"":0.8,""contrast"":1.0}",standard_conformal,0.2,,,Sandal,average_set_size,0.974
73,brightness_contrast,mild_brightness,"{""brightness"":0.8,""contrast"":1.0}",standard_conformal,0.2,,,Sandal,coverage,0.966
73,brightness_contrast,mild_brightness,"{""brightness"":0.8,""contrast"":1.0}",standard_conformal,0.2,,,Shirt,average_set_size,0.445
73,brightness_contrast,mild_brightness,"{""brightness"":0.8,""contrast"":1.0}",standard_conformal,0.2,,,Shirt,coverage,0.403
73,brightness_contrast,mild_brightness,"{""brightness"":0.8,""contrast"":1.0}",standard_conformal,0.2,,,Sneaker,average_set_size,0.936
73,brightness_contrast,mild_brightness,"{""brightness"":0.8,""contrast"":1.0}",standard_conformal,0.2,,,Sneaker,coverage,0.929
73,brightness_contrast,mild_brightness,"{""brightness"":0.8,""contrast"":1.0}",standard_conformal,0.2,,,T-shirt/top,average_set_size,0.61
73,brightness_contrast,mild_brightness,"{""brightness"":0.8,""contrast"":1.0}",standard_conformal,0.2,,,T-shirt/top,coverage,0.595
73,brightness_contrast,mild_brightness,"{""brightness"":0.8,""contrast"":1.0}",standard_conformal,0.2,,,Trouser,average_set_size,0.97
73,brightness_contrast,mild_brightness,"{""brightness"":0.8,""contrast"":1.0}",standard_conformal,0.2,,,Trouser,coverage,0.968
73,brightness_contrast,strong_brightness,"{""brightness"":0.6,""contrast"":1.0}",class_conditional_conformal,0.05,,,Ankle boot,average_set_size,0.969
73,brightness_contrast,strong_brightness,"{""brightness"":0.6,""contrast"":1.0}",class_conditional_conformal,0.05,,,Ankle boot,coverage,0.943
73,brightness_contrast,strong_brightness,"{""brightness"":0.6,""contrast"":1.0}",class_conditional_conformal,0.05,,,Bag,average_set_size,0.945
73,brightness_contrast,strong_brightness,"{""brightness"":0.6,""contrast"":1.0}",class_conditional_conformal,0.05,,,Bag,coverage,0.915
73,brightness_contrast,strong_brightness,"{""brightness"":0.6,""contrast"":1.0}",class_conditional_conformal,0.05,,,Coat,average_set_size,1.789
73,brightness_contrast,strong_brightness,"{""brightness"":0.6,""contrast"":1.0}",class_conditional_conformal,0.05,,,Coat,coverage,0.835
73,brightness_contrast,strong_brightness,"{""brightness"":0.6,""contrast"":1.0}",class_conditional_conformal,0.05,,,Dress,average_set_size,1.242
73,brightness_contrast,strong_brightness,"{""brightness"":0.6,""contrast"":1.0}",class_conditional_conformal,0.05,,,Dress,coverage,0.955
73,brightness_contrast,strong_brightness,"{""brightness"":0.6,""contrast"":1.0}",class_conditional_conformal,0.05,,,Pullover,average_set_size,1.271
73,brightness_contrast,strong_brightness,"{""brightness"":0.6,""contrast"":1.0}",class_conditional_conformal,0.05,,,Pullover,coverage,0.972
73,brightness_contrast,strong_brightness,"{""brightness"":0.6,""contrast"":1.0}",class_conditional_conformal,0.05,,,Sandal,average_set_size,0.922
73,brightness_contrast,strong_brightness,"{""brightness"":0.6,""contrast"":1.0}",class_conditional_conformal,0.05,,,Sandal,coverage,0.908
73,brightness_contrast,strong_brightness,"{""brightness"":0.6,""contrast"":1.0}",class_conditional_conformal,0.05,,,Shirt,average_set_size,1.573
73,brightness_contrast,strong_brightness,"{""brightness"":0.6,""contrast"":1.0}",class_conditional_conformal,0.05,,,Shirt,coverage,0.945
73,brightness_contrast,strong_brightness,"{""brightness"":0.6,""contrast"":1.0}",class_conditional_conformal,0.05,,,Sneaker,average_set_size,0.956
73,brightness_contrast,strong_brightness,"{""brightness"":0.6,""contrast"":1.0}",class_conditional_conformal,0.05,,,Sneaker,coverage,0.942
73,brightness_contrast,strong_brightness,"{""brightness"":0.6,""contrast"":1.0}",class_conditional_conformal,0.05,,,T-shirt/top,average_set_size,1.481
73,brightness_contrast,strong_brightness,"{""brightness"":0.6,""contrast"":1.0}",class_conditional_conformal,0.05,,,T-shirt/top,coverage,0.963
73,brightness_contrast,strong_brightness,"{""brightness"":0.6,""contrast"":1.0}",class_conditional_conformal,0.05,,,Trouser,average_set_size,0.931
73,brightness_contrast,strong_brightness,"{""brightness"":0.6,""contrast"":1.0}",class_conditional_conformal,0.05,,,Trouser,coverage,0.892
73,brightness_contrast,strong_brightness,"{""brightness"":0.6,""contrast"":1.0}",class_conditional_conformal,0.1,,,Ankle boot,average_set_size,0.898
73,brightness_contrast,strong_brightness,"{""brightness"":0.6,""contrast"":1.0}",class_conditional_conformal,0.1,,,Ankle boot,coverage,0.883
73,brightness_contrast,strong_brightness,"{""brightness"":0.6,""contrast"":1.0}",class_conditional_conformal,0.1,,,Bag,average_set_size,0.787
73,brightness_contrast,strong_brightness,"{""brightness"":0.6,""contrast"":1.0}",class_conditional_conformal,0.1,,,Bag,coverage,0.772
73,brightness_contrast,strong_brightness,"{""brightness"":0.6,""contrast"":1.0}",class_conditional_conformal,0.1,,,Coat,average_set_size,1.213
73,brightness_contrast,strong_brightness,"{""brightness"":0.6,""contrast"":1.0}",class_conditional_conformal,0.1,,,Coat,coverage,0.674
73,brightness_contrast,strong_brightness,"{""brightness"":0.6,""contrast"":1.0}",class_conditional_conformal,0.1,,,Dress,average_set_size,1.001
73,brightness_contrast,strong_brightness,"{""brightness"":0.6,""contrast"":1.0}",class_conditional_conformal,0.1,,,Dress,coverage,0.889
73,brightness_contrast,strong_brightness,"{""brightness"":0.6,""contrast"":1.0}",class_conditional_conformal,0.1,,,Pullover,average_set_size,1.067
73,brightness_contrast,strong_brightness,"{""brightness"":0.6,""contrast"":1.0}",class_conditional_conformal,0.1,,,Pullover,coverage,0.929
73,brightness_contrast,strong_brightness,"{""brightness"":0.6,""contrast"":1.0}",class_conditional_conformal,0.1,,,Sandal,average_set_size,0.83
73,brightness_contrast,strong_brightness,"{""brightness"":0.6,""contrast"":1.0}",class_conditional_conformal,0.1,,,Sandal,coverage,0.821
73,brightness_contrast,strong_brightness,"{""brightness"":0.6,""contrast"":1.0}",class_conditional_conformal,0.1,,,Shirt,average_set_size,1.205
73,brightness_contrast,strong_brightness,"{""brightness"":0.6,""contrast"":1.0}",class_conditional_conformal,0.1,,,Shirt,coverage,0.871
73,brightness_contrast,strong_brightness,"{""brightness"":0.6,""contrast"":1.0}",class_conditional_conformal,0.1,,,Sneaker,average_set_size,0.898
73,brightness_contrast,strong_brightness,"{""brightness"":0.6,""contrast"":1.0}",class_conditional_conformal,0.1,,,Sneaker,coverage,0.896
73,brightness_contrast,strong_brightness,"{""brightness"":0.6,""contrast"":1.0}",class_conditional_conformal,0.1,,,T-shirt/top,average_set_size,1.219
73,brightness_contrast,strong_brightness,"{""brightness"":0.6,""contrast"":1.0}",class_conditional_conformal,0.1,,,T-shirt/top,coverage,0.9
73,brightness_contrast,strong_brightness,"{""brightness"":0.6,""contrast"":1.0}",class_conditional_conformal,0.1,,,Trouser,average_set_size,0.713
73,brightness_contrast,strong_brightness,"{""brightness"":0.6,""contrast"":1.0}",class_conditional_conformal,0.1,,,Trouser,coverage,0.694
73,brightness_contrast,strong_brightness,"{""brightness"":0.6,""contrast"":1.0}",class_conditional_conformal,0.2,,,Ankle boot,average_set_size,0.739
73,brightness_contrast,strong_brightness,"{""brightness"":0.6,""contrast"":1.0}",class_conditional_conformal,0.2,,,Ankle boot,coverage,0.738
73,brightness_contrast,strong_brightness,"{""brightness"":0.6,""contrast"":1.0}",class_conditional_conformal,0.2,,,Bag,average_set_size,0.476
73,brightness_contrast,strong_brightness,"{""brightness"":0.6,""contrast"":1.0}",class_conditional_conformal,0.2,,,Bag,coverage,0.474
73,brightness_contrast,strong_brightness,"{""brightness"":0.6,""contrast"":1.0}",class_conditional_conformal,0.2,,,Coat,average_set_size,0.595
73,brightness_contrast,strong_brightness,"{""brightness"":0.6,""contrast"":1.0}",class_conditional_conformal,0.2,,,Coat,coverage,0.408
73,brightness_contrast,strong_brightness,"{""brightness"":0.6,""contrast"":1.0}",class_conditional_conformal,0.2,,,Dress,average_set_size,0.785
73,brightness_contrast,strong_brightness,"{""brightness"":0.6,""contrast"":1.0}",class_conditional_conformal,0.2,,,Dress,coverage,0.749
73,brightness_contrast,strong_brightness,"{""brightness"":0.6,""contrast"":1.0}",class_conditional_conformal,0.2,,,Pullover,average_set_size,0.856
73,brightness_contrast,strong_brightness,"{""brightness"":0.6,""contrast"":1.0}",class_conditional_conformal,0.2,,,Pullover,coverage,0.814
73,brightness_contrast,strong_brightness,"{""brightness"":0.6,""contrast"":1.0}",class_conditional_conformal,0.2,,,Sandal,average_set_size,0.62
73,brightness_contrast,strong_brightness,"{""brightness"":0.6,""contrast"":1.0}",class_conditional_conformal,0.2,,,Sandal,coverage,0.617
73,brightness_contrast,strong_brightness,"{""brightness"":0.6,""contrast"":1.0}",class_conditional_conformal,0.2,,,Shirt,average_set_size,0.847
73,brightness_contrast,strong_brightness,"{""brightness"":0.6,""contrast"":1.0}",class_conditional_conformal,0.2,,,Shirt,coverage,0.726
73,brightness_contrast,strong_brightness,"{""brightness"":0.6,""contrast"":1.0}",class_conditional_conformal,0.2,,,Sneaker,average_set_size,0.766
73,brightness_contrast,strong_brightness,"{""brightness"":0.6,""contrast"":1.0}",class_conditional_conformal,0.2,,,Sneaker,coverage,0.765
73,brightness_contrast,strong_brightness,"{""brightness"":0.6,""contrast"":1.0}",class_conditional_conformal,0.2,,,T-shirt/top,average_set_size,0.896
73,brightness_contrast,strong_brightness,"{""brightness"":0.6,""contrast"":1.0}",class_conditional_conformal,0.2,,,T-shirt/top,coverage,0.779
73,brightness_contrast,strong_brightness,"{""brightness"":0.6,""contrast"":1.0}",class_conditional_conformal,0.2,,,Trouser,average_set_size,0.27
73,brightness_contrast,strong_brightness,"{""brightness"":0.6,""contrast"":1.0}",class_conditional_conformal,0.2,,,Trouser,coverage,0.265
73,brightness_contrast,strong_brightness,"{""brightness"":0.6,""contrast"":1.0}",raw_softmax,,,,Ankle boot,f1,0.9671882887430591
73,brightness_contrast,strong_brightness,"{""brightness"":0.6,""contrast"":1.0}",raw_softmax,,,,Ankle boot,precision,0.9765545361875637
73,brightness_contrast,strong_brightness,"{""brightness"":0.6,""contrast"":1.0}",raw_softmax,,,,Ankle boot,recall,0.958
73,brightness_contrast,strong_brightness,"{""brightness"":0.6,""contrast"":1.0}",raw_softmax,,,,Bag,f1,0.978978978978979
73,brightness_contrast,strong_brightness,"{""brightness"":0.6,""contrast"":1.0}",raw_softmax,,,,Bag,precision,0.9799599198396793
73,brightness_contrast,strong_brightness,"{""brightness"":0.6,""contrast"":1.0}",raw_softmax,,,,Bag,recall,0.978
73,brightness_contrast,strong_brightness,"{""brightness"":0.6,""contrast"":1.0}",raw_softmax,,,,Coat,f1,0.7502944640753828
73,brightness_contrast,strong_brightness,"{""brightness"":0.6,""contrast"":1.0}",raw_softmax,,,,Coat,precision,0.9126074498567335
73,brightness_contrast,strong_brightness,"{""brightness"":0.6,""contrast"":1.0}",raw_softmax,,,,Coat,recall,0.637
73,brightness_contrast,strong_brightness,"{""brightness"":0.6,""contrast"":1.0}",raw_softmax,,,,Dress,f1,0.9043728976453628
73,brightness_contrast,strong_brightness,"{""brightness"":0.6,""contrast"":1.0}",raw_softmax,,,,Dress,precision,0.8704902867715079
73,brightness_contrast,strong_brightness,"{""brightness"":0.6,""contrast"":1.0}",raw_softmax,,,,Dress,recall,0.941
73,brightness_contrast,strong_brightness,"{""brightness"":0.6,""contrast"":1.0}",raw_softmax,,,,Pullover,f1,0.8088426527958388
73,brightness_contrast,strong_brightness,"{""brightness"":0.6,""contrast"":1.0}",raw_softmax,,,,Pullover,precision,0.7138485080336648
73,brightness_contrast,strong_brightness,"{""brightness"":0.6,""contrast"":1.0}",raw_softmax,,,,Pullover,recall,0.933
73,brightness_contrast,strong_brightness,"{""brightness"":0.6,""contrast"":1.0}",raw_softmax,,,,Sandal,f1,0.9819819819819819
73,brightness_contrast,strong_brightness,"{""brightness"":0.6,""contrast"":1.0}",raw_softmax,,,,Sandal,precision,0.9829659318637275
73,brightness_contrast,strong_brightness,"{""brightness"":0.6,""contrast"":1.0}",raw_softmax,,,,Sandal,recall,0.981
73,brightness_contrast,strong_brightness,"{""brightness"":0.6,""contrast"":1.0}",raw_softmax,,,,Shirt,f1,0.7198731501057083
73,brightness_contrast,strong_brightness,"{""brightness"":0.6,""contrast"":1.0}",raw_softmax,,,,Shirt,precision,0.7634529147982063
73,brightness_contrast,strong_brightness,"{""brightness"":0.6,""contrast"":1.0}",raw_softmax,,,,Shirt,recall,0.681
73,brightness_contrast,strong_brightness,"{""brightness"":0.6,""contrast"":1.0}",raw_softmax,,,,Sneaker,f1,0.9611411706837186
73,brightness_contrast,strong_brightness,"{""brightness"":0.6,""contrast"":1.0}",raw_softmax,,,,Sneaker,precision,0.9457889641819942
73,brightness_contrast,strong_brightness,"{""brightness"":0.6,""contrast"":1.0}",raw_softmax,,,,Sneaker,recall,0.977
73,brightness_contrast,strong_brightness,"{""brightness"":0.6,""contrast"":1.0}",raw_softmax,,,,T-shirt/top,f1,0.8648915187376726
73,brightness_contrast,strong_brightness,"{""brightness"":0.6,""contrast"":1.0}",raw_softmax,,,,T-shirt/top,precision,0.853112840466926
73,brightness_contrast,strong_brightness,"{""brightness"":0.6,""contrast"":1.0}",raw_softmax,,,,T-shirt/top,recall,0.877
73,brightness_contrast,strong_brightness,"{""brightness"":0.6,""contrast"":1.0}",raw_softmax,,,,Trouser,f1,0.9828629032258065
73,brightness_contrast,strong_brightness,"{""brightness"":0.6,""contrast"":1.0}",raw_softmax,,,,Trouser,precision,0.9908536585365854
73,brightness_contrast,strong_brightness,"{""brightness"":0.6,""contrast"":1.0}",raw_softmax,,,,Trouser,recall,0.975
73,brightness_contrast,strong_brightness,"{""brightness"":0.6,""contrast"":1.0}",standard_conformal,0.05,,,Ankle boot,average_set_size,1.035
73,brightness_contrast,strong_brightness,"{""brightness"":0.6,""contrast"":1.0}",standard_conformal,0.05,,,Ankle boot,coverage,0.971
73,brightness_contrast,strong_brightness,"{""brightness"":0.6,""contrast"":1.0}",standard_conformal,0.05,,,Bag,average_set_size,1.005
73,brightness_contrast,strong_brightness,"{""brightness"":0.6,""contrast"":1.0}",standard_conformal,0.05,,,Bag,coverage,0.98
73,brightness_contrast,strong_brightness,"{""brightness"":0.6,""contrast"":1.0}",standard_conformal,0.05,,,Coat,average_set_size,1.326
73,brightness_contrast,strong_brightness,"{""brightness"":0.6,""contrast"":1.0}",standard_conformal,0.05,,,Coat,coverage,0.753
73,brightness_contrast,strong_brightness,"{""brightness"":0.6,""contrast"":1.0}",standard_conformal,0.05,,,Dress,average_set_size,1.075
73,brightness_contrast,strong_brightness,"{""brightness"":0.6,""contrast"":1.0}",standard_conformal,0.05,,,Dress,coverage,0.958
73,brightness_contrast,strong_brightness,"{""brightness"":0.6,""contrast"":1.0}",standard_conformal,0.05,,,Pullover,average_set_size,1.074
73,brightness_contrast,strong_brightness,"{""brightness"":0.6,""contrast"":1.0}",standard_conformal,0.05,,,Pullover,coverage,0.956
73,brightness_contrast,strong_brightness,"{""brightness"":0.6,""contrast"":1.0}",standard_conformal,0.05,,,Sandal,average_set_size,1.015
73,brightness_contrast,strong_brightness,"{""brightness"":0.6,""contrast"":1.0}",standard_conformal,0.05,,,Sandal,coverage,0.985
73,brightness_contrast,strong_brightness,"{""brightness"":0.6,""contrast"":1.0}",standard_conformal,0.05,,,Shirt,average_set_size,1.274
73,brightness_contrast,strong_brightness,"{""brightness"":0.6,""contrast"":1.0}",standard_conformal,0.05,,,Shirt,coverage,0.81
73,brightness_contrast,strong_brightness,"{""brightness"":0.6,""contrast"":1.0}",standard_conformal,0.05,,,Sneaker,average_set_size,1.034
73,brightness_contrast,strong_brightness,"{""brightness"":0.6,""contrast"":1.0}",standard_conformal,0.05,,,Sneaker,coverage,0.987
73,brightness_contrast,strong_brightness,"{""brightness"":0.6,""contrast"":1.0}",standard_conformal,0.05,,,T-shirt/top,average_set_size,1.187
73,brightness_contrast,strong_brightness,"{""brightness"":0.6,""contrast"":1.0}",standard_conformal,0.05,,,T-shirt/top,coverage,0.928
73,brightness_contrast,strong_brightness,"{""brightness"":0.6,""contrast"":1.0}",standard_conformal,0.05,,,Trouser,average_set_size,1.011
73,brightness_contrast,strong_brightness,"{""brightness"":0.6,""contrast"":1.0}",standard_conformal,0.05,,,Trouser,coverage,0.982
73,brightness_contrast,strong_brightness,"{""brightness"":0.6,""contrast"":1.0}",standard_conformal,0.1,,,Ankle boot,average_set_size,0.996
73,brightness_contrast,strong_brightness,"{""brightness"":0.6,""contrast"":1.0}",standard_conformal,0.1,,,Ankle boot,coverage,0.956
73,brightness_contrast,strong_brightness,"{""brightness"":0.6,""contrast"":1.0}",standard_conformal,0.1,,,Bag,average_set_size,0.983
73,brightness_contrast,strong_brightness,"{""brightness"":0.6,""contrast"":1.0}",standard_conformal,0.1,,,Bag,coverage,0.969
73,brightness_contrast,strong_brightness,"{""brightness"":0.6,""contrast"":1.0}",standard_conformal,0.1,,,Coat,average_set_size,0.761
73,brightness_contrast,strong_brightness,"{""brightness"":0.6,""contrast"":1.0}",standard_conformal,0.1,,,Coat,coverage,0.523
73,brightness_contrast,strong_brightness,"{""brightness"":0.6,""contrast"":1.0}",standard_conformal,0.1,,,Dress,average_set_size,0.914
73,brightness_contrast,strong_brightness,"{""brightness"":0.6,""contrast"":1.0}",standard_conformal,0.1,,,Dress,coverage,0.886
73,brightness_contrast,strong_brightness,"{""brightness"":0.6,""contrast"":1.0}",standard_conformal,0.1,,,Pullover,average_set_size,0.93
73,brightness_contrast,strong_brightness,"{""brightness"":0.6,""contrast"":1.0}",standard_conformal,0.1,,,Pullover,coverage,0.899
73,brightness_contrast,strong_brightness,"{""brightness"":0.6,""contrast"":1.0}",standard_conformal,0.1,,,Sandal,average_set_size,0.996
73,brightness_contrast,strong_brightness,"{""brightness"":0.6,""contrast"":1.0}",standard_conformal,0.1,,,Sandal,coverage,0.978
73,brightness_contrast,strong_brightness,"{""brightness"":0.6,""contrast"":1.0}",standard_conformal,0.1,,,Shirt,average_set_size,0.772
73,brightness_contrast,strong_brightness,"{""brightness"":0.6,""contrast"":1.0}",standard_conformal,0.1,,,Shirt,coverage,0.575
73,brightness_contrast,strong_brightness,"{""brightness"":0.6,""contrast"":1.0}",standard_conformal,0.1,,,Sneaker,average_set_size,0.99
73,brightness_contrast,strong_brightness,"{""brightness"":0.6,""contrast"":1.0}",standard_conformal,0.1,,,Sneaker,coverage,0.97
73,brightness_contrast,strong_brightness,"{""brightness"":0.6,""contrast"":1.0}",standard_conformal,0.1,,,T-shirt/top,average_set_size,0.87
73,brightness_contrast,strong_brightness,"{""brightness"":0.6,""contrast"":1.0}",standard_conformal,0.1,,,T-shirt/top,coverage,0.814
73,brightness_contrast,strong_brightness,"{""brightness"":0.6,""contrast"":1.0}",standard_conformal,0.1,,,Trouser,average_set_size,0.983
73,brightness_contrast,strong_brightness,"{""brightness"":0.6,""contrast"":1.0}",standard_conformal,0.1,,,Trouser,coverage,0.97
73,brightness_contrast,strong_brightness,"{""brightness"":0.6,""contrast"":1.0}",standard_conformal,0.2,,,Ankle boot,average_set_size,0.931
73,brightness_contrast,strong_brightness,"{""brightness"":0.6,""contrast"":1.0}",standard_conformal,0.2,,,Ankle boot,coverage,0.911
73,brightness_contrast,strong_brightness,"{""brightness"":0.6,""contrast"":1.0}",standard_conformal,0.2,,,Bag,average_set_size,0.947
73,brightness_contrast,strong_brightness,"{""brightness"":0.6,""contrast"":1.0}",standard_conformal,0.2,,,Bag,coverage,0.942
73,brightness_contrast,strong_brightness,"{""brightness"":0.6,""contrast"":1.0}",standard_conformal,0.2,,,Coat,average_set_size,0.229
73,brightness_contrast,strong_brightness,"{""brightness"":0.6,""contrast"":1.0}",standard_conformal,0.2,,,Coat,coverage,0.173
73,brightness_contrast,strong_brightness,"{""brightness"":0.6,""contrast"":1.0}",standard_conformal,0.2,,,Dress,average_set_size,0.73
73,brightness_contrast,strong_brightness,"{""brightness"":0.6,""contrast"":1.0}",standard_conformal,0.2,,,Dress,coverage,0.725
73,brightness_contrast,strong_brightness,"{""brightness"":0.6,""contrast"":1.0}",standard_conformal,0.2,,,Pullover,average_set_size,0.758
73,brightness_contrast,strong_brightness,"{""brightness"":0.6,""contrast"":1.0}",standard_conformal,0.2,,,Pullover,coverage,0.752
73,brightness_contrast,strong_brightness,"{""brightness"":0.6,""contrast"":1.0}",standard_conformal,0.2,,,Sandal,average_set_size,0.956
73,brightness_contrast,strong_brightness,"{""brightness"":0.6,""contrast"":1.0}",standard_conformal,0.2,,,Sandal,coverage,0.944
73,brightness_contrast,strong_brightness,"{""brightness"":0.6,""contrast"":1.0}",standard_conformal,0.2,,,Shirt,average_set_size,0.4
73,brightness_contrast,strong_brightness,"{""brightness"":0.6,""contrast"":1.0}",standard_conformal,0.2,,,Shirt,coverage,0.351
73,brightness_contrast,strong_brightness,"{""brightness"":0.6,""contrast"":1.0}",standard_conformal,0.2,,,Sneaker,average_set_size,0.921
73,brightness_contrast,strong_brightness,"{""brightness"":0.6,""contrast"":1.0}",standard_conformal,0.2,,,Sneaker,coverage,0.915
73,brightness_contrast,strong_brightness,"{""brightness"":0.6,""contrast"":1.0}",standard_conformal,0.2,,,T-shirt/top,average_set_size,0.569
73,brightness_contrast,strong_brightness,"{""brightness"":0.6,""contrast"":1.0}",standard_conformal,0.2,,,T-shirt/top,coverage,0.559
73,brightness_contrast,strong_brightness,"{""brightness"":0.6,""contrast"":1.0}",standard_conformal,0.2,,,Trouser,average_set_size,0.958
73,brightness_contrast,strong_brightness,"{""brightness"":0.6,""contrast"":1.0}",standard_conformal,0.2,,,Trouser,coverage,0.956
73,class_imbalance,moderate,"{""majority_classes"":[0,1,8,9],""minority_fraction"":0.5}",class_conditional_conformal,0.05,,,Ankle boot,average_set_size,0.965
73,class_imbalance,moderate,"{""majority_classes"":[0,1,8,9],""minority_fraction"":0.5}",class_conditional_conformal,0.05,,,Ankle boot,coverage,0.942
73,class_imbalance,moderate,"{""majority_classes"":[0,1,8,9],""minority_fraction"":0.5}",class_conditional_conformal,0.05,,,Bag,average_set_size,0.987
73,class_imbalance,moderate,"{""majority_classes"":[0,1,8,9],""minority_fraction"":0.5}",class_conditional_conformal,0.05,,,Bag,coverage,0.959
73,class_imbalance,moderate,"{""majority_classes"":[0,1,8,9],""minority_fraction"":0.5}",class_conditional_conformal,0.05,,,Coat,average_set_size,1.332
73,class_imbalance,moderate,"{""majority_classes"":[0,1,8,9],""minority_fraction"":0.5}",class_conditional_conformal,0.05,,,Coat,coverage,0.972
73,class_imbalance,moderate,"{""majority_classes"":[0,1,8,9],""minority_fraction"":0.5}",class_conditional_conformal,0.05,,,Dress,average_set_size,1.186
73,class_imbalance,moderate,"{""majority_classes"":[0,1,8,9],""minority_fraction"":0.5}",class_conditional_conformal,0.05,,,Dress,coverage,0.964
73,class_imbalance,moderate,"{""majority_classes"":[0,1,8,9],""minority_fraction"":0.5}",class_conditional_conformal,0.05,,,Pullover,average_set_size,1.29
73,class_imbalance,moderate,"{""majority_classes"":[0,1,8,9],""minority_fraction"":0.5}",class_conditional_conformal,0.05,,,Pullover,coverage,0.948
73,class_imbalance,moderate,"{""majority_classes"":[0,1,8,9],""minority_fraction"":0.5}",class_conditional_conformal,0.05,,,Sandal,average_set_size,0.958
73,class_imbalance,moderate,"{""majority_classes"":[0,1,8,9],""minority_fraction"":0.5}",class_conditional_conformal,0.05,,,Sandal,coverage,0.948
73,class_imbalance,moderate,"{""majority_classes"":[0,1,8,9],""minority_fraction"":0.5}",class_conditional_conformal,0.05,,,Shirt,average_set_size,1.454
73,class_imbalance,moderate,"{""majority_classes"":[0,1,8,9],""minority_fraction"":0.5}",class_conditional_conformal,0.05,,,Shirt,coverage,0.938
73,class_imbalance,moderate,"{""majority_classes"":[0,1,8,9],""minority_fraction"":0.5}",class_conditional_conformal,0.05,,,Sneaker,average_set_size,0.97
73,class_imbalance,moderate,"{""majority_classes"":[0,1,8,9],""minority_fraction"":0.5}",class_conditional_conformal,0.05,,,Sneaker,coverage,0.954
73,class_imbalance,moderate,"{""majority_classes"":[0,1,8,9],""minority_fraction"":0.5}",class_conditional_conformal,0.05,,,T-shirt/top,average_set_size,1.412
73,class_imbalance,moderate,"{""majority_classes"":[0,1,8,9],""minority_fraction"":0.5}",class_conditional_conformal,0.05,,,T-shirt/top,coverage,0.949
73,class_imbalance,moderate,"{""majority_classes"":[0,1,8,9],""minority_fraction"":0.5}",class_conditional_conformal,0.05,,,Trouser,average_set_size,0.968
73,class_imbalance,moderate,"{""majority_classes"":[0,1,8,9],""minority_fraction"":0.5}",class_conditional_conformal,0.05,,,Trouser,coverage,0.95
73,class_imbalance,moderate,"{""majority_classes"":[0,1,8,9],""minority_fraction"":0.5}",class_conditional_conformal,0.1,,,Ankle boot,average_set_size,0.908
73,class_imbalance,moderate,"{""majority_classes"":[0,1,8,9],""minority_fraction"":0.5}",class_conditional_conformal,0.1,,,Ankle boot,coverage,0.894
73,class_imbalance,moderate,"{""majority_classes"":[0,1,8,9],""minority_fraction"":0.5}",class_conditional_conformal,0.1,,,Bag,average_set_size,0.907
73,class_imbalance,moderate,"{""majority_classes"":[0,1,8,9],""minority_fraction"":0.5}",class_conditional_conformal,0.1,,,Bag,coverage,0.892
73,class_imbalance,moderate,"{""majority_classes"":[0,1,8,9],""minority_fraction"":0.5}",class_conditional_conformal,0.1,,,Coat,average_set_size,1.136
73,class_imbalance,moderate,"{""majority_classes"":[0,1,8,9],""minority_fraction"":0.5}",class_conditional_conformal,0.1,,,Coat,coverage,0.944
73,class_imbalance,moderate,"{""majority_classes"":[0,1,8,9],""minority_fraction"":0.5}",class_conditional_conformal,0.1,,,Dress,average_set_size,1.022
73,class_imbalance,moderate,"{""majority_classes"":[0,1,8,9],""minority_fraction"":0.5}",class_conditional_conformal,0.1,,,Dress,coverage,0.91
73,class_imbalance,moderate,"{""majority_classes"":[0,1,8,9],""minority_fraction"":0.5}",class_conditional_conformal,0.1,,,Pullover,average_set_size,1.068
73,class_imbalance,moderate,"{""majority_classes"":[0,1,8,9],""minority_fraction"":0.5}",class_conditional_conformal,0.1,,,Pullover,coverage,0.9
73,class_imbalance,moderate,"{""majority_classes"":[0,1,8,9],""minority_fraction"":0.5}",class_conditional_conformal,0.1,,,Sandal,average_set_size,0.894
73,class_imbalance,moderate,"{""majority_classes"":[0,1,8,9],""minority_fraction"":0.5}",class_conditional_conformal,0.1,,,Sandal,coverage,0.886
73,class_imbalance,moderate,"{""majority_classes"":[0,1,8,9],""minority_fraction"":0.5}",class_conditional_conformal,0.1,,,Shirt,average_set_size,1.184
73,class_imbalance,moderate,"{""majority_classes"":[0,1,8,9],""minority_fraction"":0.5}",class_conditional_conformal,0.1,,,Shirt,coverage,0.904
73,class_imbalance,moderate,"{""majority_classes"":[0,1,8,9],""minority_fraction"":0.5}",class_conditional_conformal,0.1,,,Sneaker,average_set_size,0.93
73,class_imbalance,moderate,"{""majority_classes"":[0,1,8,9],""minority_fraction"":0.5}",class_conditional_conformal,0.1,,,Sneaker,coverage,0.924
73,class_imbalance,moderate,"{""majority_classes"":[0,1,8,9],""minority_fraction"":0.5}",class_conditional_conformal,0.1,,,T-shirt/top,average_set_size,1.211
73,class_imbalance,moderate,"{""majority_classes"":[0,1,8,9],""minority_fraction"":0.5}",class_conditional_conformal,0.1,,,T-shirt/top,coverage,0.899
73,class_imbalance,moderate,"{""majority_classes"":[0,1,8,9],""minority_fraction"":0.5}",class_conditional_conformal,0.1,,,Trouser,average_set_size,0.91
73,class_imbalance,moderate,"{""majority_classes"":[0,1,8,9],""minority_fraction"":0.5}",class_conditional_conformal,0.1,,,Trouser,coverage,0.901
73,class_imbalance,moderate,"{""majority_classes"":[0,1,8,9],""minority_fraction"":0.5}",class_conditional_conformal,0.2,,,Ankle boot,average_set_size,0.806
73,class_imbalance,moderate,"{""majority_classes"":[0,1,8,9],""minority_fraction"":0.5}",class_conditional_conformal,0.2,,,Ankle boot,coverage,0.802
73,class_imbalance,moderate,"{""majority_classes"":[0,1,8,9],""minority_fraction"":0.5}",class_conditional_conformal,0.2,,,Bag,average_set_size,0.79
73,class_imbalance,moderate,"{""majority_classes"":[0,1,8,9],""minority_fraction"":0.5}",class_conditional_conformal,0.2,,,Bag,coverage,0.788
73,class_imbalance,moderate,"{""majority_classes"":[0,1,8,9],""minority_fraction"":0.5}",class_conditional_conformal,0.2,,,Coat,average_set_size,0.89
73,class_imbalance,moderate,"{""majority_classes"":[0,1,8,9],""minority_fraction"":0.5}",class_conditional_conformal,0.2,,,Coat,coverage,0.816
73,class_imbalance,moderate,"{""majority_classes"":[0,1,8,9],""minority_fraction"":0.5}",class_conditional_conformal,0.2,,,Dress,average_set_size,0.826
73,class_imbalance,moderate,"{""majority_classes"":[0,1,8,9],""minority_fraction"":0.5}",class_conditional_conformal,0.2,,,Dress,coverage,0.8
73,class_imbalance,moderate,"{""majority_classes"":[0,1,8,9],""minority_fraction"":0.5}",class_conditional_conformal,0.2,,,Pullover,average_set_size,0.846
73,class_imbalance,moderate,"{""majority_classes"":[0,1,8,9],""minority_fraction"":0.5}",class_conditional_conformal,0.2,,,Pullover,coverage,0.77
73,class_imbalance,moderate,"{""majority_classes"":[0,1,8,9],""minority_fraction"":0.5}",class_conditional_conformal,0.2,,,Sandal,average_set_size,0.776
73,class_imbalance,moderate,"{""majority_classes"":[0,1,8,9],""minority_fraction"":0.5}",class_conditional_conformal,0.2,,,Sandal,coverage,0.774
73,class_imbalance,moderate,"{""majority_classes"":[0,1,8,9],""minority_fraction"":0.5}",class_conditional_conformal,0.2,,,Shirt,average_set_size,0.908
73,class_imbalance,moderate,"{""majority_classes"":[0,1,8,9],""minority_fraction"":0.5}",class_conditional_conformal,0.2,,,Shirt,coverage,0.78
73,class_imbalance,moderate,"{""majority_classes"":[0,1,8,9],""minority_fraction"":0.5}",class_conditional_conformal,0.2,,,Sneaker,average_set_size,0.82
73,class_imbalance,moderate,"{""majority_classes"":[0,1,8,9],""minority_fraction"":0.5}",class_conditional_conformal,0.2,,,Sneaker,coverage,0.818
73,class_imbalance,moderate,"{""majority_classes"":[0,1,8,9],""minority_fraction"":0.5}",class_conditional_conformal,0.2,,,T-shirt/top,average_set_size,0.932
73,class_imbalance,moderate,"{""majority_classes"":[0,1,8,9],""minority_fraction"":0.5}",class_conditional_conformal,0.2,,,T-shirt/top,coverage,0.794
73,class_imbalance,moderate,"{""majority_classes"":[0,1,8,9],""minority_fraction"":0.5}",class_conditional_conformal,0.2,,,Trouser,average_set_size,0.8
73,class_imbalance,moderate,"{""majority_classes"":[0,1,8,9],""minority_fraction"":0.5}",class_conditional_conformal,0.2,,,Trouser,coverage,0.796
73,class_imbalance,moderate,"{""majority_classes"":[0,1,8,9],""minority_fraction"":0.5}",raw_softmax,,,,Ankle boot,f1,0.9750889679715302
73,class_imbalance,moderate,"{""majority_classes"":[0,1,8,9],""minority_fraction"":0.5}",raw_softmax,,,,Ankle boot,precision,0.9917269906928645
73,class_imbalance,moderate,"{""majority_classes"":[0,1,8,9],""minority_fraction"":0.5}",raw_softmax,,,,Ankle boot,recall,0.959
73,class_imbalance,moderate,"{""majority_classes"":[0,1,8,9],""minority_fraction"":0.5}",raw_softmax,,,,Bag,f1,0.9844611528822055
73,class_imbalance,moderate,"{""majority_classes"":[0,1,8,9],""minority_fraction"":0.5}",raw_softmax,,,,Bag,precision,0.9869346733668342
73,class_imbalance,moderate,"{""majority_classes"":[0,1,8,9],""minority_fraction"":0.5}",raw_softmax,,,,Bag,recall,0.982
73,class_imbalance,moderate,"{""majority_classes"":[0,1,8,9],""minority_fraction"":0.5}",raw_softmax,,,,Coat,f1,0.8936585365853659
73,class_imbalance,moderate,"{""majority_classes"":[0,1,8,9],""minority_fraction"":0.5}",raw_softmax,,,,Coat,precision,0.8723809523809524
73,class_imbalance,moderate,"{""majority_classes"":[0,1,8,9],""minority_fraction"":0.5}",raw_softmax,,,,Coat,recall,0.916
73,class_imbalance,moderate,"{""majority_classes"":[0,1,8,9],""minority_fraction"":0.5}",raw_softmax,,,,Dress,f1,0.9157792836398838
73,class_imbalance,moderate,"{""majority_classes"":[0,1,8,9],""minority_fraction"":0.5}",raw_softmax,,,,Dress,precision,0.8874296435272045
73,class_imbalance,moderate,"{""majority_classes"":[0,1,8,9],""minority_fraction"":0.5}",raw_softmax,,,,Dress,recall,0.946
73,class_imbalance,moderate,"{""majority_classes"":[0,1,8,9],""minority_fraction"":0.5}",raw_softmax,,,,Pullover,f1,0.8775710088148874
73,class_imbalance,moderate,"{""majority_classes"":[0,1,8,9],""minority_fraction"":0.5}",raw_softmax,,,,Pullover,precision,0.8598848368522073
73,class_imbalance,moderate,"{""majority_classes"":[0,1,8,9],""minority_fraction"":0.5}",raw_softmax,,,,Pullover,recall,0.896
73,class_imbalance,moderate,"{""majority_classes"":[0,1,8,9],""minority_fraction"":0.5}",raw_softmax,,,,Sandal,f1,0.9810568295114656
73,class_imbalance,moderate,"{""majority_classes"":[0,1,8,9],""minority_fraction"":0.5}",raw_softmax,,,,Sandal,precision,0.9781312127236581
73,class_imbalance,moderate,"{""majority_classes"":[0,1,8,9],""minority_fraction"":0.5}",raw_softmax,,,,Sandal,recall,0.984
73,class_imbalance,moderate,"{""majority_classes"":[0,1,8,9],""minority_fraction"":0.5}",raw_softmax,,,,Shirt,f1,0.7404426559356136
73,class_imbalance,moderate,"{""majority_classes"":[0,1,8,9],""minority_fraction"":0.5}",raw_softmax,,,,Shirt,precision,0.7449392712550608
73,class_imbalance,moderate,"{""majority_classes"":[0,1,8,9],""minority_fraction"":0.5}",raw_softmax,,,,Shirt,recall,0.736
73,class_imbalance,moderate,"{""majority_classes"":[0,1,8,9],""minority_fraction"":0.5}",raw_softmax,,,,Sneaker,f1,0.9478764478764479
73,class_imbalance,moderate,"{""majority_classes"":[0,1,8,9],""minority_fraction"":0.5}",raw_softmax,,,,Sneaker,precision,0.9160447761194029
73,class_imbalance,moderate,"{""majority_classes"":[0,1,8,9],""minority_fraction"":0.5}",raw_softmax,,,,Sneaker,recall,0.982
73,class_imbalance,moderate,"{""majority_classes"":[0,1,8,9],""minority_fraction"":0.5}",raw_softmax,,,,T-shirt/top,f1,0.8984455958549222
73,class_imbalance,moderate,"{""majority_classes"":[0,1,8,9],""minority_fraction"":0.5}",raw_softmax,,,,T-shirt/top,precision,0.932258064516129
73,class_imbalance,moderate,"{""majority_classes"":[0,1,8,9],""minority_fraction"":0.5}",raw_softmax,,,,T-shirt/top,recall,0.867
73,class_imbalance,moderate,"{""majority_classes"":[0,1,8,9],""minority_fraction"":0.5}",raw_softmax,,,,Trouser,f1,0.9939879759519038
73,class_imbalance,moderate,"{""majority_classes"":[0,1,8,9],""minority_fraction"":0.5}",raw_softmax,,,,Trouser,precision,0.9959839357429718
73,class_imbalance,moderate,"{""majority_classes"":[0,1,8,9],""minority_fraction"":0.5}",raw_softmax,,,,Trouser,recall,0.992
73,class_imbalance,moderate,"{""majority_classes"":[0,1,8,9],""minority_fraction"":0.5}",standard_conformal,0.05,,,Ankle boot,average_set_size,1.033
73,class_imbalance,moderate,"{""majority_classes"":[0,1,8,9],""minority_fraction"":0.5}",standard_conformal,0.05,,,Ankle boot,coverage,0.974
73,class_imbalance,moderate,"{""majority_classes"":[0,1,8,9],""minority_fraction"":0.5}",standard_conformal,0.05,,,Bag,average_set_size,1.008
73,class_imbalance,moderate,"{""majority_classes"":[0,1,8,9],""minority_fraction"":0.5}",standard_conformal,0.05,,,Bag,coverage,0.986
73,class_imbalance,moderate,"{""majority_classes"":[0,1,8,9],""minority_fraction"":0.5}",standard_conformal,0.05,,,Coat,average_set_size,1.14
73,class_imbalance,moderate,"{""majority_classes"":[0,1,8,9],""minority_fraction"":0.5}",standard_conformal,0.05,,,Coat,coverage,0.96
73,class_imbalance,moderate,"{""majority_classes"":[0,1,8,9],""minority_fraction"":0.5}",standard_conformal,0.05,,,Dress,average_set_size,1.066
73,class_imbalance,moderate,"{""majority_classes"":[0,1,8,9],""minority_fraction"":0.5}",standard_conformal,0.05,,,Dress,coverage,0.968
73,class_imbalance,moderate,"{""majority_classes"":[0,1,8,9],""minority_fraction"":0.5}",standard_conformal,0.05,,,Pullover,average_set_size,1.106
73,class_imbalance,moderate,"{""majority_classes"":[0,1,8,9],""minority_fraction"":0.5}",standard_conformal,0.05,,,Pullover,coverage,0.922
73,class_imbalance,moderate,"{""majority_classes"":[0,1,8,9],""minority_fraction"":0.5}",standard_conformal,0.05,,,Sandal,average_set_size,1.008
73,class_imbalance,moderate,"{""majority_classes"":[0,1,8,9],""minority_fraction"":0.5}",standard_conformal,0.05,,,Sandal,coverage,0.99
73,class_imbalance,moderate,"{""majority_classes"":[0,1,8,9],""minority_fraction"":0.5}",standard_conformal,0.05,,,Shirt,average_set_size,1.234
73,class_imbalance,moderate,"{""majority_classes"":[0,1,8,9],""minority_fraction"":0.5}",standard_conformal,0.05,,,Shirt,coverage,0.844
73,class_imbalance,moderate,"{""majority_classes"":[0,1,8,9],""minority_fraction"":0.5}",standard_conformal,0.05,,,Sneaker,average_set_size,1.026
73,class_imbalance,moderate,"{""majority_classes"":[0,1,8,9],""minority_fraction"":0.5}",standard_conformal,0.05,,,Sneaker,coverage,0.984
73,class_imbalance,moderate,"{""majority_classes"":[0,1,8,9],""minority_fraction"":0.5}",standard_conformal,0.05,,,T-shirt/top,average_set_size,1.178
73,class_imbalance,moderate,"{""majority_classes"":[0,1,8,9],""minority_fraction"":0.5}",standard_conformal,0.05,,,T-shirt/top,coverage,0.928
73,class_imbalance,moderate,"{""majority_classes"":[0,1,8,9],""minority_fraction"":0.5}",standard_conformal,0.05,,,Trouser,average_set_size,1.01
73,class_imbalance,moderate,"{""majority_classes"":[0,1,8,9],""minority_fraction"":0.5}",standard_conformal,0.05,,,Trouser,coverage,0.992
73,class_imbalance,moderate,"{""majority_classes"":[0,1,8,9],""minority_fraction"":0.5}",standard_conformal,0.1,,,Ankle boot,average_set_size,0.994
73,class_imbalance,moderate,"{""majority_classes"":[0,1,8,9],""minority_fraction"":0.5}",standard_conformal,0.1,,,Ankle boot,coverage,0.955
73,class_imbalance,moderate,"{""majority_classes"":[0,1,8,9],""minority_fraction"":0.5}",standard_conformal,0.1,,,Bag,average_set_size,0.987
73,class_imbalance,moderate,"{""majority_classes"":[0,1,8,9],""minority_fraction"":0.5}",standard_conformal,0.1,,,Bag,coverage,0.977
73,class_imbalance,moderate,"{""majority_classes"":[0,1,8,9],""minority_fraction"":0.5}",standard_conformal,0.1,,,Coat,average_set_size,0.94
73,class_imbalance,moderate,"{""majority_classes"":[0,1,8,9],""minority_fraction"":0.5}",standard_conformal,0.1,,,Coat,coverage,0.88
73,class_imbalance,moderate,"{""majority_classes"":[0,1,8,9],""minority_fraction"":0.5}",standard_conformal,0.1,,,Dress,average_set_size,0.934
73,class_imbalance,moderate,"{""majority_classes"":[0,1,8,9],""minority_fraction"":0.5}",standard_conformal,0.1,,,Dress,coverage,0.906
73,class_imbalance,moderate,"{""majority_classes"":[0,1,8,9],""minority_fraction"":0.5}",standard_conformal,0.1,,,Pullover,average_set_size,0.94
73,class_imbalance,moderate,"{""majority_classes"":[0,1,8,9],""minority_fraction"":0.5}",standard_conformal,0.1,,,Pullover,coverage,0.87
73,class_imbalance,moderate,"{""majority_classes"":[0,1,8,9],""minority_fraction"":0.5}",standard_conformal,0.1,,,Sandal,average_set_size,0.998
73,class_imbalance,moderate,"{""majority_classes"":[0,1,8,9],""minority_fraction"":0.5}",standard_conformal,0.1,,,Sandal,coverage,0.982
73,class_imbalance,moderate,"{""majority_classes"":[0,1,8,9],""minority_fraction"":0.5}",standard_conformal,0.1,,,Shirt,average_set_size,0.874
73,class_imbalance,moderate,"{""majority_classes"":[0,1,8,9],""minority_fraction"":0.5}",standard_conformal,0.1,,,Shirt,coverage,0.674
73,class_imbalance,moderate,"{""majority_classes"":[0,1,8,9],""minority_fraction"":0.5}",standard_conformal,0.1,,,Sneaker,average_set_size,0.996
73,class_imbalance,moderate,"{""majority_classes"":[0,1,8,9],""minority_fraction"":0.5}",standard_conformal,0.1,,,Sneaker,coverage,0.978
73,class_imbalance,moderate,"{""majority_classes"":[0,1,8,9],""minority_fraction"":0.5}",standard_conformal,0.1,,,T-shirt/top,average_set_size,0.906
73,class_imbalance,moderate,"{""majority_classes"":[0,1,8,9],""minority_fraction"":0.5}",standard_conformal,0.1,,,T-shirt/top,coverage,0.82
73,class_imbalance,moderate,"{""majority_classes"":[0,1,8,9],""minority_fraction"":0.5}",standard_conformal,0.1,,,Trouser,average_set_size,0.989
73,class_imbalance,moderate,"{""majority_classes"":[0,1,8,9],""minority_fraction"":0.5}",standard_conformal,0.1,,,Trouser,coverage,0.985
73,class_imbalance,moderate,"{""majority_classes"":[0,1,8,9],""minority_fraction"":0.5}",standard_conformal,0.2,,,Ankle boot,average_set_size,0.939
73,class_imbalance,moderate,"{""majority_classes"":[0,1,8,9],""minority_fraction"":0.5}",standard_conformal,0.2,,,Ankle boot,coverage,0.919
73,class_imbalance,moderate,"{""majority_classes"":[0,1,8,9],""minority_fraction"":0.5}",standard_conformal,0.2,,,Bag,average_set_size,0.969
73,class_imbalance,moderate,"{""majority_classes"":[0,1,8,9],""minority_fraction"":0.5}",standard_conformal,0.2,,,Bag,coverage,0.964
73,class_imbalance,moderate,"{""majority_classes"":[0,1,8,9],""minority_fraction"":0.5}",standard_conformal,0.2,,,Coat,average_set_size,0.67
73,class_imbalance,moderate,"{""majority_classes"":[0,1,8,9],""minority_fraction"":0.5}",standard_conformal,0.2,,,Coat,coverage,0.656
73,class_imbalance,moderate,"{""majority_classes"":[0,1,8,9],""minority_fraction"":0.5}",standard_conformal,0.2,,,Dress,average_set_size,0.798
73,class_imbalance,moderate,"{""majority_classes"":[0,1,8,9],""minority_fraction"":0.5}",standard_conformal,0.2,,,Dress,coverage,0.792
73,class_imbalance,moderate,"{""majority_classes"":[0,1,8,9],""minority_fraction"":0.5}",standard_conformal,0.2,,,Pullover,average_set_size,0.728
73,class_imbalance,moderate,"{""majority_classes"":[0,1,8,9],""minority_fraction"":0.5}",standard_conformal,0.2,,,Pullover,coverage,0.71
73,class_imbalance,moderate,"{""majority_classes"":[0,1,8,9],""minority_fraction"":0.5}",standard_conformal,0.2,,,Sandal,average_set_size,0.976
73,class_imbalance,moderate,"{""majority_classes"":[0,1,8,9],""minority_fraction"":0.5}",standard_conformal,0.2,,,Sandal,coverage,0.966
73,class_imbalance,moderate,"{""majority_classes"":[0,1,8,9],""minority_fraction"":0.5}",standard_conformal,0.2,,,Shirt,average_set_size,0.476
73,class_imbalance,moderate,"{""majority_classes"":[0,1,8,9],""minority_fraction"":0.5}",standard_conformal,0.2,,,Shirt,coverage,0.426
73,class_imbalance,moderate,"{""majority_classes"":[0,1,8,9],""minority_fraction"":0.5}",standard_conformal,0.2,,,Sneaker,average_set_size,0.946
73,class_imbalance,moderate,"{""majority_classes"":[0,1,8,9],""minority_fraction"":0.5}",standard_conformal,0.2,,,Sneaker,coverage,0.934
73,class_imbalance,moderate,"{""majority_classes"":[0,1,8,9],""minority_fraction"":0.5}",standard_conformal,0.2,,,T-shirt/top,average_set_size,0.622
73,class_imbalance,moderate,"{""majority_classes"":[0,1,8,9],""minority_fraction"":0.5}",standard_conformal,0.2,,,T-shirt/top,coverage,0.605
73,class_imbalance,moderate,"{""majority_classes"":[0,1,8,9],""minority_fraction"":0.5}",standard_conformal,0.2,,,Trouser,average_set_size,0.978
73,class_imbalance,moderate,"{""majority_classes"":[0,1,8,9],""minority_fraction"":0.5}",standard_conformal,0.2,,,Trouser,coverage,0.976
73,class_imbalance,strong,"{""majority_classes"":[0,1,8,9],""minority_fraction"":0.2}",class_conditional_conformal,0.05,,,Ankle boot,average_set_size,0.965
73,class_imbalance,strong,"{""majority_classes"":[0,1,8,9],""minority_fraction"":0.2}",class_conditional_conformal,0.05,,,Ankle boot,coverage,0.942
73,class_imbalance,strong,"{""majority_classes"":[0,1,8,9],""minority_fraction"":0.2}",class_conditional_conformal,0.05,,,Bag,average_set_size,0.987
73,class_imbalance,strong,"{""majority_classes"":[0,1,8,9],""minority_fraction"":0.2}",class_conditional_conformal,0.05,,,Bag,coverage,0.959
73,class_imbalance,strong,"{""majority_classes"":[0,1,8,9],""minority_fraction"":0.2}",class_conditional_conformal,0.05,,,Coat,average_set_size,1.3
73,class_imbalance,strong,"{""majority_classes"":[0,1,8,9],""minority_fraction"":0.2}",class_conditional_conformal,0.05,,,Coat,coverage,0.975
73,class_imbalance,strong,"{""majority_classes"":[0,1,8,9],""minority_fraction"":0.2}",class_conditional_conformal,0.05,,,Dress,average_set_size,1.22
73,class_imbalance,strong,"{""majority_classes"":[0,1,8,9],""minority_fraction"":0.2}",class_conditional_conformal,0.05,,,Dress,coverage,0.915
73,class_imbalance,strong,"{""majority_classes"":[0,1,8,9],""minority_fraction"":0.2}",class_conditional_conformal,0.05,,,Pullover,average_set_size,1.31
73,class_imbalance,strong,"{""majority_classes"":[0,1,8,9],""minority_fraction"":0.2}",class_conditional_conformal,0.05,,,Pullover,coverage,0.945
73,class_imbalance,strong,"{""majority_classes"":[0,1,8,9],""minority_fraction"":0.2}",class_conditional_conformal,0.05,,,Sandal,average_set_size,0.98
73,class_imbalance,strong,"{""majority_classes"":[0,1,8,9],""minority_fraction"":0.2}",class_conditional_conformal,0.05,,,Sandal,coverage,0.965
73,class_imbalance,strong,"{""majority_classes"":[0,1,8,9],""minority_fraction"":0.2}",class_conditional_conformal,0.05,,,Shirt,average_set_size,1.5
73,class_imbalance,strong,"{""majority_classes"":[0,1,8,9],""minority_fraction"":0.2}",class_conditional_conformal,0.05,,,Shirt,coverage,0.955
73,class_imbalance,strong,"{""majority_classes"":[0,1,8,9],""minority_fraction"":0.2}",class_conditional_conformal,0.05,,,Sneaker,average_set_size,0.98
73,class_imbalance,strong,"{""majority_classes"":[0,1,8,9],""minority_fraction"":0.2}",class_conditional_conformal,0.05,,,Sneaker,coverage,0.97
73,class_imbalance,strong,"{""majority_classes"":[0,1,8,9],""minority_fraction"":0.2}",class_conditional_conformal,0.05,,,T-shirt/top,average_set_size,1.412
73,class_imbalance,strong,"{""majority_classes"":[0,1,8,9],""minority_fraction"":0.2}",class_conditional_conformal,0.05,,,T-shirt/top,coverage,0.949
73,class_imbalance,strong,"{""majority_classes"":[0,1,8,9],""minority_fraction"":0.2}",class_conditional_conformal,0.05,,,Trouser,average_set_size,0.968
73,class_imbalance,strong,"{""majority_classes"":[0,1,8,9],""minority_fraction"":0.2}",class_conditional_conformal,0.05,,,Trouser,coverage,0.95
73,class_imbalance,strong,"{""majority_classes"":[0,1,8,9],""minority_fraction"":0.2}",class_conditional_conformal,0.1,,,Ankle boot,average_set_size,0.908
73,class_imbalance,strong,"{""majority_classes"":[0,1,8,9],""minority_fraction"":0.2}",class_conditional_conformal,0.1,,,Ankle boot,coverage,0.894
73,class_imbalance,strong,"{""majority_classes"":[0,1,8,9],""minority_fraction"":0.2}",class_conditional_conformal,0.1,,,Bag,average_set_size,0.907
73,class_imbalance,strong,"{""majority_classes"":[0,1,8,9],""minority_fraction"":0.2}",class_conditional_conformal,0.1,,,Bag,coverage,0.892
73,class_imbalance,strong,"{""majority_classes"":[0,1,8,9],""minority_fraction"":0.2}",class_conditional_conformal,0.1,,,Coat,average_set_size,1.1
73,class_imbalance,strong,"{""majority_classes"":[0,1,8,9],""minority_fraction"":0.2}",class_conditional_conformal,0.1,,,Coat,coverage,0.94
73,class_imbalance,strong,"{""majority_classes"":[0,1,8,9],""minority_fraction"":0.2}",class_conditional_conformal,0.1,,,Dress,average_set_size,0.995
73,class_imbalance,strong,"{""majority_classes"":[0,1,8,9],""minority_fraction"":0.2}",class_conditional_conformal,0.1,,,Dress,coverage,0.835
73,class_imbalance,strong,"{""majority_classes"":[0,1,8,9],""minority_fraction"":0.2}",class_conditional_conformal,0.1,,,Pullover,average_set_size,1.04
73,class_imbalance,strong,"{""majority_classes"":[0,1,8,9],""minority_fraction"":0.2}",class_conditional_conformal,0.1,,,Pullover,coverage,0.885
73,class_imbalance,strong,"{""majority_classes"":[0,1,8,9],""minority_fraction"":0.2}",class_conditional_conformal,0.1,,,Sandal,average_set_size,0.94
73,class_imbalance,strong,"{""majority_classes"":[0,1,8,9],""minority_fraction"":0.2}",class_conditional_conformal,0.1,,,Sandal,coverage,0.925
73,class_imbalance,strong,"{""majority_classes"":[0,1,8,9],""minority_fraction"":0.2}",class_conditional_conformal,0.1,,,Shirt,average_set_size,1.145
73,class_imbalance,strong,"{""majority_classes"":[0,1,8,9],""minority_fraction"":0.2}",class_conditional_conformal,0.1,,,Shirt,coverage,0.905
73,class_imbalance,strong,"{""majority_classes"":[0,1,8,9],""minority_fraction"":0.2}",class_conditional_conformal,0.1,,,Sneaker,average_set_size,0.945
73,class_imbalance,strong,"{""majority_classes"":[0,1,8,9],""minority_fraction"":0.2}",class_conditional_conformal,0.1,,,Sneaker,coverage,0.935
73,class_imbalance,strong,"{""majority_classes"":[0,1,8,9],""minority_fraction"":0.2}",class_conditional_conformal,0.1,,,T-shirt/top,average_set_size,1.211
73,class_imbalance,strong,"{""majority_classes"":[0,1,8,9],""minority_fraction"":0.2}",class_conditional_conformal,0.1,,,T-shirt/top,coverage,0.899
73,class_imbalance,strong,"{""majority_classes"":[0,1,8,9],""minority_fraction"":0.2}",class_conditional_conformal,0.1,,,Trouser,average_set_size,0.91
73,class_imbalance,strong,"{""majority_classes"":[0,1,8,9],""minority_fraction"":0.2}",class_conditional_conformal,0.1,,,Trouser,coverage,0.901
73,class_imbalance,strong,"{""majority_classes"":[0,1,8,9],""minority_fraction"":0.2}",class_conditional_conformal,0.2,,,Ankle boot,average_set_size,0.806
73,class_imbalance,strong,"{""majority_classes"":[0,1,8,9],""minority_fraction"":0.2}",class_conditional_conformal,0.2,,,Ankle boot,coverage,0.802
73,class_imbalance,strong,"{""majority_classes"":[0,1,8,9],""minority_fraction"":0.2}",class_conditional_conformal,0.2,,,Bag,average_set_size,0.79
73,class_imbalance,strong,"{""majority_classes"":[0,1,8,9],""minority_fraction"":0.2}",class_conditional_conformal,0.2,,,Bag,coverage,0.788
73,class_imbalance,strong,"{""majority_classes"":[0,1,8,9],""minority_fraction"":0.2}",class_conditional_conformal,0.2,,,Coat,average_set_size,0.86
73,class_imbalance,strong,"{""majority_classes"":[0,1,8,9],""minority_fraction"":0.2}",class_conditional_conformal,0.2,,,Coat,coverage,0.825
73,class_imbalance,strong,"{""majority_classes"":[0,1,8,9],""minority_fraction"":0.2}",class_conditional_conformal,0.2,,,Dress,average_set_size,0.79
73,class_imbalance,strong,"{""majority_classes"":[0,1,8,9],""minority_fraction"":0.2}",class_conditional_conformal,0.2,,,Dress,coverage,0.73
73,class_imbalance,strong,"{""majority_classes"":[0,1,8,9],""minority_fraction"":0.2}",class_conditional_conformal,0.2,,,Pullover,average_set_size,0.86
73,class_imbalance,strong,"{""majority_classes"":[0,1,8,9],""minority_fraction"":0.2}",class_conditional_conformal,0.2,,,Pullover,coverage,0.775
73,class_imbalance,strong,"{""majority_classes"":[0,1,8,9],""minority_fraction"":0.2}",class_conditional_conformal,0.2,,,Sandal,average_set_size,0.8
73,class_imbalance,strong,"{""majority_classes"":[0,1,8,9],""minority_fraction"":0.2}",class_conditional_conformal,0.2,,,Sandal,coverage,0.8
73,class_imbalance,strong,"{""majority_classes"":[0,1,8,9],""minority_fraction"":0.2}",class_conditional_conformal,0.2,,,Shirt,average_set_size,0.915
73,class_imbalance,strong,"{""majority_classes"":[0,1,8,9],""minority_fraction"":0.2}",class_conditional_conformal,0.2,,,Shirt,coverage,0.805
73,class_imbalance,strong,"{""majority_classes"":[0,1,8,9],""minority_fraction"":0.2}",class_conditional_conformal,0.2,,,Sneaker,average_set_size,0.815
73,class_imbalance,strong,"{""majority_classes"":[0,1,8,9],""minority_fraction"":0.2}",class_conditional_conformal,0.2,,,Sneaker,coverage,0.81
73,class_imbalance,strong,"{""majority_classes"":[0,1,8,9],""minority_fraction"":0.2}",class_conditional_conformal,0.2,,,T-shirt/top,average_set_size,0.932
73,class_imbalance,strong,"{""majority_classes"":[0,1,8,9],""minority_fraction"":0.2}",class_conditional_conformal,0.2,,,T-shirt/top,coverage,0.794
73,class_imbalance,strong,"{""majority_classes"":[0,1,8,9],""minority_fraction"":0.2}",class_conditional_conformal,0.2,,,Trouser,average_set_size,0.8
73,class_imbalance,strong,"{""majority_classes"":[0,1,8,9],""minority_fraction"":0.2}",class_conditional_conformal,0.2,,,Trouser,coverage,0.796
73,class_imbalance,strong,"{""majority_classes"":[0,1,8,9],""minority_fraction"":0.2}",raw_softmax,,,,Ankle boot,f1,0.9775739041794088
73,class_imbalance,strong,"{""majority_classes"":[0,1,8,9],""minority_fraction"":0.2}",raw_softmax,,,,Ankle boot,precision,0.9968814968814969
73,class_imbalance,strong,"{""majority_classes"":[0,1,8,9],""minority_fraction"":0.2}",raw_softmax,,,,Ankle boot,recall,0.959
73,class_imbalance,strong,"{""majority_classes"":[0,1,8,9],""minority_fraction"":0.2}",raw_softmax,,,,Bag,f1,0.9859437751004017
73,class_imbalance,strong,"{""majority_classes"":[0,1,8,9],""minority_fraction"":0.2}",raw_softmax,,,,Bag,precision,0.9899193548387096
73,class_imbalance,strong,"{""majority_classes"":[0,1,8,9],""minority_fraction"":0.2}",raw_softmax,,,,Bag,recall,0.982
73,class_imbalance,strong,"{""majority_classes"":[0,1,8,9],""minority_fraction"":0.2}",raw_softmax,,,,Coat,f1,0.8788598574821853
73,class_imbalance,strong,"{""majority_classes"":[0,1,8,9],""minority_fraction"":0.2}",raw_softmax,,,,Coat,precision,0.8371040723981901
73,class_imbalance,strong,"{""majority_classes"":[0,1,8,9],""minority_fraction"":0.2}",raw_softmax,,,,Coat,recall,0.925
73,class_imbalance,strong,"{""majority_classes"":[0,1,8,9],""minority_fraction"":0.2}",raw_softmax,,,,Dress,f1,0.8436018957345972
73,class_imbalance,strong,"{""majority_classes"":[0,1,8,9],""minority_fraction"":0.2}",raw_softmax,,,,Dress,precision,0.8018018018018018
73,class_imbalance,strong,"{""majority_classes"":[0,1,8,9],""minority_fraction"":0.2}",raw_softmax,,,,Dress,recall,0.89
73,class_imbalance,strong,"{""majority_classes"":[0,1,8,9],""minority_fraction"":0.2}",raw_softmax,,,,Pullover,f1,0.8400954653937948
73,class_imbalance,strong,"{""majority_classes"":[0,1,8,9],""minority_fraction"":0.2}",raw_softmax,,,,Pullover,precision,0.8036529680365296
73,class_imbalance,strong,"{""majority_classes"":[0,1,8,9],""minority_fraction"":0.2}",raw_softmax,,,,Pullover,recall,0.88
73,class_imbalance,strong,"{""majority_classes"":[0,1,8,9],""minority_fraction"":0.2}",raw_softmax,,,,Sandal,f1,0.9655172413793104
73,class_imbalance,strong,"{""majority_classes"":[0,1,8,9],""minority_fraction"":0.2}",raw_softmax,,,,Sandal,precision,0.9514563106796117
73,class_imbalance,strong,"{""majority_classes"":[0,1,8,9],""minority_fraction"":0.2}",raw_softmax,,,,Sandal,recall,0.98
73,class_imbalance,strong,"{""majority_classes"":[0,1,8,9],""minority_fraction"":0.2}",raw_softmax,,,,Shirt,f1,0.6695652173913044
73,class_imbalance,strong,"{""majority_classes"":[0,1,8,9],""minority_fraction"":0.2}",raw_softmax,,,,Shirt,precision,0.5923076923076923
73,class_imbalance,strong,"{""majority_classes"":[0,1,8,9],""minority_fraction"":0.2}",raw_softmax,,,,Shirt,recall,0.77
73,class_imbalance,strong,"{""majority_classes"":[0,1,8,9],""minority_fraction"":0.2}",raw_softmax,,,,Sneaker,f1,0.8949771689497716
73,class_imbalance,strong,"{""majority_classes"":[0,1,8,9],""minority_fraction"":0.2}",raw_softmax,,,,Sneaker,precision,0.8235294117647058
73,class_imbalance,strong,"{""majority_classes"":[0,1,8,9],""minority_fraction"":0.2}",raw_softmax,,,,Sneaker,recall,0.98
73,class_imbalance,strong,"{""majority_classes"":[0,1,8,9],""minority_fraction"":0.2}",raw_softmax,,,,T-shirt/top,f1,0.9203821656050956
73,class_imbalance,strong,"{""majority_classes"":[0,1,8,9],""minority_fraction"":0.2}",raw_softmax,,,,T-shirt/top,precision,0.9807692307692307
73,class_imbalance,strong,"{""majority_classes"":[0,1,8,9],""minority_fraction"":0.2}",raw_softmax,,,,T-shirt/top,recall,0.867
73,class_imbalance,strong,"{""majority_classes"":[0,1,8,9],""minority_fraction"":0.2}",raw_softmax,,,,Trouser,f1,0.9939879759519038
73,class_imbalance,strong,"{""majority_classes"":[0,1,8,9],""minority_fraction"":0.2}",raw_softmax,,,,Trouser,precision,0.9959839357429718
73,class_imbalance,strong,"{""majority_classes"":[0,1,8,9],""minority_fraction"":0.2}",raw_softmax,,,,Trouser,recall,0.992
73,class_imbalance,strong,"{""majority_classes"":[0,1,8,9],""minority_fraction"":0.2}",standard_conformal,0.05,,,Ankle boot,average_set_size,1.033
73,class_imbalance,strong,"{""majority_classes"":[0,1,8,9],""minority_fraction"":0.2}",standard_conformal,0.05,,,Ankle boot,coverage,0.974
73,class_imbalance,strong,"{""majority_classes"":[0,1,8,9],""minority_fraction"":0.2}",standard_conformal,0.05,,,Bag,average_set_size,1.008
73,class_imbalance,strong,"{""majority_classes"":[0,1,8,9],""minority_fraction"":0.2}",standard_conformal,0.05,,,Bag,coverage,0.986
73,class_imbalance,strong,"{""majority_classes"":[0,1,8,9],""minority_fraction"":0.2}",standard_conformal,0.05,,,Coat,average_set_size,1.125
73,class_imbalance,strong,"{""majority_classes"":[0,1,8,9],""minority_fraction"":0.2}",standard_conformal,0.05,,,Coat,coverage,0.955
73,class_imbalance,strong,"{""majority_classes"":[0,1,8,9],""minority_fraction"":0.2}",standard_conformal,0.05,,,Dress,average_set_size,1.105
73,class_imbalance,strong,"{""majority_classes"":[0,1,8,9],""minority_fraction"":0.2}",standard_conformal,0.05,,,Dress,coverage,0.93
73,class_imbalance,strong,"{""majority_classes"":[0,1,8,9],""minority_fraction"":0.2}",standard_conformal,0.05,,,Pullover,average_set_size,1.115
73,class_imbalance,strong,"{""majority_classes"":[0,1,8,9],""minority_fraction"":0.2}",standard_conformal,0.05,,,Pullover,coverage,0.915
73,class_imbalance,strong,"{""majority_classes"":[0,1,8,9],""minority_fraction"":0.2}",standard_conformal,0.05,,,Sandal,average_set_size,1.01
73,class_imbalance,strong,"{""majority_classes"":[0,1,8,9],""minority_fraction"":0.2}",standard_conformal,0.05,,,Sandal,coverage,0.985
73,class_imbalance,strong,"{""majority_classes"":[0,1,8,9],""minority_fraction"":0.2}",standard_conformal,0.05,,,Shirt,average_set_size,1.22
73,class_imbalance,strong,"{""majority_classes"":[0,1,8,9],""minority_fraction"":0.2}",standard_conformal,0.05,,,Shirt,coverage,0.84
73,class_imbalance,strong,"{""majority_classes"":[0,1,8,9],""minority_fraction"":0.2}",standard_conformal,0.05,,,Sneaker,average_set_size,1.02
73,class_imbalance,strong,"{""majority_classes"":[0,1,8,9],""minority_fraction"":0.2}",standard_conformal,0.05,,,Sneaker,coverage,0.99
73,class_imbalance,strong,"{""majority_classes"":[0,1,8,9],""minority_fraction"":0.2}",standard_conformal,0.05,,,T-shirt/top,average_set_size,1.178
73,class_imbalance,strong,"{""majority_classes"":[0,1,8,9],""minority_fraction"":0.2}",standard_conformal,0.05,,,T-shirt/top,coverage,0.928
73,class_imbalance,strong,"{""majority_classes"":[0,1,8,9],""minority_fraction"":0.2}",standard_conformal,0.05,,,Trouser,average_set_size,1.01
73,class_imbalance,strong,"{""majority_classes"":[0,1,8,9],""minority_fraction"":0.2}",standard_conformal,0.05,,,Trouser,coverage,0.992
73,class_imbalance,strong,"{""majority_classes"":[0,1,8,9],""minority_fraction"":0.2}",standard_conformal,0.1,,,Ankle boot,average_set_size,0.994
73,class_imbalance,strong,"{""majority_classes"":[0,1,8,9],""minority_fraction"":0.2}",standard_conformal,0.1,,,Ankle boot,coverage,0.955
73,class_imbalance,strong,"{""majority_classes"":[0,1,8,9],""minority_fraction"":0.2}",standard_conformal,0.1,,,Bag,average_set_size,0.987
73,class_imbalance,strong,"{""majority_classes"":[0,1,8,9],""minority_fraction"":0.2}",standard_conformal,0.1,,,Bag,coverage,0.977
73,class_imbalance,strong,"{""majority_classes"":[0,1,8,9],""minority_fraction"":0.2}",standard_conformal,0.1,,,Coat,average_set_size,0.95
73,class_imbalance,strong,"{""majority_classes"":[0,1,8,9],""minority_fraction"":0.2}",standard_conformal,0.1,,,Coat,coverage,0.895
73,class_imbalance,strong,"{""majority_classes"":[0,1,8,9],""minority_fraction"":0.2}",standard_conformal,0.1,,,Dress,average_set_size,0.895
73,class_imbalance,strong,"{""majority_classes"":[0,1,8,9],""minority_fraction"":0.2}",standard_conformal,0.1,,,Dress,coverage,0.835
73,class_imbalance,strong,"{""majority_classes"":[0,1,8,9],""minority_fraction"":0.2}",standard_conformal,0.1,,,Pullover,average_set_size,0.945
73,class_imbalance,strong,"{""majority_classes"":[0,1,8,9],""minority_fraction"":0.2}",standard_conformal,0.1,,,Pullover,coverage,0.865
73,class_imbalance,strong,"{""majority_classes"":[0,1,8,9],""minority_fraction"":0.2}",standard_conformal,0.1,,,Sandal,average_set_size,0.995
73,class_imbalance,strong,"{""majority_classes"":[0,1,8,9],""minority_fraction"":0.2}",standard_conformal,0.1,,,Sandal,coverage,0.975
73,class_imbalance,strong,"{""majority_classes"":[0,1,8,9],""minority_fraction"":0.2}",standard_conformal,0.1,,,Shirt,average_set_size,0.87
73,class_imbalance,strong,"{""majority_classes"":[0,1,8,9],""minority_fraction"":0.2}",standard_conformal,0.1,,,Shirt,coverage,0.71
73,class_imbalance,strong,"{""majority_classes"":[0,1,8,9],""minority_fraction"":0.2}",standard_conformal,0.1,,,Sneaker,average_set_size,1.0
73,class_imbalance,strong,"{""majority_classes"":[0,1,8,9],""minority_fraction"":0.2}",standard_conformal,0.1,,,Sneaker,coverage,0.98
73,class_imbalance,strong,"{""majority_classes"":[0,1,8,9],""minority_fraction"":0.2}",standard_conformal,0.1,,,T-shirt/top,average_set_size,0.906
73,class_imbalance,strong,"{""majority_classes"":[0,1,8,9],""minority_fraction"":0.2}",standard_conformal,0.1,,,T-shirt/top,coverage,0.82
73,class_imbalance,strong,"{""majority_classes"":[0,1,8,9],""minority_fraction"":0.2}",standard_conformal,0.1,,,Trouser,average_set_size,0.989
73,class_imbalance,strong,"{""majority_classes"":[0,1,8,9],""minority_fraction"":0.2}",standard_conformal,0.1,,,Trouser,coverage,0.985
73,class_imbalance,strong,"{""majority_classes"":[0,1,8,9],""minority_fraction"":0.2}",standard_conformal,0.2,,,Ankle boot,average_set_size,0.939
73,class_imbalance,strong,"{""majority_classes"":[0,1,8,9],""minority_fraction"":0.2}",standard_conformal,0.2,,,Ankle boot,coverage,0.919
73,class_imbalance,strong,"{""majority_classes"":[0,1,8,9],""minority_fraction"":0.2}",standard_conformal,0.2,,,Bag,average_set_size,0.969
73,class_imbalance,strong,"{""majority_classes"":[0,1,8,9],""minority_fraction"":0.2}",standard_conformal,0.2,,,Bag,coverage,0.964
73,class_imbalance,strong,"{""majority_classes"":[0,1,8,9],""minority_fraction"":0.2}",standard_conformal,0.2,,,Coat,average_set_size,0.685
73,class_imbalance,strong,"{""majority_classes"":[0,1,8,9],""minority_fraction"":0.2}",standard_conformal,0.2,,,Coat,coverage,0.68
73,class_imbalance,strong,"{""majority_classes"":[0,1,8,9],""minority_fraction"":0.2}",standard_conformal,0.2,,,Dress,average_set_size,0.72
73,class_imbalance,strong,"{""majority_classes"":[0,1,8,9],""minority_fraction"":0.2}",standard_conformal,0.2,,,Dress,coverage,0.715
73,class_imbalance,strong,"{""majority_classes"":[0,1,8,9],""minority_fraction"":0.2}",standard_conformal,0.2,,,Pullover,average_set_size,0.74
73,class_imbalance,strong,"{""majority_classes"":[0,1,8,9],""minority_fraction"":0.2}",standard_conformal,0.2,,,Pullover,coverage,0.725
73,class_imbalance,strong,"{""majority_classes"":[0,1,8,9],""minority_fraction"":0.2}",standard_conformal,0.2,,,Sandal,average_set_size,0.99
73,class_imbalance,strong,"{""majority_classes"":[0,1,8,9],""minority_fraction"":0.2}",standard_conformal,0.2,,,Sandal,coverage,0.975
73,class_imbalance,strong,"{""majority_classes"":[0,1,8,9],""minority_fraction"":0.2}",standard_conformal,0.2,,,Shirt,average_set_size,0.455
73,class_imbalance,strong,"{""majority_classes"":[0,1,8,9],""minority_fraction"":0.2}",standard_conformal,0.2,,,Shirt,coverage,0.425
73,class_imbalance,strong,"{""majority_classes"":[0,1,8,9],""minority_fraction"":0.2}",standard_conformal,0.2,,,Sneaker,average_set_size,0.955
73,class_imbalance,strong,"{""majority_classes"":[0,1,8,9],""minority_fraction"":0.2}",standard_conformal,0.2,,,Sneaker,coverage,0.945
73,class_imbalance,strong,"{""majority_classes"":[0,1,8,9],""minority_fraction"":0.2}",standard_conformal,0.2,,,T-shirt/top,average_set_size,0.622
73,class_imbalance,strong,"{""majority_classes"":[0,1,8,9],""minority_fraction"":0.2}",standard_conformal,0.2,,,T-shirt/top,coverage,0.605
73,class_imbalance,strong,"{""majority_classes"":[0,1,8,9],""minority_fraction"":0.2}",standard_conformal,0.2,,,Trouser,average_set_size,0.978
73,class_imbalance,strong,"{""majority_classes"":[0,1,8,9],""minority_fraction"":0.2}",standard_conformal,0.2,,,Trouser,coverage,0.976
73,clean,clean,{},class_conditional_conformal,0.05,,,Ankle boot,average_set_size,0.965
73,clean,clean,{},class_conditional_conformal,0.05,,,Ankle boot,coverage,0.942
73,clean,clean,{},class_conditional_conformal,0.05,,,Bag,average_set_size,0.987
73,clean,clean,{},class_conditional_conformal,0.05,,,Bag,coverage,0.959
73,clean,clean,{},class_conditional_conformal,0.05,,,Coat,average_set_size,1.335
73,clean,clean,{},class_conditional_conformal,0.05,,,Coat,coverage,0.965
73,clean,clean,{},class_conditional_conformal,0.05,,,Dress,average_set_size,1.199
73,clean,clean,{},class_conditional_conformal,0.05,,,Dress,coverage,0.958
73,clean,clean,{},class_conditional_conformal,0.05,,,Pullover,average_set_size,1.272
73,clean,clean,{},class_conditional_conformal,0.05,,,Pullover,coverage,0.941
73,clean,clean,{},class_conditional_conformal,0.05,,,Sandal,average_set_size,0.959
73,clean,clean,{},class_conditional_conformal,0.05,,,Sandal,coverage,0.952
73,clean,clean,{},class_conditional_conformal,0.05,,,Shirt,average_set_size,1.477
73,clean,clean,{},class_conditional_conformal,0.05,,,Shirt,coverage,0.936
73,clean,clean,{},class_conditional_conformal,0.05,,,Sneaker,average_set_size,0.963
73,clean,clean,{},class_conditional_conformal,0.05,,,Sneaker,coverage,0.951
73,clean,clean,{},class_conditional_conformal,0.05,,,T-shirt/top,average_set_size,1.412
73,clean,clean,{},class_conditional_conformal,0.05,,,T-shirt/top,coverage,0.949
73,clean,clean,{},class_conditional_conformal,0.05,,,Trouser,average_set_size,0.968
73,clean,clean,{},class_conditional_conformal,0.05,,,Trouser,coverage,0.95
73,clean,clean,{},class_conditional_conformal,0.1,,,Ankle boot,average_set_size,0.908
73,clean,clean,{},class_conditional_conformal,0.1,,,Ankle boot,coverage,0.894
73,clean,clean,{},class_conditional_conformal,0.1,,,Bag,average_set_size,0.907
73,clean,clean,{},class_conditional_conformal,0.1,,,Bag,coverage,0.892
73,clean,clean,{},class_conditional_conformal,0.1,,,Coat,average_set_size,1.123
73,clean,clean,{},class_conditional_conformal,0.1,,,Coat,coverage,0.927
73,clean,clean,{},class_conditional_conformal,0.1,,,Dress,average_set_size,1.009
73,clean,clean,{},class_conditional_conformal,0.1,,,Dress,coverage,0.896
73,clean,clean,{},class_conditional_conformal,0.1,,,Pullover,average_set_size,1.071
73,clean,clean,{},class_conditional_conformal,0.1,,,Pullover,coverage,0.897
73,clean,clean,{},class_conditional_conformal,0.1,,,Sandal,average_set_size,0.906
73,clean,clean,{},class_conditional_conformal,0.1,,,Sandal,coverage,0.902
73,clean,clean,{},class_conditional_conformal,0.1,,,Shirt,average_set_size,1.174
73,clean,clean,{},class_conditional_conformal,0.1,,,Shirt,coverage,0.891
73,clean,clean,{},class_conditional_conformal,0.1,,,Sneaker,average_set_size,0.922
73,clean,clean,{},class_conditional_conformal,0.1,,,Sneaker,coverage,0.918
73,clean,clean,{},class_conditional_conformal,0.1,,,T-shirt/top,average_set_size,1.211
73,clean,clean,{},class_conditional_conformal,0.1,,,T-shirt/top,coverage,0.899
73,clean,clean,{},class_conditional_conformal,0.1,,,Trouser,average_set_size,0.91
73,clean,clean,{},class_conditional_conformal,0.1,,,Trouser,coverage,0.901
73,clean,clean,{},class_conditional_conformal,0.2,,,Ankle boot,average_set_size,0.806
73,clean,clean,{},class_conditional_conformal,0.2,,,Ankle boot,coverage,0.802
73,clean,clean,{},class_conditional_conformal,0.2,,,Bag,average_set_size,0.79
73,clean,clean,{},class_conditional_conformal,0.2,,,Bag,coverage,0.788
73,clean,clean,{},class_conditional_conformal,0.2,,,Coat,average_set_size,0.884
73,clean,clean,{},class_conditional_conformal,0.2,,,Coat,coverage,0.81
73,clean,clean,{},class_conditional_conformal,0.2,,,Dress,average_set_size,0.817
73,clean,clean,{},class_conditional_conformal,0.2,,,Dress,coverage,0.786
73,clean,clean,{},class_conditional_conformal,0.2,,,Pullover,average_set_size,0.859
73,clean,clean,{},class_conditional_conformal,0.2,,,Pullover,coverage,0.774
73,clean,clean,{},class_conditional_conformal,0.2,,,Sandal,average_set_size,0.793
73,clean,clean,{},class_conditional_conformal,0.2,,,Sandal,coverage,0.792
73,clean,clean,{},class_conditional_conformal,0.2,,,Shirt,average_set_size,0.899
73,clean,clean,{},class_conditional_conformal,0.2,,,Shirt,coverage,0.773
73,clean,clean,{},class_conditional_conformal,0.2,,,Sneaker,average_set_size,0.818
73,clean,clean,{},class_conditional_conformal,0.2,,,Sneaker,coverage,0.817
73,clean,clean,{},class_conditional_conformal,0.2,,,T-shirt/top,average_set_size,0.932
73,clean,clean,{},class_conditional_conformal,0.2,,,T-shirt/top,coverage,0.794
73,clean,clean,{},class_conditional_conformal,0.2,,,Trouser,average_set_size,0.8
73,clean,clean,{},class_conditional_conformal,0.2,,,Trouser,coverage,0.796
73,clean,clean,{},raw_softmax,,,,Ankle boot,f1,0.9701568032372281
73,clean,clean,{},raw_softmax,,,,Ankle boot,precision,0.9815762538382804
73,clean,clean,{},raw_softmax,,,,Ankle boot,recall,0.959
73,clean,clean,{},raw_softmax,,,,Bag,f1,0.9815092453773113
73,clean,clean,{},raw_softmax,,,,Bag,precision,0.981018981018981
73,clean,clean,{},raw_softmax,,,,Bag,recall,0.982
73,clean,clean,{},raw_softmax,,,,Coat,f1,0.883766552231486
73,clean,clean,{},raw_softmax,,,,Coat,precision,0.8671799807507219
73,clean,clean,{},raw_softmax,,,,Coat,recall,0.901
73,clean,clean,{},raw_softmax,,,,Dress,f1,0.918467583497053
73,clean,clean,{},raw_softmax,,,,Dress,precision,0.9025096525096525
73,clean,clean,{},raw_softmax,,,,Dress,recall,0.935
73,clean,clean,{},raw_softmax,,,,Pullover,f1,0.8798813643104301
73,clean,clean,{},raw_softmax,,,,Pullover,precision,0.8699902248289345
73,clean,clean,{},raw_softmax,,,,Pullover,recall,0.89
73,clean,clean,{},raw_softmax,,,,Sandal,f1,0.986013986013986
73,clean,clean,{},raw_softmax,,,,Sandal,precision,0.9850299401197605
73,clean,clean,{},raw_softmax,,,,Sandal,recall,0.987
73,clean,clean,{},raw_softmax,,,,Shirt,f1,0.7650444793301936
73,clean,clean,{},raw_softmax,,,,Shirt,precision,0.8024149286498353
73,clean,clean,{},raw_softmax,,,,Shirt,recall,0.731
73,clean,clean,{},raw_softmax,,,,Sneaker,f1,0.9649728663048841
73,clean,clean,{},raw_softmax,,,,Sneaker,precision,0.952288218111003
73,clean,clean,{},raw_softmax,,,,Sneaker,recall,0.978
73,clean,clean,{},raw_softmax,,,,T-shirt/top,f1,0.8748738647830474
73,clean,clean,{},raw_softmax,,,,T-shirt/top,precision,0.8828920570264766
73,clean,clean,{},raw_softmax,,,,T-shirt/top,recall,0.867
73,clean,clean,{},raw_softmax,,,,Trouser,f1,0.991008991008991
73,clean,clean,{},raw_softmax,,,,Trouser,precision,0.9900199600798403
73,clean,clean,{},raw_softmax,,,,Trouser,recall,0.992
73,clean,clean,{},standard_conformal,0.05,,,Ankle boot,average_set_size,1.033
73,clean,clean,{},standard_conformal,0.05,,,Ankle boot,coverage,0.974
73,clean,clean,{},standard_conformal,0.05,,,Bag,average_set_size,1.008
73,clean,clean,{},standard_conformal,0.05,,,Bag,coverage,0.986
73,clean,clean,{},standard_conformal,0.05,,,Coat,average_set_size,1.139
73,clean,clean,{},standard_conformal,0.05,,,Coat,coverage,0.943
73,clean,clean,{},standard_conformal,0.05,,,Dress,average_set_size,1.083
73,clean,clean,{},standard_conformal,0.05,,,Dress,coverage,0.961
73,clean,clean,{},standard_conformal,0.05,,,Pullover,average_set_size,1.102
73,clean,clean,{},standard_conformal,0.05,,,Pullover,coverage,0.922
73,clean,clean,{},standard_conformal,0.05,,,Sandal,average_set_size,1.008
73,clean,clean,{},standard_conformal,0.05,,,Sandal,coverage,0.992
73,clean,clean,{},standard_conformal,0.05,,,Shirt,average_set_size,1.236
73,clean,clean,{},standard_conformal,0.05,,,Shirt,coverage,0.827
73,clean,clean,{},standard_conformal,0.05,,,Sneaker,average_set_size,1.031
73,clean,clean,{},standard_conformal,0.05,,,Sneaker,coverage,0.986
73,clean,clean,{},standard_conformal,0.05,,,T-shirt/top,average_set_size,1.178
73,clean,clean,{},standard_conformal,0.05,,,T-shirt/top,coverage,0.928
73,clean,clean,{},standard_conformal,0.05,,,Trouser,average_set_size,1.01
73,clean,clean,{},standard_conformal,0.05,,,Trouser,coverage,0.992
73,clean,clean,{},standard_conformal,0.1,,,Ankle boot,average_set_size,0.994
73,clean,clean,{},standard_conformal,0.1,,,Ankle boot,coverage,0.955
73,clean,clean,{},standard_conformal,0.1,,,Bag,average_set_size,0.987
73,clean,clean,{},standard_conformal,0.1,,,Bag,coverage,0.977
73,clean,clean,{},standard_conformal,0.1,,,Coat,average_set_size,0.939
73,clean,clean,{},standard_conformal,0.1,,,Coat,coverage,0.869
73,clean,clean,{},standard_conformal,0.1,,,Dress,average_set_size,0.927
73,clean,clean,{},standard_conformal,0.1,,,Dress,coverage,0.892
73,clean,clean,{},standard_conformal,0.1,,,Pullover,average_set_size,0.941
73,clean,clean,{},standard_conformal,0.1,,,Pullover,coverage,0.865
73,clean,clean,{},standard_conformal,0.1,,,Sandal,average_set_size,0.999
73,clean,clean,{},standard_conformal,0.1,,,Sandal,coverage,0.986
73,clean,clean,{},standard_conformal,0.1,,,Shirt,average_set_size,0.867
73,clean,clean,{},standard_conformal,0.1,,,Shirt,coverage,0.671
73,clean,clean,{},standard_conformal,0.1,,,Sneaker,average_set_size,0.995
73,clean,clean,{},standard_conformal,0.1,,,Sneaker,coverage,0.975
73,clean,clean,{},standard_conformal,0.1,,,T-shirt/top,average_set_size,0.906
73,clean,clean,{},standard_conformal,0.1,,,T-shirt/top,coverage,0.82
73,clean,clean,{},standard_conformal,0.1,,,Trouser,average_set_size,0.989
73,clean,clean,{},standard_conformal,0.1,,,Trouser,coverage,0.985
73,clean,clean,{},standard_conformal,0.2,,,Ankle boot,average_set_size,0.939
73,clean,clean,{},standard_conformal,0.2,,,Ankle boot,coverage,0.919
73,clean,clean,{},standard_conformal,0.2,,,Bag,average_set_size,0.969
73,clean,clean,{},standard_conformal,0.2,,,Bag,coverage,0.964
73,clean,clean,{},standard_conformal,0.2,,,Coat,average_set_size,0.666
73,clean,clean,{},standard_conformal,0.2,,,Coat,coverage,0.648
73,clean,clean,{},standard_conformal,0.2,,,Dress,average_set_size,0.781
73,clean,clean,{},standard_conformal,0.2,,,Dress,coverage,0.773
73,clean,clean,{},standard_conformal,0.2,,,Pullover,average_set_size,0.743
73,clean,clean,{},standard_conformal,0.2,,,Pullover,coverage,0.72
73,clean,clean,{},standard_conformal,0.2,,,Sandal,average_set_size,0.979
73,clean,clean,{},standard_conformal,0.2,,,Sandal,coverage,0.972
73,clean,clean,{},standard_conformal,0.2,,,Shirt,average_set_size,0.462
73,clean,clean,{},standard_conformal,0.2,,,Shirt,coverage,0.416
73,clean,clean,{},standard_conformal,0.2,,,Sneaker,average_set_size,0.937
73,clean,clean,{},standard_conformal,0.2,,,Sneaker,coverage,0.929
73,clean,clean,{},standard_conformal,0.2,,,T-shirt/top,average_set_size,0.622
73,clean,clean,{},standard_conformal,0.2,,,T-shirt/top,coverage,0.605
73,clean,clean,{},standard_conformal,0.2,,,Trouser,average_set_size,0.978
73,clean,clean,{},standard_conformal,0.2,,,Trouser,coverage,0.976
73,gaussian_blur,medium,"{""sigma"":1.0}",class_conditional_conformal,0.05,,,Ankle boot,average_set_size,0.944
73,gaussian_blur,medium,"{""sigma"":1.0}",class_conditional_conformal,0.05,,,Ankle boot,coverage,0.937
73,gaussian_blur,medium,"{""sigma"":1.0}",class_conditional_conformal,0.05,,,Bag,average_set_size,0.895
73,gaussian_blur,medium,"{""sigma"":1.0}",class_conditional_conformal,0.05,,,Bag,coverage,0.843
73,gaussian_blur,medium,"{""sigma"":1.0}",class_conditional_conformal,0.05,,,Coat,average_set_size,1.806
73,gaussian_blur,medium,"{""sigma"":1.0}",class_conditional_conformal,0.05,,,Coat,coverage,0.931
73,gaussian_blur,medium,"{""sigma"":1.0}",class_conditional_conformal,0.05,,,Dress,average_set_size,1.253
73,gaussian_blur,medium,"{""sigma"":1.0}",class_conditional_conformal,0.05,,,Dress,coverage,0.938
73,gaussian_blur,medium,"{""sigma"":1.0}",class_conditional_conformal,0.05,,,Pullover,average_set_size,1.505
73,gaussian_blur,medium,"{""sigma"":1.0}",class_conditional_conformal,0.05,,,Pullover,coverage,0.97
73,gaussian_blur,medium,"{""sigma"":1.0}",class_conditional_conformal,0.05,,,Sandal,average_set_size,0.745
73,gaussian_blur,medium,"{""sigma"":1.0}",class_conditional_conformal,0.05,,,Sandal,coverage,0.705
73,gaussian_blur,medium,"{""sigma"":1.0}",class_conditional_conformal,0.05,,,Shirt,average_set_size,2.1
73,gaussian_blur,medium,"{""sigma"":1.0}",class_conditional_conformal,0.05,,,Shirt,coverage,0.852
73,gaussian_blur,medium,"{""sigma"":1.0}",class_conditional_conformal,0.05,,,Sneaker,average_set_size,0.855
73,gaussian_blur,medium,"{""sigma"":1.0}",class_conditional_conformal,0.05,,,Sneaker,coverage,0.845
73,gaussian_blur,medium,"{""sigma"":1.0}",class_conditional_conformal,0.05,,,T-shirt/top,average_set_size,1.468
73,gaussian_blur,medium,"{""sigma"":1.0}",class_conditional_conformal,0.05,,,T-shirt/top,coverage,0.97
73,gaussian_blur,medium,"{""sigma"":1.0}",class_conditional_conformal,0.05,,,Trouser,average_set_size,0.626
73,gaussian_blur,medium,"{""sigma"":1.0}",class_conditional_conformal,0.05,,,Trouser,coverage,0.579
73,gaussian_blur,medium,"{""sigma"":1.0}",class_conditional_conformal,0.1,,,Ankle boot,average_set_size,0.821
73,gaussian_blur,medium,"{""sigma"":1.0}",class_conditional_conformal,0.1,,,Ankle boot,coverage,0.82
73,gaussian_blur,medium,"{""sigma"":1.0}",class_conditional_conformal,0.1,,,Bag,average_set_size,0.38
73,gaussian_blur,medium,"{""sigma"":1.0}",class_conditional_conformal,0.1,,,Bag,coverage,0.364
73,gaussian_blur,medium,"{""sigma"":1.0}",class_conditional_conformal,0.1,,,Coat,average_set_size,1.088
73,gaussian_blur,medium,"{""sigma"":1.0}",class_conditional_conformal,0.1,,,Coat,coverage,0.766
73,gaussian_blur,medium,"{""sigma"":1.0}",class_conditional_conformal,0.1,,,Dress,average_set_size,0.895
73,gaussian_blur,medium,"{""sigma"":1.0}",class_conditional_conformal,0.1,,,Dress,coverage,0.823
73,gaussian_blur,medium,"{""sigma"":1.0}",class_conditional_conformal,0.1,,,Pullover,average_set_size,1.061
73,gaussian_blur,medium,"{""sigma"":1.0}",class_conditional_conformal,0.1,,,Pullover,coverage,0.897
73,gaussian_blur,medium,"{""sigma"":1.0}",class_conditional_conformal,0.1,,,Sandal,average_set_size,0.565
73,gaussian_blur,medium,"{""sigma"":1.0}",class_conditional_conformal,0.1,,,Sandal,coverage,0.553
73,gaussian_blur,medium,"{""sigma"":1.0}",class_conditional_conformal,0.1,,,Shirt,average_set_size,1.183
73,gaussian_blur,medium,"{""sigma"":1.0}",class_conditional_conformal,0.1,,,Shirt,coverage,0.6
73,gaussian_blur,medium,"{""sigma"":1.0}",class_conditional_conformal,0.1,,,Sneaker,average_set_size,0.717
73,gaussian_blur,medium,"{""sigma"":1.0}",class_conditional_conformal,0.1,,,Sneaker,coverage,0.717
73,gaussian_blur,medium,"{""sigma"":1.0}",class_conditional_conformal,0.1,,,T-shirt/top,average_set_size,1.104
73,gaussian_blur,medium,"{""sigma"":1.0}",class_conditional_conformal,0.1,,,T-shirt/top,coverage,0.886
73,gaussian_blur,medium,"{""sigma"":1.0}",class_conditional_conformal,0.1,,,Trouser,average_set_size,0.055
73,gaussian_blur,medium,"{""sigma"":1.0}",class_conditional_conformal,0.1,,,Trouser,coverage,0.036
73,gaussian_blur,medium,"{""sigma"":1.0}",class_conditional_conformal,0.2,,,Ankle boot,average_set_size,0.417
73,gaussian_blur,medium,"{""sigma"":1.0}",class_conditional_conformal,0.2,,,Ankle boot,coverage,0.417
73,gaussian_blur,medium,"{""sigma"":1.0}",class_conditional_conformal,0.2,,,Bag,average_set_size,0.023
73,gaussian_blur,medium,"{""sigma"":1.0}",class_conditional_conformal,0.2,,,Bag,coverage,0.019
73,gaussian_blur,medium,"{""sigma"":1.0}",class_conditional_conformal,0.2,,,Coat,average_set_size,0.41
73,gaussian_blur,medium,"{""sigma"":1.0}",class_conditional_conformal,0.2,,,Coat,coverage,0.387
73,gaussian_blur,medium,"{""sigma"":1.0}",class_conditional_conformal,0.2,,,Dress,average_set_size,0.471
73,gaussian_blur,medium,"{""sigma"":1.0}",class_conditional_conformal,0.2,,,Dress,coverage,0.459
73,gaussian_blur,medium,"{""sigma"":1.0}",class_conditional_conformal,0.2,,,Pullover,average_set_size,0.549
73,gaussian_blur,medium,"{""sigma"":1.0}",class_conditional_conformal,0.2,,,Pullover,coverage,0.528
73,gaussian_blur,medium,"{""sigma"":1.0}",class_conditional_conformal,0.2,,,Sandal,average_set_size,0.312
73,gaussian_blur,medium,"{""sigma"":1.0}",class_conditional_conformal,0.2,,,Sandal,coverage,0.311
73,gaussian_blur,medium,"{""sigma"":1.0}",class_conditional_conformal,0.2,,,Shirt,average_set_size,0.371
73,gaussian_blur,medium,"{""sigma"":1.0}",class_conditional_conformal,0.2,,,Shirt,coverage,0.227
73,gaussian_blur,medium,"{""sigma"":1.0}",class_conditional_conformal,0.2,,,Sneaker,average_set_size,0.555
73,gaussian_blur,medium,"{""sigma"":1.0}",class_conditional_conformal,0.2,,,Sneaker,coverage,0.555
73,gaussian_blur,medium,"{""sigma"":1.0}",class_conditional_conformal,0.2,,,T-shirt/top,average_set_size,0.788
73,gaussian_blur,medium,"{""sigma"":1.0}",class_conditional_conformal,0.2,,,T-shirt/top,coverage,0.754
73,gaussian_blur,medium,"{""sigma"":1.0}",class_conditional_conformal,0.2,,,Trouser,average_set_size,0.005
73,gaussian_blur,medium,"{""sigma"":1.0}",class_conditional_conformal,0.2,,,Trouser,coverage,0.0
73,gaussian_blur,medium,"{""sigma"":1.0}",raw_softmax,,,,Ankle boot,f1,0.9511241446725318
73,gaussian_blur,medium,"{""sigma"":1.0}",raw_softmax,,,,Ankle boot,precision,0.9302103250478011
73,gaussian_blur,medium,"{""sigma"":1.0}",raw_softmax,,,,Ankle boot,recall,0.973
73,gaussian_blur,medium,"{""sigma"":1.0}",raw_softmax,,,,Bag,f1,0.9706028898854011
73,gaussian_blur,medium,"{""sigma"":1.0}",raw_softmax,,,,Bag,precision,0.9672293942403177
73,gaussian_blur,medium,"{""sigma"":1.0}",raw_softmax,,,,Bag,recall,0.974
73,gaussian_blur,medium,"{""sigma"":1.0}",raw_softmax,,,,Coat,f1,0.7566440854611777
73,gaussian_blur,medium,"{""sigma"":1.0}",raw_softmax,,,,Coat,precision,0.7899891186071817
73,gaussian_blur,medium,"{""sigma"":1.0}",raw_softmax,,,,Coat,recall,0.726
73,gaussian_blur,medium,"{""sigma"":1.0}",raw_softmax,,,,Dress,f1,0.8505434782608695
73,gaussian_blur,medium,"{""sigma"":1.0}",raw_softmax,,,,Dress,precision,0.777317880794702
73,gaussian_blur,medium,"{""sigma"":1.0}",raw_softmax,,,,Dress,recall,0.939
73,gaussian_blur,medium,"{""sigma"":1.0}",raw_softmax,,,,Pullover,f1,0.7698779974758099
73,gaussian_blur,medium,"{""sigma"":1.0}",raw_softmax,,,,Pullover,precision,0.664488017429194
73,gaussian_blur,medium,"{""sigma"":1.0}",raw_softmax,,,,Pullover,recall,0.915
73,gaussian_blur,medium,"{""sigma"":1.0}",raw_softmax,,,,Sandal,f1,0.9471480900052328
73,gaussian_blur,medium,"{""sigma"":1.0}",raw_softmax,,,,Sandal,precision,0.9934138309549945
73,gaussian_blur,medium,"{""sigma"":1.0}",raw_softmax,,,,Sandal,recall,0.905
73,gaussian_blur,medium,"{""sigma"":1.0}",raw_softmax,,,,Shirt,f1,0.38990825688073394
73,gaussian_blur,medium,"{""sigma"":1.0}",raw_softmax,,,,Shirt,precision,0.827922077922078
73,gaussian_blur,medium,"{""sigma"":1.0}",raw_softmax,,,,Shirt,recall,0.255
73,gaussian_blur,medium,"{""sigma"":1.0}",raw_softmax,,,,Sneaker,f1,0.9418092909535453
73,gaussian_blur,medium,"{""sigma"":1.0}",raw_softmax,,,,Sneaker,precision,0.9215311004784689
73,gaussian_blur,medium,"{""sigma"":1.0}",raw_softmax,,,,Sneaker,recall,0.963
73,gaussian_blur,medium,"{""sigma"":1.0}",raw_softmax,,,,T-shirt/top,f1,0.8224043715846995
73,gaussian_blur,medium,"{""sigma"":1.0}",raw_softmax,,,,T-shirt/top,precision,0.7550167224080268
73,gaussian_blur,medium,"{""sigma"":1.0}",raw_softmax,,,,T-shirt/top,recall,0.903
73,gaussian_blur,medium,"{""sigma"":1.0}",raw_softmax,,,,Trouser,f1,0.978315683308119
73,gaussian_blur,medium,"{""sigma"":1.0}",raw_softmax,,,,Trouser,precision,0.9867751780264497
73,gaussian_blur,medium,"{""sigma"":1.0}",raw_softmax,,,,Trouser,recall,0.97
73,gaussian_blur,medium,"{""sigma"":1.0}",standard_conformal,0.05,,,Ankle boot,average_set_size,1.063
73,gaussian_blur,medium,"{""sigma"":1.0}",standard_conformal,0.05,,,Ankle boot,coverage,0.991
73,gaussian_blur,medium,"{""sigma"":1.0}",standard_conformal,0.05,,,Bag,average_set_size,0.998
73,gaussian_blur,medium,"{""sigma"":1.0}",standard_conformal,0.05,,,Bag,coverage,0.973
73,gaussian_blur,medium,"{""sigma"":1.0}",standard_conformal,0.05,,,Coat,average_set_size,1.366
73,gaussian_blur,medium,"{""sigma"":1.0}",standard_conformal,0.05,,,Coat,coverage,0.858
73,gaussian_blur,medium,"{""sigma"":1.0}",standard_conformal,0.05,,,Dress,average_set_size,1.05
73,gaussian_blur,medium,"{""sigma"":1.0}",standard_conformal,0.05,,,Dress,coverage,0.947
73,gaussian_blur,medium,"{""sigma"":1.0}",standard_conformal,0.05,,,Pullover,average_set_size,1.116
73,gaussian_blur,medium,"{""sigma"":1.0}",standard_conformal,0.05,,,Pullover,coverage,0.936
73,gaussian_blur,medium,"{""sigma"":1.0}",standard_conformal,0.05,,,Sandal,average_set_size,1.082
73,gaussian_blur,medium,"{""sigma"":1.0}",standard_conformal,0.05,,,Sandal,coverage,0.93
73,gaussian_blur,medium,"{""sigma"":1.0}",standard_conformal,0.05,,,Shirt,average_set_size,1.264
73,gaussian_blur,medium,"{""sigma"":1.0}",standard_conformal,0.05,,,Shirt,coverage,0.375
73,gaussian_blur,medium,"{""sigma"":1.0}",standard_conformal,0.05,,,Sneaker,average_set_size,1.115
73,gaussian_blur,medium,"{""sigma"":1.0}",standard_conformal,0.05,,,Sneaker,coverage,0.99
73,gaussian_blur,medium,"{""sigma"":1.0}",standard_conformal,0.05,,,T-shirt/top,average_set_size,1.123
73,gaussian_blur,medium,"{""sigma"":1.0}",standard_conformal,0.05,,,T-shirt/top,coverage,0.938
73,gaussian_blur,medium,"{""sigma"":1.0}",standard_conformal,0.05,,,Trouser,average_set_size,1.006
73,gaussian_blur,medium,"{""sigma"":1.0}",standard_conformal,0.05,,,Trouser,coverage,0.972
73,gaussian_blur,medium,"{""sigma"":1.0}",standard_conformal,0.1,,,Ankle boot,average_set_size,0.991
73,gaussian_blur,medium,"{""sigma"":1.0}",standard_conformal,0.1,,,Ankle boot,coverage,0.968
73,gaussian_blur,medium,"{""sigma"":1.0}",standard_conformal,0.1,,,Bag,average_set_size,0.957
73,gaussian_blur,medium,"{""sigma"":1.0}",standard_conformal,0.1,,,Bag,coverage,0.944
73,gaussian_blur,medium,"{""sigma"":1.0}",standard_conformal,0.1,,,Coat,average_set_size,0.675
73,gaussian_blur,medium,"{""sigma"":1.0}",standard_conformal,0.1,,,Coat,coverage,0.551
73,gaussian_blur,medium,"{""sigma"":1.0}",standard_conformal,0.1,,,Dress,average_set_size,0.834
73,gaussian_blur,medium,"{""sigma"":1.0}",standard_conformal,0.1,,,Dress,coverage,0.819
73,gaussian_blur,medium,"{""sigma"":1.0}",standard_conformal,0.1,,,Pullover,average_set_size,0.833
73,gaussian_blur,medium,"{""sigma"":1.0}",standard_conformal,0.1,,,Pullover,coverage,0.803
73,gaussian_blur,medium,"{""sigma"":1.0}",standard_conformal,0.1,,,Sandal,average_set_size,0.962
73,gaussian_blur,medium,"{""sigma"":1.0}",standard_conformal,0.1,,,Sandal,coverage,0.885
73,gaussian_blur,medium,"{""sigma"":1.0}",standard_conformal,0.1,,,Shirt,average_set_size,0.394
73,gaussian_blur,medium,"{""sigma"":1.0}",standard_conformal,0.1,,,Shirt,coverage,0.108
73,gaussian_blur,medium,"{""sigma"":1.0}",standard_conformal,0.1,,,Sneaker,average_set_size,0.984
73,gaussian_blur,medium,"{""sigma"":1.0}",standard_conformal,0.1,,,Sneaker,coverage,0.953
73,gaussian_blur,medium,"{""sigma"":1.0}",standard_conformal,0.1,,,T-shirt/top,average_set_size,0.808
73,gaussian_blur,medium,"{""sigma"":1.0}",standard_conformal,0.1,,,T-shirt/top,coverage,0.788
73,gaussian_blur,medium,"{""sigma"":1.0}",standard_conformal,0.1,,,Trouser,average_set_size,0.971
73,gaussian_blur,medium,"{""sigma"":1.0}",standard_conformal,0.1,,,Trouser,coverage,0.956
73,gaussian_blur,medium,"{""sigma"":1.0}",standard_conformal,0.2,,,Ankle boot,average_set_size,0.875
73,gaussian_blur,medium,"{""sigma"":1.0}",standard_conformal,0.2,,,Ankle boot,coverage,0.874
73,gaussian_blur,medium,"{""sigma"":1.0}",standard_conformal,0.2,,,Bag,average_set_size,0.898
73,gaussian_blur,medium,"{""sigma"":1.0}",standard_conformal,0.2,,,Bag,coverage,0.896
73,gaussian_blur,medium,"{""sigma"":1.0}",standard_conformal,0.2,,,Coat,average_set_size,0.102
73,gaussian_blur,medium,"{""sigma"":1.0}",standard_conformal,0.2,,,Coat,coverage,0.099
73,gaussian_blur,medium,"{""sigma"":1.0}",standard_conformal,0.2,,,Dress,average_set_size,0.415
73,gaussian_blur,medium,"{""sigma"":1.0}",standard_conformal,0.2,,,Dress,coverage,0.414
73,gaussian_blur,medium,"{""sigma"":1.0}",standard_conformal,0.2,,,Pullover,average_set_size,0.324
73,gaussian_blur,medium,"{""sigma"":1.0}",standard_conformal,0.2,,,Pullover,coverage,0.321
73,gaussian_blur,medium,"{""sigma"":1.0}",standard_conformal,0.2,,,Sandal,average_set_size,0.803
73,gaussian_blur,medium,"{""sigma"":1.0}",standard_conformal,0.2,,,Sandal,coverage,0.783
73,gaussian_blur,medium,"{""sigma"":1.0}",standard_conformal,0.2,,,Shirt,average_set_size,0.043
73,gaussian_blur,medium,"{""sigma"":1.0}",standard_conformal,0.2,,,Shirt,coverage,0.009
73,gaussian_blur,medium,"{""sigma"":1.0}",standard_conformal,0.2,,,Sneaker,average_set_size,0.76
73,gaussian_blur,medium,"{""sigma"":1.0}",standard_conformal,0.2,,,Sneaker,coverage,0.758
73,gaussian_blur,medium,"{""sigma"":1.0}",standard_conformal,0.2,,,T-shirt/top,average_set_size,0.531
73,gaussian_blur,medium,"{""sigma"":1.0}",standard_conformal,0.2,,,T-shirt/top,coverage,0.528
73,gaussian_blur,medium,"{""sigma"":1.0}",standard_conformal,0.2,,,Trouser,average_set_size,0.916
73,gaussian_blur,medium,"{""sigma"":1.0}",standard_conformal,0.2,,,Trouser,coverage,0.911
73,gaussian_blur,mild,"{""sigma"":0.5}",class_conditional_conformal,0.05,,,Ankle boot,average_set_size,0.963
73,gaussian_blur,mild,"{""sigma"":0.5}",class_conditional_conformal,0.05,,,Ankle boot,coverage,0.945
73,gaussian_blur,mild,"{""sigma"":0.5}",class_conditional_conformal,0.05,,,Bag,average_set_size,0.971
73,gaussian_blur,mild,"{""sigma"":0.5}",class_conditional_conformal,0.05,,,Bag,coverage,0.943
73,gaussian_blur,mild,"{""sigma"":0.5}",class_conditional_conformal,0.05,,,Coat,average_set_size,1.374
73,gaussian_blur,mild,"{""sigma"":0.5}",class_conditional_conformal,0.05,,,Coat,coverage,0.961
73,gaussian_blur,mild,"{""sigma"":0.5}",class_conditional_conformal,0.05,,,Dress,average_set_size,1.188
73,gaussian_blur,mild,"{""sigma"":0.5}",class_conditional_conformal,0.05,,,Dress,coverage,0.965
73,gaussian_blur,mild,"{""sigma"":0.5}",class_conditional_conformal,0.05,,,Pullover,average_set_size,1.291
73,gaussian_blur,mild,"{""sigma"":0.5}",class_conditional_conformal,0.05,,,Pullover,coverage,0.958
73,gaussian_blur,mild,"{""sigma"":0.5}",class_conditional_conformal,0.05,,,Sandal,average_set_size,0.939
73,gaussian_blur,mild,"{""sigma"":0.5}",class_conditional_conformal,0.05,,,Sandal,coverage,0.93
73,gaussian_blur,mild,"{""sigma"":0.5}",class_conditional_conformal,0.05,,,Shirt,average_set_size,1.63
73,gaussian_blur,mild,"{""sigma"":0.5}",class_conditional_conformal,0.05,,,Shirt,coverage,0.925
73,gaussian_blur,mild,"{""sigma"":0.5}",class_conditional_conformal,0.05,,,Sneaker,average_set_size,0.95
73,gaussian_blur,mild,"{""sigma"":0.5}",class_conditional_conformal,0.05,,,Sneaker,coverage,0.938
73,gaussian_blur,mild,"{""sigma"":0.5}",class_conditional_conformal,0.05,,,T-shirt/top,average_set_size,1.404
73,gaussian_blur,mild,"{""sigma"":0.5}",class_conditional_conformal,0.05,,,T-shirt/top,coverage,0.964
73,gaussian_blur,mild,"{""sigma"":0.5}",class_conditional_conformal,0.05,,,Trouser,average_set_size,0.961
73,gaussian_blur,mild,"{""sigma"":0.5}",class_conditional_conformal,0.05,,,Trouser,coverage,0.941
73,gaussian_blur,mild,"{""sigma"":0.5}",class_conditional_conformal,0.1,,,Ankle boot,average_set_size,0.904
73,gaussian_blur,mild,"{""sigma"":0.5}",class_conditional_conformal,0.1,,,Ankle boot,coverage,0.892
73,gaussian_blur,mild,"{""sigma"":0.5}",class_conditional_conformal,0.1,,,Bag,average_set_size,0.853
73,gaussian_blur,mild,"{""sigma"":0.5}",class_conditional_conformal,0.1,,,Bag,coverage,0.844
73,gaussian_blur,mild,"{""sigma"":0.5}",class_conditional_conformal,0.1,,,Coat,average_set_size,1.103
73,gaussian_blur,mild,"{""sigma"":0.5}",class_conditional_conformal,0.1,,,Coat,coverage,0.924
73,gaussian_blur,mild,"{""sigma"":0.5}",class_conditional_conformal,0.1,,,Dress,average_set_size,0.999
73,gaussian_blur,mild,"{""sigma"":0.5}",class_conditional_conformal,0.1,,,Dress,coverage,0.9
73,gaussian_blur,mild,"{""sigma"":0.5}",class_conditional_conformal,0.1,,,Pullover,average_set_size,1.058
73,gaussian_blur,mild,"{""sigma"":0.5}",class_conditional_conformal,0.1,,,Pullover,coverage,0.903
73,gaussian_blur,mild,"{""sigma"":0.5}",class_conditional_conformal,0.1,,,Sandal,average_set_size,0.864
73,gaussian_blur,mild,"{""sigma"":0.5}",class_conditional_conformal,0.1,,,Sandal,coverage,0.859
73,gaussian_blur,mild,"{""sigma"":0.5}",class_conditional_conformal,0.1,,,Shirt,average_set_size,1.219
73,gaussian_blur,mild,"{""sigma"":0.5}",class_conditional_conformal,0.1,,,Shirt,coverage,0.849
73,gaussian_blur,mild,"{""sigma"":0.5}",class_conditional_conformal,0.1,,,Sneaker,average_set_size,0.882
73,gaussian_blur,mild,"{""sigma"":0.5}",class_conditional_conformal,0.1,,,Sneaker,coverage,0.879
73,gaussian_blur,mild,"{""sigma"":0.5}",class_conditional_conformal,0.1,,,T-shirt/top,average_set_size,1.169
73,gaussian_blur,mild,"{""sigma"":0.5}",class_conditional_conformal,0.1,,,T-shirt/top,coverage,0.917
73,gaussian_blur,mild,"{""sigma"":0.5}",class_conditional_conformal,0.1,,,Trouser,average_set_size,0.858
73,gaussian_blur,mild,"{""sigma"":0.5}",class_conditional_conformal,0.1,,,Trouser,coverage,0.849
73,gaussian_blur,mild,"{""sigma"":0.5}",class_conditional_conformal,0.2,,,Ankle boot,average_set_size,0.771
73,gaussian_blur,mild,"{""sigma"":0.5}",class_conditional_conformal,0.2,,,Ankle boot,coverage,0.771
73,gaussian_blur,mild,"{""sigma"":0.5}",class_conditional_conformal,0.2,,,Bag,average_set_size,0.651
73,gaussian_blur,mild,"{""sigma"":0.5}",class_conditional_conformal,0.2,,,Bag,coverage,0.65
73,gaussian_blur,mild,"{""sigma"":0.5}",class_conditional_conformal,0.2,,,Coat,average_set_size,0.837
73,gaussian_blur,mild,"{""sigma"":0.5}",class_conditional_conformal,0.2,,,Coat,coverage,0.788
73,gaussian_blur,mild,"{""sigma"":0.5}",class_conditional_conformal,0.2,,,Dress,average_set_size,0.774
73,gaussian_blur,mild,"{""sigma"":0.5}",class_conditional_conformal,0.2,,,Dress,coverage,0.753
73,gaussian_blur,mild,"{""sigma"":0.5}",class_conditional_conformal,0.2,,,Pullover,average_set_size,0.843
73,gaussian_blur,mild,"{""sigma"":0.5}",class_conditional_conformal,0.2,,,Pullover,coverage,0.776
73,gaussian_blur,mild,"{""sigma"":0.5}",class_conditional_conformal,0.2,,,Sandal,average_set_size,0.704
73,gaussian_blur,mild,"{""sigma"":0.5}",class_conditional_conformal,0.2,,,Sandal,coverage,0.703
73,gaussian_blur,mild,"{""sigma"":0.5}",class_conditional_conformal,0.2,,,Shirt,average_set_size,0.816
73,gaussian_blur,mild,"{""sigma"":0.5}",class_conditional_conformal,0.2,,,Shirt,coverage,0.683
73,gaussian_blur,mild,"{""sigma"":0.5}",class_conditional_conformal,0.2,,,Sneaker,average_set_size,0.759
73,gaussian_blur,mild,"{""sigma"":0.5}",class_conditional_conformal,0.2,,,Sneaker,coverage,0.758
73,gaussian_blur,mild,"{""sigma"":0.5}",class_conditional_conformal,0.2,,,T-shirt/top,average_set_size,0.9
73,gaussian_blur,mild,"{""sigma"":0.5}",class_conditional_conformal,0.2,,,T-shirt/top,coverage,0.808
73,gaussian_blur,mild,"{""sigma"":0.5}",class_conditional_conformal,0.2,,,Trouser,average_set_size,0.593
73,gaussian_blur,mild,"{""sigma"":0.5}",class_conditional_conformal,0.2,,,Trouser,coverage,0.591
73,gaussian_blur,mild,"{""sigma"":0.5}",raw_softmax,,,,Ankle boot,f1,0.9677744209466264
73,gaussian_blur,mild,"{""sigma"":0.5}",raw_softmax,,,,Ankle boot,precision,0.9746450304259635
73,gaussian_blur,mild,"{""sigma"":0.5}",raw_softmax,,,,Ankle boot,recall,0.961
73,gaussian_blur,mild,"{""sigma"":0.5}",raw_softmax,,,,Bag,f1,0.9814907453726863
73,gaussian_blur,mild,"{""sigma"":0.5}",raw_softmax,,,,Bag,precision,0.9819819819819819
73,gaussian_blur,mild,"{""sigma"":0.5}",raw_softmax,,,,Bag,recall,0.981
73,gaussian_blur,mild,"{""sigma"":0.5}",raw_softmax,,,,Coat,f1,0.8749396426846934
73,gaussian_blur,mild,"{""sigma"":0.5}",raw_softmax,,,,Coat,precision,0.84593837535014
73,gaussian_blur,mild,"{""sigma"":0.5}",raw_softmax,,,,Coat,recall,0.906
73,gaussian_blur,mild,"{""sigma"":0.5}",raw_softmax,,,,Dress,f1,0.9125181246979217
73,gaussian_blur,mild,"{""sigma"":0.5}",raw_softmax,,,,Dress,precision,0.883068288119738
73,gaussian_blur,mild,"{""sigma"":0.5}",raw_softmax,,,,Dress,recall,0.944
73,gaussian_blur,mild,"{""sigma"":0.5}",raw_softmax,,,,Pullover,f1,0.8777885548011639
73,gaussian_blur,mild,"{""sigma"":0.5}",raw_softmax,,,,Pullover,precision,0.852165725047081
73,gaussian_blur,mild,"{""sigma"":0.5}",raw_softmax,,,,Pullover,recall,0.905
73,gaussian_blur,mild,"{""sigma"":0.5}",raw_softmax,,,,Sandal,f1,0.9824561403508771
73,gaussian_blur,mild,"{""sigma"":0.5}",raw_softmax,,,,Sandal,precision,0.9849246231155779
73,gaussian_blur,mild,"{""sigma"":0.5}",raw_softmax,,,,Sandal,recall,0.98
73,gaussian_blur,mild,"{""sigma"":0.5}",raw_softmax,,,,Shirt,f1,0.728735632183908
73,gaussian_blur,mild,"{""sigma"":0.5}",raw_softmax,,,,Shirt,precision,0.8567567567567568
73,gaussian_blur,mild,"{""sigma"":0.5}",raw_softmax,,,,Shirt,recall,0.634
73,gaussian_blur,mild,"{""sigma"":0.5}",raw_softmax,,,,Sneaker,f1,0.9615004935834156
73,gaussian_blur,mild,"{""sigma"":0.5}",raw_softmax,,,,Sneaker,precision,0.949317738791423
73,gaussian_blur,mild,"{""sigma"":0.5}",raw_softmax,,,,Sneaker,recall,0.974
73,gaussian_blur,mild,"{""sigma"":0.5}",raw_softmax,,,,T-shirt/top,f1,0.8743914313534566
73,gaussian_blur,mild,"{""sigma"":0.5}",raw_softmax,,,,T-shirt/top,precision,0.8519924098671727
73,gaussian_blur,mild,"{""sigma"":0.5}",raw_softmax,,,,T-shirt/top,recall,0.898
73,gaussian_blur,mild,"{""sigma"":0.5}",raw_softmax,,,,Trouser,f1,0.98998998998999
73,gaussian_blur,mild,"{""sigma"":0.5}",raw_softmax,,,,Trouser,precision,0.9909819639278558
73,gaussian_blur,mild,"{""sigma"":0.5}",raw_softmax,,,,Trouser,recall,0.989
73,gaussian_blur,mild,"{""sigma"":0.5}",standard_conformal,0.05,,,Ankle boot,average_set_size,1.038
73,gaussian_blur,mild,"{""sigma"":0.5}",standard_conformal,0.05,,,Ankle boot,coverage,0.98
73,gaussian_blur,mild,"{""sigma"":0.5}",standard_conformal,0.05,,,Bag,average_set_size,1.003
73,gaussian_blur,mild,"{""sigma"":0.5}",standard_conformal,0.05,,,Bag,coverage,0.982
73,gaussian_blur,mild,"{""sigma"":0.5}",standard_conformal,0.05,,,Coat,average_set_size,1.146
73,gaussian_blur,mild,"{""sigma"":0.5}",standard_conformal,0.05,,,Coat,coverage,0.941
73,gaussian_blur,mild,"{""sigma"":0.5}",standard_conformal,0.05,,,Dress,average_set_size,1.067
73,gaussian_blur,mild,"{""sigma"":0.5}",standard_conformal,0.05,,,Dress,coverage,0.966
73,gaussian_blur,mild,"{""sigma"":0.5}",standard_conformal,0.05,,,Pullover,average_set_size,1.102
73,gaussian_blur,mild,"{""sigma"":0.5}",standard_conformal,0.05,,,Pullover,coverage,0.932
73,gaussian_blur,mild,"{""sigma"":0.5}",standard_conformal,0.05,,,Sandal,average_set_size,1.018
73,gaussian_blur,mild,"{""sigma"":0.5}",standard_conformal,0.05,,,Sandal,coverage,0.986
73,gaussian_blur,mild,"{""sigma"":0.5}",standard_conformal,0.05,,,Shirt,average_set_size,1.295
73,gaussian_blur,mild,"{""sigma"":0.5}",standard_conformal,0.05,,,Shirt,coverage,0.761
73,gaussian_blur,mild,"{""sigma"":0.5}",standard_conformal,0.05,,,Sneaker,average_set_size,1.038
73,gaussian_blur,mild,"{""sigma"":0.5}",standard_conformal,0.05,,,Sneaker,coverage,0.986
73,gaussian_blur,mild,"{""sigma"":0.5}",standard_conformal,0.05,,,T-shirt/top,average_set_size,1.133
73,gaussian_blur,mild,"{""sigma"":0.5}",standard_conformal,0.05,,,T-shirt/top,coverage,0.939
73,gaussian_blur,mild,"{""sigma"":0.5}",standard_conformal,0.05,,,Trouser,average_set_size,1.007
73,gaussian_blur,mild,"{""sigma"":0.5}",standard_conformal,0.05,,,Trouser,coverage,0.993
73,gaussian_blur,mild,"{""sigma"":0.5}",standard_conformal,0.1,,,Ankle boot,average_set_size,0.994
73,gaussian_blur,mild,"{""sigma"":0.5}",standard_conformal,0.1,,,Ankle boot,coverage,0.96
73,gaussian_blur,mild,"{""sigma"":0.5}",standard_conformal,0.1,,,Bag,average_set_size,0.983
73,gaussian_blur,mild,"{""sigma"":0.5}",standard_conformal,0.1,,,Bag,coverage,0.973
73,gaussian_blur,mild,"{""sigma"":0.5}",standard_conformal,0.1,,,Coat,average_set_size,0.925
73,gaussian_blur,mild,"{""sigma"":0.5}",standard_conformal,0.1,,,Coat,coverage,0.859
73,gaussian_blur,mild,"{""sigma"":0.5}",standard_conformal,0.1,,,Dress,average_set_size,0.925
73,gaussian_blur,mild,"{""sigma"":0.5}",standard_conformal,0.1,,,Dress,coverage,0.897
73,gaussian_blur,mild,"{""sigma"":0.5}",standard_conformal,0.1,,,Pullover,average_set_size,0.923
73,gaussian_blur,mild,"{""sigma"":0.5}",standard_conformal,0.1,,,Pullover,coverage,0.866
73,gaussian_blur,mild,"{""sigma"":0.5}",standard_conformal,0.1,,,Sandal,average_set_size,0.996
73,gaussian_blur,mild,"{""sigma"":0.5}",standard_conformal,0.1,,,Sandal,coverage,0.977
73,gaussian_blur,mild,"{""sigma"":0.5}",standard_conformal,0.1,,,Shirt,average_set_size,0.782
73,gaussian_blur,mild,"{""sigma"":0.5}",standard_conformal,0.1,,,Shirt,coverage,0.545
73,gaussian_blur,mild,"{""sigma"":0.5}",standard_conformal,0.1,,,Sneaker,average_set_size,0.992
73,gaussian_blur,mild,"{""sigma"":0.5}",standard_conformal,0.1,,,Sneaker,coverage,0.97
73,gaussian_blur,mild,"{""sigma"":0.5}",standard_conformal,0.1,,,T-shirt/top,average_set_size,0.895
73,gaussian_blur,mild,"{""sigma"":0.5}",standard_conformal,0.1,,,T-shirt/top,coverage,0.845
73,gaussian_blur,mild,"{""sigma"":0.5}",standard_conformal,0.1,,,Trouser,average_set_size,0.989
73,gaussian_blur,mild,"{""sigma"":0.5}",standard_conformal,0.1,,,Trouser,coverage,0.984
73,gaussian_blur,mild,"{""sigma"":0.5}",standard_conformal,0.2,,,Ankle boot,average_set_size,0.926
73,gaussian_blur,mild,"{""sigma"":0.5}",standard_conformal,0.2,,,Ankle boot,coverage,0.913
73,gaussian_blur,mild,"{""sigma"":0.5}",standard_conformal,0.2,,,Bag,average_set_size,0.963
73,gaussian_blur,mild,"{""sigma"":0.5}",standard_conformal,0.2,,,Bag,coverage,0.959
73,gaussian_blur,mild,"{""sigma"":0.5}",standard_conformal,0.2,,,Coat,average_set_size,0.594
73,gaussian_blur,mild,"{""sigma"":0.5}",standard_conformal,0.2,,,Coat,coverage,0.577
73,gaussian_blur,mild,"{""sigma"":0.5}",standard_conformal,0.2,,,Dress,average_set_size,0.73
73,gaussian_blur,mild,"{""sigma"":0.5}",standard_conformal,0.2,,,Dress,coverage,0.725
73,gaussian_blur,mild,"{""sigma"":0.5}",standard_conformal,0.2,,,Pullover,average_set_size,0.701
73,gaussian_blur,mild,"{""sigma"":0.5}",standard_conformal,0.2,,,Pullover,coverage,0.688
73,gaussian_blur,mild,"{""sigma"":0.5}",standard_conformal,0.2,,,Sandal,average_set_size,0.961
73,gaussian_blur,mild,"{""sigma"":0.5}",standard_conformal,0.2,,,Sandal,coverage,0.954
73,gaussian_blur,mild,"{""sigma"":0.5}",standard_conformal,0.2,,,Shirt,average_set_size,0.34
73,gaussian_blur,mild,"{""sigma"":0.5}",standard_conformal,0.2,,,Shirt,coverage,0.289
73,gaussian_blur,mild,"{""sigma"":0.5}",standard_conformal,0.2,,,Sneaker,average_set_size,0.909
73,gaussian_blur,mild,"{""sigma"":0.5}",standard_conformal,0.2,,,Sneaker,coverage,0.903
73,gaussian_blur,mild,"{""sigma"":0.5}",standard_conformal,0.2,,,T-shirt/top,average_set_size,0.628
73,gaussian_blur,mild,"{""sigma"":0.5}",standard_conformal,0.2,,,T-shirt/top,coverage,0.619
73,gaussian_blur,mild,"{""sigma"":0.5}",standard_conformal,0.2,,,Trouser,average_set_size,0.97
73,gaussian_blur,mild,"{""sigma"":0.5}",standard_conformal,0.2,,,Trouser,coverage,0.969
73,gaussian_blur,strong,"{""sigma"":1.5}",class_conditional_conformal,0.05,,,Ankle boot,average_set_size,0.908
73,gaussian_blur,strong,"{""sigma"":1.5}",class_conditional_conformal,0.05,,,Ankle boot,coverage,0.903
73,gaussian_blur,strong,"{""sigma"":1.5}",class_conditional_conformal,0.05,,,Bag,average_set_size,0.693
73,gaussian_blur,strong,"{""sigma"":1.5}",class_conditional_conformal,0.05,,,Bag,coverage,0.576
73,gaussian_blur,strong,"{""sigma"":1.5}",class_conditional_conformal,0.05,,,Coat,average_set_size,1.992
73,gaussian_blur,strong,"{""sigma"":1.5}",class_conditional_conformal,0.05,,,Coat,coverage,0.801
73,gaussian_blur,strong,"{""sigma"":1.5}",class_conditional_conformal,0.05,,,Dress,average_set_size,1.377
73,gaussian_blur,strong,"{""sigma"":1.5}",class_conditional_conformal,0.05,,,Dress,coverage,0.906
73,gaussian_blur,strong,"{""sigma"":1.5}",class_conditional_conformal,0.05,,,Pullover,average_set_size,1.863
73,gaussian_blur,strong,"{""sigma"":1.5}",class_conditional_conformal,0.05,,,Pullover,coverage,0.968
73,gaussian_blur,strong,"{""sigma"":1.5}",class_conditional_conformal,0.05,,,Sandal,average_set_size,0.426
73,gaussian_blur,strong,"{""sigma"":1.5}",class_conditional_conformal,0.05,,,Sandal,coverage,0.305
73,gaussian_blur,strong,"{""sigma"":1.5}",class_conditional_conformal,0.05,,,Shirt,average_set_size,2.044
73,gaussian_blur,strong,"{""sigma"":1.5}",class_conditional_conformal,0.05,,,Shirt,coverage,0.684
73,gaussian_blur,strong,"{""sigma"":1.5}",class_conditional_conformal,0.05,,,Sneaker,average_set_size,0.744
73,gaussian_blur,strong,"{""sigma"":1.5}",class_conditional_conformal,0.05,,,Sneaker,coverage,0.733
73,gaussian_blur,strong,"{""sigma"":1.5}",class_conditional_conformal,0.05,,,T-shirt/top,average_set_size,1.586
73,gaussian_blur,strong,"{""sigma"":1.5}",class_conditional_conformal,0.05,,,T-shirt/top,coverage,0.96
73,gaussian_blur,strong,"{""sigma"":1.5}",class_conditional_conformal,0.05,,,Trouser,average_set_size,0.23
73,gaussian_blur,strong,"{""sigma"":1.5}",class_conditional_conformal,0.05,,,Trouser,coverage,0.006
73,gaussian_blur,strong,"{""sigma"":1.5}",class_conditional_conformal,0.1,,,Ankle boot,average_set_size,0.635
73,gaussian_blur,strong,"{""sigma"":1.5}",class_conditional_conformal,0.1,,,Ankle boot,coverage,0.634
73,gaussian_blur,strong,"{""sigma"":1.5}",class_conditional_conformal,0.1,,,Bag,average_set_size,0.092
73,gaussian_blur,strong,"{""sigma"":1.5}",class_conditional_conformal,0.1,,,Bag,coverage,0.072
73,gaussian_blur,strong,"{""sigma"":1.5}",class_conditional_conformal,0.1,,,Coat,average_set_size,0.842
73,gaussian_blur,strong,"{""sigma"":1.5}",class_conditional_conformal,0.1,,,Coat,coverage,0.426
73,gaussian_blur,strong,"{""sigma"":1.5}",class_conditional_conformal,0.1,,,Dress,average_set_size,0.771
73,gaussian_blur,strong,"{""sigma"":1.5}",class_conditional_conformal,0.1,,,Dress,coverage,0.702
73,gaussian_blur,strong,"{""sigma"":1.5}",class_conditional_conformal,0.1,,,Pullover,average_set_size,0.89
73,gaussian_blur,strong,"{""sigma"":1.5}",class_conditional_conformal,0.1,,,Pullover,coverage,0.694
73,gaussian_blur,strong,"{""sigma"":1.5}",class_conditional_conformal,0.1,,,Sandal,average_set_size,0.157
73,gaussian_blur,strong,"{""sigma"":1.5}",class_conditional_conformal,0.1,,,Sandal,coverage,0.131
73,gaussian_blur,strong,"{""sigma"":1.5}",class_conditional_conformal,0.1,,,Shirt,average_set_size,0.746
73,gaussian_blur,strong,"{""sigma"":1.5}",class_conditional_conformal,0.1,,,Shirt,coverage,0.364
73,gaussian_blur,strong,"{""sigma"":1.5}",class_conditional_conformal,0.1,,,Sneaker,average_set_size,0.556
73,gaussian_blur,strong,"{""sigma"":1.5}",class_conditional_conformal,0.1,,,Sneaker,coverage,0.556
73,gaussian_blur,strong,"{""sigma"":1.5}",class_conditional_conformal,0.1,,,T-shirt/top,average_set_size,1.009
73,gaussian_blur,strong,"{""sigma"":1.5}",class_conditional_conformal,0.1,,,T-shirt/top,coverage,0.827
73,gaussian_blur,strong,"{""sigma"":1.5}",class_conditional_conformal,0.1,,,Trouser,average_set_size,0.035
73,gaussian_blur,strong,"{""sigma"":1.5}",class_conditional_conformal,0.1,,,Trouser,coverage,0.0
73,gaussian_blur,strong,"{""sigma"":1.5}",class_conditional_conformal,0.2,,,Ankle boot,average_set_size,0.034
73,gaussian_blur,strong,"{""sigma"":1.5}",class_conditional_conformal,0.2,,,Ankle boot,coverage,0.033
73,gaussian_blur,strong,"{""sigma"":1.5}",class_conditional_conformal,0.2,,,Bag,average_set_size,0.001
73,gaussian_blur,strong,"{""sigma"":1.5}",class_conditional_conformal,0.2,,,Bag,coverage,0.0
73,gaussian_blur,strong,"{""sigma"":1.5}",class_conditional_conformal,0.2,,,Coat,average_set_size,0.033
73,gaussian_blur,strong,"{""sigma"":1.5}",class_conditional_conformal,0.2,,,Coat,coverage,0.031
73,gaussian_blur,strong,"{""sigma"":1.5}",class_conditional_conformal,0.2,,,Dress,average_set_size,0.123
73,gaussian_blur,strong,"{""sigma"":1.5}",class_conditional_conformal,0.2,,,Dress,coverage,0.116
73,gaussian_blur,strong,"{""sigma"":1.5}",class_conditional_conformal,0.2,,,Pullover,average_set_size,0.063
73,gaussian_blur,strong,"{""sigma"":1.5}",class_conditional_conformal,0.2,,,Pullover,coverage,0.057
73,gaussian_blur,strong,"{""sigma"":1.5}",class_conditional_conformal,0.2,,,Sandal,average_set_size,0.004
73,gaussian_blur,strong,"{""sigma"":1.5}",class_conditional_conformal,0.2,,,Sandal,coverage,0.003
73,gaussian_blur,strong,"{""sigma"":1.5}",class_conditional_conformal,0.2,,,Shirt,average_set_size,0.155
73,gaussian_blur,strong,"{""sigma"":1.5}",class_conditional_conformal,0.2,,,Shirt,coverage,0.045
73,gaussian_blur,strong,"{""sigma"":1.5}",class_conditional_conformal,0.2,,,Sneaker,average_set_size,0.242
73,gaussian_blur,strong,"{""sigma"":1.5}",class_conditional_conformal,0.2,,,Sneaker,coverage,0.242
73,gaussian_blur,strong,"{""sigma"":1.5}",class_conditional_conformal,0.2,,,T-shirt/top,average_set_size,0.67
73,gaussian_blur,strong,"{""sigma"":1.5}",class_conditional_conformal,0.2,,,T-shirt/top,coverage,0.658
73,gaussian_blur,strong,"{""sigma"":1.5}",class_conditional_conformal,0.2,,,Trouser,average_set_size,0.002
73,gaussian_blur,strong,"{""sigma"":1.5}",class_conditional_conformal,0.2,,,Trouser,coverage,0.0
73,gaussian_blur,strong,"{""sigma"":1.5}",raw_softmax,,,,Ankle boot,f1,0.8957280661460726
73,gaussian_blur,strong,"{""sigma"":1.5}",raw_softmax,,,,Ankle boot,precision,0.8283772302463891
73,gaussian_blur,strong,"{""sigma"":1.5}",raw_softmax,,,,Ankle boot,recall,0.975
73,gaussian_blur,strong,"{""sigma"":1.5}",raw_softmax,,,,Bag,f1,0.9466865969108121
73,gaussian_blur,strong,"{""sigma"":1.5}",raw_softmax,,,,Bag,precision,0.9433962264150944
73,gaussian_blur,strong,"{""sigma"":1.5}",raw_softmax,,,,Bag,recall,0.95
73,gaussian_blur,strong,"{""sigma"":1.5}",raw_softmax,,,,Coat,f1,0.5620253164556962
73,gaussian_blur,strong,"{""sigma"":1.5}",raw_softmax,,,,Coat,precision,0.7655172413793103
73,gaussian_blur,strong,"{""sigma"":1.5}",raw_softmax,,,,Coat,recall,0.444
73,gaussian_blur,strong,"{""sigma"":1.5}",raw_softmax,,,,Dress,f1,0.7593891869583161
73,gaussian_blur,strong,"{""sigma"":1.5}",raw_softmax,,,,Dress,precision,0.6465214335910049
73,gaussian_blur,strong,"{""sigma"":1.5}",raw_softmax,,,,Dress,recall,0.92
73,gaussian_blur,strong,"{""sigma"":1.5}",raw_softmax,,,,Pullover,f1,0.6395721925133689
73,gaussian_blur,strong,"{""sigma"":1.5}",raw_softmax,,,,Pullover,precision,0.4969529085872576
73,gaussian_blur,strong,"{""sigma"":1.5}",raw_softmax,,,,Pullover,recall,0.897
73,gaussian_blur,strong,"{""sigma"":1.5}",raw_softmax,,,,Sandal,f1,0.8040621266427718
73,gaussian_blur,strong,"{""sigma"":1.5}",raw_softmax,,,,Sandal,precision,0.9985163204747775
73,gaussian_blur,strong,"{""sigma"":1.5}",raw_softmax,,,,Sandal,recall,0.673
73,gaussian_blur,strong,"{""sigma"":1.5}",raw_softmax,,,,Shirt,f1,0.16355555555555557
73,gaussian_blur,strong,"{""sigma"":1.5}",raw_softmax,,,,Shirt,precision,0.736
73,gaussian_blur,strong,"{""sigma"":1.5}",raw_softmax,,,,Shirt,recall,0.092
73,gaussian_blur,strong,"{""sigma"":1.5}",raw_softmax,,,,Sneaker,f1,0.874766355140187
73,gaussian_blur,strong,"{""sigma"":1.5}",raw_softmax,,,,Sneaker,precision,0.8210526315789474
73,gaussian_blur,strong,"{""sigma"":1.5}",raw_softmax,,,,Sneaker,recall,0.936
73,gaussian_blur,strong,"{""sigma"":1.5}",raw_softmax,,,,T-shirt/top,f1,0.7864344637946837
73,gaussian_blur,strong,"{""sigma"":1.5}",raw_softmax,,,,T-shirt/top,precision,0.7258883248730964
73,gaussian_blur,strong,"{""sigma"":1.5}",raw_softmax,,,,T-shirt/top,recall,0.858
73,gaussian_blur,strong,"{""sigma"":1.5}",raw_softmax,,,,Trouser,f1,0.9157392686804452
73,gaussian_blur,strong,"{""sigma"":1.5}",raw_softmax,,,,Trouser,precision,0.9740698985343855
73,gaussian_blur,strong,"{""sigma"":1.5}",raw_softmax,,,,Trouser,recall,0.864
73,gaussian_blur,strong,"{""sigma"":1.5}",standard_conformal,0.05,,,Ankle boot,average_set_size,1.097
73,gaussian_blur,strong,"{""sigma"":1.5}",standard_conformal,0.05,,,Ankle boot,coverage,0.994
73,gaussian_blur,strong,"{""sigma"":1.5}",standard_conformal,0.05,,,Bag,average_set_size,1.004
73,gaussian_blur,strong,"{""sigma"":1.5}",standard_conformal,0.05,,,Bag,coverage,0.954
73,gaussian_blur,strong,"{""sigma"":1.5}",standard_conformal,0.05,,,Coat,average_set_size,1.338
73,gaussian_blur,strong,"{""sigma"":1.5}",standard_conformal,0.05,,,Coat,coverage,0.621
73,gaussian_blur,strong,"{""sigma"":1.5}",standard_conformal,0.05,,,Dress,average_set_size,1.018
73,gaussian_blur,strong,"{""sigma"":1.5}",standard_conformal,0.05,,,Dress,coverage,0.915
73,gaussian_blur,strong,"{""sigma"":1.5}",standard_conformal,0.05,,,Pullover,average_set_size,1.069
73,gaussian_blur,strong,"{""sigma"":1.5}",standard_conformal,0.05,,,Pullover,coverage,0.887
73,gaussian_blur,strong,"{""sigma"":1.5}",standard_conformal,0.05,,,Sandal,average_set_size,1.192
73,gaussian_blur,strong,"{""sigma"":1.5}",standard_conformal,0.05,,,Sandal,coverage,0.754
73,gaussian_blur,strong,"{""sigma"":1.5}",standard_conformal,0.05,,,Shirt,average_set_size,1.015
73,gaussian_blur,strong,"{""sigma"":1.5}",standard_conformal,0.05,,,Shirt,coverage,0.139
73,gaussian_blur,strong,"{""sigma"":1.5}",standard_conformal,0.05,,,Sneaker,average_set_size,1.197
73,gaussian_blur,strong,"{""sigma"":1.5}",standard_conformal,0.05,,,Sneaker,coverage,0.99
73,gaussian_blur,strong,"{""sigma"":1.5}",standard_conformal,0.05,,,T-shirt/top,average_set_size,1.07
73,gaussian_blur,strong,"{""sigma"":1.5}",standard_conformal,0.05,,,T-shirt/top,coverage,0.886
73,gaussian_blur,strong,"{""sigma"":1.5}",standard_conformal,0.05,,,Trouser,average_set_size,1.053
73,gaussian_blur,strong,"{""sigma"":1.5}",standard_conformal,0.05,,,Trouser,coverage,0.879
73,gaussian_blur,strong,"{""sigma"":1.5}",standard_conformal,0.1,,,Ankle boot,average_set_size,0.984
73,gaussian_blur,strong,"{""sigma"":1.5}",standard_conformal,0.1,,,Ankle boot,coverage,0.963
73,gaussian_blur,strong,"{""sigma"":1.5}",standard_conformal,0.1,,,Bag,average_set_size,0.894
73,gaussian_blur,strong,"{""sigma"":1.5}",standard_conformal,0.1,,,Bag,coverage,0.883
73,gaussian_blur,strong,"{""sigma"":1.5}",standard_conformal,0.1,,,Coat,average_set_size,0.226
73,gaussian_blur,strong,"{""sigma"":1.5}",standard_conformal,0.1,,,Coat,coverage,0.106
73,gaussian_blur,strong,"{""sigma"":1.5}",standard_conformal,0.1,,,Dress,average_set_size,0.698
73,gaussian_blur,strong,"{""sigma"":1.5}",standard_conformal,0.1,,,Dress,coverage,0.684
73,gaussian_blur,strong,"{""sigma"":1.5}",standard_conformal,0.1,,,Pullover,average_set_size,0.442
73,gaussian_blur,strong,"{""sigma"":1.5}",standard_conformal,0.1,,,Pullover,coverage,0.422
73,gaussian_blur,strong,"{""sigma"":1.5}",standard_conformal,0.1,,,Sandal,average_set_size,0.848
73,gaussian_blur,strong,"{""sigma"":1.5}",standard_conformal,0.1,,,Sandal,coverage,0.613
73,gaussian_blur,strong,"{""sigma"":1.5}",standard_conformal,0.1,,,Shirt,average_set_size,0.185
73,gaussian_blur,strong,"{""sigma"":1.5}",standard_conformal,0.1,,,Shirt,coverage,0.003
73,gaussian_blur,strong,"{""sigma"":1.5}",standard_conformal,0.1,,,Sneaker,average_set_size,0.942
73,gaussian_blur,strong,"{""sigma"":1.5}",standard_conformal,0.1,,,Sneaker,coverage,0.904
73,gaussian_blur,strong,"{""sigma"":1.5}",standard_conformal,0.1,,,T-shirt/top,average_set_size,0.724
73,gaussian_blur,strong,"{""sigma"":1.5}",standard_conformal,0.1,,,T-shirt/top,coverage,0.708
73,gaussian_blur,strong,"{""sigma"":1.5}",standard_conformal,0.1,,,Trouser,average_set_size,0.795
73,gaussian_blur,strong,"{""sigma"":1.5}",standard_conformal,0.1,,,Trouser,coverage,0.768
73,gaussian_blur,strong,"{""sigma"":1.5}",standard_conformal,0.2,,,Ankle boot,average_set_size,0.793
73,gaussian_blur,strong,"{""sigma"":1.5}",standard_conformal,0.2,,,Ankle boot,coverage,0.792
73,gaussian_blur,strong,"{""sigma"":1.5}",standard_conformal,0.2,,,Bag,average_set_size,0.731
73,gaussian_blur,strong,"{""sigma"":1.5}",standard_conformal,0.2,,,Bag,coverage,0.729
73,gaussian_blur,strong,"{""sigma"":1.5}",standard_conformal,0.2,,,Coat,average_set_size,0.003
73,gaussian_blur,strong,"{""sigma"":1.5}",standard_conformal,0.2,,,Coat,coverage,0.003
73,gaussian_blur,strong,"{""sigma"":1.5}",standard_conformal,0.2,,,Dress,average_set_size,0.077
73,gaussian_blur,strong,"{""sigma"":1.5}",standard_conformal,0.2,,,Dress,coverage,0.076
73,gaussian_blur,strong,"{""sigma"":1.5}",standard_conformal,0.2,,,Pullover,average_set_size,0.009
73,gaussian_blur,strong,"{""sigma"":1.5}",standard_conformal,0.2,,,Pullover,coverage,0.008
73,gaussian_blur,strong,"{""sigma"":1.5}",standard_conformal,0.2,,,Sandal,average_set_size,0.471
73,gaussian_blur,strong,"{""sigma"":1.5}",standard_conformal,0.2,,,Sandal,coverage,0.418
73,gaussian_blur,strong,"{""sigma"":1.5}",standard_conformal,0.2,,,Shirt,average_set_size,0.009
73,gaussian_blur,strong,"{""sigma"":1.5}",standard_conformal,0.2,,,Shirt,coverage,0.0
73,gaussian_blur,strong,"{""sigma"":1.5}",standard_conformal,0.2,,,Sneaker,average_set_size,0.622
73,gaussian_blur,strong,"{""sigma"":1.5}",standard_conformal,0.2,,,Sneaker,coverage,0.622
73,gaussian_blur,strong,"{""sigma"":1.5}",standard_conformal,0.2,,,T-shirt/top,average_set_size,0.234
73,gaussian_blur,strong,"{""sigma"":1.5}",standard_conformal,0.2,,,T-shirt/top,coverage,0.231
73,gaussian_blur,strong,"{""sigma"":1.5}",standard_conformal,0.2,,,Trouser,average_set_size,0.525
73,gaussian_blur,strong,"{""sigma"":1.5}",standard_conformal,0.2,,,Trouser,coverage,0.523
73,gaussian_noise,medium,"{""std"":0.2}",class_conditional_conformal,0.05,,,Ankle boot,average_set_size,0.851
73,gaussian_noise,medium,"{""std"":0.2}",class_conditional_conformal,0.05,,,Ankle boot,coverage,0.813
73,gaussian_noise,medium,"{""std"":0.2}",class_conditional_conformal,0.05,,,Bag,average_set_size,0.962
73,gaussian_noise,medium,"{""std"":0.2}",class_conditional_conformal,0.05,,,Bag,coverage,0.893
73,gaussian_noise,medium,"{""std"":0.2}",class_conditional_conformal,0.05,,,Coat,average_set_size,1.679
73,gaussian_noise,medium,"{""std"":0.2}",class_conditional_conformal,0.05,,,Coat,coverage,0.855
73,gaussian_noise,medium,"{""std"":0.2}",class_conditional_conformal,0.05,,,Dress,average_set_size,1.353
73,gaussian_noise,medium,"{""std"":0.2}",class_conditional_conformal,0.05,,,Dress,coverage,0.899
73,gaussian_noise,medium,"{""std"":0.2}",class_conditional_conformal,0.05,,,Pullover,average_set_size,1.629
73,gaussian_noise,medium,"{""std"":0.2}",class_conditional_conformal,0.05,,,Pullover,coverage,0.282
73,gaussian_noise,medium,"{""std"":0.2}",class_conditional_conformal,0.05,,,Sandal,average_set_size,0.704
73,gaussian_noise,medium,"{""std"":0.2}",class_conditional_conformal,0.05,,,Sandal,coverage,0.663
73,gaussian_noise,medium,"{""std"":0.2}",class_conditional_conformal,0.05,,,Shirt,average_set_size,1.287
73,gaussian_noise,medium,"{""std"":0.2}",class_conditional_conformal,0.05,,,Shirt,coverage,0.981
73,gaussian_noise,medium,"{""std"":0.2}",class_conditional_conformal,0.05,,,Sneaker,average_set_size,0.546
73,gaussian_noise,medium,"{""std"":0.2}",class_conditional_conformal,0.05,,,Sneaker,coverage,0.495
73,gaussian_noise,medium,"{""std"":0.2}",class_conditional_conformal,0.05,,,T-shirt/top,average_set_size,1.678
73,gaussian_noise,medium,"{""std"":0.2}",class_conditional_conformal,0.05,,,T-shirt/top,coverage,0.59
73,gaussian_noise,medium,"{""std"":0.2}",class_conditional_conformal,0.05,,,Trouser,average_set_size,0.866
73,gaussian_noise,medium,"{""std"":0.2}",class_conditional_conformal,0.05,,,Trouser,coverage,0.807
73,gaussian_noise,medium,"{""std"":0.2}",class_conditional_conformal,0.1,,,Ankle boot,average_set_size,0.644
73,gaussian_noise,medium,"{""std"":0.2}",class_conditional_conformal,0.1,,,Ankle boot,coverage,0.626
73,gaussian_noise,medium,"{""std"":0.2}",class_conditional_conformal,0.1,,,Bag,average_set_size,0.683
73,gaussian_noise,medium,"{""std"":0.2}",class_conditional_conformal,0.1,,,Bag,coverage,0.652
73,gaussian_noise,medium,"{""std"":0.2}",class_conditional_conformal,0.1,,,Coat,average_set_size,1.348
73,gaussian_noise,medium,"{""std"":0.2}",class_conditional_conformal,0.1,,,Coat,coverage,0.69
73,gaussian_noise,medium,"{""std"":0.2}",class_conditional_conformal,0.1,,,Dress,average_set_size,1.009
73,gaussian_noise,medium,"{""std"":0.2}",class_conditional_conformal,0.1,,,Dress,coverage,0.771
73,gaussian_noise,medium,"{""std"":0.2}",class_conditional_conformal,0.1,,,Pullover,average_set_size,1.176
73,gaussian_noise,medium,"{""std"":0.2}",class_conditional_conformal,0.1,,,Pullover,coverage,0.092
73,gaussian_noise,medium,"{""std"":0.2}",class_conditional_conformal,0.1,,,Sandal,average_set_size,0.527
73,gaussian_noise,medium,"{""std"":0.2}",class_conditional_conformal,0.1,,,Sandal,coverage,0.514
73,gaussian_noise,medium,"{""std"":0.2}",class_conditional_conformal,0.1,,,Shirt,average_set_size,1.079
73,gaussian_noise,medium,"{""std"":0.2}",class_conditional_conformal,0.1,,,Shirt,coverage,0.958
73,gaussian_noise,medium,"{""std"":0.2}",class_conditional_conformal,0.1,,,Sneaker,average_set_size,0.373
73,gaussian_noise,medium,"{""std"":0.2}",class_conditional_conformal,0.1,,,Sneaker,coverage,0.349
73,gaussian_noise,medium,"{""std"":0.2}",class_conditional_conformal,0.1,,,T-shirt/top,average_set_size,1.186
73,gaussian_noise,medium,"{""std"":0.2}",class_conditional_conformal,0.1,,,T-shirt/top,coverage,0.325
73,gaussian_noise,medium,"{""std"":0.2}",class_conditional_conformal,0.1,,,Trouser,average_set_size,0.534
73,gaussian_noise,medium,"{""std"":0.2}",class_conditional_conformal,0.1,,,Trouser,coverage,0.502
73,gaussian_noise,medium,"{""std"":0.2}",class_conditional_conformal,0.2,,,Ankle boot,average_set_size,0.284
73,gaussian_noise,medium,"{""std"":0.2}",class_conditional_conformal,0.2,,,Ankle boot,coverage,0.279
73,gaussian_noise,medium,"{""std"":0.2}",class_conditional_conformal,0.2,,,Bag,average_set_size,0.368
73,gaussian_noise,medium,"{""std"":0.2}",class_conditional_conformal,0.2,,,Bag,coverage,0.356
73,gaussian_noise,medium,"{""std"":0.2}",class_conditional_conformal,0.2,,,Coat,average_set_size,0.85
73,gaussian_noise,medium,"{""std"":0.2}",class_conditional_conformal,0.2,,,Coat,coverage,0.429
73,gaussian_noise,medium,"{""std"":0.2}",class_conditional_conformal,0.2,,,Dress,average_set_size,0.601
73,gaussian_noise,medium,"{""std"":0.2}",class_conditional_conformal,0.2,,,Dress,coverage,0.498
73,gaussian_noise,medium,"{""std"":0.2}",class_conditional_conformal,0.2,,,Pullover,average_set_size,0.792
73,gaussian_noise,medium,"{""std"":0.2}",class_conditional_conformal,0.2,,,Pullover,coverage,0.012
73,gaussian_noise,medium,"{""std"":0.2}",class_conditional_conformal,0.2,,,Sandal,average_set_size,0.283
73,gaussian_noise,medium,"{""std"":0.2}",class_conditional_conformal,0.2,,,Sandal,coverage,0.28
73,gaussian_noise,medium,"{""std"":0.2}",class_conditional_conformal,0.2,,,Shirt,average_set_size,0.885
73,gaussian_noise,medium,"{""std"":0.2}",class_conditional_conformal,0.2,,,Shirt,coverage,0.863
73,gaussian_noise,medium,"{""std"":0.2}",class_conditional_conformal,0.2,,,Sneaker,average_set_size,0.154
73,gaussian_noise,medium,"{""std"":0.2}",class_conditional_conformal,0.2,,,Sneaker,coverage,0.149
73,gaussian_noise,medium,"{""std"":0.2}",class_conditional_conformal,0.2,,,T-shirt/top,average_set_size,0.769
73,gaussian_noise,medium,"{""std"":0.2}",class_conditional_conformal,0.2,,,T-shirt/top,coverage,0.164
73,gaussian_noise,medium,"{""std"":0.2}",class_conditional_conformal,0.2,,,Trouser,average_set_size,0.177
73,gaussian_noise,medium,"{""std"":0.2}",class_conditional_conformal,0.2,,,Trouser,coverage,0.165
73,gaussian_noise,medium,"{""std"":0.2}",raw_softmax,,,,Ankle boot,f1,0.934156378600823
73,gaussian_noise,medium,"{""std"":0.2}",raw_softmax,,,,Ankle boot,precision,0.961864406779661
73,gaussian_noise,medium,"{""std"":0.2}",raw_softmax,,,,Ankle boot,recall,0.908
73,gaussian_noise,medium,"{""std"":0.2}",raw_softmax,,,,Bag,f1,0.8576434515987735
73,gaussian_noise,medium,"{""std"":0.2}",raw_softmax,,,,Bag,precision,0.7630553390491036
73,gaussian_noise,medium,"{""std"":0.2}",raw_softmax,,,,Bag,recall,0.979
73,gaussian_noise,medium,"{""std"":0.2}",raw_softmax,,,,Coat,f1,0.659946949602122
73,gaussian_noise,medium,"{""std"":0.2}",raw_softmax,,,,Coat,precision,0.7028248587570621
73,gaussian_noise,medium,"{""std"":0.2}",raw_softmax,,,,Coat,recall,0.622
73,gaussian_noise,medium,"{""std"":0.2}",raw_softmax,,,,Dress,f1,0.8094117647058824
73,gaussian_noise,medium,"{""std"":0.2}",raw_softmax,,,,Dress,precision,0.7644444444444445
73,gaussian_noise,medium,"{""std"":0.2}",raw_softmax,,,,Dress,recall,0.86
73,gaussian_noise,medium,"{""std"":0.2}",raw_softmax,,,,Pullover,f1,0.17604355716878403
73,gaussian_noise,medium,"{""std"":0.2}",raw_softmax,,,,Pullover,precision,0.9509803921568627
73,gaussian_noise,medium,"{""std"":0.2}",raw_softmax,,,,Pullover,recall,0.097
73,gaussian_noise,medium,"{""std"":0.2}",raw_softmax,,,,Sandal,f1,0.922300706357215
73,gaussian_noise,medium,"{""std"":0.2}",raw_softmax,,,,Sandal,precision,0.9307535641547862
73,gaussian_noise,medium,"{""std"":0.2}",raw_softmax,,,,Sandal,recall,0.914
73,gaussian_noise,medium,"{""std"":0.2}",raw_softmax,,,,Shirt,f1,0.48135593220338985
73,gaussian_noise,medium,"{""std"":0.2}",raw_softmax,,,,Shirt,precision,0.3354330708661417
73,gaussian_noise,medium,"{""std"":0.2}",raw_softmax,,,,Shirt,recall,0.852
73,gaussian_noise,medium,"{""std"":0.2}",raw_softmax,,,,Sneaker,f1,0.8616386326641345
73,gaussian_noise,medium,"{""std"":0.2}",raw_softmax,,,,Sneaker,precision,0.9418742586002372
73,gaussian_noise,medium,"{""std"":0.2}",raw_softmax,,,,Sneaker,recall,0.794
73,gaussian_noise,medium,"{""std"":0.2}",raw_softmax,,,,T-shirt/top,f1,0.42670759785111284
73,gaussian_noise,medium,"{""std"":0.2}",raw_softmax,,,,T-shirt/top,precision,0.9174917491749175
73,gaussian_noise,medium,"{""std"":0.2}",raw_softmax,,,,T-shirt/top,recall,0.278
73,gaussian_noise,medium,"{""std"":0.2}",raw_softmax,,,,Trouser,f1,0.9693928750627195
73,gaussian_noise,medium,"{""std"":0.2}",raw_softmax,,,,Trouser,precision,0.972809667673716
73,gaussian_noise,medium,"{""std"":0.2}",raw_softmax,,,,Trouser,recall,0.966
73,gaussian_noise,medium,"{""std"":0.2}",standard_conformal,0.05,,,Ankle boot,average_set_size,1.061
73,gaussian_noise,medium,"{""std"":0.2}",standard_conformal,0.05,,,Ankle boot,coverage,0.926
73,gaussian_noise,medium,"{""std"":0.2}",standard_conformal,0.05,,,Bag,average_set_size,1.014
73,gaussian_noise,medium,"{""std"":0.2}",standard_conformal,0.05,,,Bag,coverage,0.982
73,gaussian_noise,medium,"{""std"":0.2}",standard_conformal,0.05,,,Coat,average_set_size,1.354
73,gaussian_noise,medium,"{""std"":0.2}",standard_conformal,0.05,,,Coat,coverage,0.769
73,gaussian_noise,medium,"{""std"":0.2}",standard_conformal,0.05,,,Dress,average_set_size,1.132
73,gaussian_noise,medium,"{""std"":0.2}",standard_conformal,0.05,,,Dress,coverage,0.904
73,gaussian_noise,medium,"{""std"":0.2}",standard_conformal,0.05,,,Pullover,average_set_size,1.281
73,gaussian_noise,medium,"{""std"":0.2}",standard_conformal,0.05,,,Pullover,coverage,0.157
73,gaussian_noise,medium,"{""std"":0.2}",standard_conformal,0.05,,,Sandal,average_set_size,1.061
73,gaussian_noise,medium,"{""std"":0.2}",standard_conformal,0.05,,,Sandal,coverage,0.931
73,gaussian_noise,medium,"{""std"":0.2}",standard_conformal,0.05,,,Shirt,average_set_size,1.17
73,gaussian_noise,medium,"{""std"":0.2}",standard_conformal,0.05,,,Shirt,coverage,0.92
73,gaussian_noise,medium,"{""std"":0.2}",standard_conformal,0.05,,,Sneaker,average_set_size,1.175
73,gaussian_noise,medium,"{""std"":0.2}",standard_conformal,0.05,,,Sneaker,coverage,0.855
73,gaussian_noise,medium,"{""std"":0.2}",standard_conformal,0.05,,,T-shirt/top,average_set_size,1.326
73,gaussian_noise,medium,"{""std"":0.2}",standard_conformal,0.05,,,T-shirt/top,coverage,0.415
73,gaussian_noise,medium,"{""std"":0.2}",standard_conformal,0.05,,,Trouser,average_set_size,1.013
73,gaussian_noise,medium,"{""std"":0.2}",standard_conformal,0.05,,,Trouser,coverage,0.972
73,gaussian_noise,medium,"{""std"":0.2}",standard_conformal,0.1,,,Ankle boot,average_set_size,0.918
73,gaussian_noise,medium,"{""std"":0.2}",standard_conformal,0.1,,,Ankle boot,coverage,0.871
73,gaussian_noise,medium,"{""std"":0.2}",standard_conformal,0.1,,,Bag,average_set_size,0.983
73,gaussian_noise,medium,"{""std"":0.2}",standard_conformal,0.1,,,Bag,coverage,0.971
73,gaussian_noise,medium,"{""std"":0.2}",standard_conformal,0.1,,,Coat,average_set_size,0.82
73,gaussian_noise,medium,"{""std"":0.2}",standard_conformal,0.1,,,Coat,coverage,0.538
73,gaussian_noise,medium,"{""std"":0.2}",standard_conformal,0.1,,,Dress,average_set_size,0.839
73,gaussian_noise,medium,"{""std"":0.2}",standard_conformal,0.1,,,Dress,coverage,0.765
73,gaussian_noise,medium,"{""std"":0.2}",standard_conformal,0.1,,,Pullover,average_set_size,0.752
73,gaussian_noise,medium,"{""std"":0.2}",standard_conformal,0.1,,,Pullover,coverage,0.045
73,gaussian_noise,medium,"{""std"":0.2}",standard_conformal,0.1,,,Sandal,average_set_size,0.922
73,gaussian_noise,medium,"{""std"":0.2}",standard_conformal,0.1,,,Sandal,coverage,0.87
73,gaussian_noise,medium,"{""std"":0.2}",standard_conformal,0.1,,,Shirt,average_set_size,0.863
73,gaussian_noise,medium,"{""std"":0.2}",standard_conformal,0.1,,,Shirt,coverage,0.777
73,gaussian_noise,medium,"{""std"":0.2}",standard_conformal,0.1,,,Sneaker,average_set_size,0.795
73,gaussian_noise,medium,"{""std"":0.2}",standard_conformal,0.1,,,Sneaker,coverage,0.689
73,gaussian_noise,medium,"{""std"":0.2}",standard_conformal,0.1,,,T-shirt/top,average_set_size,0.679
73,gaussian_noise,medium,"{""std"":0.2}",standard_conformal,0.1,,,T-shirt/top,coverage,0.188
73,gaussian_noise,medium,"{""std"":0.2}",standard_conformal,0.1,,,Trouser,average_set_size,0.972
73,gaussian_noise,medium,"{""std"":0.2}",standard_conformal,0.1,,,Trouser,coverage,0.958
73,gaussian_noise,medium,"{""std"":0.2}",standard_conformal,0.2,,,Ankle boot,average_set_size,0.732
73,gaussian_noise,medium,"{""std"":0.2}",standard_conformal,0.2,,,Ankle boot,coverage,0.725
73,gaussian_noise,medium,"{""std"":0.2}",standard_conformal,0.2,,,Bag,average_set_size,0.929
73,gaussian_noise,medium,"{""std"":0.2}",standard_conformal,0.2,,,Bag,coverage,0.926
73,gaussian_noise,medium,"{""std"":0.2}",standard_conformal,0.2,,,Coat,average_set_size,0.239
73,gaussian_noise,medium,"{""std"":0.2}",standard_conformal,0.2,,,Coat,coverage,0.191
73,gaussian_noise,medium,"{""std"":0.2}",standard_conformal,0.2,,,Dress,average_set_size,0.479
73,gaussian_noise,medium,"{""std"":0.2}",standard_conformal,0.2,,,Dress,coverage,0.47
73,gaussian_noise,medium,"{""std"":0.2}",standard_conformal,0.2,,,Pullover,average_set_size,0.202
73,gaussian_noise,medium,"{""std"":0.2}",standard_conformal,0.2,,,Pullover,coverage,0.007
73,gaussian_noise,medium,"{""std"":0.2}",standard_conformal,0.2,,,Sandal,average_set_size,0.769
73,gaussian_noise,medium,"{""std"":0.2}",standard_conformal,0.2,,,Sandal,coverage,0.761
73,gaussian_noise,medium,"{""std"":0.2}",standard_conformal,0.2,,,Shirt,average_set_size,0.49
73,gaussian_noise,medium,"{""std"":0.2}",standard_conformal,0.2,,,Shirt,coverage,0.48
73,gaussian_noise,medium,"{""std"":0.2}",standard_conformal,0.2,,,Sneaker,average_set_size,0.423
73,gaussian_noise,medium,"{""std"":0.2}",standard_conformal,0.2,,,Sneaker,coverage,0.402
73,gaussian_noise,medium,"{""std"":0.2}",standard_conformal,0.2,,,T-shirt/top,average_set_size,0.149
73,gaussian_noise,medium,"{""std"":0.2}",standard_conformal,0.2,,,T-shirt/top,coverage,0.057
73,gaussian_noise,medium,"{""std"":0.2}",standard_conformal,0.2,,,Trouser,average_set_size,0.934
73,gaussian_noise,medium,"{""std"":0.2}",standard_conformal,0.2,,,Trouser,coverage,0.931
73,gaussian_noise,mild,"{""std"":0.1}",class_conditional_conformal,0.05,,,Ankle boot,average_set_size,0.942
73,gaussian_noise,mild,"{""std"":0.1}",class_conditional_conformal,0.05,,,Ankle boot,coverage,0.924
73,gaussian_noise,mild,"{""std"":0.1}",class_conditional_conformal,0.05,,,Bag,average_set_size,0.968
73,gaussian_noise,mild,"{""std"":0.1}",class_conditional_conformal,0.05,,,Bag,coverage,0.93
73,gaussian_noise,mild,"{""std"":0.1}",class_conditional_conformal,0.05,,,Coat,average_set_size,1.457
73,gaussian_noise,mild,"{""std"":0.1}",class_conditional_conformal,0.05,,,Coat,coverage,0.963
73,gaussian_noise,mild,"{""std"":0.1}",class_conditional_conformal,0.05,,,Dress,average_set_size,1.277
73,gaussian_noise,mild,"{""std"":0.1}",class_conditional_conformal,0.05,,,Dress,coverage,0.937
73,gaussian_noise,mild,"{""std"":0.1}",class_conditional_conformal,0.05,,,Pullover,average_set_size,1.857
73,gaussian_noise,mild,"{""std"":0.1}",class_conditional_conformal,0.05,,,Pullover,coverage,0.733
73,gaussian_noise,mild,"{""std"":0.1}",class_conditional_conformal,0.05,,,Sandal,average_set_size,0.907
73,gaussian_noise,mild,"{""std"":0.1}",class_conditional_conformal,0.05,,,Sandal,coverage,0.899
73,gaussian_noise,mild,"{""std"":0.1}",class_conditional_conformal,0.05,,,Shirt,average_set_size,1.378
73,gaussian_noise,mild,"{""std"":0.1}",class_conditional_conformal,0.05,,,Shirt,coverage,0.968
73,gaussian_noise,mild,"{""std"":0.1}",class_conditional_conformal,0.05,,,Sneaker,average_set_size,0.914
73,gaussian_noise,mild,"{""std"":0.1}",class_conditional_conformal,0.05,,,Sneaker,coverage,0.903
73,gaussian_noise,mild,"{""std"":0.1}",class_conditional_conformal,0.05,,,T-shirt/top,average_set_size,1.661
73,gaussian_noise,mild,"{""std"":0.1}",class_conditional_conformal,0.05,,,T-shirt/top,coverage,0.847
73,gaussian_noise,mild,"{""std"":0.1}",class_conditional_conformal,0.05,,,Trouser,average_set_size,0.955
73,gaussian_noise,mild,"{""std"":0.1}",class_conditional_conformal,0.05,,,Trouser,coverage,0.93
73,gaussian_noise,mild,"{""std"":0.1}",class_conditional_conformal,0.1,,,Ankle boot,average_set_size,0.864
73,gaussian_noise,mild,"{""std"":0.1}",class_conditional_conformal,0.1,,,Ankle boot,coverage,0.854
73,gaussian_noise,mild,"{""std"":0.1}",class_conditional_conformal,0.1,,,Bag,average_set_size,0.827
73,gaussian_noise,mild,"{""std"":0.1}",class_conditional_conformal,0.1,,,Bag,coverage,0.813
73,gaussian_noise,mild,"{""std"":0.1}",class_conditional_conformal,0.1,,,Coat,average_set_size,1.218
73,gaussian_noise,mild,"{""std"":0.1}",class_conditional_conformal,0.1,,,Coat,coverage,0.911
73,gaussian_noise,mild,"{""std"":0.1}",class_conditional_conformal,0.1,,,Dress,average_set_size,1.02
73,gaussian_noise,mild,"{""std"":0.1}",class_conditional_conformal,0.1,,,Dress,coverage,0.843
73,gaussian_noise,mild,"{""std"":0.1}",class_conditional_conformal,0.1,,,Pullover,average_set_size,1.309
73,gaussian_noise,mild,"{""std"":0.1}",class_conditional_conformal,0.1,,,Pullover,coverage,0.52
73,gaussian_noise,mild,"{""std"":0.1}",class_conditional_conformal,0.1,,,Sandal,average_set_size,0.797
73,gaussian_noise,mild,"{""std"":0.1}",class_conditional_conformal,0.1,,,Sandal,coverage,0.794
73,gaussian_noise,mild,"{""std"":0.1}",class_conditional_conformal,0.1,,,Shirt,average_set_size,1.14
73,gaussian_noise,mild,"{""std"":0.1}",class_conditional_conformal,0.1,,,Shirt,coverage,0.944
73,gaussian_noise,mild,"{""std"":0.1}",class_conditional_conformal,0.1,,,Sneaker,average_set_size,0.802
73,gaussian_noise,mild,"{""std"":0.1}",class_conditional_conformal,0.1,,,Sneaker,coverage,0.8
73,gaussian_noise,mild,"{""std"":0.1}",class_conditional_conformal,0.1,,,T-shirt/top,average_set_size,1.297
73,gaussian_noise,mild,"{""std"":0.1}",class_conditional_conformal,0.1,,,T-shirt/top,coverage,0.682
73,gaussian_noise,mild,"{""std"":0.1}",class_conditional_conformal,0.1,,,Trouser,average_set_size,0.84
73,gaussian_noise,mild,"{""std"":0.1}",class_conditional_conformal,0.1,,,Trouser,coverage,0.827
73,gaussian_noise,mild,"{""std"":0.1}",class_conditional_conformal,0.2,,,Ankle boot,average_set_size,0.648
73,gaussian_noise,mild,"{""std"":0.1}",class_conditional_conformal,0.2,,,Ankle boot,coverage,0.647
73,gaussian_noise,mild,"{""std"":0.1}",class_conditional_conformal,0.2,,,Bag,average_set_size,0.607
73,gaussian_noise,mild,"{""std"":0.1}",class_conditional_conformal,0.2,,,Bag,coverage,0.605
73,gaussian_noise,mild,"{""std"":0.1}",class_conditional_conformal,0.2,,,Coat,average_set_size,0.897
73,gaussian_noise,mild,"{""std"":0.1}",class_conditional_conformal,0.2,,,Coat,coverage,0.776
73,gaussian_noise,mild,"{""std"":0.1}",class_conditional_conformal,0.2,,,Dress,average_set_size,0.719
73,gaussian_noise,mild,"{""std"":0.1}",class_conditional_conformal,0.2,,,Dress,coverage,0.667
73,gaussian_noise,mild,"{""std"":0.1}",class_conditional_conformal,0.2,,,Pullover,average_set_size,0.624
73,gaussian_noise,mild,"{""std"":0.1}",class_conditional_conformal,0.2,,,Pullover,coverage,0.209
73,gaussian_noise,mild,"{""std"":0.1}",class_conditional_conformal,0.2,,,Sandal,average_set_size,0.607
73,gaussian_noise,mild,"{""std"":0.1}",class_conditional_conformal,0.2,,,Sandal,coverage,0.606
73,gaussian_noise,mild,"{""std"":0.1}",class_conditional_conformal,0.2,,,Shirt,average_set_size,0.912
73,gaussian_noise,mild,"{""std"":0.1}",class_conditional_conformal,0.2,,,Shirt,coverage,0.852
73,gaussian_noise,mild,"{""std"":0.1}",class_conditional_conformal,0.2,,,Sneaker,average_set_size,0.639
73,gaussian_noise,mild,"{""std"":0.1}",class_conditional_conformal,0.2,,,Sneaker,coverage,0.639
73,gaussian_noise,mild,"{""std"":0.1}",class_conditional_conformal,0.2,,,T-shirt/top,average_set_size,0.851
73,gaussian_noise,mild,"{""std"":0.1}",class_conditional_conformal,0.2,,,T-shirt/top,coverage,0.506
73,gaussian_noise,mild,"{""std"":0.1}",class_conditional_conformal,0.2,,,Trouser,average_set_size,0.587
73,gaussian_noise,mild,"{""std"":0.1}",class_conditional_conformal,0.2,,,Trouser,coverage,0.579
73,gaussian_noise,mild,"{""std"":0.1}",raw_softmax,,,,Ankle boot,f1,0.9640141915864167
73,gaussian_noise,mild,"{""std"":0.1}",raw_softmax,,,,Ankle boot,precision,0.9773895169578622
73,gaussian_noise,mild,"{""std"":0.1}",raw_softmax,,,,Ankle boot,recall,0.951
73,gaussian_noise,mild,"{""std"":0.1}",raw_softmax,,,,Bag,f1,0.9790209790209791
73,gaussian_noise,mild,"{""std"":0.1}",raw_softmax,,,,Bag,precision,0.9780439121756487
73,gaussian_noise,mild,"{""std"":0.1}",raw_softmax,,,,Bag,recall,0.98
73,gaussian_noise,mild,"{""std"":0.1}",raw_softmax,,,,Coat,f1,0.7887700534759359
73,gaussian_noise,mild,"{""std"":0.1}",raw_softmax,,,,Coat,precision,0.7114147909967846
73,gaussian_noise,mild,"{""std"":0.1}",raw_softmax,,,,Coat,recall,0.885
73,gaussian_noise,mild,"{""std"":0.1}",raw_softmax,,,,Dress,f1,0.8796882610813443
73,gaussian_noise,mild,"{""std"":0.1}",raw_softmax,,,,Dress,precision,0.8575498575498576
73,gaussian_noise,mild,"{""std"":0.1}",raw_softmax,,,,Dress,recall,0.903
73,gaussian_noise,mild,"{""std"":0.1}",raw_softmax,,,,Pullover,f1,0.6561472715318869
73,gaussian_noise,mild,"{""std"":0.1}",raw_softmax,,,,Pullover,precision,0.9577735124760077
73,gaussian_noise,mild,"{""std"":0.1}",raw_softmax,,,,Pullover,recall,0.499
73,gaussian_noise,mild,"{""std"":0.1}",raw_softmax,,,,Sandal,f1,0.9771825396825397
73,gaussian_noise,mild,"{""std"":0.1}",raw_softmax,,,,Sandal,precision,0.969488188976378
73,gaussian_noise,mild,"{""std"":0.1}",raw_softmax,,,,Sandal,recall,0.985
73,gaussian_noise,mild,"{""std"":0.1}",raw_softmax,,,,Shirt,f1,0.6506710044733631
73,gaussian_noise,mild,"{""std"":0.1}",raw_softmax,,,,Shirt,precision,0.5483207676490747
73,gaussian_noise,mild,"{""std"":0.1}",raw_softmax,,,,Shirt,recall,0.8
73,gaussian_noise,mild,"{""std"":0.1}",raw_softmax,,,,Sneaker,f1,0.9548387096774194
73,gaussian_noise,mild,"{""std"":0.1}",raw_softmax,,,,Sneaker,precision,0.9477832512315271
73,gaussian_noise,mild,"{""std"":0.1}",raw_softmax,,,,Sneaker,recall,0.962
73,gaussian_noise,mild,"{""std"":0.1}",raw_softmax,,,,T-shirt/top,f1,0.7548273844353423
73,gaussian_noise,mild,"{""std"":0.1}",raw_softmax,,,,T-shirt/top,precision,0.9097320169252469
73,gaussian_noise,mild,"{""std"":0.1}",raw_softmax,,,,T-shirt/top,recall,0.645
73,gaussian_noise,mild,"{""std"":0.1}",raw_softmax,,,,Trouser,f1,0.9840637450199203
73,gaussian_noise,mild,"{""std"":0.1}",raw_softmax,,,,Trouser,precision,0.9801587301587301
73,gaussian_noise,mild,"{""std"":0.1}",raw_softmax,,,,Trouser,recall,0.988
73,gaussian_noise,mild,"{""std"":0.1}",standard_conformal,0.05,,,Ankle boot,average_set_size,1.046
73,gaussian_noise,mild,"{""std"":0.1}",standard_conformal,0.05,,,Ankle boot,coverage,0.973
73,gaussian_noise,mild,"{""std"":0.1}",standard_conformal,0.05,,,Bag,average_set_size,1.006
73,gaussian_noise,mild,"{""std"":0.1}",standard_conformal,0.05,,,Bag,coverage,0.983
73,gaussian_noise,mild,"{""std"":0.1}",standard_conformal,0.05,,,Coat,average_set_size,1.18
73,gaussian_noise,mild,"{""std"":0.1}",standard_conformal,0.05,,,Coat,coverage,0.939
73,gaussian_noise,mild,"{""std"":0.1}",standard_conformal,0.05,,,Dress,average_set_size,1.113
73,gaussian_noise,mild,"{""std"":0.1}",standard_conformal,0.05,,,Dress,coverage,0.94
73,gaussian_noise,mild,"{""std"":0.1}",standard_conformal,0.05,,,Pullover,average_set_size,1.366
73,gaussian_noise,mild,"{""std"":0.1}",standard_conformal,0.05,,,Pullover,coverage,0.61
73,gaussian_noise,mild,"{""std"":0.1}",standard_conformal,0.05,,,Sandal,average_set_size,1.019
73,gaussian_noise,mild,"{""std"":0.1}",standard_conformal,0.05,,,Sandal,coverage,0.992
73,gaussian_noise,mild,"{""std"":0.1}",standard_conformal,0.05,,,Shirt,average_set_size,1.211
73,gaussian_noise,mild,"{""std"":0.1}",standard_conformal,0.05,,,Shirt,coverage,0.897
73,gaussian_noise,mild,"{""std"":0.1}",standard_conformal,0.05,,,Sneaker,average_set_size,1.059
73,gaussian_noise,mild,"{""std"":0.1}",standard_conformal,0.05,,,Sneaker,coverage,0.979
73,gaussian_noise,mild,"{""std"":0.1}",standard_conformal,0.05,,,T-shirt/top,average_set_size,1.313
73,gaussian_noise,mild,"{""std"":0.1}",standard_conformal,0.05,,,T-shirt/top,coverage,0.744
73,gaussian_noise,mild,"{""std"":0.1}",standard_conformal,0.05,,,Trouser,average_set_size,1.005
73,gaussian_noise,mild,"{""std"":0.1}",standard_conformal,0.05,,,Trouser,coverage,0.99
73,gaussian_noise,mild,"{""std"":0.1}",standard_conformal,0.1,,,Ankle boot,average_set_size,0.978
73,gaussian_noise,mild,"{""std"":0.1}",standard_conformal,0.1,,,Ankle boot,coverage,0.938
73,gaussian_noise,mild,"{""std"":0.1}",standard_conformal,0.1,,,Bag,average_set_size,0.983
73,gaussian_noise,mild,"{""std"":0.1}",standard_conformal,0.1,,,Bag,coverage,0.974
73,gaussian_noise,mild,"{""std"":0.1}",standard_conformal,0.1,,,Coat,average_set_size,0.936
73,gaussian_noise,mild,"{""std"":0.1}",standard_conformal,0.1,,,Coat,coverage,0.852
73,gaussian_noise,mild,"{""std"":0.1}",standard_conformal,0.1,,,Dress,average_set_size,0.886
73,gaussian_noise,mild,"{""std"":0.1}",standard_conformal,0.1,,,Dress,coverage,0.841
73,gaussian_noise,mild,"{""std"":0.1}",standard_conformal,0.1,,,Pullover,average_set_size,0.736
73,gaussian_noise,mild,"{""std"":0.1}",standard_conformal,0.1,,,Pullover,coverage,0.397
73,gaussian_noise,mild,"{""std"":0.1}",standard_conformal,0.1,,,Sandal,average_set_size,0.994
73,gaussian_noise,mild,"{""std"":0.1}",standard_conformal,0.1,,,Sandal,coverage,0.983
73,gaussian_noise,mild,"{""std"":0.1}",standard_conformal,0.1,,,Shirt,average_set_size,0.861
73,gaussian_noise,mild,"{""std"":0.1}",standard_conformal,0.1,,,Shirt,coverage,0.737
73,gaussian_noise,mild,"{""std"":0.1}",standard_conformal,0.1,,,Sneaker,average_set_size,0.989
73,gaussian_noise,mild,"{""std"":0.1}",standard_conformal,0.1,,,Sneaker,coverage,0.957
73,gaussian_noise,mild,"{""std"":0.1}",standard_conformal,0.1,,,T-shirt/top,average_set_size,0.792
73,gaussian_noise,mild,"{""std"":0.1}",standard_conformal,0.1,,,T-shirt/top,coverage,0.56
73,gaussian_noise,mild,"{""std"":0.1}",standard_conformal,0.1,,,Trouser,average_set_size,0.987
73,gaussian_noise,mild,"{""std"":0.1}",standard_conformal,0.1,,,Trouser,coverage,0.98
73,gaussian_noise,mild,"{""std"":0.1}",standard_conformal,0.2,,,Ankle boot,average_set_size,0.898
73,gaussian_noise,mild,"{""std"":0.1}",standard_conformal,0.2,,,Ankle boot,coverage,0.887
73,gaussian_noise,mild,"{""std"":0.1}",standard_conformal,0.2,,,Bag,average_set_size,0.953
73,gaussian_noise,mild,"{""std"":0.1}",standard_conformal,0.2,,,Bag,coverage,0.951
73,gaussian_noise,mild,"{""std"":0.1}",standard_conformal,0.2,,,Coat,average_set_size,0.559
73,gaussian_noise,mild,"{""std"":0.1}",standard_conformal,0.2,,,Coat,coverage,0.551
73,gaussian_noise,mild,"{""std"":0.1}",standard_conformal,0.2,,,Dress,average_set_size,0.652
73,gaussian_noise,mild,"{""std"":0.1}",standard_conformal,0.2,,,Dress,coverage,0.644
73,gaussian_noise,mild,"{""std"":0.1}",standard_conformal,0.2,,,Pullover,average_set_size,0.193
73,gaussian_noise,mild,"{""std"":0.1}",standard_conformal,0.2,,,Pullover,coverage,0.124
73,gaussian_noise,mild,"{""std"":0.1}",standard_conformal,0.2,,,Sandal,average_set_size,0.948
73,gaussian_noise,mild,"{""std"":0.1}",standard_conformal,0.2,,,Sandal,coverage,0.943
73,gaussian_noise,mild,"{""std"":0.1}",standard_conformal,0.2,,,Shirt,average_set_size,0.481
73,gaussian_noise,mild,"{""std"":0.1}",standard_conformal,0.2,,,Shirt,coverage,0.459
73,gaussian_noise,mild,"{""std"":0.1}",standard_conformal,0.2,,,Sneaker,average_set_size,0.852
73,gaussian_noise,mild,"{""std"":0.1}",standard_conformal,0.2,,,Sneaker,coverage,0.844
73,gaussian_noise,mild,"{""std"":0.1}",standard_conformal,0.2,,,T-shirt/top,average_set_size,0.322
73,gaussian_noise,mild,"{""std"":0.1}",standard_conformal,0.2,,,T-shirt/top,coverage,0.279
73,gaussian_noise,mild,"{""std"":0.1}",standard_conformal,0.2,,,Trouser,average_set_size,0.969
73,gaussian_noise,mild,"{""std"":0.1}",standard_conformal,0.2,,,Trouser,coverage,0.968
73,gaussian_noise,strong,"{""std"":0.3}",class_conditional_conformal,0.05,,,Ankle boot,average_set_size,0.739
73,gaussian_noise,strong,"{""std"":0.3}",class_conditional_conformal,0.05,,,Ankle boot,coverage,0.455
73,gaussian_noise,strong,"{""std"":0.3}",class_conditional_conformal,0.05,,,Bag,average_set_size,0.931
73,gaussian_noise,strong,"{""std"":0.3}",class_conditional_conformal,0.05,,,Bag,coverage,0.828
73,gaussian_noise,strong,"{""std"":0.3}",class_conditional_conformal,0.05,,,Coat,average_set_size,1.483
73,gaussian_noise,strong,"{""std"":0.3}",class_conditional_conformal,0.05,,,Coat,coverage,0.507
73,gaussian_noise,strong,"{""std"":0.3}",class_conditional_conformal,0.05,,,Dress,average_set_size,1.353
73,gaussian_noise,strong,"{""std"":0.3}",class_conditional_conformal,0.05,,,Dress,coverage,0.769
73,gaussian_noise,strong,"{""std"":0.3}",class_conditional_conformal,0.05,,,Pullover,average_set_size,1.233
73,gaussian_noise,strong,"{""std"":0.3}",class_conditional_conformal,0.05,,,Pullover,coverage,0.066
73,gaussian_noise,strong,"{""std"":0.3}",class_conditional_conformal,0.05,,,Sandal,average_set_size,0.552
73,gaussian_noise,strong,"{""std"":0.3}",class_conditional_conformal,0.05,,,Sandal,coverage,0.313
73,gaussian_noise,strong,"{""std"":0.3}",class_conditional_conformal,0.05,,,Shirt,average_set_size,1.148
73,gaussian_noise,strong,"{""std"":0.3}",class_conditional_conformal,0.05,,,Shirt,coverage,0.969
73,gaussian_noise,strong,"{""std"":0.3}",class_conditional_conformal,0.05,,,Sneaker,average_set_size,0.414
73,gaussian_noise,strong,"{""std"":0.3}",class_conditional_conformal,0.05,,,Sneaker,coverage,0.074
73,gaussian_noise,strong,"{""std"":0.3}",class_conditional_conformal,0.05,,,T-shirt/top,average_set_size,1.362
73,gaussian_noise,strong,"{""std"":0.3}",class_conditional_conformal,0.05,,,T-shirt/top,coverage,0.26
73,gaussian_noise,strong,"{""std"":0.3}",class_conditional_conformal,0.05,,,Trouser,average_set_size,0.648
73,gaussian_noise,strong,"{""std"":0.3}",class_conditional_conformal,0.05,,,Trouser,coverage,0.491
73,gaussian_noise,strong,"{""std"":0.3}",class_conditional_conformal,0.1,,,Ankle boot,average_set_size,0.397
73,gaussian_noise,strong,"{""std"":0.3}",class_conditional_conformal,0.1,,,Ankle boot,coverage,0.24
73,gaussian_noise,strong,"{""std"":0.3}",class_conditional_conformal,0.1,,,Bag,average_set_size,0.559
73,gaussian_noise,strong,"{""std"":0.3}",class_conditional_conformal,0.1,,,Bag,coverage,0.483
73,gaussian_noise,strong,"{""std"":0.3}",class_conditional_conformal,0.1,,,Coat,average_set_size,1.127
73,gaussian_noise,strong,"{""std"":0.3}",class_conditional_conformal,0.1,,,Coat,coverage,0.263
73,gaussian_noise,strong,"{""std"":0.3}",class_conditional_conformal,0.1,,,Dress,average_set_size,0.962
73,gaussian_noise,strong,"{""std"":0.3}",class_conditional_conformal,0.1,,,Dress,coverage,0.592
73,gaussian_noise,strong,"{""std"":0.3}",class_conditional_conformal,0.1,,,Pullover,average_set_size,1.013
73,gaussian_noise,strong,"{""std"":0.3}",class_conditional_conformal,0.1,,,Pullover,coverage,0.01
73,gaussian_noise,strong,"{""std"":0.3}",class_conditional_conformal,0.1,,,Sandal,average_set_size,0.295
73,gaussian_noise,strong,"{""std"":0.3}",class_conditional_conformal,0.1,,,Sandal,coverage,0.187
73,gaussian_noise,strong,"{""std"":0.3}",class_conditional_conformal,0.1,,,Shirt,average_set_size,0.989
73,gaussian_noise,strong,"{""std"":0.3}",class_conditional_conformal,0.1,,,Shirt,coverage,0.93
73,gaussian_noise,strong,"{""std"":0.3}",class_conditional_conformal,0.1,,,Sneaker,average_set_size,0.173
73,gaussian_noise,strong,"{""std"":0.3}",class_conditional_conformal,0.1,,,Sneaker,coverage,0.035
73,gaussian_noise,strong,"{""std"":0.3}",class_conditional_conformal,0.1,,,T-shirt/top,average_set_size,1.021
73,gaussian_noise,strong,"{""std"":0.3}",class_conditional_conformal,0.1,,,T-shirt/top,coverage,0.106
73,gaussian_noise,strong,"{""std"":0.3}",class_conditional_conformal,0.1,,,Trouser,average_set_size,0.214
73,gaussian_noise,strong,"{""std"":0.3}",class_conditional_conformal,0.1,,,Trouser,coverage,0.131
73,gaussian_noise,strong,"{""std"":0.3}",class_conditional_conformal,0.2,,,Ankle boot,average_set_size,0.112
73,gaussian_noise,strong,"{""std"":0.3}",class_conditional_conformal,0.2,,,Ankle boot,coverage,0.036
73,gaussian_noise,strong,"{""std"":0.3}",class_conditional_conformal,0.2,,,Bag,average_set_size,0.258
73,gaussian_noise,strong,"{""std"":0.3}",class_conditional_conformal,0.2,,,Bag,coverage,0.213
73,gaussian_noise,strong,"{""std"":0.3}",class_conditional_conformal,0.2,,,Coat,average_set_size,0.775
73,gaussian_noise,strong,"{""std"":0.3}",class_conditional_conformal,0.2,,,Coat,coverage,0.104
73,gaussian_noise,strong,"{""std"":0.3}",class_conditional_conformal,0.2,,,Dress,average_set_size,0.524
73,gaussian_noise,strong,"{""std"":0.3}",class_conditional_conformal,0.2,,,Dress,coverage,0.328
73,gaussian_noise,strong,"{""std"":0.3}",class_conditional_conformal,0.2,,,Pullover,average_set_size,0.865
73,gaussian_noise,strong,"{""std"":0.3}",class_conditional_conformal,0.2,,,Pullover,coverage,0.002
73,gaussian_noise,strong,"{""std"":0.3}",class_conditional_conformal,0.2,,,Sandal,average_set_size,0.111
73,gaussian_noise,strong,"{""std"":0.3}",class_conditional_conformal,0.2,,,Sandal,coverage,0.063
73,gaussian_noise,strong,"{""std"":0.3}",class_conditional_conformal,0.2,,,Shirt,average_set_size,0.871
73,gaussian_noise,strong,"{""std"":0.3}",class_conditional_conformal,0.2,,,Shirt,coverage,0.86
73,gaussian_noise,strong,"{""std"":0.3}",class_conditional_conformal,0.2,,,Sneaker,average_set_size,0.057
73,gaussian_noise,strong,"{""std"":0.3}",class_conditional_conformal,0.2,,,Sneaker,coverage,0.008
73,gaussian_noise,strong,"{""std"":0.3}",class_conditional_conformal,0.2,,,T-shirt/top,average_set_size,0.726
73,gaussian_noise,strong,"{""std"":0.3}",class_conditional_conformal,0.2,,,T-shirt/top,coverage,0.035
73,gaussian_noise,strong,"{""std"":0.3}",class_conditional_conformal,0.2,,,Trouser,average_set_size,0.063
73,gaussian_noise,strong,"{""std"":0.3}",class_conditional_conformal,0.2,,,Trouser,coverage,0.012
73,gaussian_noise,strong,"{""std"":0.3}",raw_softmax,,,,Ankle boot,f1,0.7513611615245009
73,gaussian_noise,strong,"{""std"":0.3}",raw_softmax,,,,Ankle boot,precision,0.9509954058192955
73,gaussian_noise,strong,"{""std"":0.3}",raw_softmax,,,,Ankle boot,recall,0.621
73,gaussian_noise,strong,"{""std"":0.3}",raw_softmax,,,,Bag,f1,0.5445741953859299
73,gaussian_noise,strong,"{""std"":0.3}",raw_softmax,,,,Bag,precision,0.3807248108323377
73,gaussian_noise,strong,"{""std"":0.3}",raw_softmax,,,,Bag,recall,0.956
73,gaussian_noise,strong,"{""std"":0.3}",raw_softmax,,,,Coat,f1,0.3458301453710788
73,gaussian_noise,strong,"{""std"":0.3}",raw_softmax,,,,Coat,precision,0.7361563517915309
73,gaussian_noise,strong,"{""std"":0.3}",raw_softmax,,,,Coat,recall,0.226
73,gaussian_noise,strong,"{""std"":0.3}",raw_softmax,,,,Dress,f1,0.7186104218362283
73,gaussian_noise,strong,"{""std"":0.3}",raw_softmax,,,,Dress,precision,0.7133004926108374
73,gaussian_noise,strong,"{""std"":0.3}",raw_softmax,,,,Dress,recall,0.724
73,gaussian_noise,strong,"{""std"":0.3}",raw_softmax,,,,Pullover,f1,0.02171767028627838
73,gaussian_noise,strong,"{""std"":0.3}",raw_softmax,,,,Pullover,precision,0.8461538461538461
73,gaussian_noise,strong,"{""std"":0.3}",raw_softmax,,,,Pullover,recall,0.011
73,gaussian_noise,strong,"{""std"":0.3}",raw_softmax,,,,Sandal,f1,0.7322467986030268
73,gaussian_noise,strong,"{""std"":0.3}",raw_softmax,,,,Sandal,precision,0.8760445682451253
73,gaussian_noise,strong,"{""std"":0.3}",raw_softmax,,,,Sandal,recall,0.629
73,gaussian_noise,strong,"{""std"":0.3}",raw_softmax,,,,Shirt,f1,0.37766315317335725
73,gaussian_noise,strong,"{""std"":0.3}",raw_softmax,,,,Shirt,precision,0.2434229546111593
73,gaussian_noise,strong,"{""std"":0.3}",raw_softmax,,,,Shirt,recall,0.842
73,gaussian_noise,strong,"{""std"":0.3}",raw_softmax,,,,Sneaker,f1,0.4127725856697819
73,gaussian_noise,strong,"{""std"":0.3}",raw_softmax,,,,Sneaker,precision,0.9330985915492958
73,gaussian_noise,strong,"{""std"":0.3}",raw_softmax,,,,Sneaker,recall,0.265
73,gaussian_noise,strong,"{""std"":0.3}",raw_softmax,,,,T-shirt/top,f1,0.15846994535519127
73,gaussian_noise,strong,"{""std"":0.3}",raw_softmax,,,,T-shirt/top,precision,0.8877551020408163
73,gaussian_noise,strong,"{""std"":0.3}",raw_softmax,,,,T-shirt/top,recall,0.087
73,gaussian_noise,strong,"{""std"":0.3}",raw_softmax,,,,Trouser,f1,0.9382080329557158
73,gaussian_noise,strong,"{""std"":0.3}",raw_softmax,,,,Trouser,precision,0.9670912951167728
73,gaussian_noise,strong,"{""std"":0.3}",raw_softmax,,,,Trouser,recall,0.911
73,gaussian_noise,strong,"{""std"":0.3}",standard_conformal,0.05,,,Ankle boot,average_set_size,1.158
73,gaussian_noise,strong,"{""std"":0.3}",standard_conformal,0.05,,,Ankle boot,coverage,0.686
73,gaussian_noise,strong,"{""std"":0.3}",standard_conformal,0.05,,,Bag,average_set_size,1.032
73,gaussian_noise,strong,"{""std"":0.3}",standard_conformal,0.05,,,Bag,coverage,0.969
73,gaussian_noise,strong,"{""std"":0.3}",standard_conformal,0.05,,,Coat,average_set_size,1.288
73,gaussian_noise,strong,"{""std"":0.3}",standard_conformal,0.05,,,Coat,coverage,0.369
73,gaussian_noise,strong,"{""std"":0.3}",standard_conformal,0.05,,,Dress,average_set_size,1.159
73,gaussian_noise,strong,"{""std"":0.3}",standard_conformal,0.05,,,Dress,coverage,0.778
73,gaussian_noise,strong,"{""std"":0.3}",standard_conformal,0.05,,,Pullover,average_set_size,1.14
73,gaussian_noise,strong,"{""std"":0.3}",standard_conformal,0.05,,,Pullover,coverage,0.023
73,gaussian_noise,strong,"{""std"":0.3}",standard_conformal,0.05,,,Sandal,average_set_size,1.133
73,gaussian_noise,strong,"{""std"":0.3}",standard_conformal,0.05,,,Sandal,coverage,0.678
73,gaussian_noise,strong,"{""std"":0.3}",standard_conformal,0.05,,,Shirt,average_set_size,1.127
73,gaussian_noise,strong,"{""std"":0.3}",standard_conformal,0.05,,,Shirt,coverage,0.89
73,gaussian_noise,strong,"{""std"":0.3}",standard_conformal,0.05,,,Sneaker,average_set_size,1.186
73,gaussian_noise,strong,"{""std"":0.3}",standard_conformal,0.05,,,Sneaker,coverage,0.324
73,gaussian_noise,strong,"{""std"":0.3}",standard_conformal,0.05,,,T-shirt/top,average_set_size,1.218
73,gaussian_noise,strong,"{""std"":0.3}",standard_conformal,0.05,,,T-shirt/top,coverage,0.151
73,gaussian_noise,strong,"{""std"":0.3}",standard_conformal,0.05,,,Trouser,average_set_size,1.037
73,gaussian_noise,strong,"{""std"":0.3}",standard_conformal,0.05,,,Trouser,coverage,0.922
73,gaussian_noise,strong,"{""std"":0.3}",standard_conformal,0.1,,,Ankle boot,average_set_size,0.814
73,gaussian_noise,strong,"{""std"":0.3}",standard_conformal,0.1,,,Ankle boot,coverage,0.546
73,gaussian_noise,strong,"{""std"":0.3}",standard_conformal,0.1,,,Bag,average_set_size,0.968
73,gaussian_noise,strong,"{""std"":0.3}",standard_conformal,0.1,,,Bag,coverage,0.943
73,gaussian_noise,strong,"{""std"":0.3}",standard_conformal,0.1,,,Coat,average_set_size,0.771
73,gaussian_noise,strong,"{""std"":0.3}",standard_conformal,0.1,,,Coat,coverage,0.157
73,gaussian_noise,strong,"{""std"":0.3}",standard_conformal,0.1,,,Dress,average_set_size,0.73
73,gaussian_noise,strong,"{""std"":0.3}",standard_conformal,0.1,,,Dress,coverage,0.585
73,gaussian_noise,strong,"{""std"":0.3}",standard_conformal,0.1,,,Pullover,average_set_size,0.831
73,gaussian_noise,strong,"{""std"":0.3}",standard_conformal,0.1,,,Pullover,coverage,0.005
73,gaussian_noise,strong,"{""std"":0.3}",standard_conformal,0.1,,,Sandal,average_set_size,0.826
73,gaussian_noise,strong,"{""std"":0.3}",standard_conformal,0.1,,,Sandal,coverage,0.57
73,gaussian_noise,strong,"{""std"":0.3}",standard_conformal,0.1,,,Shirt,average_set_size,0.861
73,gaussian_noise,strong,"{""std"":0.3}",standard_conformal,0.1,,,Shirt,coverage,0.768
73,gaussian_noise,strong,"{""std"":0.3}",standard_conformal,0.1,,,Sneaker,average_set_size,0.642
73,gaussian_noise,strong,"{""std"":0.3}",standard_conformal,0.1,,,Sneaker,coverage,0.161
73,gaussian_noise,strong,"{""std"":0.3}",standard_conformal,0.1,,,T-shirt/top,average_set_size,0.7
73,gaussian_noise,strong,"{""std"":0.3}",standard_conformal,0.1,,,T-shirt/top,coverage,0.046
73,gaussian_noise,strong,"{""std"":0.3}",standard_conformal,0.1,,,Trouser,average_set_size,0.917
73,gaussian_noise,strong,"{""std"":0.3}",standard_conformal,0.1,,,Trouser,coverage,0.877
73,gaussian_noise,strong,"{""std"":0.3}",standard_conformal,0.2,,,Ankle boot,average_set_size,0.415
73,gaussian_noise,strong,"{""std"":0.3}",standard_conformal,0.2,,,Ankle boot,coverage,0.332
73,gaussian_noise,strong,"{""std"":0.3}",standard_conformal,0.2,,,Bag,average_set_size,0.895
73,gaussian_noise,strong,"{""std"":0.3}",standard_conformal,0.2,,,Bag,coverage,0.887
73,gaussian_noise,strong,"{""std"":0.3}",standard_conformal,0.2,,,Coat,average_set_size,0.248
73,gaussian_noise,strong,"{""std"":0.3}",standard_conformal,0.2,,,Coat,coverage,0.033
73,gaussian_noise,strong,"{""std"":0.3}",standard_conformal,0.2,,,Dress,average_set_size,0.329
73,gaussian_noise,strong,"{""std"":0.3}",standard_conformal,0.2,,,Dress,coverage,0.299
73,gaussian_noise,strong,"{""std"":0.3}",standard_conformal,0.2,,,Pullover,average_set_size,0.377
73,gaussian_noise,strong,"{""std"":0.3}",standard_conformal,0.2,,,Pullover,coverage,0.001
73,gaussian_noise,strong,"{""std"":0.3}",standard_conformal,0.2,,,Sandal,average_set_size,0.514
73,gaussian_noise,strong,"{""std"":0.3}",standard_conformal,0.2,,,Sandal,coverage,0.413
73,gaussian_noise,strong,"{""std"":0.3}",standard_conformal,0.2,,,Shirt,average_set_size,0.507
73,gaussian_noise,strong,"{""std"":0.3}",standard_conformal,0.2,,,Shirt,coverage,0.488
73,gaussian_noise,strong,"{""std"":0.3}",standard_conformal,0.2,,,Sneaker,average_set_size,0.234
73,gaussian_noise,strong,"{""std"":0.3}",standard_conformal,0.2,,,Sneaker,coverage,0.042
73,gaussian_noise,strong,"{""std"":0.3}",standard_conformal,0.2,,,T-shirt/top,average_set_size,0.212
73,gaussian_noise,strong,"{""std"":0.3}",standard_conformal,0.2,,,T-shirt/top,coverage,0.006
73,gaussian_noise,strong,"{""std"":0.3}",standard_conformal,0.2,,,Trouser,average_set_size,0.806
73,gaussian_noise,strong,"{""std"":0.3}",standard_conformal,0.2,,,Trouser,coverage,0.795
73,rotation,medium,"{""degrees"":20.0}",class_conditional_conformal,0.05,,,Ankle boot,average_set_size,0.737
73,rotation,medium,"{""degrees"":20.0}",class_conditional_conformal,0.05,,,Ankle boot,coverage,0.61
73,rotation,medium,"{""degrees"":20.0}",class_conditional_conformal,0.05,,,Bag,average_set_size,0.787
73,rotation,medium,"{""degrees"":20.0}",class_conditional_conformal,0.05,,,Bag,coverage,0.604
73,rotation,medium,"{""degrees"":20.0}",class_conditional_conformal,0.05,,,Coat,average_set_size,1.946
73,rotation,medium,"{""degrees"":20.0}",class_conditional_conformal,0.05,,,Coat,coverage,0.794
73,rotation,medium,"{""degrees"":20.0}",class_conditional_conformal,0.05,,,Dress,average_set_size,1.712
73,rotation,medium,"{""degrees"":20.0}",class_conditional_conformal,0.05,,,Dress,coverage,0.682
73,rotation,medium,"{""degrees"":20.0}",class_conditional_conformal,0.05,,,Pullover,average_set_size,2.003
73,rotation,medium,"{""degrees"":20.0}",class_conditional_conformal,0.05,,,Pullover,coverage,0.203
73,rotation,medium,"{""degrees"":20.0}",class_conditional_conformal,0.05,,,Sandal,average_set_size,0.919
73,rotation,medium,"{""degrees"":20.0}",class_conditional_conformal,0.05,,,Sandal,coverage,0.773
73,rotation,medium,"{""degrees"":20.0}",class_conditional_conformal,0.05,,,Shirt,average_set_size,1.729
73,rotation,medium,"{""degrees"":20.0}",class_conditional_conformal,0.05,,,Shirt,coverage,0.949
73,rotation,medium,"{""degrees"":20.0}",class_conditional_conformal,0.05,,,Sneaker,average_set_size,0.444
73,rotation,medium,"{""degrees"":20.0}",class_conditional_conformal,0.05,,,Sneaker,coverage,0.363
73,rotation,medium,"{""degrees"":20.0}",class_conditional_conformal,0.05,,,T-shirt/top,average_set_size,1.804
73,rotation,medium,"{""degrees"":20.0}",class_conditional_conformal,0.05,,,T-shirt/top,coverage,0.254
73,rotation,medium,"{""degrees"":20.0}",class_conditional_conformal,0.05,,,Trouser,average_set_size,1.113
73,rotation,medium,"{""degrees"":20.0}",class_conditional_conformal,0.05,,,Trouser,coverage,0.002
73,rotation,medium,"{""degrees"":20.0}",class_conditional_conformal,0.1,,,Ankle boot,average_set_size,0.447
73,rotation,medium,"{""degrees"":20.0}",class_conditional_conformal,0.1,,,Ankle boot,coverage,0.386
73,rotation,medium,"{""degrees"":20.0}",class_conditional_conformal,0.1,,,Bag,average_set_size,0.376
73,rotation,medium,"{""degrees"":20.0}",class_conditional_conformal,0.1,,,Bag,coverage,0.272
73,rotation,medium,"{""degrees"":20.0}",class_conditional_conformal,0.1,,,Coat,average_set_size,1.29
73,rotation,medium,"{""degrees"":20.0}",class_conditional_conformal,0.1,,,Coat,coverage,0.445
73,rotation,medium,"{""degrees"":20.0}",class_conditional_conformal,0.1,,,Dress,average_set_size,1.132
73,rotation,medium,"{""degrees"":20.0}",class_conditional_conformal,0.1,,,Dress,coverage,0.472
73,rotation,medium,"{""degrees"":20.0}",class_conditional_conformal,0.1,,,Pullover,average_set_size,1.027
73,rotation,medium,"{""degrees"":20.0}",class_conditional_conformal,0.1,,,Pullover,coverage,0.037
73,rotation,medium,"{""degrees"":20.0}",class_conditional_conformal,0.1,,,Sandal,average_set_size,0.768
73,rotation,medium,"{""degrees"":20.0}",class_conditional_conformal,0.1,,,Sandal,coverage,0.669
73,rotation,medium,"{""degrees"":20.0}",class_conditional_conformal,0.1,,,Shirt,average_set_size,1.075
73,rotation,medium,"{""degrees"":20.0}",class_conditional_conformal,0.1,,,Shirt,coverage,0.843
73,rotation,medium,"{""degrees"":20.0}",class_conditional_conformal,0.1,,,Sneaker,average_set_size,0.244
73,rotation,medium,"{""degrees"":20.0}",class_conditional_conformal,0.1,,,Sneaker,coverage,0.223
73,rotation,medium,"{""degrees"":20.0}",class_conditional_conformal,0.1,,,T-shirt/top,average_set_size,1.093
73,rotation,medium,"{""degrees"":20.0}",class_conditional_conformal,0.1,,,T-shirt/top,coverage,0.092
73,rotation,medium,"{""degrees"":20.0}",class_conditional_conformal,0.1,,,Trouser,average_set_size,0.652
73,rotation,medium,"{""degrees"":20.0}",class_conditional_conformal,0.1,,,Trouser,coverage,0.0
73,rotation,medium,"{""degrees"":20.0}",class_conditional_conformal,0.2,,,Ankle boot,average_set_size,0.108
73,rotation,medium,"{""degrees"":20.0}",class_conditional_conformal,0.2,,,Ankle boot,coverage,0.089
73,rotation,medium,"{""degrees"":20.0}",class_conditional_conformal,0.2,,,Bag,average_set_size,0.119
73,rotation,medium,"{""degrees"":20.0}",class_conditional_conformal,0.2,,,Bag,coverage,0.087
73,rotation,medium,"{""degrees"":20.0}",class_conditional_conformal,0.2,,,Coat,average_set_size,0.425
73,rotation,medium,"{""degrees"":20.0}",class_conditional_conformal,0.2,,,Coat,coverage,0.103
73,rotation,medium,"{""degrees"":20.0}",class_conditional_conformal,0.2,,,Dress,average_set_size,0.454
73,rotation,medium,"{""degrees"":20.0}",class_conditional_conformal,0.2,,,Dress,coverage,0.211
73,rotation,medium,"{""degrees"":20.0}",class_conditional_conformal,0.2,,,Pullover,average_set_size,0.389
73,rotation,medium,"{""degrees"":20.0}",class_conditional_conformal,0.2,,,Pullover,coverage,0.002
73,rotation,medium,"{""degrees"":20.0}",class_conditional_conformal,0.2,,,Sandal,average_set_size,0.566
73,rotation,medium,"{""degrees"":20.0}",class_conditional_conformal,0.2,,,Sandal,coverage,0.499
73,rotation,medium,"{""degrees"":20.0}",class_conditional_conformal,0.2,,,Shirt,average_set_size,0.521
73,rotation,medium,"{""degrees"":20.0}",class_conditional_conformal,0.2,,,Shirt,coverage,0.489
73,rotation,medium,"{""degrees"":20.0}",class_conditional_conformal,0.2,,,Sneaker,average_set_size,0.073
73,rotation,medium,"{""degrees"":20.0}",class_conditional_conformal,0.2,,,Sneaker,coverage,0.069
73,rotation,medium,"{""degrees"":20.0}",class_conditional_conformal,0.2,,,T-shirt/top,average_set_size,0.443
73,rotation,medium,"{""degrees"":20.0}",class_conditional_conformal,0.2,,,T-shirt/top,coverage,0.033
73,rotation,medium,"{""degrees"":20.0}",class_conditional_conformal,0.2,,,Trouser,average_set_size,0.199
73,rotation,medium,"{""degrees"":20.0}",class_conditional_conformal,0.2,,,Trouser,coverage,0.0
73,rotation,medium,"{""degrees"":20.0}",raw_softmax,,,,Ankle boot,f1,0.8482834994462901
73,rotation,medium,"{""degrees"":20.0}",raw_softmax,,,,Ankle boot,precision,0.9503722084367245
73,rotation,medium,"{""degrees"":20.0}",raw_softmax,,,,Ankle boot,recall,0.766
73,rotation,medium,"{""degrees"":20.0}",raw_softmax,,,,Bag,f1,0.8519405845711547
73,rotation,medium,"{""degrees"":20.0}",raw_softmax,,,,Bag,precision,0.8178472861085556
73,rotation,medium,"{""degrees"":20.0}",raw_softmax,,,,Bag,recall,0.889
73,rotation,medium,"{""degrees"":20.0}",raw_softmax,,,,Coat,f1,0.5019723865877712
73,rotation,medium,"{""degrees"":20.0}",raw_softmax,,,,Coat,precision,0.49513618677042803
73,rotation,medium,"{""degrees"":20.0}",raw_softmax,,,,Coat,recall,0.509
73,rotation,medium,"{""degrees"":20.0}",raw_softmax,,,,Dress,f1,0.4140256237356709
73,rotation,medium,"{""degrees"":20.0}",raw_softmax,,,,Dress,precision,0.3123092573753815
73,rotation,medium,"{""degrees"":20.0}",raw_softmax,,,,Dress,recall,0.614
73,rotation,medium,"{""degrees"":20.0}",raw_softmax,,,,Pullover,f1,0.1336996336996337
73,rotation,medium,"{""degrees"":20.0}",raw_softmax,,,,Pullover,precision,0.7934782608695652
73,rotation,medium,"{""degrees"":20.0}",raw_softmax,,,,Pullover,recall,0.073
73,rotation,medium,"{""degrees"":20.0}",raw_softmax,,,,Sandal,f1,0.7385512073272273
73,rotation,medium,"{""degrees"":20.0}",raw_softmax,,,,Sandal,precision,0.6326676176890157
73,rotation,medium,"{""degrees"":20.0}",raw_softmax,,,,Sandal,recall,0.887
73,rotation,medium,"{""degrees"":20.0}",raw_softmax,,,,Shirt,f1,0.3145009416195857
73,rotation,medium,"{""degrees"":20.0}",raw_softmax,,,,Shirt,precision,0.2291857273559012
73,rotation,medium,"{""degrees"":20.0}",raw_softmax,,,,Shirt,recall,0.501
73,rotation,medium,"{""degrees"":20.0}",raw_softmax,,,,Sneaker,f1,0.688955223880597
73,rotation,medium,"{""degrees"":20.0}",raw_softmax,,,,Sneaker,precision,0.8548148148148148
73,rotation,medium,"{""degrees"":20.0}",raw_softmax,,,,Sneaker,recall,0.577
73,rotation,medium,"{""degrees"":20.0}",raw_softmax,,,,T-shirt/top,f1,0.13602391629297458
73,rotation,medium,"{""degrees"":20.0}",raw_softmax,,,,T-shirt/top,precision,0.2692307692307692
73,rotation,medium,"{""degrees"":20.0}",raw_softmax,,,,T-shirt/top,recall,0.091
73,rotation,medium,"{""degrees"":20.0}",raw_softmax,,,,Trouser,f1,0.5845070422535211
73,rotation,medium,"{""degrees"":20.0}",raw_softmax,,,,Trouser,precision,0.9880952380952381
73,rotation,medium,"{""degrees"":20.0}",raw_softmax,,,,Trouser,recall,0.415
73,rotation,medium,"{""degrees"":20.0}",standard_conformal,0.05,,,Ankle boot,average_set_size,1.192
73,rotation,medium,"{""degrees"":20.0}",standard_conformal,0.05,,,Ankle boot,coverage,0.836
73,rotation,medium,"{""degrees"":20.0}",standard_conformal,0.05,,,Bag,average_set_size,1.074
73,rotation,medium,"{""degrees"":20.0}",standard_conformal,0.05,,,Bag,coverage,0.915
73,rotation,medium,"{""degrees"":20.0}",standard_conformal,0.05,,,Coat,average_set_size,1.338
73,rotation,medium,"{""degrees"":20.0}",standard_conformal,0.05,,,Coat,coverage,0.606
73,rotation,medium,"{""degrees"":20.0}",standard_conformal,0.05,,,Dress,average_set_size,1.279
73,rotation,medium,"{""degrees"":20.0}",standard_conformal,0.05,,,Dress,coverage,0.694
73,rotation,medium,"{""degrees"":20.0}",standard_conformal,0.05,,,Pullover,average_set_size,1.24
73,rotation,medium,"{""degrees"":20.0}",standard_conformal,0.05,,,Pullover,coverage,0.095
73,rotation,medium,"{""degrees"":20.0}",standard_conformal,0.05,,,Sandal,average_set_size,1.053
73,rotation,medium,"{""degrees"":20.0}",standard_conformal,0.05,,,Sandal,coverage,0.911
73,rotation,medium,"{""degrees"":20.0}",standard_conformal,0.05,,,Shirt,average_set_size,1.318
73,rotation,medium,"{""degrees"":20.0}",standard_conformal,0.05,,,Shirt,coverage,0.658
73,rotation,medium,"{""degrees"":20.0}",standard_conformal,0.05,,,Sneaker,average_set_size,1.246
73,rotation,medium,"{""degrees"":20.0}",standard_conformal,0.05,,,Sneaker,coverage,0.696
73,rotation,medium,"{""degrees"":20.0}",standard_conformal,0.05,,,T-shirt/top,average_set_size,1.323
73,rotation,medium,"{""degrees"":20.0}",standard_conformal,0.05,,,T-shirt/top,coverage,0.129
73,rotation,medium,"{""degrees"":20.0}",standard_conformal,0.05,,,Trouser,average_set_size,1.183
73,rotation,medium,"{""degrees"":20.0}",standard_conformal,0.05,,,Trouser,coverage,0.452
73,rotation,medium,"{""degrees"":20.0}",standard_conformal,0.1,,,Ankle boot,average_set_size,0.877
73,rotation,medium,"{""degrees"":20.0}",standard_conformal,0.1,,,Ankle boot,coverage,0.712
73,rotation,medium,"{""degrees"":20.0}",standard_conformal,0.1,,,Bag,average_set_size,0.905
73,rotation,medium,"{""degrees"":20.0}",standard_conformal,0.1,,,Bag,coverage,0.849
73,rotation,medium,"{""degrees"":20.0}",standard_conformal,0.1,,,Coat,average_set_size,0.342
73,rotation,medium,"{""degrees"":20.0}",standard_conformal,0.1,,,Coat,coverage,0.201
73,rotation,medium,"{""degrees"":20.0}",standard_conformal,0.1,,,Dress,average_set_size,0.61
73,rotation,medium,"{""degrees"":20.0}",standard_conformal,0.1,,,Dress,coverage,0.469
73,rotation,medium,"{""degrees"":20.0}",standard_conformal,0.1,,,Pullover,average_set_size,0.218
73,rotation,medium,"{""degrees"":20.0}",standard_conformal,0.1,,,Pullover,coverage,0.013
73,rotation,medium,"{""degrees"":20.0}",standard_conformal,0.1,,,Sandal,average_set_size,0.965
73,rotation,medium,"{""degrees"":20.0}",standard_conformal,0.1,,,Sandal,coverage,0.875
73,rotation,medium,"{""degrees"":20.0}",standard_conformal,0.1,,,Shirt,average_set_size,0.407
73,rotation,medium,"{""degrees"":20.0}",standard_conformal,0.1,,,Shirt,coverage,0.235
73,rotation,medium,"{""degrees"":20.0}",standard_conformal,0.1,,,Sneaker,average_set_size,0.878
73,rotation,medium,"{""degrees"":20.0}",standard_conformal,0.1,,,Sneaker,coverage,0.518
73,rotation,medium,"{""degrees"":20.0}",standard_conformal,0.1,,,T-shirt/top,average_set_size,0.53
73,rotation,medium,"{""degrees"":20.0}",standard_conformal,0.1,,,T-shirt/top,coverage,0.04
73,rotation,medium,"{""degrees"":20.0}",standard_conformal,0.1,,,Trouser,average_set_size,0.494
73,rotation,medium,"{""degrees"":20.0}",standard_conformal,0.1,,,Trouser,coverage,0.286
73,rotation,medium,"{""degrees"":20.0}",standard_conformal,0.2,,,Ankle boot,average_set_size,0.527
73,rotation,medium,"{""degrees"":20.0}",standard_conformal,0.2,,,Ankle boot,coverage,0.491
73,rotation,medium,"{""degrees"":20.0}",standard_conformal,0.2,,,Bag,average_set_size,0.721
73,rotation,medium,"{""degrees"":20.0}",standard_conformal,0.2,,,Bag,coverage,0.711
73,rotation,medium,"{""degrees"":20.0}",standard_conformal,0.2,,,Coat,average_set_size,0.038
73,rotation,medium,"{""degrees"":20.0}",standard_conformal,0.2,,,Coat,coverage,0.013
73,rotation,medium,"{""degrees"":20.0}",standard_conformal,0.2,,,Dress,average_set_size,0.186
73,rotation,medium,"{""degrees"":20.0}",standard_conformal,0.2,,,Dress,coverage,0.18
73,rotation,medium,"{""degrees"":20.0}",standard_conformal,0.2,,,Pullover,average_set_size,0.03
73,rotation,medium,"{""degrees"":20.0}",standard_conformal,0.2,,,Pullover,coverage,0.0
73,rotation,medium,"{""degrees"":20.0}",standard_conformal,0.2,,,Sandal,average_set_size,0.858
73,rotation,medium,"{""degrees"":20.0}",standard_conformal,0.2,,,Sandal,coverage,0.818
73,rotation,medium,"{""degrees"":20.0}",standard_conformal,0.2,,,Shirt,average_set_size,0.056
73,rotation,medium,"{""degrees"":20.0}",standard_conformal,0.2,,,Shirt,coverage,0.035
73,rotation,medium,"{""degrees"":20.0}",standard_conformal,0.2,,,Sneaker,average_set_size,0.41
73,rotation,medium,"{""degrees"":20.0}",standard_conformal,0.2,,,Sneaker,coverage,0.272
73,rotation,medium,"{""degrees"":20.0}",standard_conformal,0.2,,,T-shirt/top,average_set_size,0.058
73,rotation,medium,"{""degrees"":20.0}",standard_conformal,0.2,,,T-shirt/top,coverage,0.005
73,rotation,medium,"{""degrees"":20.0}",standard_conformal,0.2,,,Trouser,average_set_size,0.122
73,rotation,medium,"{""degrees"":20.0}",standard_conformal,0.2,,,Trouser,coverage,0.105
73,rotation,mild,"{""degrees"":10.0}",class_conditional_conformal,0.05,,,Ankle boot,average_set_size,0.951
73,rotation,mild,"{""degrees"":10.0}",class_conditional_conformal,0.05,,,Ankle boot,coverage,0.934
73,rotation,mild,"{""degrees"":10.0}",class_conditional_conformal,0.05,,,Bag,average_set_size,0.951
73,rotation,mild,"{""degrees"":10.0}",class_conditional_conformal,0.05,,,Bag,coverage,0.906
73,rotation,mild,"{""degrees"":10.0}",class_conditional_conformal,0.05,,,Coat,average_set_size,1.711
73,rotation,mild,"{""degrees"":10.0}",class_conditional_conformal,0.05,,,Coat,coverage,0.96
73,rotation,mild,"{""degrees"":10.0}",class_conditional_conformal,0.05,,,Dress,average_set_size,1.318
73,rotation,mild,"{""degrees"":10.0}",class_conditional_conformal,0.05,,,Dress,coverage,0.944
73,rotation,mild,"{""degrees"":10.0}",class_conditional_conformal,0.05,,,Pullover,average_set_size,1.947
73,rotation,mild,"{""degrees"":10.0}",class_conditional_conformal,0.05,,,Pullover,coverage,0.839
73,rotation,mild,"{""degrees"":10.0}",class_conditional_conformal,0.05,,,Sandal,average_set_size,0.919
73,rotation,mild,"{""degrees"":10.0}",class_conditional_conformal,0.05,,,Sandal,coverage,0.907
73,rotation,mild,"{""degrees"":10.0}",class_conditional_conformal,0.05,,,Shirt,average_set_size,1.82
73,rotation,mild,"{""degrees"":10.0}",class_conditional_conformal,0.05,,,Shirt,coverage,0.94
73,rotation,mild,"{""degrees"":10.0}",class_conditional_conformal,0.05,,,Sneaker,average_set_size,0.908
73,rotation,mild,"{""degrees"":10.0}",class_conditional_conformal,0.05,,,Sneaker,coverage,0.887
73,rotation,mild,"{""degrees"":10.0}",class_conditional_conformal,0.05,,,T-shirt/top,average_set_size,1.794
73,rotation,mild,"{""degrees"":10.0}",class_conditional_conformal,0.05,,,T-shirt/top,coverage,0.767
73,rotation,mild,"{""degrees"":10.0}",class_conditional_conformal,0.05,,,Trouser,average_set_size,0.7
73,rotation,mild,"{""degrees"":10.0}",class_conditional_conformal,0.05,,,Trouser,coverage,0.59
73,rotation,mild,"{""degrees"":10.0}",class_conditional_conformal,0.1,,,Ankle boot,average_set_size,0.856
73,rotation,mild,"{""degrees"":10.0}",class_conditional_conformal,0.1,,,Ankle boot,coverage,0.849
73,rotation,mild,"{""degrees"":10.0}",class_conditional_conformal,0.1,,,Bag,average_set_size,0.735
73,rotation,mild,"{""degrees"":10.0}",class_conditional_conformal,0.1,,,Bag,coverage,0.716
73,rotation,mild,"{""degrees"":10.0}",class_conditional_conformal,0.1,,,Coat,average_set_size,1.301
73,rotation,mild,"{""degrees"":10.0}",class_conditional_conformal,0.1,,,Coat,coverage,0.888
73,rotation,mild,"{""degrees"":10.0}",class_conditional_conformal,0.1,,,Dress,average_set_size,1.015
73,rotation,mild,"{""degrees"":10.0}",class_conditional_conformal,0.1,,,Dress,coverage,0.848
73,rotation,mild,"{""degrees"":10.0}",class_conditional_conformal,0.1,,,Pullover,average_set_size,1.178
73,rotation,mild,"{""degrees"":10.0}",class_conditional_conformal,0.1,,,Pullover,coverage,0.594
73,rotation,mild,"{""degrees"":10.0}",class_conditional_conformal,0.1,,,Sandal,average_set_size,0.841
73,rotation,mild,"{""degrees"":10.0}",class_conditional_conformal,0.1,,,Sandal,coverage,0.837
73,rotation,mild,"{""degrees"":10.0}",class_conditional_conformal,0.1,,,Shirt,average_set_size,1.233
73,rotation,mild,"{""degrees"":10.0}",class_conditional_conformal,0.1,,,Shirt,coverage,0.841
73,rotation,mild,"{""degrees"":10.0}",class_conditional_conformal,0.1,,,Sneaker,average_set_size,0.785
73,rotation,mild,"{""degrees"":10.0}",class_conditional_conformal,0.1,,,Sneaker,coverage,0.78
73,rotation,mild,"{""degrees"":10.0}",class_conditional_conformal,0.1,,,T-shirt/top,average_set_size,1.132
73,rotation,mild,"{""degrees"":10.0}",class_conditional_conformal,0.1,,,T-shirt/top,coverage,0.557
73,rotation,mild,"{""degrees"":10.0}",class_conditional_conformal,0.1,,,Trouser,average_set_size,0.206
73,rotation,mild,"{""degrees"":10.0}",class_conditional_conformal,0.1,,,Trouser,coverage,0.157
73,rotation,mild,"{""degrees"":10.0}",class_conditional_conformal,0.2,,,Ankle boot,average_set_size,0.62
73,rotation,mild,"{""degrees"":10.0}",class_conditional_conformal,0.2,,,Ankle boot,coverage,0.62
73,rotation,mild,"{""degrees"":10.0}",class_conditional_conformal,0.2,,,Bag,average_set_size,0.402
73,rotation,mild,"{""degrees"":10.0}",class_conditional_conformal,0.2,,,Bag,coverage,0.398
73,rotation,mild,"{""degrees"":10.0}",class_conditional_conformal,0.2,,,Coat,average_set_size,0.726
73,rotation,mild,"{""degrees"":10.0}",class_conditional_conformal,0.2,,,Coat,coverage,0.641
73,rotation,mild,"{""degrees"":10.0}",class_conditional_conformal,0.2,,,Dress,average_set_size,0.685
73,rotation,mild,"{""degrees"":10.0}",class_conditional_conformal,0.2,,,Dress,coverage,0.642
73,rotation,mild,"{""degrees"":10.0}",class_conditional_conformal,0.2,,,Pullover,average_set_size,0.387
73,rotation,mild,"{""degrees"":10.0}",class_conditional_conformal,0.2,,,Pullover,coverage,0.244
73,rotation,mild,"{""degrees"":10.0}",class_conditional_conformal,0.2,,,Sandal,average_set_size,0.688
73,rotation,mild,"{""degrees"":10.0}",class_conditional_conformal,0.2,,,Sandal,coverage,0.686
73,rotation,mild,"{""degrees"":10.0}",class_conditional_conformal,0.2,,,Shirt,average_set_size,0.638
73,rotation,mild,"{""degrees"":10.0}",class_conditional_conformal,0.2,,,Shirt,coverage,0.563
73,rotation,mild,"{""degrees"":10.0}",class_conditional_conformal,0.2,,,Sneaker,average_set_size,0.585
73,rotation,mild,"{""degrees"":10.0}",class_conditional_conformal,0.2,,,Sneaker,coverage,0.584
73,rotation,mild,"{""degrees"":10.0}",class_conditional_conformal,0.2,,,T-shirt/top,average_set_size,0.531
73,rotation,mild,"{""degrees"":10.0}",class_conditional_conformal,0.2,,,T-shirt/top,coverage,0.347
73,rotation,mild,"{""degrees"":10.0}",class_conditional_conformal,0.2,,,Trouser,average_set_size,0.023
73,rotation,mild,"{""degrees"":10.0}",class_conditional_conformal,0.2,,,Trouser,coverage,0.009
73,rotation,mild,"{""degrees"":10.0}",raw_softmax,,,,Ankle boot,f1,0.960960960960961
73,rotation,mild,"{""degrees"":10.0}",raw_softmax,,,,Ankle boot,precision,0.9619238476953907
73,rotation,mild,"{""degrees"":10.0}",raw_softmax,,,,Ankle boot,recall,0.96
73,rotation,mild,"{""degrees"":10.0}",raw_softmax,,,,Bag,f1,0.9671314741035857
73,rotation,mild,"{""degrees"":10.0}",raw_softmax,,,,Bag,precision,0.9632936507936508
73,rotation,mild,"{""degrees"":10.0}",raw_softmax,,,,Bag,recall,0.971
73,rotation,mild,"{""degrees"":10.0}",raw_softmax,,,,Coat,f1,0.7519446845289542
73,rotation,mild,"{""degrees"":10.0}",raw_softmax,,,,Coat,precision,0.6621004566210046
73,rotation,mild,"{""degrees"":10.0}",raw_softmax,,,,Coat,recall,0.87
73,rotation,mild,"{""degrees"":10.0}",raw_softmax,,,,Dress,f1,0.7218700475435816
73,rotation,mild,"{""degrees"":10.0}",raw_softmax,,,,Dress,precision,0.597769028871391
73,rotation,mild,"{""degrees"":10.0}",raw_softmax,,,,Dress,recall,0.911
73,rotation,mild,"{""degrees"":10.0}",raw_softmax,,,,Pullover,f1,0.7419354838709677
73,rotation,mild,"{""degrees"":10.0}",raw_softmax,,,,Pullover,precision,0.875
73,rotation,mild,"{""degrees"":10.0}",raw_softmax,,,,Pullover,recall,0.644
73,rotation,mild,"{""degrees"":10.0}",raw_softmax,,,,Sandal,f1,0.9683168316831683
73,rotation,mild,"{""degrees"":10.0}",raw_softmax,,,,Sandal,precision,0.9588235294117647
73,rotation,mild,"{""degrees"":10.0}",raw_softmax,,,,Sandal,recall,0.978
73,rotation,mild,"{""degrees"":10.0}",raw_softmax,,,,Shirt,f1,0.5685115529285331
73,rotation,mild,"{""degrees"":10.0}",raw_softmax,,,,Shirt,precision,0.6144018583042973
73,rotation,mild,"{""degrees"":10.0}",raw_softmax,,,,Shirt,recall,0.529
73,rotation,mild,"{""degrees"":10.0}",raw_softmax,,,,Sneaker,f1,0.9427710843373494
73,rotation,mild,"{""degrees"":10.0}",raw_softmax,,,,Sneaker,precision,0.9465725806451613
73,rotation,mild,"{""degrees"":10.0}",raw_softmax,,,,Sneaker,recall,0.939
73,rotation,mild,"{""degrees"":10.0}",raw_softmax,,,,T-shirt/top,f1,0.6524733876017533
73,rotation,mild,"{""degrees"":10.0}",raw_softmax,,,,T-shirt/top,precision,0.8726968174204355
73,rotation,mild,"{""degrees"":10.0}",raw_softmax,,,,T-shirt/top,recall,0.521
73,rotation,mild,"{""degrees"":10.0}",raw_softmax,,,,Trouser,f1,0.9692307692307692
73,rotation,mild,"{""degrees"":10.0}",raw_softmax,,,,Trouser,precision,0.9947368421052631
73,rotation,mild,"{""degrees"":10.0}",raw_softmax,,,,Trouser,recall,0.945
73,rotation,mild,"{""degrees"":10.0}",standard_conformal,0.05,,,Ankle boot,average_set_size,1.043
73,rotation,mild,"{""degrees"":10.0}",standard_conformal,0.05,,,Ankle boot,coverage,0.976
73,rotation,mild,"{""degrees"":10.0}",standard_conformal,0.05,,,Bag,average_set_size,1.011
73,rotation,mild,"{""degrees"":10.0}",standard_conformal,0.05,,,Bag,coverage,0.975
73,rotation,mild,"{""degrees"":10.0}",standard_conformal,0.05,,,Coat,average_set_size,1.208
73,rotation,mild,"{""degrees"":10.0}",standard_conformal,0.05,,,Coat,coverage,0.926
73,rotation,mild,"{""degrees"":10.0}",standard_conformal,0.05,,,Dress,average_set_size,1.092
73,rotation,mild,"{""degrees"":10.0}",standard_conformal,0.05,,,Dress,coverage,0.946
73,rotation,mild,"{""degrees"":10.0}",standard_conformal,0.05,,,Pullover,average_set_size,1.211
73,rotation,mild,"{""degrees"":10.0}",standard_conformal,0.05,,,Pullover,coverage,0.703
73,rotation,mild,"{""degrees"":10.0}",standard_conformal,0.05,,,Sandal,average_set_size,1.028
73,rotation,mild,"{""degrees"":10.0}",standard_conformal,0.05,,,Sandal,coverage,0.988
73,rotation,mild,"{""degrees"":10.0}",standard_conformal,0.05,,,Shirt,average_set_size,1.357
73,rotation,mild,"{""degrees"":10.0}",standard_conformal,0.05,,,Shirt,coverage,0.688
73,rotation,mild,"{""degrees"":10.0}",standard_conformal,0.05,,,Sneaker,average_set_size,1.056
73,rotation,mild,"{""degrees"":10.0}",standard_conformal,0.05,,,Sneaker,coverage,0.96
73,rotation,mild,"{""degrees"":10.0}",standard_conformal,0.05,,,T-shirt/top,average_set_size,1.358
73,rotation,mild,"{""degrees"":10.0}",standard_conformal,0.05,,,T-shirt/top,coverage,0.636
73,rotation,mild,"{""degrees"":10.0}",standard_conformal,0.05,,,Trouser,average_set_size,1.045
73,rotation,mild,"{""degrees"":10.0}",standard_conformal,0.05,,,Trouser,coverage,0.961
73,rotation,mild,"{""degrees"":10.0}",standard_conformal,0.1,,,Ankle boot,average_set_size,0.989
73,rotation,mild,"{""degrees"":10.0}",standard_conformal,0.1,,,Ankle boot,coverage,0.954
73,rotation,mild,"{""degrees"":10.0}",standard_conformal,0.1,,,Bag,average_set_size,0.978
73,rotation,mild,"{""degrees"":10.0}",standard_conformal,0.1,,,Bag,coverage,0.959
73,rotation,mild,"{""degrees"":10.0}",standard_conformal,0.1,,,Coat,average_set_size,0.812
73,rotation,mild,"{""degrees"":10.0}",standard_conformal,0.1,,,Coat,coverage,0.756
73,rotation,mild,"{""degrees"":10.0}",standard_conformal,0.1,,,Dress,average_set_size,0.881
73,rotation,mild,"{""degrees"":10.0}",standard_conformal,0.1,,,Dress,coverage,0.842
73,rotation,mild,"{""degrees"":10.0}",standard_conformal,0.1,,,Pullover,average_set_size,0.603
73,rotation,mild,"{""degrees"":10.0}",standard_conformal,0.1,,,Pullover,coverage,0.464
73,rotation,mild,"{""degrees"":10.0}",standard_conformal,0.1,,,Sandal,average_set_size,0.986
73,rotation,mild,"{""degrees"":10.0}",standard_conformal,0.1,,,Sandal,coverage,0.972
73,rotation,mild,"{""degrees"":10.0}",standard_conformal,0.1,,,Shirt,average_set_size,0.54
73,rotation,mild,"{""degrees"":10.0}",standard_conformal,0.1,,,Shirt,coverage,0.324
73,rotation,mild,"{""degrees"":10.0}",standard_conformal,0.1,,,Sneaker,average_set_size,0.988
73,rotation,mild,"{""degrees"":10.0}",standard_conformal,0.1,,,Sneaker,coverage,0.933
73,rotation,mild,"{""degrees"":10.0}",standard_conformal,0.1,,,T-shirt/top,average_set_size,0.657
73,rotation,mild,"{""degrees"":10.0}",standard_conformal,0.1,,,T-shirt/top,coverage,0.405
73,rotation,mild,"{""degrees"":10.0}",standard_conformal,0.1,,,Trouser,average_set_size,0.953
73,rotation,mild,"{""degrees"":10.0}",standard_conformal,0.1,,,Trouser,coverage,0.926
73,rotation,mild,"{""degrees"":10.0}",standard_conformal,0.2,,,Ankle boot,average_set_size,0.911
73,rotation,mild,"{""degrees"":10.0}",standard_conformal,0.2,,,Ankle boot,coverage,0.899
73,rotation,mild,"{""degrees"":10.0}",standard_conformal,0.2,,,Bag,average_set_size,0.933
73,rotation,mild,"{""degrees"":10.0}",standard_conformal,0.2,,,Bag,coverage,0.926
73,rotation,mild,"{""degrees"":10.0}",standard_conformal,0.2,,,Coat,average_set_size,0.302
73,rotation,mild,"{""degrees"":10.0}",standard_conformal,0.2,,,Coat,coverage,0.297
73,rotation,mild,"{""degrees"":10.0}",standard_conformal,0.2,,,Dress,average_set_size,0.613
73,rotation,mild,"{""degrees"":10.0}",standard_conformal,0.2,,,Dress,coverage,0.608
73,rotation,mild,"{""degrees"":10.0}",standard_conformal,0.2,,,Pullover,average_set_size,0.157
73,rotation,mild,"{""degrees"":10.0}",standard_conformal,0.2,,,Pullover,coverage,0.148
73,rotation,mild,"{""degrees"":10.0}",standard_conformal,0.2,,,Sandal,average_set_size,0.936
73,rotation,mild,"{""degrees"":10.0}",standard_conformal,0.2,,,Sandal,coverage,0.933
73,rotation,mild,"{""degrees"":10.0}",standard_conformal,0.2,,,Shirt,average_set_size,0.095
73,rotation,mild,"{""degrees"":10.0}",standard_conformal,0.2,,,Shirt,coverage,0.072
73,rotation,mild,"{""degrees"":10.0}",standard_conformal,0.2,,,Sneaker,average_set_size,0.849
73,rotation,mild,"{""degrees"":10.0}",standard_conformal,0.2,,,Sneaker,coverage,0.83
73,rotation,mild,"{""degrees"":10.0}",standard_conformal,0.2,,,T-shirt/top,average_set_size,0.171
73,rotation,mild,"{""degrees"":10.0}",standard_conformal,0.2,,,T-shirt/top,coverage,0.142
73,rotation,mild,"{""degrees"":10.0}",standard_conformal,0.2,,,Trouser,average_set_size,0.871
73,rotation,mild,"{""degrees"":10.0}",standard_conformal,0.2,,,Trouser,coverage,0.863
73,rotation,strong,"{""degrees"":30.0}",class_conditional_conformal,0.05,,,Ankle boot,average_set_size,0.652
73,rotation,strong,"{""degrees"":30.0}",class_conditional_conformal,0.05,,,Ankle boot,coverage,0.249
73,rotation,strong,"{""degrees"":30.0}",class_conditional_conformal,0.05,,,Bag,average_set_size,0.813
73,rotation,strong,"{""degrees"":30.0}",class_conditional_conformal,0.05,,,Bag,coverage,0.185
73,rotation,strong,"{""degrees"":30.0}",class_conditional_conformal,0.05,,,Coat,average_set_size,1.62
73,rotation,strong,"{""degrees"":30.0}",class_conditional_conformal,0.05,,,Coat,coverage,0.473
73,rotation,strong,"{""degrees"":30.0}",class_conditional_conformal,0.05,,,Dress,average_set_size,1.665
73,rotation,strong,"{""degrees"":30.0}",class_conditional_conformal,0.05,,,Dress,coverage,0.431
73,rotation,strong,"{""degrees"":30.0}",class_conditional_conformal,0.05,,,Pullover,average_set_size,1.685
73,rotation,strong,"{""degrees"":30.0}",class_conditional_conformal,0.05,,,Pullover,coverage,0.083
73,rotation,strong,"{""degrees"":30.0}",class_conditional_conformal,0.05,,,Sandal,average_set_size,0.937
73,rotation,strong,"{""degrees"":30.0}",class_conditional_conformal,0.05,,,Sandal,coverage,0.625
73,rotation,strong,"{""degrees"":30.0}",class_conditional_conformal,0.05,,,Shirt,average_set_size,1.581
73,rotation,strong,"{""degrees"":30.0}",class_conditional_conformal,0.05,,,Shirt,coverage,0.934
73,rotation,strong,"{""degrees"":30.0}",class_conditional_conformal,0.05,,,Sneaker,average_set_size,0.35
73,rotation,strong,"{""degrees"":30.0}",class_conditional_conformal,0.05,,,Sneaker,coverage,0.03
73,rotation,strong,"{""degrees"":30.0}",class_conditional_conformal,0.05,,,T-shirt/top,average_set_size,1.807
73,rotation,strong,"{""degrees"":30.0}",class_conditional_conformal,0.05,,,T-shirt/top,coverage,0.095
73,rotation,strong,"{""degrees"":30.0}",class_conditional_conformal,0.05,,,Trouser,average_set_size,1.538
73,rotation,strong,"{""degrees"":30.0}",class_conditional_conformal,0.05,,,Trouser,coverage,0.0
73,rotation,strong,"{""degrees"":30.0}",class_conditional_conformal,0.1,,,Ankle boot,average_set_size,0.243
73,rotation,strong,"{""degrees"":30.0}",class_conditional_conformal,0.1,,,Ankle boot,coverage,0.053
73,rotation,strong,"{""degrees"":30.0}",class_conditional_conformal,0.1,,,Bag,average_set_size,0.438
73,rotation,strong,"{""degrees"":30.0}",class_conditional_conformal,0.1,,,Bag,coverage,0.054
73,rotation,strong,"{""degrees"":30.0}",class_conditional_conformal,0.1,,,Coat,average_set_size,1.145
73,rotation,strong,"{""degrees"":30.0}",class_conditional_conformal,0.1,,,Coat,coverage,0.23
73,rotation,strong,"{""degrees"":30.0}",class_conditional_conformal,0.1,,,Dress,average_set_size,1.157
73,rotation,strong,"{""degrees"":30.0}",class_conditional_conformal,0.1,,,Dress,coverage,0.285
73,rotation,strong,"{""degrees"":30.0}",class_conditional_conformal,0.1,,,Pullover,average_set_size,1.007
73,rotation,strong,"{""degrees"":30.0}",class_conditional_conformal,0.1,,,Pullover,coverage,0.003
73,rotation,strong,"{""degrees"":30.0}",class_conditional_conformal,0.1,,,Sandal,average_set_size,0.772
73,rotation,strong,"{""degrees"":30.0}",class_conditional_conformal,0.1,,,Sandal,coverage,0.53
73,rotation,strong,"{""degrees"":30.0}",class_conditional_conformal,0.1,,,Shirt,average_set_size,1.043
73,rotation,strong,"{""degrees"":30.0}",class_conditional_conformal,0.1,,,Shirt,coverage,0.849
73,rotation,strong,"{""degrees"":30.0}",class_conditional_conformal,0.1,,,Sneaker,average_set_size,0.097
73,rotation,strong,"{""degrees"":30.0}",class_conditional_conformal,0.1,,,Sneaker,coverage,0.012
73,rotation,strong,"{""degrees"":30.0}",class_conditional_conformal,0.1,,,T-shirt/top,average_set_size,1.106
73,rotation,strong,"{""degrees"":30.0}",class_conditional_conformal,0.1,,,T-shirt/top,coverage,0.026
73,rotation,strong,"{""degrees"":30.0}",class_conditional_conformal,0.1,,,Trouser,average_set_size,1.019
73,rotation,strong,"{""degrees"":30.0}",class_conditional_conformal,0.1,,,Trouser,coverage,0.0
73,rotation,strong,"{""degrees"":30.0}",class_conditional_conformal,0.2,,,Ankle boot,average_set_size,0.059
73,rotation,strong,"{""degrees"":30.0}",class_conditional_conformal,0.2,,,Ankle boot,coverage,0.0
73,rotation,strong,"{""degrees"":30.0}",class_conditional_conformal,0.2,,,Bag,average_set_size,0.224
73,rotation,strong,"{""degrees"":30.0}",class_conditional_conformal,0.2,,,Bag,coverage,0.016
73,rotation,strong,"{""degrees"":30.0}",class_conditional_conformal,0.2,,,Coat,average_set_size,0.644
73,rotation,strong,"{""degrees"":30.0}",class_conditional_conformal,0.2,,,Coat,coverage,0.039
73,rotation,strong,"{""degrees"":30.0}",class_conditional_conformal,0.2,,,Dress,average_set_size,0.437
73,rotation,strong,"{""degrees"":30.0}",class_conditional_conformal,0.2,,,Dress,coverage,0.092
73,rotation,strong,"{""degrees"":30.0}",class_conditional_conformal,0.2,,,Pullover,average_set_size,0.597
73,rotation,strong,"{""degrees"":30.0}",class_conditional_conformal,0.2,,,Pullover,coverage,0.0
73,rotation,strong,"{""degrees"":30.0}",class_conditional_conformal,0.2,,,Sandal,average_set_size,0.519
73,rotation,strong,"{""degrees"":30.0}",class_conditional_conformal,0.2,,,Sandal,coverage,0.349
73,rotation,strong,"{""degrees"":30.0}",class_conditional_conformal,0.2,,,Shirt,average_set_size,0.628
73,rotation,strong,"{""degrees"":30.0}",class_conditional_conformal,0.2,,,Shirt,coverage,0.576
73,rotation,strong,"{""degrees"":30.0}",class_conditional_conformal,0.2,,,Sneaker,average_set_size,0.022
73,rotation,strong,"{""degrees"":30.0}",class_conditional_conformal,0.2,,,Sneaker,coverage,0.004
73,rotation,strong,"{""degrees"":30.0}",class_conditional_conformal,0.2,,,T-shirt/top,average_set_size,0.344
73,rotation,strong,"{""degrees"":30.0}",class_conditional_conformal,0.2,,,T-shirt/top,coverage,0.008
73,rotation,strong,"{""degrees"":30.0}",class_conditional_conformal,0.2,,,Trouser,average_set_size,0.457
73,rotation,strong,"{""degrees"":30.0}",class_conditional_conformal,0.2,,,Trouser,coverage,0.0
73,rotation,strong,"{""degrees"":30.0}",raw_softmax,,,,Ankle boot,f1,0.6074950690335306
73,rotation,strong,"{""degrees"":30.0}",raw_softmax,,,,Ankle boot,precision,0.8867562380038387
73,rotation,strong,"{""degrees"":30.0}",raw_softmax,,,,Ankle boot,recall,0.462
73,rotation,strong,"{""degrees"":30.0}",raw_softmax,,,,Bag,f1,0.5423057892132608
73,rotation,strong,"{""degrees"":30.0}",raw_softmax,,,,Bag,precision,0.5367286973555337
73,rotation,strong,"{""degrees"":30.0}",raw_softmax,,,,Bag,recall,0.548
73,rotation,strong,"{""degrees"":30.0}",raw_softmax,,,,Coat,f1,0.23562412342215988
73,rotation,strong,"{""degrees"":30.0}",raw_softmax,,,,Coat,precision,0.2212467076382792
73,rotation,strong,"{""degrees"":30.0}",raw_softmax,,,,Coat,recall,0.252
73,rotation,strong,"{""degrees"":30.0}",raw_softmax,,,,Dress,f1,0.3284433577832111
73,rotation,strong,"{""degrees"":30.0}",raw_softmax,,,,Dress,precision,0.27716643741403024
73,rotation,strong,"{""degrees"":30.0}",raw_softmax,,,,Dress,recall,0.403
73,rotation,strong,"{""degrees"":30.0}",raw_softmax,,,,Pullover,f1,0.025390625
73,rotation,strong,"{""degrees"":30.0}",raw_softmax,,,,Pullover,precision,0.5416666666666666
73,rotation,strong,"{""degrees"":30.0}",raw_softmax,,,,Pullover,recall,0.013
73,rotation,strong,"{""degrees"":30.0}",raw_softmax,,,,Sandal,f1,0.5150684931506849
73,rotation,strong,"{""degrees"":30.0}",raw_softmax,,,,Sandal,precision,0.39166666666666666
73,rotation,strong,"{""degrees"":30.0}",raw_softmax,,,,Sandal,recall,0.752
73,rotation,strong,"{""degrees"":30.0}",raw_softmax,,,,Shirt,f1,0.2907088122605364
73,rotation,strong,"{""degrees"":30.0}",raw_softmax,,,,Shirt,precision,0.19112090680100755
73,rotation,strong,"{""degrees"":30.0}",raw_softmax,,,,Shirt,recall,0.607
73,rotation,strong,"{""degrees"":30.0}",raw_softmax,,,,Sneaker,f1,0.18971061093247588
73,rotation,strong,"{""degrees"":30.0}",raw_softmax,,,,Sneaker,precision,0.48360655737704916
73,rotation,strong,"{""degrees"":30.0}",raw_softmax,,,,Sneaker,recall,0.118
73,rotation,strong,"{""degrees"":30.0}",raw_softmax,,,,T-shirt/top,f1,0.048550236008091704
73,rotation,strong,"{""degrees"":30.0}",raw_softmax,,,,T-shirt/top,precision,0.07453416149068323
73,rotation,strong,"{""degrees"":30.0}",raw_softmax,,,,T-shirt/top,recall,0.036
73,rotation,strong,"{""degrees"":30.0}",raw_softmax,,,,Trouser,f1,0.007858546168958742
73,rotation,strong,"{""degrees"":30.0}",raw_softmax,,,,Trouser,precision,0.2222222222222222
73,rotation,strong,"{""degrees"":30.0}",raw_softmax,,,,Trouser,recall,0.004
73,rotation,strong,"{""degrees"":30.0}",standard_conformal,0.05,,,Ankle boot,average_set_size,1.212
73,rotation,strong,"{""degrees"":30.0}",standard_conformal,0.05,,,Ankle boot,coverage,0.564
73,rotation,strong,"{""degrees"":30.0}",standard_conformal,0.05,,,Bag,average_set_size,1.163
73,rotation,strong,"{""degrees"":30.0}",standard_conformal,0.05,,,Bag,coverage,0.603
73,rotation,strong,"{""degrees"":30.0}",standard_conformal,0.05,,,Coat,average_set_size,1.231
73,rotation,strong,"{""degrees"":30.0}",standard_conformal,0.05,,,Coat,coverage,0.335
73,rotation,strong,"{""degrees"":30.0}",standard_conformal,0.05,,,Dress,average_set_size,1.316
73,rotation,strong,"{""degrees"":30.0}",standard_conformal,0.05,,,Dress,coverage,0.449
73,rotation,strong,"{""degrees"":30.0}",standard_conformal,0.05,,,Pullover,average_set_size,1.222
73,rotation,strong,"{""degrees"":30.0}",standard_conformal,0.05,,,Pullover,coverage,0.016
73,rotation,strong,"{""degrees"":30.0}",standard_conformal,0.05,,,Sandal,average_set_size,1.067
73,rotation,strong,"{""degrees"":30.0}",standard_conformal,0.05,,,Sandal,coverage,0.773
73,rotation,strong,"{""degrees"":30.0}",standard_conformal,0.05,,,Shirt,average_set_size,1.301
73,rotation,strong,"{""degrees"":30.0}",standard_conformal,0.05,,,Shirt,coverage,0.733
73,rotation,strong,"{""degrees"":30.0}",standard_conformal,0.05,,,Sneaker,average_set_size,1.162
73,rotation,strong,"{""degrees"":30.0}",standard_conformal,0.05,,,Sneaker,coverage,0.185
73,rotation,strong,"{""degrees"":30.0}",standard_conformal,0.05,,,T-shirt/top,average_set_size,1.271
73,rotation,strong,"{""degrees"":30.0}",standard_conformal,0.05,,,T-shirt/top,coverage,0.036
73,rotation,strong,"{""degrees"":30.0}",standard_conformal,0.05,,,Trouser,average_set_size,1.207
73,rotation,strong,"{""degrees"":30.0}",standard_conformal,0.05,,,Trouser,coverage,0.002
73,rotation,strong,"{""degrees"":30.0}",standard_conformal,0.1,,,Ankle boot,average_set_size,0.675
73,rotation,strong,"{""degrees"":30.0}",standard_conformal,0.1,,,Ankle boot,coverage,0.349
73,rotation,strong,"{""degrees"":30.0}",standard_conformal,0.1,,,Bag,average_set_size,0.71
73,rotation,strong,"{""degrees"":30.0}",standard_conformal,0.1,,,Bag,coverage,0.453
73,rotation,strong,"{""degrees"":30.0}",standard_conformal,0.1,,,Coat,average_set_size,0.462
73,rotation,strong,"{""degrees"":30.0}",standard_conformal,0.1,,,Coat,coverage,0.091
73,rotation,strong,"{""degrees"":30.0}",standard_conformal,0.1,,,Dress,average_set_size,0.519
73,rotation,strong,"{""degrees"":30.0}",standard_conformal,0.1,,,Dress,coverage,0.278
73,rotation,strong,"{""degrees"":30.0}",standard_conformal,0.1,,,Pullover,average_set_size,0.375
73,rotation,strong,"{""degrees"":30.0}",standard_conformal,0.1,,,Pullover,coverage,0.001
73,rotation,strong,"{""degrees"":30.0}",standard_conformal,0.1,,,Sandal,average_set_size,0.929
73,rotation,strong,"{""degrees"":30.0}",standard_conformal,0.1,,,Sandal,coverage,0.729
73,rotation,strong,"{""degrees"":30.0}",standard_conformal,0.1,,,Shirt,average_set_size,0.452
73,rotation,strong,"{""degrees"":30.0}",standard_conformal,0.1,,,Shirt,coverage,0.289
73,rotation,strong,"{""degrees"":30.0}",standard_conformal,0.1,,,Sneaker,average_set_size,0.884
73,rotation,strong,"{""degrees"":30.0}",standard_conformal,0.1,,,Sneaker,coverage,0.077
73,rotation,strong,"{""degrees"":30.0}",standard_conformal,0.1,,,T-shirt/top,average_set_size,0.408
73,rotation,strong,"{""degrees"":30.0}",standard_conformal,0.1,,,T-shirt/top,coverage,0.01
73,rotation,strong,"{""degrees"":30.0}",standard_conformal,0.1,,,Trouser,average_set_size,0.434
73,rotation,strong,"{""degrees"":30.0}",standard_conformal,0.1,,,Trouser,coverage,0.0
73,rotation,strong,"{""degrees"":30.0}",standard_conformal,0.2,,,Ankle boot,average_set_size,0.206
73,rotation,strong,"{""degrees"":30.0}",standard_conformal,0.2,,,Ankle boot,coverage,0.12
73,rotation,strong,"{""degrees"":30.0}",standard_conformal,0.2,,,Bag,average_set_size,0.298
73,rotation,strong,"{""degrees"":30.0}",standard_conformal,0.2,,,Bag,coverage,0.251
73,rotation,strong,"{""degrees"":30.0}",standard_conformal,0.2,,,Coat,average_set_size,0.051
73,rotation,strong,"{""degrees"":30.0}",standard_conformal,0.2,,,Coat,coverage,0.005
73,rotation,strong,"{""degrees"":30.0}",standard_conformal,0.2,,,Dress,average_set_size,0.086
73,rotation,strong,"{""degrees"":30.0}",standard_conformal,0.2,,,Dress,coverage,0.076
73,rotation,strong,"{""degrees"":30.0}",standard_conformal,0.2,,,Pullover,average_set_size,0.028
73,rotation,strong,"{""degrees"":30.0}",standard_conformal,0.2,,,Pullover,coverage,0.0
73,rotation,strong,"{""degrees"":30.0}",standard_conformal,0.2,,,Sandal,average_set_size,0.769
73,rotation,strong,"{""degrees"":30.0}",standard_conformal,0.2,,,Sandal,coverage,0.671
73,rotation,strong,"{""degrees"":30.0}",standard_conformal,0.2,,,Shirt,average_set_size,0.072
73,rotation,strong,"{""degrees"":30.0}",standard_conformal,0.2,,,Shirt,coverage,0.022
73,rotation,strong,"{""degrees"":30.0}",standard_conformal,0.2,,,Sneaker,average_set_size,0.486
73,rotation,strong,"{""degrees"":30.0}",standard_conformal,0.2,,,Sneaker,coverage,0.014
73,rotation,strong,"{""degrees"":30.0}",standard_conformal,0.2,,,T-shirt/top,average_set_size,0.075
73,rotation,strong,"{""degrees"":30.0}",standard_conformal,0.2,,,T-shirt/top,coverage,0.001
73,rotation,strong,"{""degrees"":30.0}",standard_conformal,0.2,,,Trouser,average_set_size,0.026
73,rotation,strong,"{""degrees"":30.0}",standard_conformal,0.2,,,Trouser,coverage,0.0
