seed,shift_name,severity_name,scenario_parameters,method_name,alpha,abstention_policy,abstention_threshold,bin_index,lower_bound,upper_bound,sample_count,average_confidence,empirical_accuracy
17,brightness_contrast,increased_contrast,"{""brightness"":1.0,""contrast"":1.5}",raw_softmax,,,,0,0.0,0.1,0.0,,
17,brightness_contrast,increased_contrast,"{""brightness"":1.0,""contrast"":1.5}",raw_softmax,,,,1,0.1,0.2,0.0,,
17,brightness_contrast,increased_contrast,"{""brightness"":1.0,""contrast"":1.5}",raw_softmax,,,,2,0.2,0.3,1.0,0.2656581401824951,0.0
17,brightness_contrast,increased_contrast,"{""brightness"":1.0,""contrast"":1.5}",raw_softmax,,,,3,0.3,0.4,29.0,0.3682282197064367,0.2413793103448276
17,brightness_contrast,increased_contrast,"{""brightness"":1.0,""contrast"":1.5}",raw_softmax,,,,4,0.4,0.5,127.0,0.46092475540056005,0.4330708661417323
17,brightness_contrast,increased_contrast,"{""brightness"":1.0,""contrast"":1.5}",raw_softmax,,,,5,0.5,0.6,344.0,0.549833420923976,0.49709302325581395
17,brightness_contrast,increased_contrast,"{""brightness"":1.0,""contrast"":1.5}",raw_softmax,,,,6,0.6,0.7,411.0,0.6511468198467635,0.5742092457420924
17,brightness_contrast,increased_contrast,"{""brightness"":1.0,""contrast"":1.5}",raw_softmax,,,,7,0.7,0.8,466.0,0.7500944275712762,0.6587982832618026
17,brightness_contrast,increased_contrast,"{""brightness"":1.0,""contrast"":1.5}",raw_softmax,,,,8,0.8,0.9,631.0,0.8546692832902948,0.8050713153724247
17,brightness_contrast,increased_contrast,"{""brightness"":1.0,""contrast"":1.5}",raw_softmax,,,,9,0.9,1.0,7991.0,0.9913590700720953,0.9760981103741709
17,brightness_contrast,increased_contrast,"{""brightness"":1.0,""contrast"":1.5}",temperature_scaled,,,,0,0.0,0.1,0.0,,
17,brightness_contrast,increased_contrast,"{""brightness"":1.0,""contrast"":1.5}",temperature_scaled,,,,1,0.1,0.2,0.0,,
17,brightness_contrast,increased_contrast,"{""brightness"":1.0,""contrast"":1.5}",temperature_scaled,,,,2,0.2,0.3,7.0,0.27922447877270834,0.14285714285714285
17,brightness_contrast,increased_contrast,"{""brightness"":1.0,""contrast"":1.5}",temperature_scaled,,,,3,0.3,0.4,53.0,0.36907262397262286,0.2830188679245283
17,brightness_contrast,increased_contrast,"{""brightness"":1.0,""contrast"":1.5}",temperature_scaled,,,,4,0.4,0.5,187.0,0.4563882473637076,0.46524064171123
17,brightness_contrast,increased_contrast,"{""brightness"":1.0,""contrast"":1.5}",temperature_scaled,,,,5,0.5,0.6,475.0,0.5500978714541385,0.511578947368421
17,brightness_contrast,increased_contrast,"{""brightness"":1.0,""contrast"":1.5}",temperature_scaled,,,,6,0.6,0.7,516.0,0.6507576866898426,0.6317829457364341
17,brightness_contrast,increased_contrast,"{""brightness"":1.0,""contrast"":1.5}",temperature_scaled,,,,7,0.7,0.8,553.0,0.7528460952731196,0.7685352622061483
17,brightness_contrast,increased_contrast,"{""brightness"":1.0,""contrast"":1.5}",temperature_scaled,,,,8,0.8,0.9,732.0,0.8526990419365669,0.860655737704918
17,brightness_contrast,increased_contrast,"{""brightness"":1.0,""contrast"":1.5}",temperature_scaled,,,,9,0.9,1.0,7477.0,0.9890277826309332,0.9839507823993581
17,brightness_contrast,mild_brightness,"{""brightness"":0.8,""contrast"":1.0}",raw_softmax,,,,0,0.0,0.1,0.0,,
17,brightness_contrast,mild_brightness,"{""brightness"":0.8,""contrast"":1.0}",raw_softmax,,,,1,0.1,0.2,0.0,,
17,brightness_contrast,mild_brightness,"{""brightness"":0.8,""contrast"":1.0}",raw_softmax,,,,2,0.2,0.3,2.0,0.2803856134414673,0.5
17,brightness_contrast,mild_brightness,"{""brightness"":0.8,""contrast"":1.0}",raw_softmax,,,,3,0.3,0.4,47.0,0.36982729967604294,0.3829787234042553
17,brightness_contrast,mild_brightness,"{""brightness"":0.8,""contrast"":1.0}",raw_softmax,,,,4,0.4,0.5,197.0,0.45946082760234774,0.43147208121827413
17,brightness_contrast,mild_brightness,"{""brightness"":0.8,""contrast"":1.0}",raw_softmax,,,,5,0.5,0.6,384.0,0.5498137907125056,0.4895833333333333
17,brightness_contrast,mild_brightness,"{""brightness"":0.8,""contrast"":1.0}",raw_softmax,,,,6,0.6,0.7,445.0,0.6504939793200976,0.6359550561797753
17,brightness_contrast,mild_brightness,"{""brightness"":0.8,""contrast"":1.0}",raw_softmax,,,,7,0.7,0.8,482.0,0.7498584714915247,0.7136929460580913
17,brightness_contrast,mild_brightness,"{""brightness"":0.8,""contrast"":1.0}",raw_softmax,,,,8,0.8,0.9,665.0,0.8542347151534002,0.8345864661654135
17,brightness_contrast,mild_brightness,"{""brightness"":0.8,""contrast"":1.0}",raw_softmax,,,,9,0.9,1.0,7778.0,0.9901124291920852,0.9809719722293648
17,brightness_contrast,mild_brightness,"{""brightness"":0.8,""contrast"":1.0}",temperature_scaled,,,,0,0.0,0.1,0.0,,
17,brightness_contrast,mild_brightness,"{""brightness"":0.8,""contrast"":1.0}",temperature_scaled,,,,1,0.1,0.2,0.0,,
17,brightness_contrast,mild_brightness,"{""brightness"":0.8,""contrast"":1.0}",temperature_scaled,,,,2,0.2,0.3,5.0,0.28100882172584535,0.4
17,brightness_contrast,mild_brightness,"{""brightness"":0.8,""contrast"":1.0}",temperature_scaled,,,,3,0.3,0.4,102.0,0.36269042451007694,0.4215686274509804
17,brightness_contrast,mild_brightness,"{""brightness"":0.8,""contrast"":1.0}",temperature_scaled,,,,4,0.4,0.5,283.0,0.4571688671204732,0.4558303886925795
17,brightness_contrast,mild_brightness,"{""brightness"":0.8,""contrast"":1.0}",temperature_scaled,,,,5,0.5,0.6,522.0,0.5505373137664065,0.553639846743295
17,brightness_contrast,mild_brightness,"{""brightness"":0.8,""contrast"":1.0}",temperature_scaled,,,,6,0.6,0.7,512.0,0.6497235635761172,0.708984375
17,brightness_contrast,mild_brightness,"{""brightness"":0.8,""contrast"":1.0}",temperature_scaled,,,,7,0.7,0.8,593.0,0.7535251510686054,0.7976391231028668
17,brightness_contrast,mild_brightness,"{""brightness"":0.8,""contrast"":1.0}",temperature_scaled,,,,8,0.8,0.9,818.0,0.8545616355093884,0.8899755501222494
17,brightness_contrast,mild_brightness,"{""brightness"":0.8,""contrast"":1.0}",temperature_scaled,,,,9,0.9,1.0,7165.0,0.987419933667153,0.9877180739706909
17,brightness_contrast,strong_brightness,"{""brightness"":0.6,""contrast"":1.0}",raw_softmax,,,,0,0.0,0.1,0.0,,
17,brightness_contrast,strong_brightness,"{""brightness"":0.6,""contrast"":1.0}",raw_softmax,,,,1,0.1,0.2,0.0,,
17,brightness_contrast,strong_brightness,"{""brightness"":0.6,""contrast"":1.0}",raw_softmax,,,,2,0.2,0.3,8.0,0.27355364710092545,0.5
17,brightness_contrast,strong_brightness,"{""brightness"":0.6,""contrast"":1.0}",raw_softmax,,,,3,0.3,0.4,92.0,0.3636390262323877,0.2717391304347826
17,brightness_contrast,strong_brightness,"{""brightness"":0.6,""contrast"":1.0}",raw_softmax,,,,4,0.4,0.5,289.0,0.4596645765032323,0.4671280276816609
17,brightness_contrast,strong_brightness,"{""brightness"":0.6,""contrast"":1.0}",raw_softmax,,,,5,0.5,0.6,502.0,0.5486923906195211,0.5418326693227091
17,brightness_contrast,strong_brightness,"{""brightness"":0.6,""contrast"":1.0}",raw_softmax,,,,6,0.6,0.7,470.0,0.6474332753648149,0.6212765957446809
17,brightness_contrast,strong_brightness,"{""brightness"":0.6,""contrast"":1.0}",raw_softmax,,,,7,0.7,0.8,531.0,0.7518239801437392,0.696798493408663
17,brightness_contrast,strong_brightness,"{""brightness"":0.6,""contrast"":1.0}",raw_softmax,,,,8,0.8,0.9,739.0,0.854153516570028,0.8240866035182679
17,brightness_contrast,strong_brightness,"{""brightness"":0.6,""contrast"":1.0}",raw_softmax,,,,9,0.9,1.0,7369.0,0.989569029558593,0.9781517166508346
17,brightness_contrast,strong_brightness,"{""brightness"":0.6,""contrast"":1.0}",temperature_scaled,,,,0,0.0,0.1,0.0,,
17,brightness_contrast,strong_brightness,"{""brightness"":0.6,""contrast"":1.0}",temperature_scaled,,,,1,0.1,0.2,0.0,,
17,brightness_contrast,strong_brightness,"{""brightness"":0.6,""contrast"":1.0}",temperature_scaled,,,,2,0.2,0.3,23.0,0.27012062331904535,0.34782608695652173
17,brightness_contrast,strong_brightness,"{""brightness"":0.6,""contrast"":1.0}",temperature_scaled,,,,3,0.3,0.4,168.0,0.3597949759236404,0.3333333333333333
17,brightness_contrast,strong_brightness,"{""brightness"":0.6,""contrast"":1.0}",temperature_scaled,,,,4,0.4,0.5,411.0,0.45598428020222054,0.5279805352798054
17,brightness_contrast,strong_brightness,"{""brightness"":0.6,""contrast"":1.0}",temperature_scaled,,,,5,0.5,0.6,611.0,0.5485111894467068,0.5990180032733224
17,brightness_contrast,strong_brightness,"{""brightness"":0.6,""contrast"":1.0}",temperature_scaled,,,,6,0.6,0.7,565.0,0.6518154354222053,0.6654867256637168
17,brightness_contrast,strong_brightness,"{""brightness"":0.6,""contrast"":1.0}",temperature_scaled,,,,7,0.7,0.8,642.0,0.7513142500153954,0.7881619937694704
17,brightness_contrast,strong_brightness,"{""brightness"":0.6,""contrast"":1.0}",temperature_scaled,,,,8,0.8,0.9,856.0,0.8527413175624108,0.8843457943925234
17,brightness_contrast,strong_brightness,"{""brightness"":0.6,""contrast"":1.0}",temperature_scaled,,,,9,0.9,1.0,6724.0,0.98691836029628,0.985871505056514
17,class_imbalance,moderate,"{""majority_classes"":[0,1,8,9],""minority_fraction"":0.5}",raw_softmax,,,,0,0.0,0.1,0.0,,
17,class_imbalance,moderate,"{""majority_classes"":[0,1,8,9],""minority_fraction"":0.5}",raw_softmax,,,,1,0.1,0.2,0.0,,
17,class_imbalance,moderate,"{""majority_classes"":[0,1,8,9],""minority_fraction"":0.5}",raw_softmax,,,,2,0.2,0.3,1.0,0.29511064291000366,0.0
17,class_imbalance,moderate,"{""majority_classes"":[0,1,8,9],""minority_fraction"":0.5}",raw_softmax,,,,3,0.3,0.4,26.0,0.3675752534316136,0.19230769230769232
17,class_imbalance,moderate,"{""majority_classes"":[0,1,8,9],""minority_fraction"":0.5}",raw_softmax,,,,4,0.4,0.5,79.0,0.45539754515961756,0.4177215189873418
17,class_imbalance,moderate,"{""majority_classes"":[0,1,8,9],""minority_fraction"":0.5}",raw_softmax,,,,5,0.5,0.6,215.0,0.5489084202189778,0.46511627906976744
17,class_imbalance,moderate,"{""majority_classes"":[0,1,8,9],""minority_fraction"":0.5}",raw_softmax,,,,6,0.6,0.7,242.0,0.6512712641688417,0.6198347107438017
17,class_imbalance,moderate,"{""majority_classes"":[0,1,8,9],""minority_fraction"":0.5}",raw_softmax,,,,7,0.7,0.8,259.0,0.749712484223502,0.7027027027027027
17,class_imbalance,moderate,"{""majority_classes"":[0,1,8,9],""minority_fraction"":0.5}",raw_softmax,,,,8,0.8,0.9,391.0,0.8538061070930013,0.8005115089514067
17,class_imbalance,moderate,"{""majority_classes"":[0,1,8,9],""minority_fraction"":0.5}",raw_softmax,,,,9,0.9,1.0,5787.0,0.99206884075822,0.9839294971487818
17,class_imbalance,moderate,"{""majority_classes"":[0,1,8,9],""minority_fraction"":0.5}",temperature_scaled,,,,0,0.0,0.1,0.0,,
17,class_imbalance,moderate,"{""majority_classes"":[0,1,8,9],""minority_fraction"":0.5}",temperature_scaled,,,,1,0.1,0.2,0.0,,
17,class_imbalance,moderate,"{""majority_classes"":[0,1,8,9],""minority_fraction"":0.5}",temperature_scaled,,,,2,0.2,0.3,4.0,0.2842646613717079,0.0
17,class_imbalance,moderate,"{""majority_classes"":[0,1,8,9],""minority_fraction"":0.5}",temperature_scaled,,,,3,0.3,0.4,55.0,0.36630279801108623,0.2727272727272727
17,class_imbalance,moderate,"{""majority_classes"":[0,1,8,9],""minority_fraction"":0.5}",temperature_scaled,,,,4,0.4,0.5,129.0,0.46496648913206057,0.4728682170542636
17,class_imbalance,moderate,"{""majority_classes"":[0,1,8,9],""minority_fraction"":0.5}",temperature_scaled,,,,5,0.5,0.6,268.0,0.5519650585171002,0.4925373134328358
17,class_imbalance,moderate,"{""majority_classes"":[0,1,8,9],""minority_fraction"":0.5}",temperature_scaled,,,,6,0.6,0.7,293.0,0.6497999191691037,0.7030716723549488
17,class_imbalance,moderate,"{""majority_classes"":[0,1,8,9],""minority_fraction"":0.5}",temperature_scaled,,,,7,0.7,0.8,342.0,0.7540064569105182,0.7631578947368421
17,class_imbalance,moderate,"{""majority_classes"":[0,1,8,9],""minority_fraction"":0.5}",temperature_scaled,,,,8,0.8,0.9,470.0,0.8539119999459449,0.8936170212765957
17,class_imbalance,moderate,"{""majority_classes"":[0,1,8,9],""minority_fraction"":0.5}",temperature_scaled,,,,9,0.9,1.0,5439.0,0.9901529488306664,0.9895201323772752
17,class_imbalance,strong,"{""majority_classes"":[0,1,8,9],""minority_fraction"":0.2}",raw_softmax,,,,0,0.0,0.1,0.0,,
17,class_imbalance,strong,"{""majority_classes"":[0,1,8,9],""minority_fraction"":0.2}",raw_softmax,,,,1,0.1,0.2,0.0,,
17,class_imbalance,strong,"{""majority_classes"":[0,1,8,9],""minority_fraction"":0.2}",raw_softmax,,,,2,0.2,0.3,1.0,0.25718989968299866,0.0
17,class_imbalance,strong,"{""majority_classes"":[0,1,8,9],""minority_fraction"":0.2}",raw_softmax,,,,3,0.3,0.4,15.0,0.3668155531088511,0.13333333333333333
17,class_imbalance,strong,"{""majority_classes"":[0,1,8,9],""minority_fraction"":0.2}",raw_softmax,,,,4,0.4,0.5,45.0,0.45373532043563,0.37777777777777777
17,class_imbalance,strong,"{""majority_classes"":[0,1,8,9],""minority_fraction"":0.2}",raw_softmax,,,,5,0.5,0.6,128.0,0.547449438367039,0.4765625
17,class_imbalance,strong,"{""majority_classes"":[0,1,8,9],""minority_fraction"":0.2}",raw_softmax,,,,6,0.6,0.7,131.0,0.6520278758675088,0.648854961832061
17,class_imbalance,strong,"{""majority_classes"":[0,1,8,9],""minority_fraction"":0.2}",raw_softmax,,,,7,0.7,0.8,155.0,0.7499800862804535,0.7161290322580646
17,class_imbalance,strong,"{""majority_classes"":[0,1,8,9],""minority_fraction"":0.2}",raw_softmax,,,,8,0.8,0.9,235.0,0.8537138091756943,0.825531914893617
17,class_imbalance,strong,"{""majority_classes"":[0,1,8,9],""minority_fraction"":0.2}",raw_softmax,,,,9,0.9,1.0,4490.0,0.9935141253975823,0.9875278396436525
17,class_imbalance,strong,"{""majority_classes"":[0,1,8,9],""minority_fraction"":0.2}",temperature_scaled,,,,0,0.0,0.1,0.0,,
17,class_imbalance,strong,"{""majority_classes"":[0,1,8,9],""minority_fraction"":0.2}",temperature_scaled,,,,1,0.1,0.2,0.0,,
17,class_imbalance,strong,"{""majority_classes"":[0,1,8,9],""minority_fraction"":0.2}",temperature_scaled,,,,2,0.2,0.3,3.0,0.2663377771774928,0.0
17,class_imbalance,strong,"{""majority_classes"":[0,1,8,9],""minority_fraction"":0.2}",temperature_scaled,,,,3,0.3,0.4,33.0,0.36606265559340967,0.21212121212121213
17,class_imbalance,strong,"{""majority_classes"":[0,1,8,9],""minority_fraction"":0.2}",temperature_scaled,,,,4,0.4,0.5,75.0,0.46216469009717304,0.4266666666666667
17,class_imbalance,strong,"{""majority_classes"":[0,1,8,9],""minority_fraction"":0.2}",temperature_scaled,,,,5,0.5,0.6,152.0,0.5513345414870664,0.5460526315789473
17,class_imbalance,strong,"{""majority_classes"":[0,1,8,9],""minority_fraction"":0.2}",temperature_scaled,,,,6,0.6,0.7,163.0,0.6486481855983383,0.7177914110429447
17,class_imbalance,strong,"{""majority_classes"":[0,1,8,9],""minority_fraction"":0.2}",temperature_scaled,,,,7,0.7,0.8,210.0,0.7524442783423833,0.7952380952380952
17,class_imbalance,strong,"{""majority_classes"":[0,1,8,9],""minority_fraction"":0.2}",temperature_scaled,,,,8,0.8,0.9,298.0,0.8548023316684186,0.8959731543624161
17,class_imbalance,strong,"{""majority_classes"":[0,1,8,9],""minority_fraction"":0.2}",temperature_scaled,,,,9,0.9,1.0,4266.0,0.9921705332989431,0.9917955930614158
17,clean,clean,{},raw_softmax,,,,0,0.0,0.1,0.0,,
17,clean,clean,{},raw_softmax,,,,1,0.1,0.2,0.0,,
17,clean,clean,{},raw_softmax,,,,2,0.2,0.3,2.0,0.27615027129650116,0.0
17,clean,clean,{},raw_softmax,,,,3,0.3,0.4,36.0,0.3667866248223517,0.2777777777777778
17,clean,clean,{},raw_softmax,,,,4,0.4,0.5,134.0,0.45541642962107015,0.44776119402985076
17,clean,clean,{},raw_softmax,,,,5,0.5,0.6,368.0,0.5501275875646136,0.5081521739130435
17,clean,clean,{},raw_softmax,,,,6,0.6,0.7,388.0,0.650737376557183,0.6082474226804123
17,clean,clean,{},raw_softmax,,,,7,0.7,0.8,433.0,0.7497875452316937,0.7020785219399538
17,clean,clean,{},raw_softmax,,,,8,0.8,0.9,623.0,0.8540701279670814,0.7961476725521669
17,clean,clean,{},raw_softmax,,,,9,0.9,1.0,8016.0,0.9904415044271779,0.9804141716566867
17,clean,clean,{},temperature_scaled,,,,0,0.0,0.1,0.0,,
17,clean,clean,{},temperature_scaled,,,,1,0.1,0.2,0.0,,
17,clean,clean,{},temperature_scaled,,,,2,0.2,0.3,7.0,0.2771055889981134,0.2857142857142857
17,clean,clean,{},temperature_scaled,,,,3,0.3,0.4,81.0,0.36714732168633263,0.2962962962962963
17,clean,clean,{},temperature_scaled,,,,4,0.4,0.5,219.0,0.46200551643763504,0.4931506849315068
17,clean,clean,{},temperature_scaled,,,,5,0.5,0.6,451.0,0.5519074128895272,0.5388026607538803
17,clean,clean,{},temperature_scaled,,,,6,0.6,0.7,473.0,0.6484882859296577,0.6807610993657506
17,clean,clean,{},temperature_scaled,,,,7,0.7,0.8,551.0,0.7535351266012866,0.7695099818511797
17,clean,clean,{},temperature_scaled,,,,8,0.8,0.9,798.0,0.854489839465397,0.8759398496240601
17,clean,clean,{},temperature_scaled,,,,9,0.9,1.0,7420.0,0.9881686579104704,0.9878706199460916
17,gaussian_blur,medium,"{""sigma"":1.0}",raw_softmax,,,,0,0.0,0.1,0.0,,
17,gaussian_blur,medium,"{""sigma"":1.0}",raw_softmax,,,,1,0.1,0.2,2.0,0.19124286621809006,0.5
17,gaussian_blur,medium,"{""sigma"":1.0}",raw_softmax,,,,2,0.2,0.3,37.0,0.266329656984355,0.24324324324324326
17,gaussian_blur,medium,"{""sigma"":1.0}",raw_softmax,,,,3,0.3,0.4,253.0,0.35884009484245843,0.4031620553359684
17,gaussian_blur,medium,"{""sigma"":1.0}",raw_softmax,,,,4,0.4,0.5,539.0,0.4552537922735338,0.49907235621521334
17,gaussian_blur,medium,"{""sigma"":1.0}",raw_softmax,,,,5,0.5,0.6,755.0,0.5482598766585849,0.6291390728476821
17,gaussian_blur,medium,"{""sigma"":1.0}",raw_softmax,,,,6,0.6,0.7,743.0,0.6501369714576495,0.7254374158815612
17,gaussian_blur,medium,"{""sigma"":1.0}",raw_softmax,,,,7,0.7,0.8,899.0,0.750469010120239,0.8109010011123471
17,gaussian_blur,medium,"{""sigma"":1.0}",raw_softmax,,,,8,0.8,0.9,1110.0,0.8522819528708587,0.8900900900900901
17,gaussian_blur,medium,"{""sigma"":1.0}",raw_softmax,,,,9,0.9,1.0,5662.0,0.9815922732889674,0.9848110208406924
17,gaussian_blur,medium,"{""sigma"":1.0}",temperature_scaled,,,,0,0.0,0.1,0.0,,
17,gaussian_blur,medium,"{""sigma"":1.0}",temperature_scaled,,,,1,0.1,0.2,5.0,0.1836505800485611,0.2
17,gaussian_blur,medium,"{""sigma"":1.0}",temperature_scaled,,,,2,0.2,0.3,114.0,0.2707797852263116,0.30701754385964913
17,gaussian_blur,medium,"{""sigma"":1.0}",temperature_scaled,,,,3,0.3,0.4,412.0,0.3572017528044367,0.4733009708737864
17,gaussian_blur,medium,"{""sigma"":1.0}",temperature_scaled,,,,4,0.4,0.5,767.0,0.45189212668672535,0.5840938722294654
17,gaussian_blur,medium,"{""sigma"":1.0}",temperature_scaled,,,,5,0.5,0.6,922.0,0.5505595236952031,0.6919739696312365
17,gaussian_blur,medium,"{""sigma"":1.0}",temperature_scaled,,,,6,0.6,0.7,927.0,0.6496901640742856,0.8122977346278317
17,gaussian_blur,medium,"{""sigma"":1.0}",temperature_scaled,,,,7,0.7,0.8,1033.0,0.7519059449520831,0.8654404646660213
17,gaussian_blur,medium,"{""sigma"":1.0}",temperature_scaled,,,,8,0.8,0.9,1122.0,0.8528225334782864,0.948306595365419
17,gaussian_blur,medium,"{""sigma"":1.0}",temperature_scaled,,,,9,0.9,1.0,4698.0,0.976752988768923,0.9919114516815666
17,gaussian_blur,mild,"{""sigma"":0.5}",raw_softmax,,,,0,0.0,0.1,0.0,,
17,gaussian_blur,mild,"{""sigma"":0.5}",raw_softmax,,,,1,0.1,0.2,0.0,,
17,gaussian_blur,mild,"{""sigma"":0.5}",raw_softmax,,,,2,0.2,0.3,4.0,0.29289617389440536,0.5
17,gaussian_blur,mild,"{""sigma"":0.5}",raw_softmax,,,,3,0.3,0.4,66.0,0.3647281834573457,0.3333333333333333
17,gaussian_blur,mild,"{""sigma"":0.5}",raw_softmax,,,,4,0.4,0.5,189.0,0.46077272295951843,0.41798941798941797
17,gaussian_blur,mild,"{""sigma"":0.5}",raw_softmax,,,,5,0.5,0.6,424.0,0.5481429222338604,0.5683962264150944
17,gaussian_blur,mild,"{""sigma"":0.5}",raw_softmax,,,,6,0.6,0.7,425.0,0.6515002285732943,0.5976470588235294
17,gaussian_blur,mild,"{""sigma"":0.5}",raw_softmax,,,,7,0.7,0.8,520.0,0.753466309263156,0.7365384615384616
17,gaussian_blur,mild,"{""sigma"":0.5}",raw_softmax,,,,8,0.8,0.9,745.0,0.8551971293935839,0.825503355704698
17,gaussian_blur,mild,"{""sigma"":0.5}",raw_softmax,,,,9,0.9,1.0,7627.0,0.988886009487081,0.9841353087714698
17,gaussian_blur,mild,"{""sigma"":0.5}",temperature_scaled,,,,0,0.0,0.1,0.0,,
17,gaussian_blur,mild,"{""sigma"":0.5}",temperature_scaled,,,,1,0.1,0.2,0.0,,
17,gaussian_blur,mild,"{""sigma"":0.5}",temperature_scaled,,,,2,0.2,0.3,19.0,0.28103655262997274,0.5789473684210527
17,gaussian_blur,mild,"{""sigma"":0.5}",temperature_scaled,,,,3,0.3,0.4,101.0,0.36019116315511196,0.2871287128712871
17,gaussian_blur,mild,"{""sigma"":0.5}",temperature_scaled,,,,4,0.4,0.5,316.0,0.45739712320928333,0.5284810126582279
17,gaussian_blur,mild,"{""sigma"":0.5}",temperature_scaled,,,,5,0.5,0.6,502.0,0.5501532585497396,0.5657370517928287
17,gaussian_blur,mild,"{""sigma"":0.5}",temperature_scaled,,,,6,0.6,0.7,543.0,0.6514124857127995,0.7034990791896869
17,gaussian_blur,mild,"{""sigma"":0.5}",temperature_scaled,,,,7,0.7,0.8,654.0,0.751223558497356,0.7966360856269113
17,gaussian_blur,mild,"{""sigma"":0.5}",temperature_scaled,,,,8,0.8,0.9,915.0,0.8527145681485452,0.9038251366120219
17,gaussian_blur,mild,"{""sigma"":0.5}",temperature_scaled,,,,9,0.9,1.0,6950.0,0.9857395512508832,0.9900719424460431
17,gaussian_blur,strong,"{""sigma"":1.5}",raw_softmax,,,,0,0.0,0.1,0.0,,
17,gaussian_blur,strong,"{""sigma"":1.5}",raw_softmax,,,,1,0.1,0.2,5.0,0.19127777218818665,0.2
17,gaussian_blur,strong,"{""sigma"":1.5}",raw_softmax,,,,2,0.2,0.3,190.0,0.26749267091876583,0.4052631578947368
17,gaussian_blur,strong,"{""sigma"":1.5}",raw_softmax,,,,3,0.3,0.4,709.0,0.3556152534669814,0.44287729196050774
17,gaussian_blur,strong,"{""sigma"":1.5}",raw_softmax,,,,4,0.4,0.5,1050.0,0.45161185610862004,0.5228571428571429
17,gaussian_blur,strong,"{""sigma"":1.5}",raw_softmax,,,,5,0.5,0.6,1055.0,0.5490380303554625,0.6161137440758294
17,gaussian_blur,strong,"{""sigma"":1.5}",raw_softmax,,,,6,0.6,0.7,961.0,0.6488257146650745,0.7169614984391259
17,gaussian_blur,strong,"{""sigma"":1.5}",raw_softmax,,,,7,0.7,0.8,1040.0,0.7514534968023117,0.8394230769230769
17,gaussian_blur,strong,"{""sigma"":1.5}",raw_softmax,,,,8,0.8,0.9,1213.0,0.8529063674505348,0.8837592745259687
17,gaussian_blur,strong,"{""sigma"":1.5}",raw_softmax,,,,9,0.9,1.0,3777.0,0.9694292718435615,0.9772306063012973
17,gaussian_blur,strong,"{""sigma"":1.5}",temperature_scaled,,,,0,0.0,0.1,0.0,,
17,gaussian_blur,strong,"{""sigma"":1.5}",temperature_scaled,,,,1,0.1,0.2,19.0,0.1853530116771397,0.2631578947368421
17,gaussian_blur,strong,"{""sigma"":1.5}",temperature_scaled,,,,2,0.2,0.3,452.0,0.2646034774988626,0.4469026548672566
17,gaussian_blur,strong,"{""sigma"":1.5}",temperature_scaled,,,,3,0.3,0.4,1076.0,0.354222502822548,0.47304832713754646
17,gaussian_blur,strong,"{""sigma"":1.5}",temperature_scaled,,,,4,0.4,0.5,1258.0,0.44886415964658766,0.595389507154213
17,gaussian_blur,strong,"{""sigma"":1.5}",temperature_scaled,,,,5,0.5,0.6,1157.0,0.5483318945922621,0.7156439066551427
17,gaussian_blur,strong,"{""sigma"":1.5}",temperature_scaled,,,,6,0.6,0.7,1092.0,0.6486755524362836,0.825091575091575
17,gaussian_blur,strong,"{""sigma"":1.5}",temperature_scaled,,,,7,0.7,0.8,1034.0,0.7513210395895075,0.8820116054158608
17,gaussian_blur,strong,"{""sigma"":1.5}",temperature_scaled,,,,8,0.8,0.9,1295.0,0.8506201904712957,0.9467181467181467
17,gaussian_blur,strong,"{""sigma"":1.5}",temperature_scaled,,,,9,0.9,1.0,2617.0,0.9603417764923524,0.9873901413832633
17,gaussian_noise,medium,"{""std"":0.2}",raw_softmax,,,,0,0.0,0.1,0.0,,
17,gaussian_noise,medium,"{""std"":0.2}",raw_softmax,,,,1,0.1,0.2,0.0,,
17,gaussian_noise,medium,"{""std"":0.2}",raw_softmax,,,,2,0.2,0.3,8.0,0.28181399777531624,0.0
17,gaussian_noise,medium,"{""std"":0.2}",raw_softmax,,,,3,0.3,0.4,129.0,0.3602298357227976,0.3488372093023256
17,gaussian_noise,medium,"{""std"":0.2}",raw_softmax,,,,4,0.4,0.5,352.0,0.45853953215886245,0.3494318181818182
17,gaussian_noise,medium,"{""std"":0.2}",raw_softmax,,,,5,0.5,0.6,711.0,0.5508036165800778,0.4008438818565401
17,gaussian_noise,medium,"{""std"":0.2}",raw_softmax,,,,6,0.6,0.7,736.0,0.6491576326282128,0.40217391304347827
17,gaussian_noise,medium,"{""std"":0.2}",raw_softmax,,,,7,0.7,0.8,816.0,0.751929258452911,0.4534313725490196
17,gaussian_noise,medium,"{""std"":0.2}",raw_softmax,,,,8,0.8,0.9,1112.0,0.8552160566444877,0.45593525179856115
17,gaussian_noise,medium,"{""std"":0.2}",raw_softmax,,,,9,0.9,1.0,6136.0,0.9822973345528991,0.7781942633637549
17,gaussian_noise,medium,"{""std"":0.2}",temperature_scaled,,,,0,0.0,0.1,0.0,,
17,gaussian_noise,medium,"{""std"":0.2}",temperature_scaled,,,,1,0.1,0.2,0.0,,
17,gaussian_noise,medium,"{""std"":0.2}",temperature_scaled,,,,2,0.2,0.3,37.0,0.2788073456770665,0.16216216216216217
17,gaussian_noise,medium,"{""std"":0.2}",temperature_scaled,,,,3,0.3,0.4,232.0,0.35811485452898617,0.38362068965517243
17,gaussian_noise,medium,"{""std"":0.2}",temperature_scaled,,,,4,0.4,0.5,536.0,0.4567538012764347,0.3694029850746269
17,gaussian_noise,medium,"{""std"":0.2}",temperature_scaled,,,,5,0.5,0.6,939.0,0.5500195227618924,0.3919062832800852
17,gaussian_noise,medium,"{""std"":0.2}",temperature_scaled,,,,6,0.6,0.7,860.0,0.6515167488608249,0.43953488372093025
17,gaussian_noise,medium,"{""std"":0.2}",temperature_scaled,,,,7,0.7,0.8,977.0,0.751995274574022,0.46673490276356194
17,gaussian_noise,medium,"{""std"":0.2}",temperature_scaled,,,,8,0.8,0.9,1281.0,0.8520993725756572,0.516783762685402
17,gaussian_noise,medium,"{""std"":0.2}",temperature_scaled,,,,9,0.9,1.0,5138.0,0.9787675833808814,0.8260023355391203
17,gaussian_noise,mild,"{""std"":0.1}",raw_softmax,,,,0,0.0,0.1,0.0,,
17,gaussian_noise,mild,"{""std"":0.1}",raw_softmax,,,,1,0.1,0.2,0.0,,
17,gaussian_noise,mild,"{""std"":0.1}",raw_softmax,,,,2,0.2,0.3,6.0,0.2732841521501541,0.16666666666666666
17,gaussian_noise,mild,"{""std"":0.1}",raw_softmax,,,,3,0.3,0.4,69.0,0.369145100099453,0.2463768115942029
17,gaussian_noise,mild,"{""std"":0.1}",raw_softmax,,,,4,0.4,0.5,235.0,0.4628045788470735,0.37446808510638296
17,gaussian_noise,mild,"{""std"":0.1}",raw_softmax,,,,5,0.5,0.6,622.0,0.5502093337548124,0.5032154340836013
17,gaussian_noise,mild,"{""std"":0.1}",raw_softmax,,,,6,0.6,0.7,598.0,0.6519646460196645,0.5919732441471572
17,gaussian_noise,mild,"{""std"":0.1}",raw_softmax,,,,7,0.7,0.8,676.0,0.7508638362736392,0.6449704142011834
17,gaussian_noise,mild,"{""std"":0.1}",raw_softmax,,,,8,0.8,0.9,861.0,0.8530573624767077,0.7247386759581882
17,gaussian_noise,mild,"{""std"":0.1}",raw_softmax,,,,9,0.9,1.0,6933.0,0.9878768969042965,0.9635078609548536
17,gaussian_noise,mild,"{""std"":0.1}",temperature_scaled,,,,0,0.0,0.1,0.0,,
17,gaussian_noise,mild,"{""std"":0.1}",temperature_scaled,,,,1,0.1,0.2,0.0,,
17,gaussian_noise,mild,"{""std"":0.1}",temperature_scaled,,,,2,0.2,0.3,13.0,0.2610065432695242,0.23076923076923078
17,gaussian_noise,mild,"{""std"":0.1}",temperature_scaled,,,,3,0.3,0.4,120.0,0.3628243980308374,0.3
17,gaussian_noise,mild,"{""std"":0.1}",temperature_scaled,,,,4,0.4,0.5,389.0,0.45988983283619034,0.455012853470437
17,gaussian_noise,mild,"{""std"":0.1}",temperature_scaled,,,,5,0.5,0.6,753.0,0.5494292074465656,0.5351925630810093
17,gaussian_noise,mild,"{""std"":0.1}",temperature_scaled,,,,6,0.6,0.7,754.0,0.6508698945652585,0.6312997347480106
17,gaussian_noise,mild,"{""std"":0.1}",temperature_scaled,,,,7,0.7,0.8,779.0,0.7507090198213237,0.699614890885751
17,gaussian_noise,mild,"{""std"":0.1}",temperature_scaled,,,,8,0.8,0.9,981.0,0.8530694176419187,0.8012232415902141
17,gaussian_noise,mild,"{""std"":0.1}",temperature_scaled,,,,9,0.9,1.0,6211.0,0.9856251268221011,0.9800354210272098
17,gaussian_noise,strong,"{""std"":0.3}",raw_softmax,,,,0,0.0,0.1,0.0,,
17,gaussian_noise,strong,"{""std"":0.3}",raw_softmax,,,,1,0.1,0.2,0.0,,
17,gaussian_noise,strong,"{""std"":0.3}",raw_softmax,,,,2,0.2,0.3,3.0,0.28347162405649823,0.3333333333333333
17,gaussian_noise,strong,"{""std"":0.3}",raw_softmax,,,,3,0.3,0.4,57.0,0.3646624323568846,0.24561403508771928
17,gaussian_noise,strong,"{""std"":0.3}",raw_softmax,,,,4,0.4,0.5,217.0,0.45973389077296456,0.2995391705069124
17,gaussian_noise,strong,"{""std"":0.3}",raw_softmax,,,,5,0.5,0.6,646.0,0.5492717977094207,0.22910216718266255
17,gaussian_noise,strong,"{""std"":0.3}",raw_softmax,,,,6,0.6,0.7,634.0,0.6518889759617273,0.2807570977917981
17,gaussian_noise,strong,"{""std"":0.3}",raw_softmax,,,,7,0.7,0.8,758.0,0.7514233816424901,0.25857519788918204
17,gaussian_noise,strong,"{""std"":0.3}",raw_softmax,,,,8,0.8,0.9,1111.0,0.8540516143227138,0.24392439243924394
17,gaussian_noise,strong,"{""std"":0.3}",raw_softmax,,,,9,0.9,1.0,6574.0,0.9794457440123139,0.40006084575600853
17,gaussian_noise,strong,"{""std"":0.3}",temperature_scaled,,,,0,0.0,0.1,0.0,,
17,gaussian_noise,strong,"{""std"":0.3}",temperature_scaled,,,,1,0.1,0.2,0.0,,
17,gaussian_noise,strong,"{""std"":0.3}",temperature_scaled,,,,2,0.2,0.3,9.0,0.27755778200096554,0.3333333333333333
17,gaussian_noise,strong,"{""std"":0.3}",temperature_scaled,,,,3,0.3,0.4,121.0,0.36189898577603424,0.2975206611570248
17,gaussian_noise,strong,"{""std"":0.3}",temperature_scaled,,,,4,0.4,0.5,372.0,0.4616083960219096,0.239247311827957
17,gaussian_noise,strong,"{""std"":0.3}",temperature_scaled,,,,5,0.5,0.6,809.0,0.5480031976004319,0.26081582200247216
17,gaussian_noise,strong,"{""std"":0.3}",temperature_scaled,,,,6,0.6,0.7,820.0,0.6510809676676261,0.26707317073170733
17,gaussian_noise,strong,"{""std"":0.3}",temperature_scaled,,,,7,0.7,0.8,969.0,0.7524752889378276,0.2476780185758514
17,gaussian_noise,strong,"{""std"":0.3}",temperature_scaled,,,,8,0.8,0.9,1477.0,0.8538603991290243,0.24644549763033174
17,gaussian_noise,strong,"{""std"":0.3}",temperature_scaled,,,,9,0.9,1.0,5423.0,0.9732755366317817,0.43167988198414164
17,rotation,medium,"{""degrees"":20.0}",raw_softmax,,,,0,0.0,0.1,0.0,,
17,rotation,medium,"{""degrees"":20.0}",raw_softmax,,,,1,0.1,0.2,2.0,0.19007118791341782,0.0
17,rotation,medium,"{""degrees"":20.0}",raw_softmax,,,,2,0.2,0.3,94.0,0.2738343602482309,0.22340425531914893
17,rotation,medium,"{""degrees"":20.0}",raw_softmax,,,,3,0.3,0.4,603.0,0.3586240862534809,0.26533996683250416
17,rotation,medium,"{""degrees"":20.0}",raw_softmax,,,,4,0.4,0.5,1173.0,0.4541065621000015,0.2804774083546462
17,rotation,medium,"{""degrees"":20.0}",raw_softmax,,,,5,0.5,0.6,1375.0,0.5492822044545954,0.3330909090909091
17,rotation,medium,"{""degrees"":20.0}",raw_softmax,,,,6,0.6,0.7,1260.0,0.6493533617920346,0.35793650793650794
17,rotation,medium,"{""degrees"":20.0}",raw_softmax,,,,7,0.7,0.8,1123.0,0.7487056364677681,0.4238646482635797
17,rotation,medium,"{""degrees"":20.0}",raw_softmax,,,,8,0.8,0.9,1151.0,0.8503653289544696,0.47002606429192006
17,rotation,medium,"{""degrees"":20.0}",raw_softmax,,,,9,0.9,1.0,3219.0,0.9770261457744834,0.8077042559801181
17,rotation,medium,"{""degrees"":20.0}",temperature_scaled,,,,0,0.0,0.1,0.0,,
17,rotation,medium,"{""degrees"":20.0}",temperature_scaled,,,,1,0.1,0.2,4.0,0.18301120772957802,0.0
17,rotation,medium,"{""degrees"":20.0}",temperature_scaled,,,,2,0.2,0.3,246.0,0.27235844785847313,0.23983739837398374
17,rotation,medium,"{""degrees"":20.0}",temperature_scaled,,,,3,0.3,0.4,1037.0,0.35697459950396504,0.266152362584378
17,rotation,medium,"{""degrees"":20.0}",temperature_scaled,,,,4,0.4,0.5,1594.0,0.45170538742539273,0.30614805520702637
17,rotation,medium,"{""degrees"":20.0}",temperature_scaled,,,,5,0.5,0.6,1560.0,0.5483150671689938,0.35384615384615387
17,rotation,medium,"{""degrees"":20.0}",temperature_scaled,,,,6,0.6,0.7,1189.0,0.6478867369403951,0.41379310344827586
17,rotation,medium,"{""degrees"":20.0}",temperature_scaled,,,,7,0.7,0.8,1014.0,0.7484955337390862,0.48422090729783035
17,rotation,medium,"{""degrees"":20.0}",temperature_scaled,,,,8,0.8,0.9,885.0,0.8493546418550998,0.5728813559322034
17,rotation,medium,"{""degrees"":20.0}",temperature_scaled,,,,9,0.9,1.0,2471.0,0.9752700023446571,0.8785916632942129
17,rotation,mild,"{""degrees"":10.0}",raw_softmax,,,,0,0.0,0.1,0.0,,
17,rotation,mild,"{""degrees"":10.0}",raw_softmax,,,,1,0.1,0.2,0.0,,
17,rotation,mild,"{""degrees"":10.0}",raw_softmax,,,,2,0.2,0.3,24.0,0.27643332816660404,0.3333333333333333
17,rotation,mild,"{""degrees"":10.0}",raw_softmax,,,,3,0.3,0.4,226.0,0.3680330849854292,0.3805309734513274
17,rotation,mild,"{""degrees"":10.0}",raw_softmax,,,,4,0.4,0.5,569.0,0.45636449437359305,0.4797891036906854
17,rotation,mild,"{""degrees"":10.0}",raw_softmax,,,,5,0.5,0.6,854.0,0.5494806016217351,0.5761124121779859
17,rotation,mild,"{""degrees"":10.0}",raw_softmax,,,,6,0.6,0.7,813.0,0.6509414079151177,0.6445264452644527
17,rotation,mild,"{""degrees"":10.0}",raw_softmax,,,,7,0.7,0.8,847.0,0.7503285305981372,0.7497048406139315
17,rotation,mild,"{""degrees"":10.0}",raw_softmax,,,,8,0.8,0.9,1121.0,0.8505297069247549,0.8099910793933988
17,rotation,mild,"{""degrees"":10.0}",raw_softmax,,,,9,0.9,1.0,5546.0,0.9829117131607222,0.9799855751893256
17,rotation,mild,"{""degrees"":10.0}",temperature_scaled,,,,0,0.0,0.1,0.0,,
17,rotation,mild,"{""degrees"":10.0}",temperature_scaled,,,,1,0.1,0.2,0.0,,
17,rotation,mild,"{""degrees"":10.0}",temperature_scaled,,,,2,0.2,0.3,53.0,0.2695360045950368,0.2830188679245283
17,rotation,mild,"{""degrees"":10.0}",temperature_scaled,,,,3,0.3,0.4,402.0,0.3596028002043862,0.42039800995024873
17,rotation,mild,"{""degrees"":10.0}",temperature_scaled,,,,4,0.4,0.5,864.0,0.4536535826822122,0.5370370370370371
17,rotation,mild,"{""degrees"":10.0}",temperature_scaled,,,,5,0.5,0.6,1000.0,0.5495491353273392,0.621
17,rotation,mild,"{""degrees"":10.0}",temperature_scaled,,,,6,0.6,0.7,926.0,0.6498493204621465,0.7278617710583153
17,rotation,mild,"{""degrees"":10.0}",temperature_scaled,,,,7,0.7,0.8,1011.0,0.7502135245311862,0.8090999010880316
17,rotation,mild,"{""degrees"":10.0}",temperature_scaled,,,,8,0.8,0.9,1099.0,0.8517657398526727,0.9117379435850773
17,rotation,mild,"{""degrees"":10.0}",temperature_scaled,,,,9,0.9,1.0,4645.0,0.9811942381802364,0.9898815931108719
17,rotation,strong,"{""degrees"":30.0}",raw_softmax,,,,0,0.0,0.1,0.0,,
17,rotation,strong,"{""degrees"":30.0}",raw_softmax,,,,1,0.1,0.2,2.0,0.1829325407743454,0.0
17,rotation,strong,"{""degrees"":30.0}",raw_softmax,,,,2,0.2,0.3,150.0,0.2663682916760445,0.16
17,rotation,strong,"{""degrees"":30.0}",raw_softmax,,,,3,0.3,0.4,492.0,0.3577183538941833,0.22967479674796748
17,rotation,strong,"{""degrees"":30.0}",raw_softmax,,,,4,0.4,0.5,1042.0,0.45556811393451324,0.19193857965451055
17,rotation,strong,"{""degrees"":30.0}",raw_softmax,,,,5,0.5,0.6,1410.0,0.5500641341327775,0.20354609929078013
17,rotation,strong,"{""degrees"":30.0}",raw_softmax,,,,6,0.6,0.7,1331.0,0.6502893937879,0.21788129226145755
17,rotation,strong,"{""degrees"":30.0}",raw_softmax,,,,7,0.7,0.8,1268.0,0.7501220181349324,0.25157728706624605
17,rotation,strong,"{""degrees"":30.0}",raw_softmax,,,,8,0.8,0.9,1301.0,0.8502556991797058,0.3320522674865488
17,rotation,strong,"{""degrees"":30.0}",raw_softmax,,,,9,0.9,1.0,3004.0,0.9675923836096307,0.48868175765645805
17,rotation,strong,"{""degrees"":30.0}",temperature_scaled,,,,0,0.0,0.1,0.0,,
17,rotation,strong,"{""degrees"":30.0}",temperature_scaled,,,,1,0.1,0.2,13.0,0.18827812029765204,0.23076923076923078
17,rotation,strong,"{""degrees"":30.0}",temperature_scaled,,,,2,0.2,0.3,308.0,0.26317495412447234,0.2012987012987013
17,rotation,strong,"{""degrees"":30.0}",temperature_scaled,,,,3,0.3,0.4,884.0,0.3570470916469712,0.20135746606334842
17,rotation,strong,"{""degrees"":30.0}",temperature_scaled,,,,4,0.4,0.5,1526.0,0.45358557005072325,0.19724770642201836
17,rotation,strong,"{""degrees"":30.0}",temperature_scaled,,,,5,0.5,0.6,1664.0,0.5479533706003656,0.20973557692307693
17,rotation,strong,"{""degrees"":30.0}",temperature_scaled,,,,6,0.6,0.7,1309.0,0.6494185584387404,0.26814362108479756
17,rotation,strong,"{""degrees"":30.0}",temperature_scaled,,,,7,0.7,0.8,1164.0,0.7487243231117111,0.313573883161512
17,rotation,strong,"{""degrees"":30.0}",temperature_scaled,,,,8,0.8,0.9,1192.0,0.8521181949533072,0.36828859060402686
17,rotation,strong,"{""degrees"":30.0}",temperature_scaled,,,,9,0.9,1.0,1940.0,0.9638416498592219,0.5592783505154639
42,brightness_contrast,increased_contrast,"{""brightness"":1.0,""contrast"":1.5}",raw_softmax,,,,0,0.0,0.1,0.0,,
42,brightness_contrast,increased_contrast,"{""brightness"":1.0,""contrast"":1.5}",raw_softmax,,,,1,0.1,0.2,0.0,,
42,brightness_contrast,increased_contrast,"{""brightness"":1.0,""contrast"":1.5}",raw_softmax,,,,2,0.2,0.3,1.0,0.22194397449493408,0.0
42,brightness_contrast,increased_contrast,"{""brightness"":1.0,""contrast"":1.5}",raw_softmax,,,,3,0.3,0.4,51.0,0.3679964513170953,0.45098039215686275
42,brightness_contrast,increased_contrast,"{""brightness"":1.0,""contrast"":1.5}",raw_softmax,,,,4,0.4,0.5,167.0,0.45945709693931536,0.3772455089820359
42,brightness_contrast,increased_contrast,"{""brightness"":1.0,""contrast"":1.5}",raw_softmax,,,,5,0.5,0.6,428.0,0.5495592987983027,0.5397196261682243
42,brightness_contrast,increased_contrast,"{""brightness"":1.0,""contrast"":1.5}",raw_softmax,,,,6,0.6,0.7,434.0,0.6492879239644872,0.6059907834101382
42,brightness_contrast,increased_contrast,"{""brightness"":1.0,""contrast"":1.5}",raw_softmax,,,,7,0.7,0.8,477.0,0.7495914403997377,0.7044025157232704
42,brightness_contrast,increased_contrast,"{""brightness"":1.0,""contrast"":1.5}",raw_softmax,,,,8,0.8,0.9,622.0,0.8536256416625915,0.8247588424437299
42,brightness_contrast,increased_contrast,"{""brightness"":1.0,""contrast"":1.5}",raw_softmax,,,,9,0.9,1.0,7820.0,0.9907035237687933,0.9785166240409208
42,brightness_contrast,increased_contrast,"{""brightness"":1.0,""contrast"":1.5}",temperature_scaled,,,,0,0.0,0.1,0.0,,
42,brightness_contrast,increased_contrast,"{""brightness"":1.0,""contrast"":1.5}",temperature_scaled,,,,1,0.1,0.2,0.0,,
42,brightness_contrast,increased_contrast,"{""brightness"":1.0,""contrast"":1.5}",temperature_scaled,,,,2,0.2,0.3,3.0,0.2673247555891673,0.6666666666666666
42,brightness_contrast,increased_contrast,"{""brightness"":1.0,""contrast"":1.5}",temperature_scaled,,,,3,0.3,0.4,69.0,0.3629192373026972,0.4057971014492754
42,brightness_contrast,increased_contrast,"{""brightness"":1.0,""contrast"":1.5}",temperature_scaled,,,,4,0.4,0.5,209.0,0.45824420509155855,0.41626794258373206
42,brightness_contrast,increased_contrast,"{""brightness"":1.0,""contrast"":1.5}",temperature_scaled,,,,5,0.5,0.6,489.0,0.5500182073052919,0.5501022494887525
42,brightness_contrast,increased_contrast,"{""brightness"":1.0,""contrast"":1.5}",temperature_scaled,,,,6,0.6,0.7,500.0,0.6513814738988877,0.634
42,brightness_contrast,increased_contrast,"{""brightness"":1.0,""contrast"":1.5}",temperature_scaled,,,,7,0.7,0.8,499.0,0.750440993504916,0.7595190380761523
42,brightness_contrast,increased_contrast,"{""brightness"":1.0,""contrast"":1.5}",temperature_scaled,,,,8,0.8,0.9,698.0,0.8543925365609221,0.8538681948424068
42,brightness_contrast,increased_contrast,"{""brightness"":1.0,""contrast"":1.5}",temperature_scaled,,,,9,0.9,1.0,7533.0,0.989441892429128,0.9827425992300545
42,brightness_contrast,mild_brightness,"{""brightness"":0.8,""contrast"":1.0}",raw_softmax,,,,0,0.0,0.1,0.0,,
42,brightness_contrast,mild_brightness,"{""brightness"":0.8,""contrast"":1.0}",raw_softmax,,,,1,0.1,0.2,0.0,,
42,brightness_contrast,mild_brightness,"{""brightness"":0.8,""contrast"":1.0}",raw_softmax,,,,2,0.2,0.3,9.0,0.2830838726626502,0.2222222222222222
42,brightness_contrast,mild_brightness,"{""brightness"":0.8,""contrast"":1.0}",raw_softmax,,,,3,0.3,0.4,72.0,0.35980020297898185,0.2777777777777778
42,brightness_contrast,mild_brightness,"{""brightness"":0.8,""contrast"":1.0}",raw_softmax,,,,4,0.4,0.5,227.0,0.45716058827181744,0.4801762114537445
42,brightness_contrast,mild_brightness,"{""brightness"":0.8,""contrast"":1.0}",raw_softmax,,,,5,0.5,0.6,463.0,0.549686048123543,0.5658747300215983
42,brightness_contrast,mild_brightness,"{""brightness"":0.8,""contrast"":1.0}",raw_softmax,,,,6,0.6,0.7,501.0,0.649407848745525,0.6387225548902196
42,brightness_contrast,mild_brightness,"{""brightness"":0.8,""contrast"":1.0}",raw_softmax,,,,7,0.7,0.8,505.0,0.7497515503722842,0.7287128712871287
42,brightness_contrast,mild_brightness,"{""brightness"":0.8,""contrast"":1.0}",raw_softmax,,,,8,0.8,0.9,698.0,0.8560526936306995,0.8438395415472779
42,brightness_contrast,mild_brightness,"{""brightness"":0.8,""contrast"":1.0}",raw_softmax,,,,9,0.9,1.0,7525.0,0.989366938909423,0.9823255813953489
42,brightness_contrast,mild_brightness,"{""brightness"":0.8,""contrast"":1.0}",temperature_scaled,,,,0,0.0,0.1,0.0,,
42,brightness_contrast,mild_brightness,"{""brightness"":0.8,""contrast"":1.0}",temperature_scaled,,,,1,0.1,0.2,0.0,,
42,brightness_contrast,mild_brightness,"{""brightness"":0.8,""contrast"":1.0}",temperature_scaled,,,,2,0.2,0.3,15.0,0.2782852778832118,0.26666666666666666
42,brightness_contrast,mild_brightness,"{""brightness"":0.8,""contrast"":1.0}",temperature_scaled,,,,3,0.3,0.4,101.0,0.36064632517276424,0.31683168316831684
42,brightness_contrast,mild_brightness,"{""brightness"":0.8,""contrast"":1.0}",temperature_scaled,,,,4,0.4,0.5,284.0,0.45816098646798603,0.5105633802816901
42,brightness_contrast,mild_brightness,"{""brightness"":0.8,""contrast"":1.0}",temperature_scaled,,,,5,0.5,0.6,524.0,0.550271323960246,0.5629770992366412
42,brightness_contrast,mild_brightness,"{""brightness"":0.8,""contrast"":1.0}",temperature_scaled,,,,6,0.6,0.7,562.0,0.6489501237020798,0.6814946619217082
42,brightness_contrast,mild_brightness,"{""brightness"":0.8,""contrast"":1.0}",temperature_scaled,,,,7,0.7,0.8,530.0,0.7512348801459906,0.7716981132075472
42,brightness_contrast,mild_brightness,"{""brightness"":0.8,""contrast"":1.0}",temperature_scaled,,,,8,0.8,0.9,807.0,0.8555306154112834,0.8847583643122676
42,brightness_contrast,mild_brightness,"{""brightness"":0.8,""contrast"":1.0}",temperature_scaled,,,,9,0.9,1.0,7177.0,0.9880965252565078,0.9864846035948168
42,brightness_contrast,strong_brightness,"{""brightness"":0.6,""contrast"":1.0}",raw_softmax,,,,0,0.0,0.1,0.0,,
42,brightness_contrast,strong_brightness,"{""brightness"":0.6,""contrast"":1.0}",raw_softmax,,,,1,0.1,0.2,0.0,,
42,brightness_contrast,strong_brightness,"{""brightness"":0.6,""contrast"":1.0}",raw_softmax,,,,2,0.2,0.3,14.0,0.28636277999196735,0.42857142857142855
42,brightness_contrast,strong_brightness,"{""brightness"":0.6,""contrast"":1.0}",raw_softmax,,,,3,0.3,0.4,118.0,0.3639498461606139,0.3474576271186441
42,brightness_contrast,strong_brightness,"{""brightness"":0.6,""contrast"":1.0}",raw_softmax,,,,4,0.4,0.5,307.0,0.45752644169990714,0.4560260586319218
42,brightness_contrast,strong_brightness,"{""brightness"":0.6,""contrast"":1.0}",raw_softmax,,,,5,0.5,0.6,563.0,0.5505877188001602,0.5168738898756661
42,brightness_contrast,strong_brightness,"{""brightness"":0.6,""contrast"":1.0}",raw_softmax,,,,6,0.6,0.7,568.0,0.6515873390394198,0.6426056338028169
42,brightness_contrast,strong_brightness,"{""brightness"":0.6,""contrast"":1.0}",raw_softmax,,,,7,0.7,0.8,545.0,0.7497501679516714,0.6990825688073394
42,brightness_contrast,strong_brightness,"{""brightness"":0.6,""contrast"":1.0}",raw_softmax,,,,8,0.8,0.9,756.0,0.8520449700336608,0.8148148148148148
42,brightness_contrast,strong_brightness,"{""brightness"":0.6,""contrast"":1.0}",raw_softmax,,,,9,0.9,1.0,7129.0,0.9885572823623334,0.9786786365549165
42,brightness_contrast,strong_brightness,"{""brightness"":0.6,""contrast"":1.0}",temperature_scaled,,,,0,0.0,0.1,0.0,,
42,brightness_contrast,strong_brightness,"{""brightness"":0.6,""contrast"":1.0}",temperature_scaled,,,,1,0.1,0.2,0.0,,
42,brightness_contrast,strong_brightness,"{""brightness"":0.6,""contrast"":1.0}",temperature_scaled,,,,2,0.2,0.3,24.0,0.2794769449780385,0.375
42,brightness_contrast,strong_brightness,"{""brightness"":0.6,""contrast"":1.0}",temperature_scaled,,,,3,0.3,0.4,166.0,0.36281531295144415,0.37349397590361444
42,brightness_contrast,strong_brightness,"{""brightness"":0.6,""contrast"":1.0}",temperature_scaled,,,,4,0.4,0.5,379.0,0.45791156428784996,0.46437994722955145
42,brightness_contrast,strong_brightness,"{""brightness"":0.6,""contrast"":1.0}",temperature_scaled,,,,5,0.5,0.6,629.0,0.550567932083421,0.5564387917329093
42,brightness_contrast,strong_brightness,"{""brightness"":0.6,""contrast"":1.0}",temperature_scaled,,,,6,0.6,0.7,605.0,0.648145839793623,0.6743801652892562
42,brightness_contrast,strong_brightness,"{""brightness"":0.6,""contrast"":1.0}",temperature_scaled,,,,7,0.7,0.8,619.0,0.7524416958958344,0.7592891760904685
42,brightness_contrast,strong_brightness,"{""brightness"":0.6,""contrast"":1.0}",temperature_scaled,,,,8,0.8,0.9,810.0,0.8546372869132478,0.8419753086419753
42,brightness_contrast,strong_brightness,"{""brightness"":0.6,""contrast"":1.0}",temperature_scaled,,,,9,0.9,1.0,6768.0,0.9869233404438124,0.9840425531914894
42,class_imbalance,moderate,"{""majority_classes"":[0,1,8,9],""minority_fraction"":0.5}",raw_softmax,,,,0,0.0,0.1,0.0,,
42,class_imbalance,moderate,"{""majority_classes"":[0,1,8,9],""minority_fraction"":0.5}",raw_softmax,,,,1,0.1,0.2,0.0,,
42,class_imbalance,moderate,"{""majority_classes"":[0,1,8,9],""minority_fraction"":0.5}",raw_softmax,,,,2,0.2,0.3,2.0,0.28575755655765533,0.0
42,class_imbalance,moderate,"{""majority_classes"":[0,1,8,9],""minority_fraction"":0.5}",raw_softmax,,,,3,0.3,0.4,31.0,0.36579093048649447,0.3225806451612903
42,class_imbalance,moderate,"{""majority_classes"":[0,1,8,9],""minority_fraction"":0.5}",raw_softmax,,,,4,0.4,0.5,108.0,0.45949150483917306,0.4444444444444444
42,class_imbalance,moderate,"{""majority_classes"":[0,1,8,9],""minority_fraction"":0.5}",raw_softmax,,,,5,0.5,0.6,271.0,0.5503304347780797,0.5940959409594095
42,class_imbalance,moderate,"{""majority_classes"":[0,1,8,9],""minority_fraction"":0.5}",raw_softmax,,,,6,0.6,0.7,241.0,0.6510509230289222,0.6141078838174274
42,class_imbalance,moderate,"{""majority_classes"":[0,1,8,9],""minority_fraction"":0.5}",raw_softmax,,,,7,0.7,0.8,307.0,0.7502618740746564,0.7752442996742671
42,class_imbalance,moderate,"{""majority_classes"":[0,1,8,9],""minority_fraction"":0.5}",raw_softmax,,,,8,0.8,0.9,410.0,0.8541766362946208,0.8560975609756097
42,class_imbalance,moderate,"{""majority_classes"":[0,1,8,9],""minority_fraction"":0.5}",raw_softmax,,,,9,0.9,1.0,5630.0,0.9918417207089453,0.9856127886323268
42,class_imbalance,moderate,"{""majority_classes"":[0,1,8,9],""minority_fraction"":0.5}",temperature_scaled,,,,0,0.0,0.1,0.0,,
42,class_imbalance,moderate,"{""majority_classes"":[0,1,8,9],""minority_fraction"":0.5}",temperature_scaled,,,,1,0.1,0.2,0.0,,
42,class_imbalance,moderate,"{""majority_classes"":[0,1,8,9],""minority_fraction"":0.5}",temperature_scaled,,,,2,0.2,0.3,3.0,0.2776351769765218,0.0
42,class_imbalance,moderate,"{""majority_classes"":[0,1,8,9],""minority_fraction"":0.5}",temperature_scaled,,,,3,0.3,0.4,44.0,0.36045985330234875,0.36363636363636365
42,class_imbalance,moderate,"{""majority_classes"":[0,1,8,9],""minority_fraction"":0.5}",temperature_scaled,,,,4,0.4,0.5,136.0,0.45719003808848996,0.4632352941176471
42,class_imbalance,moderate,"{""majority_classes"":[0,1,8,9],""minority_fraction"":0.5}",temperature_scaled,,,,5,0.5,0.6,299.0,0.549523269452379,0.5919732441471572
42,class_imbalance,moderate,"{""majority_classes"":[0,1,8,9],""minority_fraction"":0.5}",temperature_scaled,,,,6,0.6,0.7,284.0,0.651835893031577,0.6830985915492958
42,class_imbalance,moderate,"{""majority_classes"":[0,1,8,9],""minority_fraction"":0.5}",temperature_scaled,,,,7,0.7,0.8,334.0,0.7497264937369409,0.8203592814371258
42,class_imbalance,moderate,"{""majority_classes"":[0,1,8,9],""minority_fraction"":0.5}",temperature_scaled,,,,8,0.8,0.9,459.0,0.8545356933068087,0.8714596949891068
42,class_imbalance,moderate,"{""majority_classes"":[0,1,8,9],""minority_fraction"":0.5}",temperature_scaled,,,,9,0.9,1.0,5441.0,0.9907450956952986,0.9889726153280647
42,class_imbalance,strong,"{""majority_classes"":[0,1,8,9],""minority_fraction"":0.2}",raw_softmax,,,,0,0.0,0.1,0.0,,
42,class_imbalance,strong,"{""majority_classes"":[0,1,8,9],""minority_fraction"":0.2}",raw_softmax,,,,1,0.1,0.2,0.0,,
42,class_imbalance,strong,"{""majority_classes"":[0,1,8,9],""minority_fraction"":0.2}",raw_softmax,,,,2,0.2,0.3,3.0,0.27158279716968536,0.0
42,class_imbalance,strong,"{""majority_classes"":[0,1,8,9],""minority_fraction"":0.2}",raw_softmax,,,,3,0.3,0.4,22.0,0.3626208129254254,0.3181818181818182
42,class_imbalance,strong,"{""majority_classes"":[0,1,8,9],""minority_fraction"":0.2}",raw_softmax,,,,4,0.4,0.5,66.0,0.45692517540671607,0.36363636363636365
42,class_imbalance,strong,"{""majority_classes"":[0,1,8,9],""minority_fraction"":0.2}",raw_softmax,,,,5,0.5,0.6,165.0,0.5493878068345965,0.6363636363636364
42,class_imbalance,strong,"{""majority_classes"":[0,1,8,9],""minority_fraction"":0.2}",raw_softmax,,,,6,0.6,0.7,164.0,0.6519554795288458,0.6219512195121951
42,class_imbalance,strong,"{""majority_classes"":[0,1,8,9],""minority_fraction"":0.2}",raw_softmax,,,,7,0.7,0.8,197.0,0.7515650043632779,0.7817258883248731
42,class_imbalance,strong,"{""majority_classes"":[0,1,8,9],""minority_fraction"":0.2}",raw_softmax,,,,8,0.8,0.9,251.0,0.8560887465913932,0.8605577689243028
42,class_imbalance,strong,"{""majority_classes"":[0,1,8,9],""minority_fraction"":0.2}",raw_softmax,,,,9,0.9,1.0,4332.0,0.9935575651687708,0.9875346260387812
42,class_imbalance,strong,"{""majority_classes"":[0,1,8,9],""minority_fraction"":0.2}",temperature_scaled,,,,0,0.0,0.1,0.0,,
42,class_imbalance,strong,"{""majority_classes"":[0,1,8,9],""minority_fraction"":0.2}",temperature_scaled,,,,1,0.1,0.2,0.0,,
42,class_imbalance,strong,"{""majority_classes"":[0,1,8,9],""minority_fraction"":0.2}",temperature_scaled,,,,2,0.2,0.3,4.0,0.266814898699522,0.0
42,class_imbalance,strong,"{""majority_classes"":[0,1,8,9],""minority_fraction"":0.2}",temperature_scaled,,,,3,0.3,0.4,32.0,0.36061583645641804,0.34375
42,class_imbalance,strong,"{""majority_classes"":[0,1,8,9],""minority_fraction"":0.2}",temperature_scaled,,,,4,0.4,0.5,78.0,0.45580850770840275,0.38461538461538464
42,class_imbalance,strong,"{""majority_classes"":[0,1,8,9],""minority_fraction"":0.2}",temperature_scaled,,,,5,0.5,0.6,181.0,0.5484940317454259,0.6298342541436464
42,class_imbalance,strong,"{""majority_classes"":[0,1,8,9],""minority_fraction"":0.2}",temperature_scaled,,,,6,0.6,0.7,199.0,0.6499057825486264,0.6884422110552764
42,class_imbalance,strong,"{""majority_classes"":[0,1,8,9],""minority_fraction"":0.2}",temperature_scaled,,,,7,0.7,0.8,201.0,0.7500838871619001,0.8208955223880597
42,class_imbalance,strong,"{""majority_classes"":[0,1,8,9],""minority_fraction"":0.2}",temperature_scaled,,,,8,0.8,0.9,290.0,0.8542295866999133,0.8620689655172413
42,class_imbalance,strong,"{""majority_classes"":[0,1,8,9],""minority_fraction"":0.2}",temperature_scaled,,,,9,0.9,1.0,4215.0,0.9927870791436373,0.9914590747330961
42,clean,clean,{},raw_softmax,,,,0,0.0,0.1,0.0,,
42,clean,clean,{},raw_softmax,,,,1,0.1,0.2,0.0,,
42,clean,clean,{},raw_softmax,,,,2,0.2,0.3,5.0,0.2698573678731918,0.0
42,clean,clean,{},raw_softmax,,,,3,0.3,0.4,53.0,0.36503813570400456,0.33962264150943394
42,clean,clean,{},raw_softmax,,,,4,0.4,0.5,179.0,0.459021073812879,0.4134078212290503
42,clean,clean,{},raw_softmax,,,,5,0.5,0.6,434.0,0.549732708299215,0.5829493087557603
42,clean,clean,{},raw_softmax,,,,6,0.6,0.7,414.0,0.6519022224030057,0.5966183574879227
42,clean,clean,{},raw_softmax,,,,7,0.7,0.8,509.0,0.7498022602442909,0.7524557956777996
42,clean,clean,{},raw_softmax,,,,8,0.8,0.9,650.0,0.855328085239117,0.8476923076923077
42,clean,clean,{},raw_softmax,,,,9,0.9,1.0,7756.0,0.990318962090897,0.982207323362558
42,clean,clean,{},temperature_scaled,,,,0,0.0,0.1,0.0,,
42,clean,clean,{},temperature_scaled,,,,1,0.1,0.2,0.0,,
42,clean,clean,{},temperature_scaled,,,,2,0.2,0.3,6.0,0.261656790971756,0.0
42,clean,clean,{},temperature_scaled,,,,3,0.3,0.4,76.0,0.3605957799836209,0.35526315789473684
42,clean,clean,{},temperature_scaled,,,,4,0.4,0.5,226.0,0.4583307955644827,0.4424778761061947
42,clean,clean,{},temperature_scaled,,,,5,0.5,0.6,475.0,0.5492009328541003,0.5747368421052632
42,clean,clean,{},temperature_scaled,,,,6,0.6,0.7,489.0,0.650820919219214,0.6646216768916156
42,clean,clean,{},temperature_scaled,,,,7,0.7,0.8,536.0,0.7486252361046735,0.792910447761194
42,clean,clean,{},temperature_scaled,,,,8,0.8,0.9,743.0,0.8548998661028424,0.8654104979811574
42,clean,clean,{},temperature_scaled,,,,9,0.9,1.0,7449.0,0.9889617727128975,0.9868438716606256
42,gaussian_blur,medium,"{""sigma"":1.0}",raw_softmax,,,,0,0.0,0.1,0.0,,
42,gaussian_blur,medium,"{""sigma"":1.0}",raw_softmax,,,,1,0.1,0.2,1.0,0.15684987604618073,0.0
42,gaussian_blur,medium,"{""sigma"":1.0}",raw_softmax,,,,2,0.2,0.3,47.0,0.2647832131132166,0.2978723404255319
42,gaussian_blur,medium,"{""sigma"":1.0}",raw_softmax,,,,3,0.3,0.4,277.0,0.3547510335806905,0.33574007220216606
42,gaussian_blur,medium,"{""sigma"":1.0}",raw_softmax,,,,4,0.4,0.5,555.0,0.4573553716814196,0.37657657657657656
42,gaussian_blur,medium,"{""sigma"":1.0}",raw_softmax,,,,5,0.5,0.6,827.0,0.5509877855717199,0.4365175332527207
42,gaussian_blur,medium,"{""sigma"":1.0}",raw_softmax,,,,6,0.6,0.7,874.0,0.6503687884223815,0.5697940503432495
42,gaussian_blur,medium,"{""sigma"":1.0}",raw_softmax,,,,7,0.7,0.8,861.0,0.7508180959022558,0.7166085946573751
42,gaussian_blur,medium,"{""sigma"":1.0}",raw_softmax,,,,8,0.8,0.9,1099.0,0.8518636605759118,0.8726114649681529
42,gaussian_blur,medium,"{""sigma"":1.0}",raw_softmax,,,,9,0.9,1.0,5459.0,0.9802367367310322,0.9749038285400257
42,gaussian_blur,medium,"{""sigma"":1.0}",temperature_scaled,,,,0,0.0,0.1,0.0,,
42,gaussian_blur,medium,"{""sigma"":1.0}",temperature_scaled,,,,1,0.1,0.2,3.0,0.18072615067164102,0.6666666666666666
42,gaussian_blur,medium,"{""sigma"":1.0}",temperature_scaled,,,,2,0.2,0.3,88.0,0.26976877180012787,0.26136363636363635
42,gaussian_blur,medium,"{""sigma"":1.0}",temperature_scaled,,,,3,0.3,0.4,362.0,0.355878629984118,0.3701657458563536
42,gaussian_blur,medium,"{""sigma"":1.0}",temperature_scaled,,,,4,0.4,0.5,684.0,0.45581016375830297,0.3845029239766082
42,gaussian_blur,medium,"{""sigma"":1.0}",temperature_scaled,,,,5,0.5,0.6,963.0,0.5497861356007347,0.4683281412253375
42,gaussian_blur,medium,"{""sigma"":1.0}",temperature_scaled,,,,6,0.6,0.7,912.0,0.6496783512595453,0.6513157894736842
42,gaussian_blur,medium,"{""sigma"":1.0}",temperature_scaled,,,,7,0.7,0.8,938.0,0.7510983407624495,0.802771855010661
42,gaussian_blur,medium,"{""sigma"":1.0}",temperature_scaled,,,,8,0.8,0.9,1125.0,0.8529839807086521,0.9031111111111111
42,gaussian_blur,medium,"{""sigma"":1.0}",temperature_scaled,,,,9,0.9,1.0,4925.0,0.9769404404296488,0.9821319796954314
42,gaussian_blur,mild,"{""sigma"":0.5}",raw_softmax,,,,0,0.0,0.1,0.0,,
42,gaussian_blur,mild,"{""sigma"":0.5}",raw_softmax,,,,1,0.1,0.2,0.0,,
42,gaussian_blur,mild,"{""sigma"":0.5}",raw_softmax,,,,2,0.2,0.3,12.0,0.2772584321598212,0.08333333333333333
42,gaussian_blur,mild,"{""sigma"":0.5}",raw_softmax,,,,3,0.3,0.4,103.0,0.36643072384075054,0.32038834951456313
42,gaussian_blur,mild,"{""sigma"":0.5}",raw_softmax,,,,4,0.4,0.5,245.0,0.45677773551065093,0.4775510204081633
42,gaussian_blur,mild,"{""sigma"":0.5}",raw_softmax,,,,5,0.5,0.6,526.0,0.5477472972053992,0.5437262357414449
42,gaussian_blur,mild,"{""sigma"":0.5}",raw_softmax,,,,6,0.6,0.7,452.0,0.6510726378291054,0.6747787610619469
42,gaussian_blur,mild,"{""sigma"":0.5}",raw_softmax,,,,7,0.7,0.8,516.0,0.7526048164266025,0.7538759689922481
42,gaussian_blur,mild,"{""sigma"":0.5}",raw_softmax,,,,8,0.8,0.9,769.0,0.8558178809901362,0.823146944083225
42,gaussian_blur,mild,"{""sigma"":0.5}",raw_softmax,,,,9,0.9,1.0,7377.0,0.988114398136943,0.9831909990511047
42,gaussian_blur,mild,"{""sigma"":0.5}",temperature_scaled,,,,0,0.0,0.1,0.0,,
42,gaussian_blur,mild,"{""sigma"":0.5}",temperature_scaled,,,,1,0.1,0.2,0.0,,
42,gaussian_blur,mild,"{""sigma"":0.5}",temperature_scaled,,,,2,0.2,0.3,18.0,0.2717055587304963,0.16666666666666666
42,gaussian_blur,mild,"{""sigma"":0.5}",temperature_scaled,,,,3,0.3,0.4,138.0,0.36272416533767315,0.3695652173913043
42,gaussian_blur,mild,"{""sigma"":0.5}",temperature_scaled,,,,4,0.4,0.5,323.0,0.4583301409479265,0.4674922600619195
42,gaussian_blur,mild,"{""sigma"":0.5}",temperature_scaled,,,,5,0.5,0.6,543.0,0.5465837441535725,0.572744014732965
42,gaussian_blur,mild,"{""sigma"":0.5}",temperature_scaled,,,,6,0.6,0.7,505.0,0.6482934732248288,0.7267326732673267
42,gaussian_blur,mild,"{""sigma"":0.5}",temperature_scaled,,,,7,0.7,0.8,593.0,0.7509296622887429,0.7774030354131535
42,gaussian_blur,mild,"{""sigma"":0.5}",temperature_scaled,,,,8,0.8,0.9,874.0,0.8545761021105593,0.8718535469107551
42,gaussian_blur,mild,"{""sigma"":0.5}",temperature_scaled,,,,9,0.9,1.0,7006.0,0.9864302605535179,0.9864401941193263
42,gaussian_blur,strong,"{""sigma"":1.5}",raw_softmax,,,,0,0.0,0.1,0.0,,
42,gaussian_blur,strong,"{""sigma"":1.5}",raw_softmax,,,,1,0.1,0.2,4.0,0.18378566578030586,0.25
42,gaussian_blur,strong,"{""sigma"":1.5}",raw_softmax,,,,2,0.2,0.3,117.0,0.269209747767856,0.2564102564102564
42,gaussian_blur,strong,"{""sigma"":1.5}",raw_softmax,,,,3,0.3,0.4,540.0,0.3595709259863253,0.2814814814814815
42,gaussian_blur,strong,"{""sigma"":1.5}",raw_softmax,,,,4,0.4,0.5,989.0,0.45440423154131826,0.3741152679474216
42,gaussian_blur,strong,"{""sigma"":1.5}",raw_softmax,,,,5,0.5,0.6,1346.0,0.5496450316321443,0.44799405646359586
42,gaussian_blur,strong,"{""sigma"":1.5}",raw_softmax,,,,6,0.6,0.7,1259.0,0.6482646676450613,0.5925337569499602
42,gaussian_blur,strong,"{""sigma"":1.5}",raw_softmax,,,,7,0.7,0.8,1097.0,0.7486779351286597,0.7784867821330902
42,gaussian_blur,strong,"{""sigma"":1.5}",raw_softmax,,,,8,0.8,0.9,1281.0,0.8533789464777843,0.8672911787665886
42,gaussian_blur,strong,"{""sigma"":1.5}",raw_softmax,,,,9,0.9,1.0,3367.0,0.9621134469407866,0.9655479655479655
42,gaussian_blur,strong,"{""sigma"":1.5}",temperature_scaled,,,,0,0.0,0.1,0.0,,
42,gaussian_blur,strong,"{""sigma"":1.5}",temperature_scaled,,,,1,0.1,0.2,7.0,0.18051332235336304,0.14285714285714285
42,gaussian_blur,strong,"{""sigma"":1.5}",temperature_scaled,,,,2,0.2,0.3,182.0,0.2660788688194621,0.24175824175824176
42,gaussian_blur,strong,"{""sigma"":1.5}",temperature_scaled,,,,3,0.3,0.4,754.0,0.3554490367914068,0.32360742705570295
42,gaussian_blur,strong,"{""sigma"":1.5}",temperature_scaled,,,,4,0.4,0.5,1290.0,0.45220208355160646,0.3829457364341085
42,gaussian_blur,strong,"{""sigma"":1.5}",temperature_scaled,,,,5,0.5,0.6,1469.0,0.5489766402176401,0.5085091899251192
42,gaussian_blur,strong,"{""sigma"":1.5}",temperature_scaled,,,,6,0.6,0.7,1203.0,0.6492023377347171,0.7182044887780549
42,gaussian_blur,strong,"{""sigma"":1.5}",temperature_scaled,,,,7,0.7,0.8,1052.0,0.7502807613901312,0.8250950570342205
42,gaussian_blur,strong,"{""sigma"":1.5}",temperature_scaled,,,,8,0.8,0.9,1415.0,0.8550503379043336,0.9060070671378092
42,gaussian_blur,strong,"{""sigma"":1.5}",temperature_scaled,,,,9,0.9,1.0,2628.0,0.9557853010872909,0.9794520547945206
42,gaussian_noise,medium,"{""std"":0.2}",raw_softmax,,,,0,0.0,0.1,0.0,,
42,gaussian_noise,medium,"{""std"":0.2}",raw_softmax,,,,1,0.1,0.2,0.0,,
42,gaussian_noise,medium,"{""std"":0.2}",raw_softmax,,,,2,0.2,0.3,12.0,0.26709697519739467,0.08333333333333333
42,gaussian_noise,medium,"{""std"":0.2}",raw_softmax,,,,3,0.3,0.4,161.0,0.3655031767691144,0.30434782608695654
42,gaussian_noise,medium,"{""std"":0.2}",raw_softmax,,,,4,0.4,0.5,487.0,0.45767459138707706,0.3860369609856263
42,gaussian_noise,medium,"{""std"":0.2}",raw_softmax,,,,5,0.5,0.6,979.0,0.550096389526488,0.4341164453524004
42,gaussian_noise,medium,"{""std"":0.2}",raw_softmax,,,,6,0.6,0.7,926.0,0.6493315644578337,0.45680345572354214
42,gaussian_noise,medium,"{""std"":0.2}",raw_softmax,,,,7,0.7,0.8,1009.0,0.7495019883065087,0.5232903865213082
42,gaussian_noise,medium,"{""std"":0.2}",raw_softmax,,,,8,0.8,0.9,1270.0,0.8516281791559355,0.6251968503937008
42,gaussian_noise,medium,"{""std"":0.2}",raw_softmax,,,,9,0.9,1.0,5156.0,0.9792986401552558,0.9061287820015516
42,gaussian_noise,medium,"{""std"":0.2}",temperature_scaled,,,,0,0.0,0.1,0.0,,
42,gaussian_noise,medium,"{""std"":0.2}",temperature_scaled,,,,1,0.1,0.2,0.0,,
42,gaussian_noise,medium,"{""std"":0.2}",temperature_scaled,,,,2,0.2,0.3,23.0,0.27032141387462616,0.21739130434782608
42,gaussian_noise,medium,"{""std"":0.2}",temperature_scaled,,,,3,0.3,0.4,238.0,0.36320275293678794,0.3403361344537815
42,gaussian_noise,medium,"{""std"":0.2}",temperature_scaled,,,,4,0.4,0.5,642.0,0.4580860676423783,0.37850467289719625
42,gaussian_noise,medium,"{""std"":0.2}",temperature_scaled,,,,5,0.5,0.6,1100.0,0.549353589036248,0.4409090909090909
42,gaussian_noise,medium,"{""std"":0.2}",temperature_scaled,,,,6,0.6,0.7,1060.0,0.6513717798691876,0.5009433962264151
42,gaussian_noise,medium,"{""std"":0.2}",temperature_scaled,,,,7,0.7,0.8,1082.0,0.7521627468785165,0.555452865064695
42,gaussian_noise,medium,"{""std"":0.2}",temperature_scaled,,,,8,0.8,0.9,1278.0,0.8525370753053955,0.6744913928012519
42,gaussian_noise,medium,"{""std"":0.2}",temperature_scaled,,,,9,0.9,1.0,4577.0,0.9777263714700957,0.933362464496395
42,gaussian_noise,mild,"{""std"":0.1}",raw_softmax,,,,0,0.0,0.1,0.0,,
42,gaussian_noise,mild,"{""std"":0.1}",raw_softmax,,,,1,0.1,0.2,0.0,,
42,gaussian_noise,mild,"{""std"":0.1}",raw_softmax,,,,2,0.2,0.3,6.0,0.2749742791056633,0.16666666666666666
42,gaussian_noise,mild,"{""std"":0.1}",raw_softmax,,,,3,0.3,0.4,85.0,0.3648521791486179,0.3411764705882353
42,gaussian_noise,mild,"{""std"":0.1}",raw_softmax,,,,4,0.4,0.5,314.0,0.4610861294968113,0.42038216560509556
42,gaussian_noise,mild,"{""std"":0.1}",raw_softmax,,,,5,0.5,0.6,653.0,0.5509028933132224,0.5237366003062787
42,gaussian_noise,mild,"{""std"":0.1}",raw_softmax,,,,6,0.6,0.7,706.0,0.6487812100152456,0.5892351274787535
42,gaussian_noise,mild,"{""std"":0.1}",raw_softmax,,,,7,0.7,0.8,737.0,0.7509609494798057,0.6757123473541384
42,gaussian_noise,mild,"{""std"":0.1}",raw_softmax,,,,8,0.8,0.9,851.0,0.8514490990465032,0.8166862514688602
42,gaussian_noise,mild,"{""std"":0.1}",raw_softmax,,,,9,0.9,1.0,6648.0,0.9873835517073366,0.9808965102286402
42,gaussian_noise,mild,"{""std"":0.1}",temperature_scaled,,,,0,0.0,0.1,0.0,,
42,gaussian_noise,mild,"{""std"":0.1}",temperature_scaled,,,,1,0.1,0.2,0.0,,
42,gaussian_noise,mild,"{""std"":0.1}",temperature_scaled,,,,2,0.2,0.3,15.0,0.27696028848489124,0.2
42,gaussian_noise,mild,"{""std"":0.1}",temperature_scaled,,,,3,0.3,0.4,112.0,0.3649958318897656,0.36607142857142855
42,gaussian_noise,mild,"{""std"":0.1}",temperature_scaled,,,,4,0.4,0.5,381.0,0.4568601479054749,0.4304461942257218
42,gaussian_noise,mild,"{""std"":0.1}",temperature_scaled,,,,5,0.5,0.6,788.0,0.5501920636837858,0.5406091370558376
42,gaussian_noise,mild,"{""std"":0.1}",temperature_scaled,,,,6,0.6,0.7,770.0,0.6498376480170659,0.6155844155844156
42,gaussian_noise,mild,"{""std"":0.1}",temperature_scaled,,,,7,0.7,0.8,765.0,0.7503525577339472,0.7477124183006536
42,gaussian_noise,mild,"{""std"":0.1}",temperature_scaled,,,,8,0.8,0.9,939.0,0.8534131239270504,0.8434504792332268
42,gaussian_noise,mild,"{""std"":0.1}",temperature_scaled,,,,9,0.9,1.0,6230.0,0.9868576206422349,0.9890850722311396
42,gaussian_noise,strong,"{""std"":0.3}",raw_softmax,,,,0,0.0,0.1,0.0,,
42,gaussian_noise,strong,"{""std"":0.3}",raw_softmax,,,,1,0.1,0.2,0.0,,
42,gaussian_noise,strong,"{""std"":0.3}",raw_softmax,,,,2,0.2,0.3,15.0,0.2789997041225433,0.2
42,gaussian_noise,strong,"{""std"":0.3}",raw_softmax,,,,3,0.3,0.4,144.0,0.3668961301445961,0.25
42,gaussian_noise,strong,"{""std"":0.3}",raw_softmax,,,,4,0.4,0.5,559.0,0.4571606490181256,0.26833631484794274
42,gaussian_noise,strong,"{""std"":0.3}",raw_softmax,,,,5,0.5,0.6,942.0,0.549809716815908,0.25583864118895966
42,gaussian_noise,strong,"{""std"":0.3}",raw_softmax,,,,6,0.6,0.7,950.0,0.6505302926741149,0.2736842105263158
42,gaussian_noise,strong,"{""std"":0.3}",raw_softmax,,,,7,0.7,0.8,1196.0,0.7524420350889697,0.29431438127090304
42,gaussian_noise,strong,"{""std"":0.3}",raw_softmax,,,,8,0.8,0.9,1644.0,0.8527370592320922,0.2980535279805353
42,gaussian_noise,strong,"{""std"":0.3}",raw_softmax,,,,9,0.9,1.0,4550.0,0.9683314296701452,0.5446153846153846
42,gaussian_noise,strong,"{""std"":0.3}",temperature_scaled,,,,0,0.0,0.1,0.0,,
42,gaussian_noise,strong,"{""std"":0.3}",temperature_scaled,,,,1,0.1,0.2,0.0,,
42,gaussian_noise,strong,"{""std"":0.3}",temperature_scaled,,,,2,0.2,0.3,22.0,0.27514042434367264,0.22727272727272727
42,gaussian_noise,strong,"{""std"":0.3}",temperature_scaled,,,,3,0.3,0.4,238.0,0.3683264140321427,0.25630252100840334
42,gaussian_noise,strong,"{""std"":0.3}",temperature_scaled,,,,4,0.4,0.5,711.0,0.4572525213036356,0.2616033755274262
42,gaussian_noise,strong,"{""std"":0.3}",temperature_scaled,,,,5,0.5,0.6,1061.0,0.5495273926480552,0.2573044297832234
42,gaussian_noise,strong,"{""std"":0.3}",temperature_scaled,,,,6,0.6,0.7,1115.0,0.6514299851896517,0.28878923766816145
42,gaussian_noise,strong,"{""std"":0.3}",temperature_scaled,,,,7,0.7,0.8,1379.0,0.7518635971378468,0.27991298042059465
42,gaussian_noise,strong,"{""std"":0.3}",temperature_scaled,,,,8,0.8,0.9,1721.0,0.8532034747826367,0.3410807669959326
42,gaussian_noise,strong,"{""std"":0.3}",temperature_scaled,,,,9,0.9,1.0,3753.0,0.9645292365547818,0.583533173461231
42,rotation,medium,"{""degrees"":20.0}",raw_softmax,,,,0,0.0,0.1,0.0,,
42,rotation,medium,"{""degrees"":20.0}",raw_softmax,,,,1,0.1,0.2,13.0,0.1872674203836001,0.15384615384615385
42,rotation,medium,"{""degrees"":20.0}",raw_softmax,,,,2,0.2,0.3,559.0,0.2647866735198203,0.22361359570661896
42,rotation,medium,"{""degrees"":20.0}",raw_softmax,,,,3,0.3,0.4,1234.0,0.35292355358793825,0.24554294975688817
42,rotation,medium,"{""degrees"":20.0}",raw_softmax,,,,4,0.4,0.5,1333.0,0.45075333487334684,0.2895723930982746
42,rotation,medium,"{""degrees"":20.0}",raw_softmax,,,,5,0.5,0.6,1214.0,0.5485206401033889,0.3970345963756178
42,rotation,medium,"{""degrees"":20.0}",raw_softmax,,,,6,0.6,0.7,982.0,0.6487368897605088,0.4847250509164969
42,rotation,medium,"{""degrees"":20.0}",raw_softmax,,,,7,0.7,0.8,978.0,0.7493185766026043,0.5787321063394683
42,rotation,medium,"{""degrees"":20.0}",raw_softmax,,,,8,0.8,0.9,968.0,0.8483413708480921,0.6973140495867769
42,rotation,medium,"{""degrees"":20.0}",raw_softmax,,,,9,0.9,1.0,2719.0,0.9750469878957131,0.910261125413755
42,rotation,medium,"{""degrees"":20.0}",temperature_scaled,,,,0,0.0,0.1,0.0,,
42,rotation,medium,"{""degrees"":20.0}",temperature_scaled,,,,1,0.1,0.2,23.0,0.1859838755234428,0.13043478260869565
42,rotation,medium,"{""degrees"":20.0}",temperature_scaled,,,,2,0.2,0.3,778.0,0.2618643871692888,0.2210796915167095
42,rotation,medium,"{""degrees"":20.0}",temperature_scaled,,,,3,0.3,0.4,1408.0,0.35110440939156845,0.2528409090909091
42,rotation,medium,"{""degrees"":20.0}",temperature_scaled,,,,4,0.4,0.5,1411.0,0.44914264407756055,0.330970942593905
42,rotation,medium,"{""degrees"":20.0}",temperature_scaled,,,,5,0.5,0.6,1224.0,0.5479289640982946,0.43790849673202614
42,rotation,medium,"{""degrees"":20.0}",temperature_scaled,,,,6,0.6,0.7,1016.0,0.6497212620232049,0.5206692913385826
42,rotation,medium,"{""degrees"":20.0}",temperature_scaled,,,,7,0.7,0.8,949.0,0.7492686553423472,0.631190727081138
42,rotation,medium,"{""degrees"":20.0}",temperature_scaled,,,,8,0.8,0.9,849.0,0.8516039007263273,0.7608951707891637
42,rotation,medium,"{""degrees"":20.0}",temperature_scaled,,,,9,0.9,1.0,2342.0,0.9729559463786834,0.9316823228010248
42,rotation,mild,"{""degrees"":10.0}",raw_softmax,,,,0,0.0,0.1,0.0,,
42,rotation,mild,"{""degrees"":10.0}",raw_softmax,,,,1,0.1,0.2,0.0,,
42,rotation,mild,"{""degrees"":10.0}",raw_softmax,,,,2,0.2,0.3,50.0,0.2694870290160179,0.38
42,rotation,mild,"{""degrees"":10.0}",raw_softmax,,,,3,0.3,0.4,438.0,0.3600183300776024,0.4178082191780822
42,rotation,mild,"{""degrees"":10.0}",raw_softmax,,,,4,0.4,0.5,795.0,0.454038194103061,0.5220125786163522
42,rotation,mild,"{""degrees"":10.0}",raw_softmax,,,,5,0.5,0.6,961.0,0.5497600855489924,0.6555671175858481
42,rotation,mild,"{""degrees"":10.0}",raw_softmax,,,,6,0.6,0.7,786.0,0.6480178817841237,0.7353689567430025
42,rotation,mild,"{""degrees"":10.0}",raw_softmax,,,,7,0.7,0.8,726.0,0.7513187782987747,0.7644628099173554
42,rotation,mild,"{""degrees"":10.0}",raw_softmax,,,,8,0.8,0.9,822.0,0.8540540112776188,0.851581508515815
42,rotation,mild,"{""degrees"":10.0}",raw_softmax,,,,9,0.9,1.0,5422.0,0.985404627640192,0.982663223902619
42,rotation,mild,"{""degrees"":10.0}",temperature_scaled,,,,0,0.0,0.1,0.0,,
42,rotation,mild,"{""degrees"":10.0}",temperature_scaled,,,,1,0.1,0.2,1.0,0.19707484543323517,0.0
42,rotation,mild,"{""degrees"":10.0}",temperature_scaled,,,,2,0.2,0.3,91.0,0.27156048178017794,0.4065934065934066
42,rotation,mild,"{""degrees"":10.0}",temperature_scaled,,,,3,0.3,0.4,574.0,0.35904004313181503,0.42160278745644597
42,rotation,mild,"{""degrees"":10.0}",temperature_scaled,,,,4,0.4,0.5,935.0,0.45325893055308947,0.5893048128342246
42,rotation,mild,"{""degrees"":10.0}",temperature_scaled,,,,5,0.5,0.6,1006.0,0.5476774448310404,0.6699801192842942
42,rotation,mild,"{""degrees"":10.0}",temperature_scaled,,,,6,0.6,0.7,770.0,0.6491327841560562,0.7454545454545455
42,rotation,mild,"{""degrees"":10.0}",temperature_scaled,,,,7,0.7,0.8,712.0,0.7486728211299757,0.8047752808988764
42,rotation,mild,"{""degrees"":10.0}",temperature_scaled,,,,8,0.8,0.9,885.0,0.851946825496221,0.9005649717514125
42,rotation,mild,"{""degrees"":10.0}",temperature_scaled,,,,9,0.9,1.0,5026.0,0.9840736248034953,0.9868682849184242
42,rotation,strong,"{""degrees"":30.0}",raw_softmax,,,,0,0.0,0.1,0.0,,
42,rotation,strong,"{""degrees"":30.0}",raw_softmax,,,,1,0.1,0.2,30.0,0.18814149796962737,0.26666666666666666
42,rotation,strong,"{""degrees"":30.0}",raw_softmax,,,,2,0.2,0.3,690.0,0.2638685036180676,0.2217391304347826
42,rotation,strong,"{""degrees"":30.0}",raw_softmax,,,,3,0.3,0.4,1547.0,0.3534589728849814,0.19457013574660634
42,rotation,strong,"{""degrees"":30.0}",raw_softmax,,,,4,0.4,0.5,1914.0,0.450533259702825,0.2335423197492163
42,rotation,strong,"{""degrees"":30.0}",raw_softmax,,,,5,0.5,0.6,1514.0,0.5481435658515996,0.29788639365918096
42,rotation,strong,"{""degrees"":30.0}",raw_softmax,,,,6,0.6,0.7,1028.0,0.6465388832737036,0.3404669260700389
42,rotation,strong,"{""degrees"":30.0}",raw_softmax,,,,7,0.7,0.8,854.0,0.7472174317691589,0.39695550351288056
42,rotation,strong,"{""degrees"":30.0}",raw_softmax,,,,8,0.8,0.9,808.0,0.8501141900473302,0.46905940594059403
42,rotation,strong,"{""degrees"":30.0}",raw_softmax,,,,9,0.9,1.0,1615.0,0.9727834896037453,0.6526315789473685
42,rotation,strong,"{""degrees"":30.0}",temperature_scaled,,,,0,0.0,0.1,0.0,,
42,rotation,strong,"{""degrees"":30.0}",temperature_scaled,,,,1,0.1,0.2,50.0,0.1852625399827957,0.26
42,rotation,strong,"{""degrees"":30.0}",temperature_scaled,,,,2,0.2,0.3,972.0,0.2610661534308897,0.21810699588477367
42,rotation,strong,"{""degrees"":30.0}",temperature_scaled,,,,3,0.3,0.4,1844.0,0.3514029202809044,0.19468546637744036
42,rotation,strong,"{""degrees"":30.0}",temperature_scaled,,,,4,0.4,0.5,2002.0,0.4471100868729802,0.2547452547452547
42,rotation,strong,"{""degrees"":30.0}",temperature_scaled,,,,5,0.5,0.6,1412.0,0.54590268230472,0.3264872521246459
42,rotation,strong,"{""degrees"":30.0}",temperature_scaled,,,,6,0.6,0.7,959.0,0.6491959138508261,0.36287799791449427
42,rotation,strong,"{""degrees"":30.0}",temperature_scaled,,,,7,0.7,0.8,752.0,0.749471173245222,0.46143617021276595
42,rotation,strong,"{""degrees"":30.0}",temperature_scaled,,,,8,0.8,0.9,682.0,0.8483512511700829,0.4574780058651026
42,rotation,strong,"{""degrees"":30.0}",temperature_scaled,,,,9,0.9,1.0,1327.0,0.9733639030233755,0.693293142426526
73,brightness_contrast,increased_contrast,"{""brightness"":1.0,""contrast"":1.5}",raw_softmax,,,,0,0.0,0.1,0.0,,
73,brightness_contrast,increased_contrast,"{""brightness"":1.0,""contrast"":1.5}",raw_softmax,,,,1,0.1,0.2,0.0,,
73,brightness_contrast,increased_contrast,"{""brightness"":1.0,""contrast"":1.5}",raw_softmax,,,,2,0.2,0.3,4.0,0.2562496066093445,0.0
73,brightness_contrast,increased_contrast,"{""brightness"":1.0,""contrast"":1.5}",raw_softmax,,,,3,0.3,0.4,35.0,0.3702519289084843,0.3142857142857143
73,brightness_contrast,increased_contrast,"{""brightness"":1.0,""contrast"":1.5}",raw_softmax,,,,4,0.4,0.5,117.0,0.4549986651310554,0.4444444444444444
73,brightness_contrast,increased_contrast,"{""brightness"":1.0,""contrast"":1.5}",raw_softmax,,,,5,0.5,0.6,347.0,0.5504190095563444,0.5244956772334294
73,brightness_contrast,increased_contrast,"{""brightness"":1.0,""contrast"":1.5}",raw_softmax,,,,6,0.6,0.7,327.0,0.6548654827138335,0.617737003058104
73,brightness_contrast,increased_contrast,"{""brightness"":1.0,""contrast"":1.5}",raw_softmax,,,,7,0.7,0.8,418.0,0.75161119012171,0.6818181818181818
73,brightness_contrast,increased_contrast,"{""brightness"":1.0,""contrast"":1.5}",raw_softmax,,,,8,0.8,0.9,514.0,0.8553055112000105,0.7529182879377432
73,brightness_contrast,increased_contrast,"{""brightness"":1.0,""contrast"":1.5}",raw_softmax,,,,9,0.9,1.0,8238.0,0.9927284540004827,0.9742655984462248
73,brightness_contrast,increased_contrast,"{""brightness"":1.0,""contrast"":1.5}",temperature_scaled,,,,0,0.0,0.1,0.0,,
73,brightness_contrast,increased_contrast,"{""brightness"":1.0,""contrast"":1.5}",temperature_scaled,,,,1,0.1,0.2,1.0,0.18079552054405212,0.0
73,brightness_contrast,increased_contrast,"{""brightness"":1.0,""contrast"":1.5}",temperature_scaled,,,,2,0.2,0.3,8.0,0.2743334788829088,0.0
73,brightness_contrast,increased_contrast,"{""brightness"":1.0,""contrast"":1.5}",temperature_scaled,,,,3,0.3,0.4,79.0,0.3643754052964947,0.3670886075949367
73,brightness_contrast,increased_contrast,"{""brightness"":1.0,""contrast"":1.5}",temperature_scaled,,,,4,0.4,0.5,200.0,0.45748836666345594,0.445
73,brightness_contrast,increased_contrast,"{""brightness"":1.0,""contrast"":1.5}",temperature_scaled,,,,5,0.5,0.6,443.0,0.5489441768579505,0.6162528216704289
73,brightness_contrast,increased_contrast,"{""brightness"":1.0,""contrast"":1.5}",temperature_scaled,,,,6,0.6,0.7,464.0,0.6494659795586405,0.6443965517241379
73,brightness_contrast,increased_contrast,"{""brightness"":1.0,""contrast"":1.5}",temperature_scaled,,,,7,0.7,0.8,503.0,0.7509639413645917,0.7435387673956262
73,brightness_contrast,increased_contrast,"{""brightness"":1.0,""contrast"":1.5}",temperature_scaled,,,,8,0.8,0.9,681.0,0.8544661988245759,0.8487518355359766
73,brightness_contrast,increased_contrast,"{""brightness"":1.0,""contrast"":1.5}",temperature_scaled,,,,9,0.9,1.0,7621.0,0.9900644559698176,0.9845164676551633
73,brightness_contrast,mild_brightness,"{""brightness"":0.8,""contrast"":1.0}",raw_softmax,,,,0,0.0,0.1,0.0,,
73,brightness_contrast,mild_brightness,"{""brightness"":0.8,""contrast"":1.0}",raw_softmax,,,,1,0.1,0.2,1.0,0.19792300462722778,0.0
73,brightness_contrast,mild_brightness,"{""brightness"":0.8,""contrast"":1.0}",raw_softmax,,,,2,0.2,0.3,1.0,0.269089013338089,0.0
73,brightness_contrast,mild_brightness,"{""brightness"":0.8,""contrast"":1.0}",raw_softmax,,,,3,0.3,0.4,43.0,0.3729708867017613,0.3953488372093023
73,brightness_contrast,mild_brightness,"{""brightness"":0.8,""contrast"":1.0}",raw_softmax,,,,4,0.4,0.5,157.0,0.4562467063308521,0.4267515923566879
73,brightness_contrast,mild_brightness,"{""brightness"":0.8,""contrast"":1.0}",raw_softmax,,,,5,0.5,0.6,424.0,0.5478308646465248,0.5424528301886793
73,brightness_contrast,mild_brightness,"{""brightness"":0.8,""contrast"":1.0}",raw_softmax,,,,6,0.6,0.7,390.0,0.6506394861600338,0.6666666666666666
73,brightness_contrast,mild_brightness,"{""brightness"":0.8,""contrast"":1.0}",raw_softmax,,,,7,0.7,0.8,391.0,0.7500211884603476,0.6956521739130435
73,brightness_contrast,mild_brightness,"{""brightness"":0.8,""contrast"":1.0}",raw_softmax,,,,8,0.8,0.9,563.0,0.8527875705680034,0.7992895204262878
73,brightness_contrast,mild_brightness,"{""brightness"":0.8,""contrast"":1.0}",raw_softmax,,,,9,0.9,1.0,8030.0,0.9916112991005813,0.9789539227895392
73,brightness_contrast,mild_brightness,"{""brightness"":0.8,""contrast"":1.0}",temperature_scaled,,,,0,0.0,0.1,0.0,,
73,brightness_contrast,mild_brightness,"{""brightness"":0.8,""contrast"":1.0}",temperature_scaled,,,,1,0.1,0.2,1.0,0.1714058667421341,0.0
73,brightness_contrast,mild_brightness,"{""brightness"":0.8,""contrast"":1.0}",temperature_scaled,,,,2,0.2,0.3,6.0,0.2761106739441554,0.16666666666666666
73,brightness_contrast,mild_brightness,"{""brightness"":0.8,""contrast"":1.0}",temperature_scaled,,,,3,0.3,0.4,105.0,0.36334990376517884,0.3904761904761905
73,brightness_contrast,mild_brightness,"{""brightness"":0.8,""contrast"":1.0}",temperature_scaled,,,,4,0.4,0.5,295.0,0.4578593103562371,0.4847457627118644
73,brightness_contrast,mild_brightness,"{""brightness"":0.8,""contrast"":1.0}",temperature_scaled,,,,5,0.5,0.6,541.0,0.5473688310924607,0.6377079482439926
73,brightness_contrast,mild_brightness,"{""brightness"":0.8,""contrast"":1.0}",temperature_scaled,,,,6,0.6,0.7,464.0,0.6483776768476799,0.7047413793103449
73,brightness_contrast,mild_brightness,"{""brightness"":0.8,""contrast"":1.0}",temperature_scaled,,,,7,0.7,0.8,505.0,0.749873147388496,0.7801980198019802
73,brightness_contrast,mild_brightness,"{""brightness"":0.8,""contrast"":1.0}",temperature_scaled,,,,8,0.8,0.9,771.0,0.8545992359731602,0.8897535667963683
73,brightness_contrast,mild_brightness,"{""brightness"":0.8,""contrast"":1.0}",temperature_scaled,,,,9,0.9,1.0,7312.0,0.988085013502471,0.987417943107221
73,brightness_contrast,strong_brightness,"{""brightness"":0.6,""contrast"":1.0}",raw_softmax,,,,0,0.0,0.1,0.0,,
73,brightness_contrast,strong_brightness,"{""brightness"":0.6,""contrast"":1.0}",raw_softmax,,,,1,0.1,0.2,0.0,,
73,brightness_contrast,strong_brightness,"{""brightness"":0.6,""contrast"":1.0}",raw_softmax,,,,2,0.2,0.3,7.0,0.26989845292908804,0.14285714285714285
73,brightness_contrast,strong_brightness,"{""brightness"":0.6,""contrast"":1.0}",raw_softmax,,,,3,0.3,0.4,71.0,0.36229759664602684,0.323943661971831
73,brightness_contrast,strong_brightness,"{""brightness"":0.6,""contrast"":1.0}",raw_softmax,,,,4,0.4,0.5,226.0,0.4547605022656179,0.4424778761061947
73,brightness_contrast,strong_brightness,"{""brightness"":0.6,""contrast"":1.0}",raw_softmax,,,,5,0.5,0.6,481.0,0.5496439481475497,0.5550935550935551
73,brightness_contrast,strong_brightness,"{""brightness"":0.6,""contrast"":1.0}",raw_softmax,,,,6,0.6,0.7,434.0,0.650001519973377,0.6290322580645161
73,brightness_contrast,strong_brightness,"{""brightness"":0.6,""contrast"":1.0}",raw_softmax,,,,7,0.7,0.8,526.0,0.7518024138624677,0.7167300380228137
73,brightness_contrast,strong_brightness,"{""brightness"":0.6,""contrast"":1.0}",raw_softmax,,,,8,0.8,0.9,606.0,0.8528710297822165,0.759075907590759
73,brightness_contrast,strong_brightness,"{""brightness"":0.6,""contrast"":1.0}",raw_softmax,,,,9,0.9,1.0,7649.0,0.9904100336752961,0.9722839586874101
73,brightness_contrast,strong_brightness,"{""brightness"":0.6,""contrast"":1.0}",temperature_scaled,,,,0,0.0,0.1,0.0,,
73,brightness_contrast,strong_brightness,"{""brightness"":0.6,""contrast"":1.0}",temperature_scaled,,,,1,0.1,0.2,1.0,0.19034457206726074,0.0
73,brightness_contrast,strong_brightness,"{""brightness"":0.6,""contrast"":1.0}",temperature_scaled,,,,2,0.2,0.3,23.0,0.2684217646070149,0.21739130434782608
73,brightness_contrast,strong_brightness,"{""brightness"":0.6,""contrast"":1.0}",temperature_scaled,,,,3,0.3,0.4,166.0,0.36321869528437234,0.4036144578313253
73,brightness_contrast,strong_brightness,"{""brightness"":0.6,""contrast"":1.0}",temperature_scaled,,,,4,0.4,0.5,401.0,0.45795195886024515,0.5062344139650873
73,brightness_contrast,strong_brightness,"{""brightness"":0.6,""contrast"":1.0}",temperature_scaled,,,,5,0.5,0.6,596.0,0.5482087065309487,0.6191275167785235
73,brightness_contrast,strong_brightness,"{""brightness"":0.6,""contrast"":1.0}",temperature_scaled,,,,6,0.6,0.7,588.0,0.6518836642811898,0.7023809523809523
73,brightness_contrast,strong_brightness,"{""brightness"":0.6,""contrast"":1.0}",temperature_scaled,,,,7,0.7,0.8,561.0,0.7512811278914385,0.7807486631016043
73,brightness_contrast,strong_brightness,"{""brightness"":0.6,""contrast"":1.0}",temperature_scaled,,,,8,0.8,0.9,805.0,0.852523039882968,0.8509316770186336
73,brightness_contrast,strong_brightness,"{""brightness"":0.6,""contrast"":1.0}",temperature_scaled,,,,9,0.9,1.0,6859.0,0.9866092024382705,0.9852748214025369
73,class_imbalance,moderate,"{""majority_classes"":[0,1,8,9],""minority_fraction"":0.5}",raw_softmax,,,,0,0.0,0.1,0.0,,
73,class_imbalance,moderate,"{""majority_classes"":[0,1,8,9],""minority_fraction"":0.5}",raw_softmax,,,,1,0.1,0.2,0.0,,
73,class_imbalance,moderate,"{""majority_classes"":[0,1,8,9],""minority_fraction"":0.5}",raw_softmax,,,,2,0.2,0.3,2.0,0.2526078224182129,0.0
73,class_imbalance,moderate,"{""majority_classes"":[0,1,8,9],""minority_fraction"":0.5}",raw_softmax,,,,3,0.3,0.4,17.0,0.36744653828003826,0.35294117647058826
73,class_imbalance,moderate,"{""majority_classes"":[0,1,8,9],""minority_fraction"":0.5}",raw_softmax,,,,4,0.4,0.5,70.0,0.45986049856458394,0.5571428571428572
73,class_imbalance,moderate,"{""majority_classes"":[0,1,8,9],""minority_fraction"":0.5}",raw_softmax,,,,5,0.5,0.6,216.0,0.5489233621844539,0.5370370370370371
73,class_imbalance,moderate,"{""majority_classes"":[0,1,8,9],""minority_fraction"":0.5}",raw_softmax,,,,6,0.6,0.7,224.0,0.6506206669977733,0.625
73,class_imbalance,moderate,"{""majority_classes"":[0,1,8,9],""minority_fraction"":0.5}",raw_softmax,,,,7,0.7,0.8,238.0,0.7504865980448843,0.6848739495798319
73,class_imbalance,moderate,"{""majority_classes"":[0,1,8,9],""minority_fraction"":0.5}",raw_softmax,,,,8,0.8,0.9,326.0,0.8511670908313588,0.8312883435582822
73,class_imbalance,moderate,"{""majority_classes"":[0,1,8,9],""minority_fraction"":0.5}",raw_softmax,,,,9,0.9,1.0,5907.0,0.9934075390584218,0.9810394447265955
73,class_imbalance,moderate,"{""majority_classes"":[0,1,8,9],""minority_fraction"":0.5}",temperature_scaled,,,,0,0.0,0.1,0.0,,
73,class_imbalance,moderate,"{""majority_classes"":[0,1,8,9],""minority_fraction"":0.5}",temperature_scaled,,,,1,0.1,0.2,0.0,,
73,class_imbalance,moderate,"{""majority_classes"":[0,1,8,9],""minority_fraction"":0.5}",temperature_scaled,,,,2,0.2,0.3,6.0,0.27566466232140857,0.16666666666666666
73,class_imbalance,moderate,"{""majority_classes"":[0,1,8,9],""minority_fraction"":0.5}",temperature_scaled,,,,3,0.3,0.4,37.0,0.35765270043063807,0.4594594594594595
73,class_imbalance,moderate,"{""majority_classes"":[0,1,8,9],""minority_fraction"":0.5}",temperature_scaled,,,,4,0.4,0.5,134.0,0.4564969154881008,0.5373134328358209
73,class_imbalance,moderate,"{""majority_classes"":[0,1,8,9],""minority_fraction"":0.5}",temperature_scaled,,,,5,0.5,0.6,300.0,0.549017662803332,0.57
73,class_imbalance,moderate,"{""majority_classes"":[0,1,8,9],""minority_fraction"":0.5}",temperature_scaled,,,,6,0.6,0.7,277.0,0.649305748164869,0.7003610108303249
73,class_imbalance,moderate,"{""majority_classes"":[0,1,8,9],""minority_fraction"":0.5}",temperature_scaled,,,,7,0.7,0.8,321.0,0.7511664101639269,0.8161993769470405
73,class_imbalance,moderate,"{""majority_classes"":[0,1,8,9],""minority_fraction"":0.5}",temperature_scaled,,,,8,0.8,0.9,407.0,0.8559036773311418,0.8943488943488943
73,class_imbalance,moderate,"{""majority_classes"":[0,1,8,9],""minority_fraction"":0.5}",temperature_scaled,,,,9,0.9,1.0,5518.0,0.9905276153778071,0.9874954693729612
73,class_imbalance,strong,"{""majority_classes"":[0,1,8,9],""minority_fraction"":0.2}",raw_softmax,,,,0,0.0,0.1,0.0,,
73,class_imbalance,strong,"{""majority_classes"":[0,1,8,9],""minority_fraction"":0.2}",raw_softmax,,,,1,0.1,0.2,0.0,,
73,class_imbalance,strong,"{""majority_classes"":[0,1,8,9],""minority_fraction"":0.2}",raw_softmax,,,,2,0.2,0.3,3.0,0.24285168945789337,0.0
73,class_imbalance,strong,"{""majority_classes"":[0,1,8,9],""minority_fraction"":0.2}",raw_softmax,,,,3,0.3,0.4,11.0,0.36681210181929846,0.36363636363636365
73,class_imbalance,strong,"{""majority_classes"":[0,1,8,9],""minority_fraction"":0.2}",raw_softmax,,,,4,0.4,0.5,48.0,0.45505306000510853,0.5208333333333334
73,class_imbalance,strong,"{""majority_classes"":[0,1,8,9],""minority_fraction"":0.2}",raw_softmax,,,,5,0.5,0.6,146.0,0.5478343383906639,0.5136986301369864
73,class_imbalance,strong,"{""majority_classes"":[0,1,8,9],""minority_fraction"":0.2}",raw_softmax,,,,6,0.6,0.7,154.0,0.6507941886976167,0.6298701298701299
73,class_imbalance,strong,"{""majority_classes"":[0,1,8,9],""minority_fraction"":0.2}",raw_softmax,,,,7,0.7,0.8,155.0,0.7521257454349148,0.6903225806451613
73,class_imbalance,strong,"{""majority_classes"":[0,1,8,9],""minority_fraction"":0.2}",raw_softmax,,,,8,0.8,0.9,205.0,0.8507897987598326,0.8146341463414634
73,class_imbalance,strong,"{""majority_classes"":[0,1,8,9],""minority_fraction"":0.2}",raw_softmax,,,,9,0.9,1.0,4478.0,0.9944074997789043,0.9848146493970522
73,class_imbalance,strong,"{""majority_classes"":[0,1,8,9],""minority_fraction"":0.2}",temperature_scaled,,,,0,0.0,0.1,0.0,,
73,class_imbalance,strong,"{""majority_classes"":[0,1,8,9],""minority_fraction"":0.2}",temperature_scaled,,,,1,0.1,0.2,0.0,,
73,class_imbalance,strong,"{""majority_classes"":[0,1,8,9],""minority_fraction"":0.2}",temperature_scaled,,,,2,0.2,0.3,6.0,0.26114970445632935,0.16666666666666666
73,class_imbalance,strong,"{""majority_classes"":[0,1,8,9],""minority_fraction"":0.2}",temperature_scaled,,,,3,0.3,0.4,30.0,0.35633782545725506,0.4666666666666667
73,class_imbalance,strong,"{""majority_classes"":[0,1,8,9],""minority_fraction"":0.2}",temperature_scaled,,,,4,0.4,0.5,89.0,0.45689265178830435,0.4606741573033708
73,class_imbalance,strong,"{""majority_classes"":[0,1,8,9],""minority_fraction"":0.2}",temperature_scaled,,,,5,0.5,0.6,207.0,0.5519001512711751,0.5797101449275363
73,class_imbalance,strong,"{""majority_classes"":[0,1,8,9],""minority_fraction"":0.2}",temperature_scaled,,,,6,0.6,0.7,170.0,0.649492335319519,0.7058823529411765
73,class_imbalance,strong,"{""majority_classes"":[0,1,8,9],""minority_fraction"":0.2}",temperature_scaled,,,,7,0.7,0.8,204.0,0.7494695034681582,0.7990196078431373
73,class_imbalance,strong,"{""majority_classes"":[0,1,8,9],""minority_fraction"":0.2}",temperature_scaled,,,,8,0.8,0.9,278.0,0.8564000206885578,0.8992805755395683
73,class_imbalance,strong,"{""majority_classes"":[0,1,8,9],""minority_fraction"":0.2}",temperature_scaled,,,,9,0.9,1.0,4216.0,0.9926748509312038,0.9905123339658444
73,clean,clean,{},raw_softmax,,,,0,0.0,0.1,0.0,,
73,clean,clean,{},raw_softmax,,,,1,0.1,0.2,0.0,,
73,clean,clean,{},raw_softmax,,,,2,0.2,0.3,3.0,0.24285168945789337,0.0
73,clean,clean,{},raw_softmax,,,,3,0.3,0.4,23.0,0.3664127134758493,0.43478260869565216
73,clean,clean,{},raw_softmax,,,,4,0.4,0.5,132.0,0.45954910507707886,0.4772727272727273
73,clean,clean,{},raw_softmax,,,,5,0.5,0.6,338.0,0.5482837026993904,0.5118343195266272
73,clean,clean,{},raw_softmax,,,,6,0.6,0.7,353.0,0.6506517316734487,0.6487252124645893
73,clean,clean,{},raw_softmax,,,,7,0.7,0.8,375.0,0.7503085339864095,0.6906666666666667
73,clean,clean,{},raw_softmax,,,,8,0.8,0.9,533.0,0.851203145609564,0.7954971857410882
73,clean,clean,{},raw_softmax,,,,9,0.9,1.0,8243.0,0.9923584209286181,0.9782846051194953
73,clean,clean,{},temperature_scaled,,,,0,0.0,0.1,0.0,,
73,clean,clean,{},temperature_scaled,,,,1,0.1,0.2,0.0,,
73,clean,clean,{},temperature_scaled,,,,2,0.2,0.3,8.0,0.2691001258790493,0.25
73,clean,clean,{},temperature_scaled,,,,3,0.3,0.4,68.0,0.3609902166268405,0.4264705882352941
73,clean,clean,{},temperature_scaled,,,,4,0.4,0.5,227.0,0.4568262018821313,0.4933920704845815
73,clean,clean,{},temperature_scaled,,,,5,0.5,0.6,462.0,0.5496829495285497,0.5995670995670995
73,clean,clean,{},temperature_scaled,,,,6,0.6,0.7,445.0,0.6484770251124092,0.6876404494382022
73,clean,clean,{},temperature_scaled,,,,7,0.7,0.8,515.0,0.7515850168987386,0.7805825242718447
73,clean,clean,{},temperature_scaled,,,,8,0.8,0.9,672.0,0.8557947279796714,0.875
73,clean,clean,{},temperature_scaled,,,,9,0.9,1.0,7603.0,0.9890575285539899,0.9872418782059713
73,gaussian_blur,medium,"{""sigma"":1.0}",raw_softmax,,,,0,0.0,0.1,0.0,,
73,gaussian_blur,medium,"{""sigma"":1.0}",raw_softmax,,,,1,0.1,0.2,1.0,0.1756712645292282,0.0
73,gaussian_blur,medium,"{""sigma"":1.0}",raw_softmax,,,,2,0.2,0.3,38.0,0.2670834127225374,0.23684210526315788
73,gaussian_blur,medium,"{""sigma"":1.0}",raw_softmax,,,,3,0.3,0.4,222.0,0.35921240926862835,0.3738738738738739
73,gaussian_blur,medium,"{""sigma"":1.0}",raw_softmax,,,,4,0.4,0.5,441.0,0.45452577713665776,0.4308390022675737
73,gaussian_blur,medium,"{""sigma"":1.0}",raw_softmax,,,,5,0.5,0.6,710.0,0.5500178745095159,0.5253521126760563
73,gaussian_blur,medium,"{""sigma"":1.0}",raw_softmax,,,,6,0.6,0.7,663.0,0.6480720560115567,0.6003016591251885
73,gaussian_blur,medium,"{""sigma"":1.0}",raw_softmax,,,,7,0.7,0.8,721.0,0.7508606688324853,0.7572815533980582
73,gaussian_blur,medium,"{""sigma"":1.0}",raw_softmax,,,,8,0.8,0.9,1043.0,0.8547667411235469,0.8437200383509108
73,gaussian_blur,medium,"{""sigma"":1.0}",raw_softmax,,,,9,0.9,1.0,6161.0,0.9838646339569129,0.9810095763674728
73,gaussian_blur,medium,"{""sigma"":1.0}",temperature_scaled,,,,0,0.0,0.1,0.0,,
73,gaussian_blur,medium,"{""sigma"":1.0}",temperature_scaled,,,,1,0.1,0.2,5.0,0.1827608674764633,0.2
73,gaussian_blur,medium,"{""sigma"":1.0}",temperature_scaled,,,,2,0.2,0.3,123.0,0.2643368583384568,0.34146341463414637
73,gaussian_blur,medium,"{""sigma"":1.0}",temperature_scaled,,,,3,0.3,0.4,453.0,0.3538970826872137,0.40397350993377484
73,gaussian_blur,medium,"{""sigma"":1.0}",temperature_scaled,,,,4,0.4,0.5,708.0,0.45273708122766626,0.5070621468926554
73,gaussian_blur,medium,"{""sigma"":1.0}",temperature_scaled,,,,5,0.5,0.6,864.0,0.5481210409629124,0.6018518518518519
73,gaussian_blur,medium,"{""sigma"":1.0}",temperature_scaled,,,,6,0.6,0.7,825.0,0.6496497395544341,0.7757575757575758
73,gaussian_blur,medium,"{""sigma"":1.0}",temperature_scaled,,,,7,0.7,0.8,967.0,0.7500376536779592,0.8614270941054809
73,gaussian_blur,medium,"{""sigma"":1.0}",temperature_scaled,,,,8,0.8,0.9,1183.0,0.8525050215971036,0.9332206255283179
73,gaussian_blur,medium,"{""sigma"":1.0}",temperature_scaled,,,,9,0.9,1.0,4872.0,0.9793990992853794,0.9936371100164204
73,gaussian_blur,mild,"{""sigma"":0.5}",raw_softmax,,,,0,0.0,0.1,0.0,,
73,gaussian_blur,mild,"{""sigma"":0.5}",raw_softmax,,,,1,0.1,0.2,0.0,,
73,gaussian_blur,mild,"{""sigma"":0.5}",raw_softmax,,,,2,0.2,0.3,7.0,0.2574818900653294,0.2857142857142857
73,gaussian_blur,mild,"{""sigma"":0.5}",raw_softmax,,,,3,0.3,0.4,56.0,0.3615185762090342,0.4107142857142857
73,gaussian_blur,mild,"{""sigma"":0.5}",raw_softmax,,,,4,0.4,0.5,153.0,0.4629896830499562,0.48366013071895425
73,gaussian_blur,mild,"{""sigma"":0.5}",raw_softmax,,,,5,0.5,0.6,386.0,0.5497254584119727,0.5155440414507773
73,gaussian_blur,mild,"{""sigma"":0.5}",raw_softmax,,,,6,0.6,0.7,411.0,0.6507617763069135,0.6642335766423357
73,gaussian_blur,mild,"{""sigma"":0.5}",raw_softmax,,,,7,0.7,0.8,435.0,0.752201408216323,0.7195402298850575
73,gaussian_blur,mild,"{""sigma"":0.5}",raw_softmax,,,,8,0.8,0.9,603.0,0.8548823899495266,0.824212271973466
73,gaussian_blur,mild,"{""sigma"":0.5}",raw_softmax,,,,9,0.9,1.0,7949.0,0.9909192115754538,0.980123285947918
73,gaussian_blur,mild,"{""sigma"":0.5}",temperature_scaled,,,,0,0.0,0.1,0.0,,
73,gaussian_blur,mild,"{""sigma"":0.5}",temperature_scaled,,,,1,0.1,0.2,2.0,0.19183186441659927,0.5
73,gaussian_blur,mild,"{""sigma"":0.5}",temperature_scaled,,,,2,0.2,0.3,24.0,0.27096428784231347,0.3333333333333333
73,gaussian_blur,mild,"{""sigma"":0.5}",temperature_scaled,,,,3,0.3,0.4,102.0,0.3605058342218399,0.43137254901960786
73,gaussian_blur,mild,"{""sigma"":0.5}",temperature_scaled,,,,4,0.4,0.5,301.0,0.45875241877232675,0.5249169435215947
73,gaussian_blur,mild,"{""sigma"":0.5}",temperature_scaled,,,,5,0.5,0.6,530.0,0.5507731006955201,0.6
73,gaussian_blur,mild,"{""sigma"":0.5}",temperature_scaled,,,,6,0.6,0.7,486.0,0.6508853755615376,0.7222222222222222
73,gaussian_blur,mild,"{""sigma"":0.5}",temperature_scaled,,,,7,0.7,0.8,572.0,0.7526621291270623,0.8321678321678322
73,gaussian_blur,mild,"{""sigma"":0.5}",temperature_scaled,,,,8,0.8,0.9,772.0,0.8522881141289528,0.8756476683937824
73,gaussian_blur,mild,"{""sigma"":0.5}",temperature_scaled,,,,9,0.9,1.0,7211.0,0.9865614251263214,0.9901539314935515
73,gaussian_blur,strong,"{""sigma"":1.5}",raw_softmax,,,,0,0.0,0.1,0.0,,
73,gaussian_blur,strong,"{""sigma"":1.5}",raw_softmax,,,,1,0.1,0.2,2.0,0.19639527797698975,0.0
73,gaussian_blur,strong,"{""sigma"":1.5}",raw_softmax,,,,2,0.2,0.3,125.0,0.2625512607097626,0.288
73,gaussian_blur,strong,"{""sigma"":1.5}",raw_softmax,,,,3,0.3,0.4,537.0,0.35817703388256733,0.33891992551210426
73,gaussian_blur,strong,"{""sigma"":1.5}",raw_softmax,,,,4,0.4,0.5,914.0,0.4533648591007654,0.4288840262582057
73,gaussian_blur,strong,"{""sigma"":1.5}",raw_softmax,,,,5,0.5,0.6,1110.0,0.5484790432560551,0.5243243243243243
73,gaussian_blur,strong,"{""sigma"":1.5}",raw_softmax,,,,6,0.6,0.7,1002.0,0.6503416620447726,0.6287425149700598
73,gaussian_blur,strong,"{""sigma"":1.5}",raw_softmax,,,,7,0.7,0.8,985.0,0.7498720217477246,0.7756345177664975
73,gaussian_blur,strong,"{""sigma"":1.5}",raw_softmax,,,,8,0.8,0.9,1202.0,0.8528981674431564,0.8577371048252912
73,gaussian_blur,strong,"{""sigma"":1.5}",raw_softmax,,,,9,0.9,1.0,4123.0,0.9742495025820505,0.9682270191608052
73,gaussian_blur,strong,"{""sigma"":1.5}",temperature_scaled,,,,0,0.0,0.1,0.0,,
73,gaussian_blur,strong,"{""sigma"":1.5}",temperature_scaled,,,,1,0.1,0.2,29.0,0.18781462054828119,0.2413793103448276
73,gaussian_blur,strong,"{""sigma"":1.5}",temperature_scaled,,,,2,0.2,0.3,415.0,0.2664350928671389,0.3156626506024096
73,gaussian_blur,strong,"{""sigma"":1.5}",temperature_scaled,,,,3,0.3,0.4,1105.0,0.3531592699467327,0.41357466063348414
73,gaussian_blur,strong,"{""sigma"":1.5}",temperature_scaled,,,,4,0.4,0.5,1235.0,0.4514152774443993,0.545748987854251
73,gaussian_blur,strong,"{""sigma"":1.5}",temperature_scaled,,,,5,0.5,0.6,1244.0,0.5468162745716487,0.6631832797427653
73,gaussian_blur,strong,"{""sigma"":1.5}",temperature_scaled,,,,6,0.6,0.7,1072.0,0.6488091522521937,0.7919776119402985
73,gaussian_blur,strong,"{""sigma"":1.5}",temperature_scaled,,,,7,0.7,0.8,1049.0,0.7509281865407218,0.8751191611058151
73,gaussian_blur,strong,"{""sigma"":1.5}",temperature_scaled,,,,8,0.8,0.9,1089.0,0.852521874195288,0.9292929292929293
73,gaussian_blur,strong,"{""sigma"":1.5}",temperature_scaled,,,,9,0.9,1.0,2762.0,0.9609595769389137,0.9905865314989138
73,gaussian_noise,medium,"{""std"":0.2}",raw_softmax,,,,0,0.0,0.1,0.0,,
73,gaussian_noise,medium,"{""std"":0.2}",raw_softmax,,,,1,0.1,0.2,0.0,,
73,gaussian_noise,medium,"{""std"":0.2}",raw_softmax,,,,2,0.2,0.3,13.0,0.26452164810437423,0.3076923076923077
73,gaussian_noise,medium,"{""std"":0.2}",raw_softmax,,,,3,0.3,0.4,116.0,0.36662483754856834,0.3103448275862069
73,gaussian_noise,medium,"{""std"":0.2}",raw_softmax,,,,4,0.4,0.5,401.0,0.4558364860434782,0.3915211970074813
73,gaussian_noise,medium,"{""std"":0.2}",raw_softmax,,,,5,0.5,0.6,809.0,0.549691449579114,0.45241038318912236
73,gaussian_noise,medium,"{""std"":0.2}",raw_softmax,,,,6,0.6,0.7,767.0,0.6492677097059446,0.4198174706649283
73,gaussian_noise,medium,"{""std"":0.2}",raw_softmax,,,,7,0.7,0.8,901.0,0.7524639125272515,0.5027746947835738
73,gaussian_noise,medium,"{""std"":0.2}",raw_softmax,,,,8,0.8,0.9,1167.0,0.852073663100281,0.570694087403599
73,gaussian_noise,medium,"{""std"":0.2}",raw_softmax,,,,9,0.9,1.0,5826.0,0.9834924029436383,0.9038791623755579
73,gaussian_noise,medium,"{""std"":0.2}",temperature_scaled,,,,0,0.0,0.1,0.0,,
73,gaussian_noise,medium,"{""std"":0.2}",temperature_scaled,,,,1,0.1,0.2,3.0,0.19044393797715506,0.3333333333333333
73,gaussian_noise,medium,"{""std"":0.2}",temperature_scaled,,,,2,0.2,0.3,44.0,0.2721656554124572,0.29545454545454547
73,gaussian_noise,medium,"{""std"":0.2}",temperature_scaled,,,,3,0.3,0.4,328.0,0.3596869483590126,0.36890243902439024
73,gaussian_noise,medium,"{""std"":0.2}",temperature_scaled,,,,4,0.4,0.5,733.0,0.45530806646503175,0.43519781718963163
73,gaussian_noise,medium,"{""std"":0.2}",temperature_scaled,,,,5,0.5,0.6,1026.0,0.5500815567682129,0.43567251461988304
73,gaussian_noise,medium,"{""std"":0.2}",temperature_scaled,,,,6,0.6,0.7,1043.0,0.6505474743655636,0.50143815915628
73,gaussian_noise,medium,"{""std"":0.2}",temperature_scaled,,,,7,0.7,0.8,1069.0,0.7494785172901386,0.5968194574368568
73,gaussian_noise,medium,"{""std"":0.2}",temperature_scaled,,,,8,0.8,0.9,1121.0,0.8507387103723906,0.7020517395182873
73,gaussian_noise,medium,"{""std"":0.2}",temperature_scaled,,,,9,0.9,1.0,4633.0,0.9797067561546876,0.9542413123246277
73,gaussian_noise,mild,"{""std"":0.1}",raw_softmax,,,,0,0.0,0.1,0.0,,
73,gaussian_noise,mild,"{""std"":0.1}",raw_softmax,,,,1,0.1,0.2,0.0,,
73,gaussian_noise,mild,"{""std"":0.1}",raw_softmax,,,,2,0.2,0.3,4.0,0.27413954585790634,0.0
73,gaussian_noise,mild,"{""std"":0.1}",raw_softmax,,,,3,0.3,0.4,59.0,0.36453227117910225,0.2542372881355932
73,gaussian_noise,mild,"{""std"":0.1}",raw_softmax,,,,4,0.4,0.5,230.0,0.4610838284958964,0.3695652173913043
73,gaussian_noise,mild,"{""std"":0.1}",raw_softmax,,,,5,0.5,0.6,577.0,0.5496374908931541,0.5025996533795494
73,gaussian_noise,mild,"{""std"":0.1}",raw_softmax,,,,6,0.6,0.7,592.0,0.6511165832949651,0.5996621621621622
73,gaussian_noise,mild,"{""std"":0.1}",raw_softmax,,,,7,0.7,0.8,653.0,0.7512813015152082,0.6079632465543645
73,gaussian_noise,mild,"{""std"":0.1}",raw_softmax,,,,8,0.8,0.9,778.0,0.8538335488204172,0.7403598971722365
73,gaussian_noise,mild,"{""std"":0.1}",raw_softmax,,,,9,0.9,1.0,7107.0,0.9887768418305497,0.968059659490643
73,gaussian_noise,mild,"{""std"":0.1}",temperature_scaled,,,,0,0.0,0.1,0.0,,
73,gaussian_noise,mild,"{""std"":0.1}",temperature_scaled,,,,1,0.1,0.2,0.0,,
73,gaussian_noise,mild,"{""std"":0.1}",temperature_scaled,,,,2,0.2,0.3,18.0,0.2701442837715149,0.05555555555555555
73,gaussian_noise,mild,"{""std"":0.1}",temperature_scaled,,,,3,0.3,0.4,146.0,0.3627327574442511,0.3767123287671233
73,gaussian_noise,mild,"{""std"":0.1}",temperature_scaled,,,,4,0.4,0.5,423.0,0.45766310756651785,0.42080378250591016
73,gaussian_noise,mild,"{""std"":0.1}",temperature_scaled,,,,5,0.5,0.6,795.0,0.5503672944674702,0.5761006289308176
73,gaussian_noise,mild,"{""std"":0.1}",temperature_scaled,,,,6,0.6,0.7,748.0,0.6501547760345081,0.6136363636363636
73,gaussian_noise,mild,"{""std"":0.1}",temperature_scaled,,,,7,0.7,0.8,728.0,0.7515748520637606,0.7307692307692307
73,gaussian_noise,mild,"{""std"":0.1}",temperature_scaled,,,,8,0.8,0.9,907.0,0.8511118857311177,0.8478500551267916
73,gaussian_noise,mild,"{""std"":0.1}",temperature_scaled,,,,9,0.9,1.0,6235.0,0.9853851674553291,0.9857257417802726
73,gaussian_noise,strong,"{""std"":0.3}",raw_softmax,,,,0,0.0,0.1,0.0,,
73,gaussian_noise,strong,"{""std"":0.3}",raw_softmax,,,,1,0.1,0.2,1.0,0.16631977260112762,0.0
73,gaussian_noise,strong,"{""std"":0.3}",raw_softmax,,,,2,0.2,0.3,35.0,0.26767336981637135,0.37142857142857144
73,gaussian_noise,strong,"{""std"":0.3}",raw_softmax,,,,3,0.3,0.4,201.0,0.35634114819379586,0.26865671641791045
73,gaussian_noise,strong,"{""std"":0.3}",raw_softmax,,,,4,0.4,0.5,563.0,0.45758676878300697,0.31616341030195383
73,gaussian_noise,strong,"{""std"":0.3}",raw_softmax,,,,5,0.5,0.6,887.0,0.5480384610282528,0.3246899661781285
73,gaussian_noise,strong,"{""std"":0.3}",raw_softmax,,,,6,0.6,0.7,871.0,0.6501924150573126,0.3513203214695752
73,gaussian_noise,strong,"{""std"":0.3}",raw_softmax,,,,7,0.7,0.8,951.0,0.7499893756444271,0.3764458464773922
73,gaussian_noise,strong,"{""std"":0.3}",raw_softmax,,,,8,0.8,0.9,1314.0,0.8539456496046377,0.3873668188736682
73,gaussian_noise,strong,"{""std"":0.3}",raw_softmax,,,,9,0.9,1.0,5177.0,0.9770210375305951,0.6888159165539888
73,gaussian_noise,strong,"{""std"":0.3}",temperature_scaled,,,,0,0.0,0.1,0.0,,
73,gaussian_noise,strong,"{""std"":0.3}",temperature_scaled,,,,1,0.1,0.2,4.0,0.1809583157300949,0.25
73,gaussian_noise,strong,"{""std"":0.3}",temperature_scaled,,,,2,0.2,0.3,122.0,0.2655997342262112,0.2540983606557377
73,gaussian_noise,strong,"{""std"":0.3}",temperature_scaled,,,,3,0.3,0.4,480.0,0.3597268882518013,0.2791666666666667
73,gaussian_noise,strong,"{""std"":0.3}",temperature_scaled,,,,4,0.4,0.5,993.0,0.45330396312601257,0.3413897280966767
73,gaussian_noise,strong,"{""std"":0.3}",temperature_scaled,,,,5,0.5,0.6,1114.0,0.5516177194871851,0.34201077199281865
73,gaussian_noise,strong,"{""std"":0.3}",temperature_scaled,,,,6,0.6,0.7,1079.0,0.6496973442081172,0.386468952734013
73,gaussian_noise,strong,"{""std"":0.3}",temperature_scaled,,,,7,0.7,0.8,1189.0,0.7516096622829581,0.3961312026913373
73,gaussian_noise,strong,"{""std"":0.3}",temperature_scaled,,,,8,0.8,0.9,1416.0,0.8523401448366332,0.4752824858757062
73,gaussian_noise,strong,"{""std"":0.3}",temperature_scaled,,,,9,0.9,1.0,3603.0,0.9718282816974514,0.7840688315292812
73,rotation,medium,"{""degrees"":20.0}",raw_softmax,,,,0,0.0,0.1,0.0,,
73,rotation,medium,"{""degrees"":20.0}",raw_softmax,,,,1,0.1,0.2,0.0,,
73,rotation,medium,"{""degrees"":20.0}",raw_softmax,,,,2,0.2,0.3,73.0,0.2709354588838473,0.2328767123287671
73,rotation,medium,"{""degrees"":20.0}",raw_softmax,,,,3,0.3,0.4,615.0,0.3625511354547206,0.23739837398373984
73,rotation,medium,"{""degrees"":20.0}",raw_softmax,,,,4,0.4,0.5,1264.0,0.45400026909818375,0.2935126582278481
73,rotation,medium,"{""degrees"":20.0}",raw_softmax,,,,5,0.5,0.6,1393.0,0.5483354608617236,0.32089016511127066
73,rotation,medium,"{""degrees"":20.0}",raw_softmax,,,,6,0.6,0.7,1145.0,0.6480022405432821,0.39912663755458516
73,rotation,medium,"{""degrees"":20.0}",raw_softmax,,,,7,0.7,0.8,1018.0,0.7505292120171905,0.42730844793713163
73,rotation,medium,"{""degrees"":20.0}",raw_softmax,,,,8,0.8,0.9,1052.0,0.8520550488179174,0.5114068441064639
73,rotation,medium,"{""degrees"":20.0}",raw_softmax,,,,9,0.9,1.0,3440.0,0.9771463823526405,0.8462209302325582
73,rotation,medium,"{""degrees"":20.0}",temperature_scaled,,,,0,0.0,0.1,0.0,,
73,rotation,medium,"{""degrees"":20.0}",temperature_scaled,,,,1,0.1,0.2,3.0,0.19365589817365012,0.0
73,rotation,medium,"{""degrees"":20.0}",temperature_scaled,,,,2,0.2,0.3,239.0,0.27164008957820956,0.27615062761506276
73,rotation,medium,"{""degrees"":20.0}",temperature_scaled,,,,3,0.3,0.4,1240.0,0.3562574299112443,0.26129032258064516
73,rotation,medium,"{""degrees"":20.0}",temperature_scaled,,,,4,0.4,0.5,1725.0,0.4499715510485829,0.2985507246376812
73,rotation,medium,"{""degrees"":20.0}",temperature_scaled,,,,5,0.5,0.6,1420.0,0.5463965558250186,0.4091549295774648
73,rotation,medium,"{""degrees"":20.0}",temperature_scaled,,,,6,0.6,0.7,1103.0,0.6481627083754172,0.4342701722574796
73,rotation,medium,"{""degrees"":20.0}",temperature_scaled,,,,7,0.7,0.8,909.0,0.748406805352147,0.5445544554455446
73,rotation,medium,"{""degrees"":20.0}",temperature_scaled,,,,8,0.8,0.9,925.0,0.8493593402810999,0.6821621621621622
73,rotation,medium,"{""degrees"":20.0}",temperature_scaled,,,,9,0.9,1.0,2436.0,0.9749043359251445,0.9158456486042693
73,rotation,mild,"{""degrees"":10.0}",raw_softmax,,,,0,0.0,0.1,0.0,,
73,rotation,mild,"{""degrees"":10.0}",raw_softmax,,,,1,0.1,0.2,0.0,,
73,rotation,mild,"{""degrees"":10.0}",raw_softmax,,,,2,0.2,0.3,27.0,0.2665003212513747,0.2222222222222222
73,rotation,mild,"{""degrees"":10.0}",raw_softmax,,,,3,0.3,0.4,171.0,0.36157099371067963,0.3333333333333333
73,rotation,mild,"{""degrees"":10.0}",raw_softmax,,,,4,0.4,0.5,492.0,0.45745944195404287,0.4491869918699187
73,rotation,mild,"{""degrees"":10.0}",raw_softmax,,,,5,0.5,0.6,766.0,0.5502702136263835,0.47389033942558745
73,rotation,mild,"{""degrees"":10.0}",raw_softmax,,,,6,0.6,0.7,737.0,0.6509193761863087,0.5658073270013568
73,rotation,mild,"{""degrees"":10.0}",raw_softmax,,,,7,0.7,0.8,725.0,0.7505110466891322,0.670344827586207
73,rotation,mild,"{""degrees"":10.0}",raw_softmax,,,,8,0.8,0.9,875.0,0.8528744728224618,0.7828571428571428
73,rotation,mild,"{""degrees"":10.0}",raw_softmax,,,,9,0.9,1.0,6207.0,0.9868276185299514,0.971967133881102
73,rotation,mild,"{""degrees"":10.0}",temperature_scaled,,,,0,0.0,0.1,0.0,,
73,rotation,mild,"{""degrees"":10.0}",temperature_scaled,,,,1,0.1,0.2,4.0,0.1873123049736023,0.0
73,rotation,mild,"{""degrees"":10.0}",temperature_scaled,,,,2,0.2,0.3,78.0,0.2674329773737834,0.38461538461538464
73,rotation,mild,"{""degrees"":10.0}",temperature_scaled,,,,3,0.3,0.4,374.0,0.36155891753135516,0.393048128342246
73,rotation,mild,"{""degrees"":10.0}",temperature_scaled,,,,4,0.4,0.5,799.0,0.4532665810984873,0.45431789737171463
73,rotation,mild,"{""degrees"":10.0}",temperature_scaled,,,,5,0.5,0.6,972.0,0.5484971515681027,0.5699588477366255
73,rotation,mild,"{""degrees"":10.0}",temperature_scaled,,,,6,0.6,0.7,809.0,0.6479898551191181,0.6736711990111248
73,rotation,mild,"{""degrees"":10.0}",temperature_scaled,,,,7,0.7,0.8,817.0,0.7505429076302154,0.7870257037943696
73,rotation,mild,"{""degrees"":10.0}",temperature_scaled,,,,8,0.8,0.9,919.0,0.8514210142041186,0.8879216539717084
73,rotation,mild,"{""degrees"":10.0}",temperature_scaled,,,,9,0.9,1.0,5228.0,0.9850793801242373,0.9889058913542463
73,rotation,strong,"{""degrees"":30.0}",raw_softmax,,,,0,0.0,0.1,0.0,,
73,rotation,strong,"{""degrees"":30.0}",raw_softmax,,,,1,0.1,0.2,0.0,,
73,rotation,strong,"{""degrees"":30.0}",raw_softmax,,,,2,0.2,0.3,79.0,0.2683863160730917,0.24050632911392406
73,rotation,strong,"{""degrees"":30.0}",raw_softmax,,,,3,0.3,0.4,626.0,0.35924039166956284,0.1805111821086262
73,rotation,strong,"{""degrees"":30.0}",raw_softmax,,,,4,0.4,0.5,1310.0,0.45347676393184955,0.21221374045801528
73,rotation,strong,"{""degrees"":30.0}",raw_softmax,,,,5,0.5,0.6,1556.0,0.5491965708435348,0.2410025706940874
73,rotation,strong,"{""degrees"":30.0}",raw_softmax,,,,6,0.6,0.7,1346.0,0.6496846655502716,0.25928677563150077
73,rotation,strong,"{""degrees"":30.0}",raw_softmax,,,,7,0.7,0.8,1209.0,0.749135128962688,0.2696443341604632
73,rotation,strong,"{""degrees"":30.0}",raw_softmax,,,,8,0.8,0.9,1295.0,0.8497956282843955,0.30579150579150577
73,rotation,strong,"{""degrees"":30.0}",raw_softmax,,,,9,0.9,1.0,2579.0,0.9709012826869265,0.5191934858472276
73,rotation,strong,"{""degrees"":30.0}",temperature_scaled,,,,0,0.0,0.1,0.0,,
73,rotation,strong,"{""degrees"":30.0}",temperature_scaled,,,,1,0.1,0.2,7.0,0.18636036344936915,0.42857142857142855
73,rotation,strong,"{""degrees"":30.0}",temperature_scaled,,,,2,0.2,0.3,309.0,0.27025673772331965,0.19093851132686085
73,rotation,strong,"{""degrees"":30.0}",temperature_scaled,,,,3,0.3,0.4,1279.0,0.3569068804068711,0.1923377638780297
73,rotation,strong,"{""degrees"":30.0}",temperature_scaled,,,,4,0.4,0.5,1912.0,0.4507488739758605,0.23692468619246862
73,rotation,strong,"{""degrees"":30.0}",temperature_scaled,,,,5,0.5,0.6,1722.0,0.54784822432837,0.2607433217189315
73,rotation,strong,"{""degrees"":30.0}",temperature_scaled,,,,6,0.6,0.7,1264.0,0.6480580266517929,0.28560126582278483
73,rotation,strong,"{""degrees"":30.0}",temperature_scaled,,,,7,0.7,0.8,1088.0,0.7488650824765072,0.31066176470588236
73,rotation,strong,"{""degrees"":30.0}",temperature_scaled,,,,8,0.8,0.9,820.0,0.8484806142202238,0.37682926829268293
73,rotation,strong,"{""degrees"":30.0}",temperature_scaled,,,,9,0.9,1.0,1599.0,0.9707333813465111,0.6110068792995622
