seed,shift_name,severity_name,scenario_parameters,method_name,alpha,abstention_policy,abstention_threshold,coverage,selective_risk,number_accepted,number_abstained
17,brightness_contrast,increased_contrast,"{""brightness"":1.0,""contrast"":1.5}",standard_conformal,0.05,hybrid,0.5,0.9016,0.0517968056787933,9016.0,984.0
17,brightness_contrast,increased_contrast,"{""brightness"":1.0,""contrast"":1.5}",standard_conformal,0.05,hybrid,0.6,0.8912,0.04667863554757634,8912.0,1088.0
17,brightness_contrast,increased_contrast,"{""brightness"":1.0,""contrast"":1.5}",standard_conformal,0.05,hybrid,0.7,0.8722,0.038981884888786955,8722.0,1278.0
17,brightness_contrast,increased_contrast,"{""brightness"":1.0,""contrast"":1.5}",standard_conformal,0.05,hybrid,0.8,0.8209,0.027043488853697117,8209.0,1791.0
17,brightness_contrast,increased_contrast,"{""brightness"":1.0,""contrast"":1.5}",standard_conformal,0.05,hybrid,0.9,0.7477,0.01604921760064193,7477.0,2523.0
17,brightness_contrast,increased_contrast,"{""brightness"":1.0,""contrast"":1.5}",standard_conformal,0.05,hybrid,0.95,0.6843,0.009791027327195723,6843.0,3157.0
17,brightness_contrast,increased_contrast,"{""brightness"":1.0,""contrast"":1.5}",standard_conformal,0.05,singleton_conformal,,0.9088,0.05589788732394363,9088.0,912.0
17,brightness_contrast,increased_contrast,"{""brightness"":1.0,""contrast"":1.5}",standard_conformal,0.1,hybrid,0.5,0.9627,0.073647034382466,9627.0,373.0
17,brightness_contrast,increased_contrast,"{""brightness"":1.0,""contrast"":1.5}",standard_conformal,0.1,hybrid,0.6,0.9278,0.05820219874973054,9278.0,722.0
17,brightness_contrast,increased_contrast,"{""brightness"":1.0,""contrast"":1.5}",standard_conformal,0.1,hybrid,0.7,0.8762,0.039945217986760984,8762.0,1238.0
17,brightness_contrast,increased_contrast,"{""brightness"":1.0,""contrast"":1.5}",standard_conformal,0.1,hybrid,0.8,0.8209,0.027043488853697117,8209.0,1791.0
17,brightness_contrast,increased_contrast,"{""brightness"":1.0,""contrast"":1.5}",standard_conformal,0.1,hybrid,0.9,0.7477,0.01604921760064193,7477.0,2523.0
17,brightness_contrast,increased_contrast,"{""brightness"":1.0,""contrast"":1.5}",standard_conformal,0.1,hybrid,0.95,0.6843,0.009791027327195723,6843.0,3157.0
17,brightness_contrast,increased_contrast,"{""brightness"":1.0,""contrast"":1.5}",standard_conformal,0.1,singleton_conformal,,0.9627,0.073647034382466,9627.0,373.0
17,brightness_contrast,increased_contrast,"{""brightness"":1.0,""contrast"":1.5}",standard_conformal,0.2,hybrid,0.5,0.8139,0.025555965106278444,8139.0,1861.0
17,brightness_contrast,increased_contrast,"{""brightness"":1.0,""contrast"":1.5}",standard_conformal,0.2,hybrid,0.6,0.8139,0.025555965106278444,8139.0,1861.0
17,brightness_contrast,increased_contrast,"{""brightness"":1.0,""contrast"":1.5}",standard_conformal,0.2,hybrid,0.7,0.8139,0.025555965106278444,8139.0,1861.0
17,brightness_contrast,increased_contrast,"{""brightness"":1.0,""contrast"":1.5}",standard_conformal,0.2,hybrid,0.8,0.8139,0.025555965106278444,8139.0,1861.0
17,brightness_contrast,increased_contrast,"{""brightness"":1.0,""contrast"":1.5}",standard_conformal,0.2,hybrid,0.9,0.7477,0.01604921760064193,7477.0,2523.0
17,brightness_contrast,increased_contrast,"{""brightness"":1.0,""contrast"":1.5}",standard_conformal,0.2,hybrid,0.95,0.6843,0.009791027327195723,6843.0,3157.0
17,brightness_contrast,increased_contrast,"{""brightness"":1.0,""contrast"":1.5}",standard_conformal,0.2,singleton_conformal,,0.8139,0.025555965106278444,8139.0,1861.0
17,brightness_contrast,increased_contrast,"{""brightness"":1.0,""contrast"":1.5}",temperature_scaled,,confidence_threshold,0.5,0.9753,0.07915513175433198,9753.0,247.0
17,brightness_contrast,increased_contrast,"{""brightness"":1.0,""contrast"":1.5}",temperature_scaled,,confidence_threshold,0.6,0.9278,0.05820219874973054,9278.0,722.0
17,brightness_contrast,increased_contrast,"{""brightness"":1.0,""contrast"":1.5}",temperature_scaled,,confidence_threshold,0.7,0.8762,0.039945217986760984,8762.0,1238.0
17,brightness_contrast,increased_contrast,"{""brightness"":1.0,""contrast"":1.5}",temperature_scaled,,confidence_threshold,0.8,0.8209,0.027043488853697117,8209.0,1791.0
17,brightness_contrast,increased_contrast,"{""brightness"":1.0,""contrast"":1.5}",temperature_scaled,,confidence_threshold,0.9,0.7477,0.01604921760064193,7477.0,2523.0
17,brightness_contrast,increased_contrast,"{""brightness"":1.0,""contrast"":1.5}",temperature_scaled,,confidence_threshold,0.95,0.6843,0.009791027327195723,6843.0,3157.0
17,brightness_contrast,mild_brightness,"{""brightness"":0.8,""contrast"":1.0}",standard_conformal,0.05,hybrid,0.5,0.8929,0.04591779594579459,8929.0,1071.0
17,brightness_contrast,mild_brightness,"{""brightness"":0.8,""contrast"":1.0}",standard_conformal,0.05,hybrid,0.6,0.8773,0.03909723013792321,8773.0,1227.0
17,brightness_contrast,mild_brightness,"{""brightness"":0.8,""contrast"":1.0}",standard_conformal,0.05,hybrid,0.7,0.8553,0.033672395650648945,8553.0,1447.0
17,brightness_contrast,mild_brightness,"{""brightness"":0.8,""contrast"":1.0}",standard_conformal,0.05,hybrid,0.8,0.7983,0.022297381936615346,7983.0,2017.0
17,brightness_contrast,mild_brightness,"{""brightness"":0.8,""contrast"":1.0}",standard_conformal,0.05,hybrid,0.9,0.7165,0.01228192602930911,7165.0,2835.0
17,brightness_contrast,mild_brightness,"{""brightness"":0.8,""contrast"":1.0}",standard_conformal,0.05,hybrid,0.95,0.6478,0.007409694350108076,6478.0,3522.0
17,brightness_contrast,mild_brightness,"{""brightness"":0.8,""contrast"":1.0}",standard_conformal,0.05,singleton_conformal,,0.9037,0.051565785105676665,9037.0,963.0
17,brightness_contrast,mild_brightness,"{""brightness"":0.8,""contrast"":1.0}",standard_conformal,0.1,hybrid,0.5,0.948,0.064873417721519,9480.0,520.0
17,brightness_contrast,mild_brightness,"{""brightness"":0.8,""contrast"":1.0}",standard_conformal,0.1,hybrid,0.6,0.9088,0.049185739436619746,9088.0,912.0
17,brightness_contrast,mild_brightness,"{""brightness"":0.8,""contrast"":1.0}",standard_conformal,0.1,hybrid,0.7,0.8576,0.034748134328358216,8576.0,1424.0
17,brightness_contrast,mild_brightness,"{""brightness"":0.8,""contrast"":1.0}",standard_conformal,0.1,hybrid,0.8,0.7983,0.022297381936615346,7983.0,2017.0
17,brightness_contrast,mild_brightness,"{""brightness"":0.8,""contrast"":1.0}",standard_conformal,0.1,hybrid,0.9,0.7165,0.01228192602930911,7165.0,2835.0
17,brightness_contrast,mild_brightness,"{""brightness"":0.8,""contrast"":1.0}",standard_conformal,0.1,hybrid,0.95,0.6478,0.007409694350108076,6478.0,3522.0
17,brightness_contrast,mild_brightness,"{""brightness"":0.8,""contrast"":1.0}",standard_conformal,0.1,singleton_conformal,,0.948,0.064873417721519,9480.0,520.0
17,brightness_contrast,mild_brightness,"{""brightness"":0.8,""contrast"":1.0}",standard_conformal,0.2,hybrid,0.5,0.792,0.021843434343434387,7920.0,2080.0
17,brightness_contrast,mild_brightness,"{""brightness"":0.8,""contrast"":1.0}",standard_conformal,0.2,hybrid,0.6,0.792,0.021843434343434387,7920.0,2080.0
17,brightness_contrast,mild_brightness,"{""brightness"":0.8,""contrast"":1.0}",standard_conformal,0.2,hybrid,0.7,0.792,0.021843434343434387,7920.0,2080.0
17,brightness_contrast,mild_brightness,"{""brightness"":0.8,""contrast"":1.0}",standard_conformal,0.2,hybrid,0.8,0.792,0.021843434343434387,7920.0,2080.0
17,brightness_contrast,mild_brightness,"{""brightness"":0.8,""contrast"":1.0}",standard_conformal,0.2,hybrid,0.9,0.7165,0.01228192602930911,7165.0,2835.0
17,brightness_contrast,mild_brightness,"{""brightness"":0.8,""contrast"":1.0}",standard_conformal,0.2,hybrid,0.95,0.6478,0.007409694350108076,6478.0,3522.0
17,brightness_contrast,mild_brightness,"{""brightness"":0.8,""contrast"":1.0}",standard_conformal,0.2,singleton_conformal,,0.792,0.021843434343434387,7920.0,2080.0
17,brightness_contrast,mild_brightness,"{""brightness"":0.8,""contrast"":1.0}",temperature_scaled,,confidence_threshold,0.5,0.961,0.07075962539021852,9610.0,390.0
17,brightness_contrast,mild_brightness,"{""brightness"":0.8,""contrast"":1.0}",temperature_scaled,,confidence_threshold,0.6,0.9088,0.049185739436619746,9088.0,912.0
17,brightness_contrast,mild_brightness,"{""brightness"":0.8,""contrast"":1.0}",temperature_scaled,,confidence_threshold,0.7,0.8576,0.034748134328358216,8576.0,1424.0
17,brightness_contrast,mild_brightness,"{""brightness"":0.8,""contrast"":1.0}",temperature_scaled,,confidence_threshold,0.8,0.7983,0.022297381936615346,7983.0,2017.0
17,brightness_contrast,mild_brightness,"{""brightness"":0.8,""contrast"":1.0}",temperature_scaled,,confidence_threshold,0.9,0.7165,0.01228192602930911,7165.0,2835.0
17,brightness_contrast,mild_brightness,"{""brightness"":0.8,""contrast"":1.0}",temperature_scaled,,confidence_threshold,0.95,0.6478,0.007409694350108076,6478.0,3522.0
17,brightness_contrast,strong_brightness,"{""brightness"":0.6,""contrast"":1.0}",standard_conformal,0.05,hybrid,0.5,0.8682,0.054134991937341614,8682.0,1318.0
17,brightness_contrast,strong_brightness,"{""brightness"":0.6,""contrast"":1.0}",standard_conformal,0.05,hybrid,0.6,0.8517,0.0490783139603147,8517.0,1483.0
17,brightness_contrast,strong_brightness,"{""brightness"":0.6,""contrast"":1.0}",standard_conformal,0.05,hybrid,0.7,0.8206,0.039361442846697514,8206.0,1794.0
17,brightness_contrast,strong_brightness,"{""brightness"":0.6,""contrast"":1.0}",standard_conformal,0.05,hybrid,0.8,0.758,0.025593667546174093,7580.0,2420.0
17,brightness_contrast,strong_brightness,"{""brightness"":0.6,""contrast"":1.0}",standard_conformal,0.05,hybrid,0.9,0.6724,0.014128494943486003,6724.0,3276.0
17,brightness_contrast,strong_brightness,"{""brightness"":0.6,""contrast"":1.0}",standard_conformal,0.05,hybrid,0.95,0.6079,0.007073531830893209,6079.0,3921.0
17,brightness_contrast,strong_brightness,"{""brightness"":0.6,""contrast"":1.0}",standard_conformal,0.05,singleton_conformal,,0.8852,0.062019882512426516,8852.0,1148.0
17,brightness_contrast,strong_brightness,"{""brightness"":0.6,""contrast"":1.0}",standard_conformal,0.1,hybrid,0.5,0.9219,0.07310988176591826,9219.0,781.0
17,brightness_contrast,strong_brightness,"{""brightness"":0.6,""contrast"":1.0}",standard_conformal,0.1,hybrid,0.6,0.8787,0.05906452714236943,8787.0,1213.0
17,brightness_contrast,strong_brightness,"{""brightness"":0.6,""contrast"":1.0}",standard_conformal,0.1,hybrid,0.7,0.8222,0.04013621989783511,8222.0,1778.0
17,brightness_contrast,strong_brightness,"{""brightness"":0.6,""contrast"":1.0}",standard_conformal,0.1,hybrid,0.8,0.758,0.025593667546174093,7580.0,2420.0
17,brightness_contrast,strong_brightness,"{""brightness"":0.6,""contrast"":1.0}",standard_conformal,0.1,hybrid,0.9,0.6724,0.014128494943486003,6724.0,3276.0
17,brightness_contrast,strong_brightness,"{""brightness"":0.6,""contrast"":1.0}",standard_conformal,0.1,hybrid,0.95,0.6079,0.007073531830893209,6079.0,3921.0
17,brightness_contrast,strong_brightness,"{""brightness"":0.6,""contrast"":1.0}",standard_conformal,0.1,singleton_conformal,,0.9219,0.07310988176591826,9219.0,781.0
17,brightness_contrast,strong_brightness,"{""brightness"":0.6,""contrast"":1.0}",standard_conformal,0.2,hybrid,0.5,0.7504,0.024520255863539453,7504.0,2496.0
17,brightness_contrast,strong_brightness,"{""brightness"":0.6,""contrast"":1.0}",standard_conformal,0.2,hybrid,0.6,0.7504,0.024520255863539453,7504.0,2496.0
17,brightness_contrast,strong_brightness,"{""brightness"":0.6,""contrast"":1.0}",standard_conformal,0.2,hybrid,0.7,0.7504,0.024520255863539453,7504.0,2496.0
17,brightness_contrast,strong_brightness,"{""brightness"":0.6,""contrast"":1.0}",standard_conformal,0.2,hybrid,0.8,0.7504,0.024520255863539453,7504.0,2496.0
17,brightness_contrast,strong_brightness,"{""brightness"":0.6,""contrast"":1.0}",standard_conformal,0.2,hybrid,0.9,0.6724,0.014128494943486003,6724.0,3276.0
17,brightness_contrast,strong_brightness,"{""brightness"":0.6,""contrast"":1.0}",standard_conformal,0.2,hybrid,0.95,0.6079,0.007073531830893209,6079.0,3921.0
17,brightness_contrast,strong_brightness,"{""brightness"":0.6,""contrast"":1.0}",standard_conformal,0.2,singleton_conformal,,0.7504,0.024520255863539453,7504.0,2496.0
17,brightness_contrast,strong_brightness,"{""brightness"":0.6,""contrast"":1.0}",temperature_scaled,,confidence_threshold,0.5,0.9398,0.08129389231751438,9398.0,602.0
17,brightness_contrast,strong_brightness,"{""brightness"":0.6,""contrast"":1.0}",temperature_scaled,,confidence_threshold,0.6,0.8787,0.05906452714236943,8787.0,1213.0
17,brightness_contrast,strong_brightness,"{""brightness"":0.6,""contrast"":1.0}",temperature_scaled,,confidence_threshold,0.7,0.8222,0.04013621989783511,8222.0,1778.0
17,brightness_contrast,strong_brightness,"{""brightness"":0.6,""contrast"":1.0}",temperature_scaled,,confidence_threshold,0.8,0.758,0.025593667546174093,7580.0,2420.0
17,brightness_contrast,strong_brightness,"{""brightness"":0.6,""contrast"":1.0}",temperature_scaled,,confidence_threshold,0.9,0.6724,0.014128494943486003,6724.0,3276.0
17,brightness_contrast,strong_brightness,"{""brightness"":0.6,""contrast"":1.0}",temperature_scaled,,confidence_threshold,0.95,0.6079,0.007073531830893209,6079.0,3921.0
17,class_imbalance,moderate,"{""majority_classes"":[0,1,8,9],""minority_fraction"":0.5}",standard_conformal,0.05,hybrid,0.5,0.9142857142857143,0.03968749999999999,6400.0,600.0
17,class_imbalance,moderate,"{""majority_classes"":[0,1,8,9],""minority_fraction"":0.5}",standard_conformal,0.05,hybrid,0.6,0.9048571428571428,0.03441742974423745,6334.0,666.0
17,class_imbalance,moderate,"{""majority_classes"":[0,1,8,9],""minority_fraction"":0.5}",standard_conformal,0.05,hybrid,0.7,0.8904285714285715,0.029359858815979467,6233.0,767.0
17,class_imbalance,moderate,"{""majority_classes"":[0,1,8,9],""minority_fraction"":0.5}",standard_conformal,0.05,hybrid,0.8,0.8441428571428572,0.018107970891859893,5909.0,1091.0
17,class_imbalance,moderate,"{""majority_classes"":[0,1,8,9],""minority_fraction"":0.5}",standard_conformal,0.05,hybrid,0.9,0.777,0.010479867622724792,5439.0,1561.0
17,class_imbalance,moderate,"{""majority_classes"":[0,1,8,9],""minority_fraction"":0.5}",standard_conformal,0.05,hybrid,0.95,0.719,0.00635803695608983,5033.0,1967.0
17,class_imbalance,moderate,"{""majority_classes"":[0,1,8,9],""minority_fraction"":0.5}",standard_conformal,0.05,singleton_conformal,,0.9204285714285714,0.0428371876455067,6443.0,557.0
17,class_imbalance,moderate,"{""majority_classes"":[0,1,8,9],""minority_fraction"":0.5}",standard_conformal,0.1,hybrid,0.5,0.9631428571428572,0.055324829427469635,6742.0,258.0
17,class_imbalance,moderate,"{""majority_classes"":[0,1,8,9],""minority_fraction"":0.5}",standard_conformal,0.1,hybrid,0.6,0.9348571428571428,0.042023227383863104,6544.0,456.0
17,class_imbalance,moderate,"{""majority_classes"":[0,1,8,9],""minority_fraction"":0.5}",standard_conformal,0.1,hybrid,0.7,0.893,0.03007518796992481,6251.0,749.0
17,class_imbalance,moderate,"{""majority_classes"":[0,1,8,9],""minority_fraction"":0.5}",standard_conformal,0.1,hybrid,0.8,0.8441428571428572,0.018107970891859893,5909.0,1091.0
17,class_imbalance,moderate,"{""majority_classes"":[0,1,8,9],""minority_fraction"":0.5}",standard_conformal,0.1,hybrid,0.9,0.777,0.010479867622724792,5439.0,1561.0
17,class_imbalance,moderate,"{""majority_classes"":[0,1,8,9],""minority_fraction"":0.5}",standard_conformal,0.1,hybrid,0.95,0.719,0.00635803695608983,5033.0,1967.0
17,class_imbalance,moderate,"{""majority_classes"":[0,1,8,9],""minority_fraction"":0.5}",standard_conformal,0.1,singleton_conformal,,0.9631428571428572,0.055324829427469635,6742.0,258.0
17,class_imbalance,moderate,"{""majority_classes"":[0,1,8,9],""minority_fraction"":0.5}",standard_conformal,0.2,hybrid,0.5,0.8392857142857143,0.017191489361702117,5875.0,1125.0
17,class_imbalance,moderate,"{""majority_classes"":[0,1,8,9],""minority_fraction"":0.5}",standard_conformal,0.2,hybrid,0.6,0.8392857142857143,0.017191489361702117,5875.0,1125.0
17,class_imbalance,moderate,"{""majority_classes"":[0,1,8,9],""minority_fraction"":0.5}",standard_conformal,0.2,hybrid,0.7,0.8392857142857143,0.017191489361702117,5875.0,1125.0
17,class_imbalance,moderate,"{""majority_classes"":[0,1,8,9],""minority_fraction"":0.5}",standard_conformal,0.2,hybrid,0.8,0.8392857142857143,0.017191489361702117,5875.0,1125.0
17,class_imbalance,moderate,"{""majority_classes"":[0,1,8,9],""minority_fraction"":0.5}",standard_conformal,0.2,hybrid,0.9,0.777,0.010479867622724792,5439.0,1561.0
17,class_imbalance,moderate,"{""majority_classes"":[0,1,8,9],""minority_fraction"":0.5}",standard_conformal,0.2,hybrid,0.95,0.719,0.00635803695608983,5033.0,1967.0
17,class_imbalance,moderate,"{""majority_classes"":[0,1,8,9],""minority_fraction"":0.5}",standard_conformal,0.2,singleton_conformal,,0.8392857142857143,0.017191489361702117,5875.0,1125.0
17,class_imbalance,moderate,"{""majority_classes"":[0,1,8,9],""minority_fraction"":0.5}",temperature_scaled,,confidence_threshold,0.5,0.9731428571428572,0.06033470346447445,6812.0,188.0
17,class_imbalance,moderate,"{""majority_classes"":[0,1,8,9],""minority_fraction"":0.5}",temperature_scaled,,confidence_threshold,0.6,0.9348571428571428,0.042023227383863104,6544.0,456.0
17,class_imbalance,moderate,"{""majority_classes"":[0,1,8,9],""minority_fraction"":0.5}",temperature_scaled,,confidence_threshold,0.7,0.893,0.03007518796992481,6251.0,749.0
17,class_imbalance,moderate,"{""majority_classes"":[0,1,8,9],""minority_fraction"":0.5}",temperature_scaled,,confidence_threshold,0.8,0.8441428571428572,0.018107970891859893,5909.0,1091.0
17,class_imbalance,moderate,"{""majority_classes"":[0,1,8,9],""minority_fraction"":0.5}",temperature_scaled,,confidence_threshold,0.9,0.777,0.010479867622724792,5439.0,1561.0
17,class_imbalance,moderate,"{""majority_classes"":[0,1,8,9],""minority_fraction"":0.5}",temperature_scaled,,confidence_threshold,0.95,0.719,0.00635803695608983,5033.0,1967.0
17,class_imbalance,strong,"{""majority_classes"":[0,1,8,9],""minority_fraction"":0.2}",standard_conformal,0.05,hybrid,0.5,0.9346153846153846,0.029835390946502005,4860.0,340.0
17,class_imbalance,strong,"{""majority_classes"":[0,1,8,9],""minority_fraction"":0.2}",standard_conformal,0.05,hybrid,0.6,0.9282692307692307,0.02589600165734407,4827.0,373.0
17,class_imbalance,strong,"{""majority_classes"":[0,1,8,9],""minority_fraction"":0.2}",standard_conformal,0.05,hybrid,0.7,0.9155769230769231,0.022054190296156295,4761.0,439.0
17,class_imbalance,strong,"{""majority_classes"":[0,1,8,9],""minority_fraction"":0.2}",standard_conformal,0.05,hybrid,0.8,0.8776923076923077,0.01446099912357579,4564.0,636.0
17,class_imbalance,strong,"{""majority_classes"":[0,1,8,9],""minority_fraction"":0.2}",standard_conformal,0.05,hybrid,0.9,0.8203846153846154,0.008204406938584152,4266.0,934.0
17,class_imbalance,strong,"{""majority_classes"":[0,1,8,9],""minority_fraction"":0.2}",standard_conformal,0.05,hybrid,0.95,0.7721153846153846,0.005230386052303859,4015.0,1185.0
17,class_imbalance,strong,"{""majority_classes"":[0,1,8,9],""minority_fraction"":0.2}",standard_conformal,0.05,singleton_conformal,,0.9409615384615385,0.03331289597384013,4893.0,307.0
17,class_imbalance,strong,"{""majority_classes"":[0,1,8,9],""minority_fraction"":0.2}",standard_conformal,0.1,hybrid,0.5,0.9705769230769231,0.04061818902318204,5047.0,153.0
17,class_imbalance,strong,"{""majority_classes"":[0,1,8,9],""minority_fraction"":0.2}",standard_conformal,0.1,hybrid,0.6,0.9494230769230769,0.031395584362973517,4937.0,263.0
17,class_imbalance,strong,"{""majority_classes"":[0,1,8,9],""minority_fraction"":0.2}",standard_conformal,0.1,hybrid,0.7,0.9180769230769231,0.022832006702974472,4774.0,426.0
17,class_imbalance,strong,"{""majority_classes"":[0,1,8,9],""minority_fraction"":0.2}",standard_conformal,0.1,hybrid,0.8,0.8776923076923077,0.01446099912357579,4564.0,636.0
17,class_imbalance,strong,"{""majority_classes"":[0,1,8,9],""minority_fraction"":0.2}",standard_conformal,0.1,hybrid,0.9,0.8203846153846154,0.008204406938584152,4266.0,934.0
17,class_imbalance,strong,"{""majority_classes"":[0,1,8,9],""minority_fraction"":0.2}",standard_conformal,0.1,hybrid,0.95,0.7721153846153846,0.005230386052303859,4015.0,1185.0
17,class_imbalance,strong,"{""majority_classes"":[0,1,8,9],""minority_fraction"":0.2}",standard_conformal,0.1,singleton_conformal,,0.9705769230769231,0.04061818902318204,5047.0,153.0
17,class_imbalance,strong,"{""majority_classes"":[0,1,8,9],""minority_fraction"":0.2}",standard_conformal,0.2,hybrid,0.5,0.8734615384615385,0.01387054161162482,4542.0,658.0
17,class_imbalance,strong,"{""majority_classes"":[0,1,8,9],""minority_fraction"":0.2}",standard_conformal,0.2,hybrid,0.6,0.8734615384615385,0.01387054161162482,4542.0,658.0
17,class_imbalance,strong,"{""majority_classes"":[0,1,8,9],""minority_fraction"":0.2}",standard_conformal,0.2,hybrid,0.7,0.8734615384615385,0.01387054161162482,4542.0,658.0
17,class_imbalance,strong,"{""majority_classes"":[0,1,8,9],""minority_fraction"":0.2}",standard_conformal,0.2,hybrid,0.8,0.8734615384615385,0.01387054161162482,4542.0,658.0
17,class_imbalance,strong,"{""majority_classes"":[0,1,8,9],""minority_fraction"":0.2}",standard_conformal,0.2,hybrid,0.9,0.8203846153846154,0.008204406938584152,4266.0,934.0
17,class_imbalance,strong,"{""majority_classes"":[0,1,8,9],""minority_fraction"":0.2}",standard_conformal,0.2,hybrid,0.95,0.7721153846153846,0.005230386052303859,4015.0,1185.0
17,class_imbalance,strong,"{""majority_classes"":[0,1,8,9],""minority_fraction"":0.2}",standard_conformal,0.2,singleton_conformal,,0.8734615384615385,0.01387054161162482,4542.0,658.0
17,class_imbalance,strong,"{""majority_classes"":[0,1,8,9],""minority_fraction"":0.2}",temperature_scaled,,confidence_threshold,0.5,0.9786538461538462,0.044016506189821225,5089.0,111.0
17,class_imbalance,strong,"{""majority_classes"":[0,1,8,9],""minority_fraction"":0.2}",temperature_scaled,,confidence_threshold,0.6,0.9494230769230769,0.031395584362973517,4937.0,263.0
17,class_imbalance,strong,"{""majority_classes"":[0,1,8,9],""minority_fraction"":0.2}",temperature_scaled,,confidence_threshold,0.7,0.9180769230769231,0.022832006702974472,4774.0,426.0
17,class_imbalance,strong,"{""majority_classes"":[0,1,8,9],""minority_fraction"":0.2}",temperature_scaled,,confidence_threshold,0.8,0.8776923076923077,0.01446099912357579,4564.0,636.0
17,class_imbalance,strong,"{""majority_classes"":[0,1,8,9],""minority_fraction"":0.2}",temperature_scaled,,confidence_threshold,0.9,0.8203846153846154,0.008204406938584152,4266.0,934.0
17,class_imbalance,strong,"{""majority_classes"":[0,1,8,9],""minority_fraction"":0.2}",temperature_scaled,,confidence_threshold,0.95,0.7721153846153846,0.005230386052303859,4015.0,1185.0
17,clean,clean,{},standard_conformal,0.05,hybrid,0.5,0.9013,0.045378897148563135,9013.0,987.0
17,clean,clean,{},standard_conformal,0.05,hybrid,0.6,0.8918,0.04070419376541823,8918.0,1082.0
17,clean,clean,{},standard_conformal,0.05,hybrid,0.7,0.8738,0.03559166857404439,8738.0,1262.0
17,clean,clean,{},standard_conformal,0.05,hybrid,0.8,0.8218,0.022998296422487186,8218.0,1782.0
17,clean,clean,{},standard_conformal,0.05,hybrid,0.9,0.742,0.0121293800539084,7420.0,2580.0
17,clean,clean,{},standard_conformal,0.05,hybrid,0.95,0.6745,0.007412898443291294,6745.0,3255.0
17,clean,clean,{},standard_conformal,0.05,singleton_conformal,,0.9089,0.049180327868852514,9089.0,911.0
17,clean,clean,{},standard_conformal,0.1,hybrid,0.5,0.9583,0.06501095690284875,9583.0,417.0
17,clean,clean,{},standard_conformal,0.1,hybrid,0.6,0.9242,0.050530188270937026,9242.0,758.0
17,clean,clean,{},standard_conformal,0.1,hybrid,0.7,0.8769,0.036036036036036,8769.0,1231.0
17,clean,clean,{},standard_conformal,0.1,hybrid,0.8,0.8218,0.022998296422487186,8218.0,1782.0
17,clean,clean,{},standard_conformal,0.1,hybrid,0.9,0.742,0.0121293800539084,7420.0,2580.0
17,clean,clean,{},standard_conformal,0.1,hybrid,0.95,0.6745,0.007412898443291294,6745.0,3255.0
17,clean,clean,{},standard_conformal,0.1,singleton_conformal,,0.9583,0.06501095690284875,9583.0,417.0
17,clean,clean,{},standard_conformal,0.2,hybrid,0.5,0.8155,0.02170447578172896,8155.0,1845.0
17,clean,clean,{},standard_conformal,0.2,hybrid,0.6,0.8155,0.02170447578172896,8155.0,1845.0
17,clean,clean,{},standard_conformal,0.2,hybrid,0.7,0.8155,0.02170447578172896,8155.0,1845.0
17,clean,clean,{},standard_conformal,0.2,hybrid,0.8,0.8155,0.02170447578172896,8155.0,1845.0
17,clean,clean,{},standard_conformal,0.2,hybrid,0.9,0.742,0.0121293800539084,7420.0,2580.0
17,clean,clean,{},standard_conformal,0.2,hybrid,0.95,0.6745,0.007412898443291294,6745.0,3255.0
17,clean,clean,{},standard_conformal,0.2,singleton_conformal,,0.8155,0.02170447578172896,8155.0,1845.0
17,clean,clean,{},temperature_scaled,,confidence_threshold,0.5,0.9693,0.0696378830083565,9693.0,307.0
17,clean,clean,{},temperature_scaled,,confidence_threshold,0.6,0.9242,0.050530188270937026,9242.0,758.0
17,clean,clean,{},temperature_scaled,,confidence_threshold,0.7,0.8769,0.036036036036036,8769.0,1231.0
17,clean,clean,{},temperature_scaled,,confidence_threshold,0.8,0.8218,0.022998296422487186,8218.0,1782.0
17,clean,clean,{},temperature_scaled,,confidence_threshold,0.9,0.742,0.0121293800539084,7420.0,2580.0
17,clean,clean,{},temperature_scaled,,confidence_threshold,0.95,0.6745,0.007412898443291294,6745.0,3255.0
17,gaussian_blur,medium,"{""sigma"":1.0}",standard_conformal,0.05,hybrid,0.5,0.7949,0.055101270600075525,7949.0,2051.0
17,gaussian_blur,medium,"{""sigma"":1.0}",standard_conformal,0.05,hybrid,0.6,0.7525,0.04438538205980069,7525.0,2475.0
17,gaussian_blur,medium,"{""sigma"":1.0}",standard_conformal,0.05,hybrid,0.7,0.683,0.03367496339677889,6830.0,3170.0
17,gaussian_blur,medium,"{""sigma"":1.0}",standard_conformal,0.05,hybrid,0.8,0.582,0.016494845360824795,5820.0,4180.0
17,gaussian_blur,medium,"{""sigma"":1.0}",standard_conformal,0.05,hybrid,0.9,0.4698,0.00808854831843342,4698.0,5302.0
17,gaussian_blur,medium,"{""sigma"":1.0}",standard_conformal,0.05,hybrid,0.95,0.3818,0.0031430068098481367,3818.0,6182.0
17,gaussian_blur,medium,"{""sigma"":1.0}",standard_conformal,0.05,singleton_conformal,,0.8467,0.07700484232904214,8467.0,1533.0
17,gaussian_blur,medium,"{""sigma"":1.0}",standard_conformal,0.1,hybrid,0.5,0.8455,0.07131874630396218,8455.0,1545.0
17,gaussian_blur,medium,"{""sigma"":1.0}",standard_conformal,0.1,hybrid,0.6,0.778,0.05257069408740356,7780.0,2220.0
17,gaussian_blur,medium,"{""sigma"":1.0}",standard_conformal,0.1,hybrid,0.7,0.6853,0.03429155114548377,6853.0,3147.0
17,gaussian_blur,medium,"{""sigma"":1.0}",standard_conformal,0.1,hybrid,0.8,0.582,0.016494845360824795,5820.0,4180.0
17,gaussian_blur,medium,"{""sigma"":1.0}",standard_conformal,0.1,hybrid,0.9,0.4698,0.00808854831843342,4698.0,5302.0
17,gaussian_blur,medium,"{""sigma"":1.0}",standard_conformal,0.1,hybrid,0.95,0.3818,0.0031430068098481367,3818.0,6182.0
17,gaussian_blur,medium,"{""sigma"":1.0}",standard_conformal,0.1,singleton_conformal,,0.8455,0.07131874630396218,8455.0,1545.0
17,gaussian_blur,medium,"{""sigma"":1.0}",standard_conformal,0.2,hybrid,0.5,0.5725,0.01554585152838428,5725.0,4275.0
17,gaussian_blur,medium,"{""sigma"":1.0}",standard_conformal,0.2,hybrid,0.6,0.5725,0.01554585152838428,5725.0,4275.0
17,gaussian_blur,medium,"{""sigma"":1.0}",standard_conformal,0.2,hybrid,0.7,0.5725,0.01554585152838428,5725.0,4275.0
17,gaussian_blur,medium,"{""sigma"":1.0}",standard_conformal,0.2,hybrid,0.8,0.5725,0.01554585152838428,5725.0,4275.0
17,gaussian_blur,medium,"{""sigma"":1.0}",standard_conformal,0.2,hybrid,0.9,0.4698,0.00808854831843342,4698.0,5302.0
17,gaussian_blur,medium,"{""sigma"":1.0}",standard_conformal,0.2,hybrid,0.95,0.3818,0.0031430068098481367,3818.0,6182.0
17,gaussian_blur,medium,"{""sigma"":1.0}",standard_conformal,0.2,singleton_conformal,,0.5725,0.01554585152838428,5725.0,4275.0
17,gaussian_blur,medium,"{""sigma"":1.0}",temperature_scaled,,confidence_threshold,0.5,0.8702,0.07963686508848544,8702.0,1298.0
17,gaussian_blur,medium,"{""sigma"":1.0}",temperature_scaled,,confidence_threshold,0.6,0.778,0.05257069408740356,7780.0,2220.0
17,gaussian_blur,medium,"{""sigma"":1.0}",temperature_scaled,,confidence_threshold,0.7,0.6853,0.03429155114548377,6853.0,3147.0
17,gaussian_blur,medium,"{""sigma"":1.0}",temperature_scaled,,confidence_threshold,0.8,0.582,0.016494845360824795,5820.0,4180.0
17,gaussian_blur,medium,"{""sigma"":1.0}",temperature_scaled,,confidence_threshold,0.9,0.4698,0.00808854831843342,4698.0,5302.0
17,gaussian_blur,medium,"{""sigma"":1.0}",temperature_scaled,,confidence_threshold,0.95,0.3818,0.0031430068098481367,3818.0,6182.0
17,gaussian_blur,mild,"{""sigma"":0.5}",standard_conformal,0.05,hybrid,0.5,0.8867,0.04454719747377922,8867.0,1133.0
17,gaussian_blur,mild,"{""sigma"":0.5}",standard_conformal,0.05,hybrid,0.6,0.8745,0.03979416809605485,8745.0,1255.0
17,gaussian_blur,mild,"{""sigma"":0.5}",standard_conformal,0.05,hybrid,0.7,0.8488,0.0331055607917059,8488.0,1512.0
17,gaussian_blur,mild,"{""sigma"":0.5}",standard_conformal,0.05,hybrid,0.8,0.7865,0.019961856325492744,7865.0,2135.0
17,gaussian_blur,mild,"{""sigma"":0.5}",standard_conformal,0.05,hybrid,0.9,0.695,0.00992805755395687,6950.0,3050.0
17,gaussian_blur,mild,"{""sigma"":0.5}",standard_conformal,0.05,hybrid,0.95,0.618,0.005016181229773431,6180.0,3820.0
17,gaussian_blur,mild,"{""sigma"":0.5}",standard_conformal,0.05,singleton_conformal,,0.8989,0.051841139170096806,8989.0,1011.0
17,gaussian_blur,mild,"{""sigma"":0.5}",standard_conformal,0.1,hybrid,0.5,0.9435,0.06486486486486487,9435.0,565.0
17,gaussian_blur,mild,"{""sigma"":0.5}",standard_conformal,0.1,hybrid,0.6,0.9062,0.04976826307658355,9062.0,938.0
17,gaussian_blur,mild,"{""sigma"":0.5}",standard_conformal,0.1,hybrid,0.7,0.8519,0.03404155417302501,8519.0,1481.0
17,gaussian_blur,mild,"{""sigma"":0.5}",standard_conformal,0.1,hybrid,0.8,0.7865,0.019961856325492744,7865.0,2135.0
17,gaussian_blur,mild,"{""sigma"":0.5}",standard_conformal,0.1,hybrid,0.9,0.695,0.00992805755395687,6950.0,3050.0
17,gaussian_blur,mild,"{""sigma"":0.5}",standard_conformal,0.1,hybrid,0.95,0.618,0.005016181229773431,6180.0,3820.0
17,gaussian_blur,mild,"{""sigma"":0.5}",standard_conformal,0.1,singleton_conformal,,0.9435,0.06486486486486487,9435.0,565.0
17,gaussian_blur,mild,"{""sigma"":0.5}",standard_conformal,0.2,hybrid,0.5,0.7772,0.01801338136901698,7772.0,2228.0
17,gaussian_blur,mild,"{""sigma"":0.5}",standard_conformal,0.2,hybrid,0.6,0.7772,0.01801338136901698,7772.0,2228.0
17,gaussian_blur,mild,"{""sigma"":0.5}",standard_conformal,0.2,hybrid,0.7,0.7772,0.01801338136901698,7772.0,2228.0
17,gaussian_blur,mild,"{""sigma"":0.5}",standard_conformal,0.2,hybrid,0.8,0.7772,0.01801338136901698,7772.0,2228.0
17,gaussian_blur,mild,"{""sigma"":0.5}",standard_conformal,0.2,hybrid,0.9,0.695,0.00992805755395687,6950.0,3050.0
17,gaussian_blur,mild,"{""sigma"":0.5}",standard_conformal,0.2,hybrid,0.95,0.618,0.005016181229773431,6180.0,3820.0
17,gaussian_blur,mild,"{""sigma"":0.5}",standard_conformal,0.2,singleton_conformal,,0.7772,0.01801338136901698,7772.0,2228.0
17,gaussian_blur,mild,"{""sigma"":0.5}",temperature_scaled,,confidence_threshold,0.5,0.9564,0.06994981179422832,9564.0,436.0
17,gaussian_blur,mild,"{""sigma"":0.5}",temperature_scaled,,confidence_threshold,0.6,0.9062,0.04976826307658355,9062.0,938.0
17,gaussian_blur,mild,"{""sigma"":0.5}",temperature_scaled,,confidence_threshold,0.7,0.8519,0.03404155417302501,8519.0,1481.0
17,gaussian_blur,mild,"{""sigma"":0.5}",temperature_scaled,,confidence_threshold,0.8,0.7865,0.019961856325492744,7865.0,2135.0
17,gaussian_blur,mild,"{""sigma"":0.5}",temperature_scaled,,confidence_threshold,0.9,0.695,0.00992805755395687,6950.0,3050.0
17,gaussian_blur,mild,"{""sigma"":0.5}",temperature_scaled,,confidence_threshold,0.95,0.618,0.005016181229773431,6180.0,3820.0
17,gaussian_blur,strong,"{""sigma"":1.5}",standard_conformal,0.05,hybrid,0.5,0.6632,0.0835343787696019,6632.0,3368.0
17,gaussian_blur,strong,"{""sigma"":1.5}",standard_conformal,0.05,hybrid,0.6,0.587,0.06286201022146509,5870.0,4130.0
17,gaussian_blur,strong,"{""sigma"":1.5}",standard_conformal,0.05,hybrid,0.7,0.4937,0.04476402673688473,4937.0,5063.0
17,gaussian_blur,strong,"{""sigma"":1.5}",standard_conformal,0.05,hybrid,0.8,0.3912,0.0260736196319018,3912.0,6088.0
17,gaussian_blur,strong,"{""sigma"":1.5}",standard_conformal,0.05,hybrid,0.9,0.2617,0.012609858616736691,2617.0,7383.0
17,gaussian_blur,strong,"{""sigma"":1.5}",standard_conformal,0.05,hybrid,0.95,0.1718,0.008731082654249156,1718.0,8282.0
17,gaussian_blur,strong,"{""sigma"":1.5}",standard_conformal,0.05,singleton_conformal,,0.8014,0.14586972797604192,8014.0,1986.0
17,gaussian_blur,strong,"{""sigma"":1.5}",standard_conformal,0.1,hybrid,0.5,0.6853,0.09266014883992413,6853.0,3147.0
17,gaussian_blur,strong,"{""sigma"":1.5}",standard_conformal,0.1,hybrid,0.6,0.6038,0.0687313680026499,6038.0,3962.0
17,gaussian_blur,strong,"{""sigma"":1.5}",standard_conformal,0.1,hybrid,0.7,0.4946,0.045289122523251124,4946.0,5054.0
17,gaussian_blur,strong,"{""sigma"":1.5}",standard_conformal,0.1,hybrid,0.8,0.3912,0.0260736196319018,3912.0,6088.0
17,gaussian_blur,strong,"{""sigma"":1.5}",standard_conformal,0.1,hybrid,0.9,0.2617,0.012609858616736691,2617.0,7383.0
17,gaussian_blur,strong,"{""sigma"":1.5}",standard_conformal,0.1,hybrid,0.95,0.1718,0.008731082654249156,1718.0,8282.0
17,gaussian_blur,strong,"{""sigma"":1.5}",standard_conformal,0.1,singleton_conformal,,0.6853,0.09266014883992413,6853.0,3147.0
17,gaussian_blur,strong,"{""sigma"":1.5}",standard_conformal,0.2,hybrid,0.5,0.3776,0.024099576271186418,3776.0,6224.0
17,gaussian_blur,strong,"{""sigma"":1.5}",standard_conformal,0.2,hybrid,0.6,0.3776,0.024099576271186418,3776.0,6224.0
17,gaussian_blur,strong,"{""sigma"":1.5}",standard_conformal,0.2,hybrid,0.7,0.3776,0.024099576271186418,3776.0,6224.0
17,gaussian_blur,strong,"{""sigma"":1.5}",standard_conformal,0.2,hybrid,0.8,0.3776,0.024099576271186418,3776.0,6224.0
17,gaussian_blur,strong,"{""sigma"":1.5}",standard_conformal,0.2,hybrid,0.9,0.2617,0.012609858616736691,2617.0,7383.0
17,gaussian_blur,strong,"{""sigma"":1.5}",standard_conformal,0.2,hybrid,0.95,0.1718,0.008731082654249156,1718.0,8282.0
17,gaussian_blur,strong,"{""sigma"":1.5}",standard_conformal,0.2,singleton_conformal,,0.3776,0.024099576271186418,3776.0,6224.0
17,gaussian_blur,strong,"{""sigma"":1.5}",temperature_scaled,,confidence_threshold,0.5,0.7195,0.10340514246004173,7195.0,2805.0
17,gaussian_blur,strong,"{""sigma"":1.5}",temperature_scaled,,confidence_threshold,0.6,0.6038,0.0687313680026499,6038.0,3962.0
17,gaussian_blur,strong,"{""sigma"":1.5}",temperature_scaled,,confidence_threshold,0.7,0.4946,0.045289122523251124,4946.0,5054.0
17,gaussian_blur,strong,"{""sigma"":1.5}",temperature_scaled,,confidence_threshold,0.8,0.3912,0.0260736196319018,3912.0,6088.0
17,gaussian_blur,strong,"{""sigma"":1.5}",temperature_scaled,,confidence_threshold,0.9,0.2617,0.012609858616736691,2617.0,7383.0
17,gaussian_blur,strong,"{""sigma"":1.5}",temperature_scaled,,confidence_threshold,0.95,0.1718,0.008731082654249156,1718.0,8282.0
17,gaussian_noise,medium,"{""std"":0.2}",standard_conformal,0.05,hybrid,0.5,0.8149,0.30457724874217695,8149.0,1851.0
17,gaussian_noise,medium,"{""std"":0.2}",standard_conformal,0.05,hybrid,0.6,0.7865,0.2925619834710744,7865.0,2135.0
17,gaussian_noise,medium,"{""std"":0.2}",standard_conformal,0.05,hybrid,0.7,0.7371,0.2739112739112739,7371.0,2629.0
17,gaussian_noise,medium,"{""std"":0.2}",standard_conformal,0.05,hybrid,0.8,0.6419,0.23570649633899365,6419.0,3581.0
17,gaussian_noise,medium,"{""std"":0.2}",standard_conformal,0.05,hybrid,0.9,0.5138,0.17399766446087972,5138.0,4862.0
17,gaussian_noise,medium,"{""std"":0.2}",standard_conformal,0.05,hybrid,0.95,0.4231,0.11250295438430635,4231.0,5769.0
17,gaussian_noise,medium,"{""std"":0.2}",standard_conformal,0.05,singleton_conformal,,0.8423,0.31603941588507656,8423.0,1577.0
17,gaussian_noise,medium,"{""std"":0.2}",standard_conformal,0.1,hybrid,0.5,0.8953,0.32826985368033057,8953.0,1047.0
17,gaussian_noise,medium,"{""std"":0.2}",standard_conformal,0.1,hybrid,0.6,0.8256,0.30474806201550386,8256.0,1744.0
17,gaussian_noise,medium,"{""std"":0.2}",standard_conformal,0.1,hybrid,0.7,0.7396,0.275013520822066,7396.0,2604.0
17,gaussian_noise,medium,"{""std"":0.2}",standard_conformal,0.1,hybrid,0.8,0.6419,0.23570649633899365,6419.0,3581.0
17,gaussian_noise,medium,"{""std"":0.2}",standard_conformal,0.1,hybrid,0.9,0.5138,0.17399766446087972,5138.0,4862.0
17,gaussian_noise,medium,"{""std"":0.2}",standard_conformal,0.1,hybrid,0.95,0.4231,0.11250295438430635,4231.0,5769.0
17,gaussian_noise,medium,"{""std"":0.2}",standard_conformal,0.1,singleton_conformal,,0.8953,0.32826985368033057,8953.0,1047.0
17,gaussian_noise,medium,"{""std"":0.2}",standard_conformal,0.2,hybrid,0.5,0.6302,0.2296096477308791,6302.0,3698.0
17,gaussian_noise,medium,"{""std"":0.2}",standard_conformal,0.2,hybrid,0.6,0.6302,0.2296096477308791,6302.0,3698.0
17,gaussian_noise,medium,"{""std"":0.2}",standard_conformal,0.2,hybrid,0.7,0.6302,0.2296096477308791,6302.0,3698.0
17,gaussian_noise,medium,"{""std"":0.2}",standard_conformal,0.2,hybrid,0.8,0.6302,0.2296096477308791,6302.0,3698.0
17,gaussian_noise,medium,"{""std"":0.2}",standard_conformal,0.2,hybrid,0.9,0.5138,0.17399766446087972,5138.0,4862.0
17,gaussian_noise,medium,"{""std"":0.2}",standard_conformal,0.2,hybrid,0.95,0.4231,0.11250295438430635,4231.0,5769.0
17,gaussian_noise,medium,"{""std"":0.2}",standard_conformal,0.2,singleton_conformal,,0.6302,0.2296096477308791,6302.0,3698.0
17,gaussian_noise,medium,"{""std"":0.2}",temperature_scaled,,confidence_threshold,0.5,0.9195,0.3357259380097879,9195.0,805.0
17,gaussian_noise,medium,"{""std"":0.2}",temperature_scaled,,confidence_threshold,0.6,0.8256,0.30474806201550386,8256.0,1744.0
17,gaussian_noise,medium,"{""std"":0.2}",temperature_scaled,,confidence_threshold,0.7,0.7396,0.275013520822066,7396.0,2604.0
17,gaussian_noise,medium,"{""std"":0.2}",temperature_scaled,,confidence_threshold,0.8,0.6419,0.23570649633899365,6419.0,3581.0
17,gaussian_noise,medium,"{""std"":0.2}",temperature_scaled,,confidence_threshold,0.9,0.5138,0.17399766446087972,5138.0,4862.0
17,gaussian_noise,medium,"{""std"":0.2}",temperature_scaled,,confidence_threshold,0.95,0.4231,0.11250295438430635,4231.0,5769.0
17,gaussian_noise,mild,"{""std"":0.1}",standard_conformal,0.05,hybrid,0.5,0.8387,0.08847025157982591,8387.0,1613.0
17,gaussian_noise,mild,"{""std"":0.1}",standard_conformal,0.05,hybrid,0.6,0.8227,0.08058830679470042,8227.0,1773.0
17,gaussian_noise,mild,"{""std"":0.1}",standard_conformal,0.05,hybrid,0.7,0.7945,0.06821900566393957,7945.0,2055.0
17,gaussian_noise,mild,"{""std"":0.1}",standard_conformal,0.05,hybrid,0.8,0.7192,0.04435483870967738,7192.0,2808.0
17,gaussian_noise,mild,"{""std"":0.1}",standard_conformal,0.05,hybrid,0.9,0.6211,0.019964578972790248,6211.0,3789.0
17,gaussian_noise,mild,"{""std"":0.1}",standard_conformal,0.05,hybrid,0.95,0.5507,0.008897766479026736,5507.0,4493.0
17,gaussian_noise,mild,"{""std"":0.1}",standard_conformal,0.05,singleton_conformal,,0.8493,0.09525491581302248,8493.0,1507.0
17,gaussian_noise,mild,"{""std"":0.1}",standard_conformal,0.1,hybrid,0.5,0.9275,0.1161185983827493,9275.0,725.0
17,gaussian_noise,mild,"{""std"":0.1}",standard_conformal,0.1,hybrid,0.6,0.8725,0.095243553008596,8725.0,1275.0
17,gaussian_noise,mild,"{""std"":0.1}",standard_conformal,0.1,hybrid,0.7,0.7971,0.06937648977543598,7971.0,2029.0
17,gaussian_noise,mild,"{""std"":0.1}",standard_conformal,0.1,hybrid,0.8,0.7192,0.04435483870967738,7192.0,2808.0
17,gaussian_noise,mild,"{""std"":0.1}",standard_conformal,0.1,hybrid,0.9,0.6211,0.019964578972790248,6211.0,3789.0
17,gaussian_noise,mild,"{""std"":0.1}",standard_conformal,0.1,hybrid,0.95,0.5507,0.008897766479026736,5507.0,4493.0
17,gaussian_noise,mild,"{""std"":0.1}",standard_conformal,0.1,singleton_conformal,,0.9275,0.1161185983827493,9275.0,725.0
17,gaussian_noise,mild,"{""std"":0.1}",standard_conformal,0.2,hybrid,0.5,0.7108,0.041361845807540765,7108.0,2892.0
17,gaussian_noise,mild,"{""std"":0.1}",standard_conformal,0.2,hybrid,0.6,0.7108,0.041361845807540765,7108.0,2892.0
17,gaussian_noise,mild,"{""std"":0.1}",standard_conformal,0.2,hybrid,0.7,0.7108,0.041361845807540765,7108.0,2892.0
17,gaussian_noise,mild,"{""std"":0.1}",standard_conformal,0.2,hybrid,0.8,0.7108,0.041361845807540765,7108.0,2892.0
17,gaussian_noise,mild,"{""std"":0.1}",standard_conformal,0.2,hybrid,0.9,0.6211,0.019964578972790248,6211.0,3789.0
17,gaussian_noise,mild,"{""std"":0.1}",standard_conformal,0.2,hybrid,0.95,0.5507,0.008897766479026736,5507.0,4493.0
17,gaussian_noise,mild,"{""std"":0.1}",standard_conformal,0.2,singleton_conformal,,0.7108,0.041361845807540765,7108.0,2892.0
17,gaussian_noise,mild,"{""std"":0.1}",temperature_scaled,,confidence_threshold,0.5,0.9478,0.12460434690863054,9478.0,522.0
17,gaussian_noise,mild,"{""std"":0.1}",temperature_scaled,,confidence_threshold,0.6,0.8725,0.095243553008596,8725.0,1275.0
17,gaussian_noise,mild,"{""std"":0.1}",temperature_scaled,,confidence_threshold,0.7,0.7971,0.06937648977543598,7971.0,2029.0
17,gaussian_noise,mild,"{""std"":0.1}",temperature_scaled,,confidence_threshold,0.8,0.7192,0.04435483870967738,7192.0,2808.0
17,gaussian_noise,mild,"{""std"":0.1}",temperature_scaled,,confidence_threshold,0.9,0.6211,0.019964578972790248,6211.0,3789.0
17,gaussian_noise,mild,"{""std"":0.1}",temperature_scaled,,confidence_threshold,0.95,0.5507,0.008897766479026736,5507.0,4493.0
17,gaussian_noise,strong,"{""std"":0.3}",standard_conformal,0.05,hybrid,0.5,0.8404,0.6306520704426464,8404.0,1596.0
17,gaussian_noise,strong,"{""std"":0.3}",standard_conformal,0.05,hybrid,0.6,0.8207,0.6287315706104545,8207.0,1793.0
17,gaussian_noise,strong,"{""std"":0.3}",standard_conformal,0.05,hybrid,0.7,0.784,0.6247448979591836,7840.0,2160.0
17,gaussian_noise,strong,"{""std"":0.3}",standard_conformal,0.05,hybrid,0.8,0.69,0.6079710144927537,6900.0,3100.0
17,gaussian_noise,strong,"{""std"":0.3}",standard_conformal,0.05,hybrid,0.9,0.5423,0.5683201180158584,5423.0,4577.0
17,gaussian_noise,strong,"{""std"":0.3}",standard_conformal,0.05,hybrid,0.95,0.4261,0.5200657122741141,4261.0,5739.0
17,gaussian_noise,strong,"{""std"":0.3}",standard_conformal,0.05,singleton_conformal,,0.8536,0.6326148078725398,8536.0,1464.0
17,gaussian_noise,strong,"{""std"":0.3}",standard_conformal,0.1,hybrid,0.5,0.9269,0.64246412773762,9269.0,731.0
17,gaussian_noise,strong,"{""std"":0.3}",standard_conformal,0.1,hybrid,0.6,0.8689,0.6358614339970077,8689.0,1311.0
17,gaussian_noise,strong,"{""std"":0.3}",standard_conformal,0.1,hybrid,0.7,0.7869,0.6257466005845724,7869.0,2131.0
17,gaussian_noise,strong,"{""std"":0.3}",standard_conformal,0.1,hybrid,0.8,0.69,0.6079710144927537,6900.0,3100.0
17,gaussian_noise,strong,"{""std"":0.3}",standard_conformal,0.1,hybrid,0.9,0.5423,0.5683201180158584,5423.0,4577.0
17,gaussian_noise,strong,"{""std"":0.3}",standard_conformal,0.1,hybrid,0.95,0.4261,0.5200657122741141,4261.0,5739.0
17,gaussian_noise,strong,"{""std"":0.3}",standard_conformal,0.1,singleton_conformal,,0.9269,0.64246412773762,9269.0,731.0
17,gaussian_noise,strong,"{""std"":0.3}",standard_conformal,0.2,hybrid,0.5,0.6792,0.6057126030624264,6792.0,3208.0
17,gaussian_noise,strong,"{""std"":0.3}",standard_conformal,0.2,hybrid,0.6,0.6792,0.6057126030624264,6792.0,3208.0
17,gaussian_noise,strong,"{""std"":0.3}",standard_conformal,0.2,hybrid,0.7,0.6792,0.6057126030624264,6792.0,3208.0
17,gaussian_noise,strong,"{""std"":0.3}",standard_conformal,0.2,hybrid,0.8,0.6792,0.6057126030624264,6792.0,3208.0
17,gaussian_noise,strong,"{""std"":0.3}",standard_conformal,0.2,hybrid,0.9,0.5423,0.5683201180158584,5423.0,4577.0
17,gaussian_noise,strong,"{""std"":0.3}",standard_conformal,0.2,hybrid,0.95,0.4261,0.5200657122741141,4261.0,5739.0
17,gaussian_noise,strong,"{""std"":0.3}",standard_conformal,0.2,singleton_conformal,,0.6792,0.6057126030624264,6792.0,3208.0
17,gaussian_noise,strong,"{""std"":0.3}",temperature_scaled,,confidence_threshold,0.5,0.9498,0.6446620341124447,9498.0,502.0
17,gaussian_noise,strong,"{""std"":0.3}",temperature_scaled,,confidence_threshold,0.6,0.8689,0.6358614339970077,8689.0,1311.0
17,gaussian_noise,strong,"{""std"":0.3}",temperature_scaled,,confidence_threshold,0.7,0.7869,0.6257466005845724,7869.0,2131.0
17,gaussian_noise,strong,"{""std"":0.3}",temperature_scaled,,confidence_threshold,0.8,0.69,0.6079710144927537,6900.0,3100.0
17,gaussian_noise,strong,"{""std"":0.3}",temperature_scaled,,confidence_threshold,0.9,0.5423,0.5683201180158584,5423.0,4577.0
17,gaussian_noise,strong,"{""std"":0.3}",temperature_scaled,,confidence_threshold,0.95,0.4261,0.5200657122741141,4261.0,5739.0
17,rotation,medium,"{""degrees"":20.0}",standard_conformal,0.05,hybrid,0.5,0.6248,0.3868437900128041,6248.0,3752.0
17,rotation,medium,"{""degrees"":20.0}",standard_conformal,0.05,hybrid,0.6,0.5315,0.33358419567262465,5315.0,4685.0
17,rotation,medium,"{""degrees"":20.0}",standard_conformal,0.05,hybrid,0.7,0.4365,0.27491408934707906,4365.0,5635.0
17,rotation,medium,"{""degrees"":20.0}",standard_conformal,0.05,hybrid,0.8,0.3356,0.20202622169249107,3356.0,6644.0
17,rotation,medium,"{""degrees"":20.0}",standard_conformal,0.05,hybrid,0.9,0.2471,0.1214083367057871,2471.0,7529.0
17,rotation,medium,"{""degrees"":20.0}",standard_conformal,0.05,hybrid,0.95,0.1953,0.06707629288274453,1953.0,8047.0
17,rotation,medium,"{""degrees"":20.0}",standard_conformal,0.05,singleton_conformal,,0.7575,0.4463366336633663,7575.0,2425.0
17,rotation,medium,"{""degrees"":20.0}",standard_conformal,0.1,hybrid,0.5,0.6685,0.3920718025430068,6685.0,3315.0
17,rotation,medium,"{""degrees"":20.0}",standard_conformal,0.1,hybrid,0.6,0.5559,0.34142831444504407,5559.0,4441.0
17,rotation,medium,"{""degrees"":20.0}",standard_conformal,0.1,hybrid,0.7,0.437,0.2748283752860412,4370.0,5630.0
17,rotation,medium,"{""degrees"":20.0}",standard_conformal,0.1,hybrid,0.8,0.3356,0.20202622169249107,3356.0,6644.0
17,rotation,medium,"{""degrees"":20.0}",standard_conformal,0.1,hybrid,0.9,0.2471,0.1214083367057871,2471.0,7529.0
17,rotation,medium,"{""degrees"":20.0}",standard_conformal,0.1,hybrid,0.95,0.1953,0.06707629288274453,1953.0,8047.0
17,rotation,medium,"{""degrees"":20.0}",standard_conformal,0.1,singleton_conformal,,0.6685,0.3920718025430068,6685.0,3315.0
17,rotation,medium,"{""degrees"":20.0}",standard_conformal,0.2,hybrid,0.5,0.3258,0.19367710251688153,3258.0,6742.0
17,rotation,medium,"{""degrees"":20.0}",standard_conformal,0.2,hybrid,0.6,0.3258,0.19367710251688153,3258.0,6742.0
17,rotation,medium,"{""degrees"":20.0}",standard_conformal,0.2,hybrid,0.7,0.3258,0.19367710251688153,3258.0,6742.0
17,rotation,medium,"{""degrees"":20.0}",standard_conformal,0.2,hybrid,0.8,0.3258,0.19367710251688153,3258.0,6742.0
17,rotation,medium,"{""degrees"":20.0}",standard_conformal,0.2,hybrid,0.9,0.2471,0.1214083367057871,2471.0,7529.0
17,rotation,medium,"{""degrees"":20.0}",standard_conformal,0.2,hybrid,0.95,0.1953,0.06707629288274453,1953.0,8047.0
17,rotation,medium,"{""degrees"":20.0}",standard_conformal,0.2,singleton_conformal,,0.3258,0.19367710251688153,3258.0,6742.0
17,rotation,medium,"{""degrees"":20.0}",temperature_scaled,,confidence_threshold,0.5,0.7119,0.40820339935384187,7119.0,2881.0
17,rotation,medium,"{""degrees"":20.0}",temperature_scaled,,confidence_threshold,0.6,0.5559,0.34142831444504407,5559.0,4441.0
17,rotation,medium,"{""degrees"":20.0}",temperature_scaled,,confidence_threshold,0.7,0.437,0.2748283752860412,4370.0,5630.0
17,rotation,medium,"{""degrees"":20.0}",temperature_scaled,,confidence_threshold,0.8,0.3356,0.20202622169249107,3356.0,6644.0
17,rotation,medium,"{""degrees"":20.0}",temperature_scaled,,confidence_threshold,0.9,0.2471,0.1214083367057871,2471.0,7529.0
17,rotation,medium,"{""degrees"":20.0}",temperature_scaled,,confidence_threshold,0.95,0.1953,0.06707629288274453,1953.0,8047.0
17,rotation,mild,"{""degrees"":10.0}",standard_conformal,0.05,hybrid,0.5,0.7856,0.0865580448065173,7856.0,2144.0
17,rotation,mild,"{""degrees"":10.0}",standard_conformal,0.05,hybrid,0.6,0.7416,0.06863538295577132,7416.0,2584.0
17,rotation,mild,"{""degrees"":10.0}",standard_conformal,0.05,hybrid,0.7,0.6739,0.049562249591927565,6739.0,3261.0
17,rotation,mild,"{""degrees"":10.0}",standard_conformal,0.05,hybrid,0.8,0.5744,0.02506963788300831,5744.0,4256.0
17,rotation,mild,"{""degrees"":10.0}",standard_conformal,0.05,hybrid,0.9,0.4645,0.010118406889128129,4645.0,5355.0
17,rotation,mild,"{""degrees"":10.0}",standard_conformal,0.05,hybrid,0.95,0.391,0.004859335038363222,3910.0,6090.0
17,rotation,mild,"{""degrees"":10.0}",standard_conformal,0.05,singleton_conformal,,0.8318,0.11108439528732872,8318.0,1682.0
17,rotation,mild,"{""degrees"":10.0}",standard_conformal,0.1,hybrid,0.5,0.8412,0.10152163575844031,8412.0,1588.0
17,rotation,mild,"{""degrees"":10.0}",standard_conformal,0.1,hybrid,0.6,0.7681,0.07668272360369743,7681.0,2319.0
17,rotation,mild,"{""degrees"":10.0}",standard_conformal,0.1,hybrid,0.7,0.6755,0.049888971132494464,6755.0,3245.0
17,rotation,mild,"{""degrees"":10.0}",standard_conformal,0.1,hybrid,0.8,0.5744,0.02506963788300831,5744.0,4256.0
17,rotation,mild,"{""degrees"":10.0}",standard_conformal,0.1,hybrid,0.9,0.4645,0.010118406889128129,4645.0,5355.0
17,rotation,mild,"{""degrees"":10.0}",standard_conformal,0.1,hybrid,0.95,0.391,0.004859335038363222,3910.0,6090.0
17,rotation,mild,"{""degrees"":10.0}",standard_conformal,0.1,singleton_conformal,,0.8412,0.10152163575844031,8412.0,1588.0
17,rotation,mild,"{""degrees"":10.0}",standard_conformal,0.2,hybrid,0.5,0.5635,0.022715173025732005,5635.0,4365.0
17,rotation,mild,"{""degrees"":10.0}",standard_conformal,0.2,hybrid,0.6,0.5635,0.022715173025732005,5635.0,4365.0
17,rotation,mild,"{""degrees"":10.0}",standard_conformal,0.2,hybrid,0.7,0.5635,0.022715173025732005,5635.0,4365.0
17,rotation,mild,"{""degrees"":10.0}",standard_conformal,0.2,hybrid,0.8,0.5635,0.022715173025732005,5635.0,4365.0
17,rotation,mild,"{""degrees"":10.0}",standard_conformal,0.2,hybrid,0.9,0.4645,0.010118406889128129,4645.0,5355.0
17,rotation,mild,"{""degrees"":10.0}",standard_conformal,0.2,hybrid,0.95,0.391,0.004859335038363222,3910.0,6090.0
17,rotation,mild,"{""degrees"":10.0}",standard_conformal,0.2,singleton_conformal,,0.5635,0.022715173025732005,5635.0,4365.0
17,rotation,mild,"{""degrees"":10.0}",temperature_scaled,,confidence_threshold,0.5,0.8681,0.11150789079599122,8681.0,1319.0
17,rotation,mild,"{""degrees"":10.0}",temperature_scaled,,confidence_threshold,0.6,0.7681,0.07668272360369743,7681.0,2319.0
17,rotation,mild,"{""degrees"":10.0}",temperature_scaled,,confidence_threshold,0.7,0.6755,0.049888971132494464,6755.0,3245.0
17,rotation,mild,"{""degrees"":10.0}",temperature_scaled,,confidence_threshold,0.8,0.5744,0.02506963788300831,5744.0,4256.0
17,rotation,mild,"{""degrees"":10.0}",temperature_scaled,,confidence_threshold,0.9,0.4645,0.010118406889128129,4645.0,5355.0
17,rotation,mild,"{""degrees"":10.0}",temperature_scaled,,confidence_threshold,0.95,0.391,0.004859335038363222,3910.0,6090.0
17,rotation,strong,"{""degrees"":30.0}",standard_conformal,0.05,hybrid,0.5,0.6389,0.6329629049929566,6389.0,3611.0
17,rotation,strong,"{""degrees"":30.0}",standard_conformal,0.05,hybrid,0.6,0.5359,0.5999253592088076,5359.0,4641.0
17,rotation,strong,"{""degrees"":30.0}",standard_conformal,0.05,hybrid,0.7,0.4288,0.5601679104477613,4288.0,5712.0
17,rotation,strong,"{""degrees"":30.0}",standard_conformal,0.05,hybrid,0.8,0.3132,0.5134099616858238,3132.0,6868.0
17,rotation,strong,"{""degrees"":30.0}",standard_conformal,0.05,hybrid,0.9,0.194,0.44072164948453607,1940.0,8060.0
17,rotation,strong,"{""degrees"":30.0}",standard_conformal,0.05,hybrid,0.95,0.1254,0.3277511961722488,1254.0,8746.0
17,rotation,strong,"{""degrees"":30.0}",standard_conformal,0.05,singleton_conformal,,0.7727,0.6609292092662093,7727.0,2273.0
17,rotation,strong,"{""degrees"":30.0}",standard_conformal,0.1,hybrid,0.5,0.6791,0.6328964806361361,6791.0,3209.0
17,rotation,strong,"{""degrees"":30.0}",standard_conformal,0.1,hybrid,0.6,0.5605,0.60035682426405,5605.0,4395.0
17,rotation,strong,"{""degrees"":30.0}",standard_conformal,0.1,hybrid,0.7,0.4296,0.5602886405959031,4296.0,5704.0
17,rotation,strong,"{""degrees"":30.0}",standard_conformal,0.1,hybrid,0.8,0.3132,0.5134099616858238,3132.0,6868.0
17,rotation,strong,"{""degrees"":30.0}",standard_conformal,0.1,hybrid,0.9,0.194,0.44072164948453607,1940.0,8060.0
17,rotation,strong,"{""degrees"":30.0}",standard_conformal,0.1,hybrid,0.95,0.1254,0.3277511961722488,1254.0,8746.0
17,rotation,strong,"{""degrees"":30.0}",standard_conformal,0.1,singleton_conformal,,0.6791,0.6328964806361361,6791.0,3209.0
17,rotation,strong,"{""degrees"":30.0}",standard_conformal,0.2,hybrid,0.5,0.3011,0.5097974094985055,3011.0,6989.0
17,rotation,strong,"{""degrees"":30.0}",standard_conformal,0.2,hybrid,0.6,0.3011,0.5097974094985055,3011.0,6989.0
17,rotation,strong,"{""degrees"":30.0}",standard_conformal,0.2,hybrid,0.7,0.3011,0.5097974094985055,3011.0,6989.0
17,rotation,strong,"{""degrees"":30.0}",standard_conformal,0.2,hybrid,0.8,0.3011,0.5097974094985055,3011.0,6989.0
17,rotation,strong,"{""degrees"":30.0}",standard_conformal,0.2,hybrid,0.9,0.194,0.44072164948453607,1940.0,8060.0
17,rotation,strong,"{""degrees"":30.0}",standard_conformal,0.2,hybrid,0.95,0.1254,0.3277511961722488,1254.0,8746.0
17,rotation,strong,"{""degrees"":30.0}",standard_conformal,0.2,singleton_conformal,,0.3011,0.5097974094985055,3011.0,6989.0
17,rotation,strong,"{""degrees"":30.0}",temperature_scaled,,confidence_threshold,0.5,0.7269,0.6438299628559636,7269.0,2731.0
17,rotation,strong,"{""degrees"":30.0}",temperature_scaled,,confidence_threshold,0.6,0.5605,0.60035682426405,5605.0,4395.0
17,rotation,strong,"{""degrees"":30.0}",temperature_scaled,,confidence_threshold,0.7,0.4296,0.5602886405959031,4296.0,5704.0
17,rotation,strong,"{""degrees"":30.0}",temperature_scaled,,confidence_threshold,0.8,0.3132,0.5134099616858238,3132.0,6868.0
17,rotation,strong,"{""degrees"":30.0}",temperature_scaled,,confidence_threshold,0.9,0.194,0.44072164948453607,1940.0,8060.0
17,rotation,strong,"{""degrees"":30.0}",temperature_scaled,,confidence_threshold,0.95,0.1254,0.3277511961722488,1254.0,8746.0
42,brightness_contrast,increased_contrast,"{""brightness"":1.0,""contrast"":1.5}",standard_conformal,0.05,hybrid,0.5,0.8985,0.050417362270450794,8985.0,1015.0
42,brightness_contrast,increased_contrast,"{""brightness"":1.0,""contrast"":1.5}",standard_conformal,0.05,hybrid,0.6,0.8905,0.046378439079169054,8905.0,1095.0
42,brightness_contrast,increased_contrast,"{""brightness"":1.0,""contrast"":1.5}",standard_conformal,0.05,hybrid,0.7,0.8716,0.04004130335016065,8716.0,1284.0
42,brightness_contrast,increased_contrast,"{""brightness"":1.0,""contrast"":1.5}",standard_conformal,0.05,hybrid,0.8,0.8231,0.028186125622646108,8231.0,1769.0
42,brightness_contrast,increased_contrast,"{""brightness"":1.0,""contrast"":1.5}",standard_conformal,0.05,hybrid,0.9,0.7533,0.01725740076994553,7533.0,2467.0
42,brightness_contrast,increased_contrast,"{""brightness"":1.0,""contrast"":1.5}",standard_conformal,0.05,hybrid,0.95,0.6902,0.009852216748768461,6902.0,3098.0
42,brightness_contrast,increased_contrast,"{""brightness"":1.0,""contrast"":1.5}",standard_conformal,0.05,singleton_conformal,,0.9051,0.05402717931720247,9051.0,949.0
42,brightness_contrast,increased_contrast,"{""brightness"":1.0,""contrast"":1.5}",standard_conformal,0.1,hybrid,0.5,0.961,0.07346514047866803,9610.0,390.0
42,brightness_contrast,increased_contrast,"{""brightness"":1.0,""contrast"":1.5}",standard_conformal,0.1,hybrid,0.6,0.923,0.057963163596966405,9230.0,770.0
42,brightness_contrast,increased_contrast,"{""brightness"":1.0,""contrast"":1.5}",standard_conformal,0.1,hybrid,0.7,0.873,0.04032073310423823,8730.0,1270.0
42,brightness_contrast,increased_contrast,"{""brightness"":1.0,""contrast"":1.5}",standard_conformal,0.1,hybrid,0.8,0.8231,0.028186125622646108,8231.0,1769.0
42,brightness_contrast,increased_contrast,"{""brightness"":1.0,""contrast"":1.5}",standard_conformal,0.1,hybrid,0.9,0.7533,0.01725740076994553,7533.0,2467.0
42,brightness_contrast,increased_contrast,"{""brightness"":1.0,""contrast"":1.5}",standard_conformal,0.1,hybrid,0.95,0.6902,0.009852216748768461,6902.0,3098.0
42,brightness_contrast,increased_contrast,"{""brightness"":1.0,""contrast"":1.5}",standard_conformal,0.1,singleton_conformal,,0.961,0.07346514047866803,9610.0,390.0
42,brightness_contrast,increased_contrast,"{""brightness"":1.0,""contrast"":1.5}",standard_conformal,0.2,hybrid,0.5,0.8202,0.027432333577176338,8202.0,1798.0
42,brightness_contrast,increased_contrast,"{""brightness"":1.0,""contrast"":1.5}",standard_conformal,0.2,hybrid,0.6,0.8202,0.027432333577176338,8202.0,1798.0
42,brightness_contrast,increased_contrast,"{""brightness"":1.0,""contrast"":1.5}",standard_conformal,0.2,hybrid,0.7,0.8202,0.027432333577176338,8202.0,1798.0
42,brightness_contrast,increased_contrast,"{""brightness"":1.0,""contrast"":1.5}",standard_conformal,0.2,hybrid,0.8,0.8202,0.027432333577176338,8202.0,1798.0
42,brightness_contrast,increased_contrast,"{""brightness"":1.0,""contrast"":1.5}",standard_conformal,0.2,hybrid,0.9,0.7533,0.01725740076994553,7533.0,2467.0
42,brightness_contrast,increased_contrast,"{""brightness"":1.0,""contrast"":1.5}",standard_conformal,0.2,hybrid,0.95,0.6902,0.009852216748768461,6902.0,3098.0
42,brightness_contrast,increased_contrast,"{""brightness"":1.0,""contrast"":1.5}",standard_conformal,0.2,singleton_conformal,,0.8202,0.027432333577176338,8202.0,1798.0
42,brightness_contrast,increased_contrast,"{""brightness"":1.0,""contrast"":1.5}",temperature_scaled,,confidence_threshold,0.5,0.9719,0.07768288918613031,9719.0,281.0
42,brightness_contrast,increased_contrast,"{""brightness"":1.0,""contrast"":1.5}",temperature_scaled,,confidence_threshold,0.6,0.923,0.057963163596966405,9230.0,770.0
42,brightness_contrast,increased_contrast,"{""brightness"":1.0,""contrast"":1.5}",temperature_scaled,,confidence_threshold,0.7,0.873,0.04032073310423823,8730.0,1270.0
42,brightness_contrast,increased_contrast,"{""brightness"":1.0,""contrast"":1.5}",temperature_scaled,,confidence_threshold,0.8,0.8231,0.028186125622646108,8231.0,1769.0
42,brightness_contrast,increased_contrast,"{""brightness"":1.0,""contrast"":1.5}",temperature_scaled,,confidence_threshold,0.9,0.7533,0.01725740076994553,7533.0,2467.0
42,brightness_contrast,increased_contrast,"{""brightness"":1.0,""contrast"":1.5}",temperature_scaled,,confidence_threshold,0.95,0.6902,0.009852216748768461,6902.0,3098.0
42,brightness_contrast,mild_brightness,"{""brightness"":0.8,""contrast"":1.0}",standard_conformal,0.05,hybrid,0.5,0.8902,0.05010110087620756,8902.0,1098.0
42,brightness_contrast,mild_brightness,"{""brightness"":0.8,""contrast"":1.0}",standard_conformal,0.05,hybrid,0.6,0.8774,0.044107590608616354,8774.0,1226.0
42,brightness_contrast,mild_brightness,"{""brightness"":0.8,""contrast"":1.0}",standard_conformal,0.05,hybrid,0.7,0.8505,0.03644914756025863,8505.0,1495.0
42,brightness_contrast,mild_brightness,"{""brightness"":0.8,""contrast"":1.0}",standard_conformal,0.05,hybrid,0.8,0.7984,0.023797595190380716,7984.0,2016.0
42,brightness_contrast,mild_brightness,"{""brightness"":0.8,""contrast"":1.0}",standard_conformal,0.05,hybrid,0.9,0.7177,0.013515396405183178,7177.0,2823.0
42,brightness_contrast,mild_brightness,"{""brightness"":0.8,""contrast"":1.0}",standard_conformal,0.05,hybrid,0.95,0.6513,0.009058805465991138,6513.0,3487.0
42,brightness_contrast,mild_brightness,"{""brightness"":0.8,""contrast"":1.0}",standard_conformal,0.05,singleton_conformal,,0.9,0.05588888888888888,9000.0,1000.0
42,brightness_contrast,mild_brightness,"{""brightness"":0.8,""contrast"":1.0}",standard_conformal,0.1,hybrid,0.5,0.9477,0.07006436636066271,9477.0,523.0
42,brightness_contrast,mild_brightness,"{""brightness"":0.8,""contrast"":1.0}",standard_conformal,0.1,hybrid,0.6,0.9076,0.053988541207580454,9076.0,924.0
42,brightness_contrast,mild_brightness,"{""brightness"":0.8,""contrast"":1.0}",standard_conformal,0.1,hybrid,0.7,0.8514,0.03652807141179237,8514.0,1486.0
42,brightness_contrast,mild_brightness,"{""brightness"":0.8,""contrast"":1.0}",standard_conformal,0.1,hybrid,0.8,0.7984,0.023797595190380716,7984.0,2016.0
42,brightness_contrast,mild_brightness,"{""brightness"":0.8,""contrast"":1.0}",standard_conformal,0.1,hybrid,0.9,0.7177,0.013515396405183178,7177.0,2823.0
42,brightness_contrast,mild_brightness,"{""brightness"":0.8,""contrast"":1.0}",standard_conformal,0.1,hybrid,0.95,0.6513,0.009058805465991138,6513.0,3487.0
42,brightness_contrast,mild_brightness,"{""brightness"":0.8,""contrast"":1.0}",standard_conformal,0.1,singleton_conformal,,0.9477,0.07006436636066271,9477.0,523.0
42,brightness_contrast,mild_brightness,"{""brightness"":0.8,""contrast"":1.0}",standard_conformal,0.2,hybrid,0.5,0.7958,0.02337270671022873,7958.0,2042.0
42,brightness_contrast,mild_brightness,"{""brightness"":0.8,""contrast"":1.0}",standard_conformal,0.2,hybrid,0.6,0.7958,0.02337270671022873,7958.0,2042.0
42,brightness_contrast,mild_brightness,"{""brightness"":0.8,""contrast"":1.0}",standard_conformal,0.2,hybrid,0.7,0.7958,0.02337270671022873,7958.0,2042.0
42,brightness_contrast,mild_brightness,"{""brightness"":0.8,""contrast"":1.0}",standard_conformal,0.2,hybrid,0.8,0.7958,0.02337270671022873,7958.0,2042.0
42,brightness_contrast,mild_brightness,"{""brightness"":0.8,""contrast"":1.0}",standard_conformal,0.2,hybrid,0.9,0.7177,0.013515396405183178,7177.0,2823.0
42,brightness_contrast,mild_brightness,"{""brightness"":0.8,""contrast"":1.0}",standard_conformal,0.2,hybrid,0.95,0.6513,0.009058805465991138,6513.0,3487.0
42,brightness_contrast,mild_brightness,"{""brightness"":0.8,""contrast"":1.0}",standard_conformal,0.2,singleton_conformal,,0.7958,0.02337270671022873,7958.0,2042.0
42,brightness_contrast,mild_brightness,"{""brightness"":0.8,""contrast"":1.0}",temperature_scaled,,confidence_threshold,0.5,0.96,0.07489583333333338,9600.0,400.0
42,brightness_contrast,mild_brightness,"{""brightness"":0.8,""contrast"":1.0}",temperature_scaled,,confidence_threshold,0.6,0.9076,0.053988541207580454,9076.0,924.0
42,brightness_contrast,mild_brightness,"{""brightness"":0.8,""contrast"":1.0}",temperature_scaled,,confidence_threshold,0.7,0.8514,0.03652807141179237,8514.0,1486.0
42,brightness_contrast,mild_brightness,"{""brightness"":0.8,""contrast"":1.0}",temperature_scaled,,confidence_threshold,0.8,0.7984,0.023797595190380716,7984.0,2016.0
42,brightness_contrast,mild_brightness,"{""brightness"":0.8,""contrast"":1.0}",temperature_scaled,,confidence_threshold,0.9,0.7177,0.013515396405183178,7177.0,2823.0
42,brightness_contrast,mild_brightness,"{""brightness"":0.8,""contrast"":1.0}",temperature_scaled,,confidence_threshold,0.95,0.6513,0.009058805465991138,6513.0,3487.0
42,brightness_contrast,strong_brightness,"{""brightness"":0.6,""contrast"":1.0}",standard_conformal,0.05,hybrid,0.5,0.8715,0.06460126219162365,8715.0,1285.0
42,brightness_contrast,strong_brightness,"{""brightness"":0.6,""contrast"":1.0}",standard_conformal,0.05,hybrid,0.6,0.8536,0.057521087160262385,8536.0,1464.0
42,brightness_contrast,strong_brightness,"{""brightness"":0.6,""contrast"":1.0}",standard_conformal,0.05,hybrid,0.7,0.8183,0.04619332763045336,8183.0,1817.0
42,brightness_contrast,strong_brightness,"{""brightness"":0.6,""contrast"":1.0}",standard_conformal,0.05,hybrid,0.8,0.7578,0.031142781736606007,7578.0,2422.0
42,brightness_contrast,strong_brightness,"{""brightness"":0.6,""contrast"":1.0}",standard_conformal,0.05,hybrid,0.9,0.6768,0.015957446808510634,6768.0,3232.0
42,brightness_contrast,strong_brightness,"{""brightness"":0.6,""contrast"":1.0}",standard_conformal,0.05,hybrid,0.95,0.6094,0.009025270758122761,6094.0,3906.0
42,brightness_contrast,strong_brightness,"{""brightness"":0.6,""contrast"":1.0}",standard_conformal,0.05,singleton_conformal,,0.8897,0.07440710351803981,8897.0,1103.0
42,brightness_contrast,strong_brightness,"{""brightness"":0.6,""contrast"":1.0}",standard_conformal,0.1,hybrid,0.5,0.9298,0.08604000860400085,9298.0,702.0
42,brightness_contrast,strong_brightness,"{""brightness"":0.6,""contrast"":1.0}",standard_conformal,0.1,hybrid,0.6,0.8802,0.06612133605998638,8802.0,1198.0
42,brightness_contrast,strong_brightness,"{""brightness"":0.6,""contrast"":1.0}",standard_conformal,0.1,hybrid,0.7,0.8197,0.046968403074295506,8197.0,1803.0
42,brightness_contrast,strong_brightness,"{""brightness"":0.6,""contrast"":1.0}",standard_conformal,0.1,hybrid,0.8,0.7578,0.031142781736606007,7578.0,2422.0
42,brightness_contrast,strong_brightness,"{""brightness"":0.6,""contrast"":1.0}",standard_conformal,0.1,hybrid,0.9,0.6768,0.015957446808510634,6768.0,3232.0
42,brightness_contrast,strong_brightness,"{""brightness"":0.6,""contrast"":1.0}",standard_conformal,0.1,hybrid,0.95,0.6094,0.009025270758122761,6094.0,3906.0
42,brightness_contrast,strong_brightness,"{""brightness"":0.6,""contrast"":1.0}",standard_conformal,0.1,singleton_conformal,,0.9298,0.08604000860400085,9298.0,702.0
42,brightness_contrast,strong_brightness,"{""brightness"":0.6,""contrast"":1.0}",standard_conformal,0.2,hybrid,0.5,0.7531,0.030274863895896953,7531.0,2469.0
42,brightness_contrast,strong_brightness,"{""brightness"":0.6,""contrast"":1.0}",standard_conformal,0.2,hybrid,0.6,0.7531,0.030274863895896953,7531.0,2469.0
42,brightness_contrast,strong_brightness,"{""brightness"":0.6,""contrast"":1.0}",standard_conformal,0.2,hybrid,0.7,0.7531,0.030274863895896953,7531.0,2469.0
42,brightness_contrast,strong_brightness,"{""brightness"":0.6,""contrast"":1.0}",standard_conformal,0.2,hybrid,0.8,0.7531,0.030274863895896953,7531.0,2469.0
42,brightness_contrast,strong_brightness,"{""brightness"":0.6,""contrast"":1.0}",standard_conformal,0.2,hybrid,0.9,0.6768,0.015957446808510634,6768.0,3232.0
42,brightness_contrast,strong_brightness,"{""brightness"":0.6,""contrast"":1.0}",standard_conformal,0.2,hybrid,0.95,0.6094,0.009025270758122761,6094.0,3906.0
42,brightness_contrast,strong_brightness,"{""brightness"":0.6,""contrast"":1.0}",standard_conformal,0.2,singleton_conformal,,0.7531,0.030274863895896953,7531.0,2469.0
42,brightness_contrast,strong_brightness,"{""brightness"":0.6,""contrast"":1.0}",temperature_scaled,,confidence_threshold,0.5,0.9431,0.09129466652528895,9431.0,569.0
42,brightness_contrast,strong_brightness,"{""brightness"":0.6,""contrast"":1.0}",temperature_scaled,,confidence_threshold,0.6,0.8802,0.06612133605998638,8802.0,1198.0
42,brightness_contrast,strong_brightness,"{""brightness"":0.6,""contrast"":1.0}",temperature_scaled,,confidence_threshold,0.7,0.8197,0.046968403074295506,8197.0,1803.0
42,brightness_contrast,strong_brightness,"{""brightness"":0.6,""contrast"":1.0}",temperature_scaled,,confidence_threshold,0.8,0.7578,0.031142781736606007,7578.0,2422.0
42,brightness_contrast,strong_brightness,"{""brightness"":0.6,""contrast"":1.0}",temperature_scaled,,confidence_threshold,0.9,0.6768,0.015957446808510634,6768.0,3232.0
42,brightness_contrast,strong_brightness,"{""brightness"":0.6,""contrast"":1.0}",temperature_scaled,,confidence_threshold,0.95,0.6094,0.009025270758122761,6094.0,3906.0
42,class_imbalance,moderate,"{""majority_classes"":[0,1,8,9],""minority_fraction"":0.5}",standard_conformal,0.05,hybrid,0.5,0.9112857142857143,0.03574227935413077,6379.0,621.0
42,class_imbalance,moderate,"{""majority_classes"":[0,1,8,9],""minority_fraction"":0.5}",standard_conformal,0.05,hybrid,0.6,0.904,0.03271175726927944,6328.0,672.0
42,class_imbalance,moderate,"{""majority_classes"":[0,1,8,9],""minority_fraction"":0.5}",standard_conformal,0.05,hybrid,0.7,0.8882857142857142,0.027983274364747457,6218.0,782.0
42,class_imbalance,moderate,"{""majority_classes"":[0,1,8,9],""minority_fraction"":0.5}",standard_conformal,0.05,hybrid,0.8,0.8428571428571429,0.02016949152542369,5900.0,1100.0
42,class_imbalance,moderate,"{""majority_classes"":[0,1,8,9],""minority_fraction"":0.5}",standard_conformal,0.05,hybrid,0.9,0.7772857142857142,0.011027384671935314,5441.0,1559.0
42,class_imbalance,moderate,"{""majority_classes"":[0,1,8,9],""minority_fraction"":0.5}",standard_conformal,0.05,hybrid,0.95,0.7252857142857143,0.008272601930273793,5077.0,1923.0
42,class_imbalance,moderate,"{""majority_classes"":[0,1,8,9],""minority_fraction"":0.5}",standard_conformal,0.05,singleton_conformal,,0.9184285714285715,0.03966402239850675,6429.0,571.0
42,class_imbalance,moderate,"{""majority_classes"":[0,1,8,9],""minority_fraction"":0.5}",standard_conformal,0.1,hybrid,0.5,0.9638571428571429,0.053505261597747156,6747.0,253.0
42,class_imbalance,moderate,"{""majority_classes"":[0,1,8,9],""minority_fraction"":0.5}",standard_conformal,0.1,hybrid,0.6,0.9311428571428572,0.04127032832157107,6518.0,482.0
42,class_imbalance,moderate,"{""majority_classes"":[0,1,8,9],""minority_fraction"":0.5}",standard_conformal,0.1,hybrid,0.7,0.8905714285714286,0.02871350657683669,6234.0,766.0
42,class_imbalance,moderate,"{""majority_classes"":[0,1,8,9],""minority_fraction"":0.5}",standard_conformal,0.1,hybrid,0.8,0.8428571428571429,0.02016949152542369,5900.0,1100.0
42,class_imbalance,moderate,"{""majority_classes"":[0,1,8,9],""minority_fraction"":0.5}",standard_conformal,0.1,hybrid,0.9,0.7772857142857142,0.011027384671935314,5441.0,1559.0
42,class_imbalance,moderate,"{""majority_classes"":[0,1,8,9],""minority_fraction"":0.5}",standard_conformal,0.1,hybrid,0.95,0.7252857142857143,0.008272601930273793,5077.0,1923.0
42,class_imbalance,moderate,"{""majority_classes"":[0,1,8,9],""minority_fraction"":0.5}",standard_conformal,0.1,singleton_conformal,,0.9638571428571429,0.053505261597747156,6747.0,253.0
42,class_imbalance,moderate,"{""majority_classes"":[0,1,8,9],""minority_fraction"":0.5}",standard_conformal,0.2,hybrid,0.5,0.8398571428571429,0.01956114985541757,5879.0,1121.0
42,class_imbalance,moderate,"{""majority_classes"":[0,1,8,9],""minority_fraction"":0.5}",standard_conformal,0.2,hybrid,0.6,0.8398571428571429,0.01956114985541757,5879.0,1121.0
42,class_imbalance,moderate,"{""majority_classes"":[0,1,8,9],""minority_fraction"":0.5}",standard_conformal,0.2,hybrid,0.7,0.8398571428571429,0.01956114985541757,5879.0,1121.0
42,class_imbalance,moderate,"{""majority_classes"":[0,1,8,9],""minority_fraction"":0.5}",standard_conformal,0.2,hybrid,0.8,0.8398571428571429,0.01956114985541757,5879.0,1121.0
42,class_imbalance,moderate,"{""majority_classes"":[0,1,8,9],""minority_fraction"":0.5}",standard_conformal,0.2,hybrid,0.9,0.7772857142857142,0.011027384671935314,5441.0,1559.0
42,class_imbalance,moderate,"{""majority_classes"":[0,1,8,9],""minority_fraction"":0.5}",standard_conformal,0.2,hybrid,0.95,0.7252857142857143,0.008272601930273793,5077.0,1923.0
42,class_imbalance,moderate,"{""majority_classes"":[0,1,8,9],""minority_fraction"":0.5}",standard_conformal,0.2,singleton_conformal,,0.8398571428571429,0.01956114985541757,5879.0,1121.0
42,class_imbalance,moderate,"{""majority_classes"":[0,1,8,9],""minority_fraction"":0.5}",temperature_scaled,,confidence_threshold,0.5,0.9738571428571429,0.05735660847880297,6817.0,183.0
42,class_imbalance,moderate,"{""majority_classes"":[0,1,8,9],""minority_fraction"":0.5}",temperature_scaled,,confidence_threshold,0.6,0.9311428571428572,0.04127032832157107,6518.0,482.0
42,class_imbalance,moderate,"{""majority_classes"":[0,1,8,9],""minority_fraction"":0.5}",temperature_scaled,,confidence_threshold,0.7,0.8905714285714286,0.02871350657683669,6234.0,766.0
42,class_imbalance,moderate,"{""majority_classes"":[0,1,8,9],""minority_fraction"":0.5}",temperature_scaled,,confidence_threshold,0.8,0.8428571428571429,0.02016949152542369,5900.0,1100.0
42,class_imbalance,moderate,"{""majority_classes"":[0,1,8,9],""minority_fraction"":0.5}",temperature_scaled,,confidence_threshold,0.9,0.7772857142857142,0.011027384671935314,5441.0,1559.0
42,class_imbalance,moderate,"{""majority_classes"":[0,1,8,9],""minority_fraction"":0.5}",temperature_scaled,,confidence_threshold,0.95,0.7252857142857143,0.008272601930273793,5077.0,1923.0
42,class_imbalance,strong,"{""majority_classes"":[0,1,8,9],""minority_fraction"":0.2}",standard_conformal,0.05,hybrid,0.5,0.9238461538461539,0.030391340549542067,4804.0,396.0
42,class_imbalance,strong,"{""majority_classes"":[0,1,8,9],""minority_fraction"":0.2}",standard_conformal,0.05,hybrid,0.6,0.9186538461538462,0.028888423696880938,4777.0,423.0
42,class_imbalance,strong,"{""majority_classes"":[0,1,8,9],""minority_fraction"":0.2}",standard_conformal,0.05,hybrid,0.7,0.9032692307692308,0.023419203747072626,4697.0,503.0
42,class_imbalance,strong,"{""majority_classes"":[0,1,8,9],""minority_fraction"":0.2}",standard_conformal,0.05,hybrid,0.8,0.8663461538461539,0.016870144284128696,4505.0,695.0
42,class_imbalance,strong,"{""majority_classes"":[0,1,8,9],""minority_fraction"":0.2}",standard_conformal,0.05,hybrid,0.9,0.8105769230769231,0.008540925266903865,4215.0,985.0
42,class_imbalance,strong,"{""majority_classes"":[0,1,8,9],""minority_fraction"":0.2}",standard_conformal,0.05,hybrid,0.95,0.7684615384615384,0.006006006006005982,3996.0,1204.0
42,class_imbalance,strong,"{""majority_classes"":[0,1,8,9],""minority_fraction"":0.2}",standard_conformal,0.05,singleton_conformal,,0.9296153846153846,0.03434009102192803,4834.0,366.0
42,class_imbalance,strong,"{""majority_classes"":[0,1,8,9],""minority_fraction"":0.2}",standard_conformal,0.1,hybrid,0.5,0.9705769230769231,0.044977214186645575,5047.0,153.0
42,class_imbalance,strong,"{""majority_classes"":[0,1,8,9],""minority_fraction"":0.2}",standard_conformal,0.1,hybrid,0.6,0.9432692307692307,0.03547400611620799,4905.0,295.0
42,class_imbalance,strong,"{""majority_classes"":[0,1,8,9],""minority_fraction"":0.2}",standard_conformal,0.1,hybrid,0.7,0.905,0.023799405014874653,4706.0,494.0
42,class_imbalance,strong,"{""majority_classes"":[0,1,8,9],""minority_fraction"":0.2}",standard_conformal,0.1,hybrid,0.8,0.8663461538461539,0.016870144284128696,4505.0,695.0
42,class_imbalance,strong,"{""majority_classes"":[0,1,8,9],""minority_fraction"":0.2}",standard_conformal,0.1,hybrid,0.9,0.8105769230769231,0.008540925266903865,4215.0,985.0
42,class_imbalance,strong,"{""majority_classes"":[0,1,8,9],""minority_fraction"":0.2}",standard_conformal,0.1,hybrid,0.95,0.7684615384615384,0.006006006006005982,3996.0,1204.0
42,class_imbalance,strong,"{""majority_classes"":[0,1,8,9],""minority_fraction"":0.2}",standard_conformal,0.1,singleton_conformal,,0.9705769230769231,0.044977214186645575,5047.0,153.0
42,class_imbalance,strong,"{""majority_classes"":[0,1,8,9],""minority_fraction"":0.2}",standard_conformal,0.2,hybrid,0.5,0.8636538461538461,0.016922734357604052,4491.0,709.0
42,class_imbalance,strong,"{""majority_classes"":[0,1,8,9],""minority_fraction"":0.2}",standard_conformal,0.2,hybrid,0.6,0.8636538461538461,0.016922734357604052,4491.0,709.0
42,class_imbalance,strong,"{""majority_classes"":[0,1,8,9],""minority_fraction"":0.2}",standard_conformal,0.2,hybrid,0.7,0.8636538461538461,0.016922734357604052,4491.0,709.0
42,class_imbalance,strong,"{""majority_classes"":[0,1,8,9],""minority_fraction"":0.2}",standard_conformal,0.2,hybrid,0.8,0.8636538461538461,0.016922734357604052,4491.0,709.0
42,class_imbalance,strong,"{""majority_classes"":[0,1,8,9],""minority_fraction"":0.2}",standard_conformal,0.2,hybrid,0.9,0.8105769230769231,0.008540925266903865,4215.0,985.0
42,class_imbalance,strong,"{""majority_classes"":[0,1,8,9],""minority_fraction"":0.2}",standard_conformal,0.2,hybrid,0.95,0.7684615384615384,0.006006006006005982,3996.0,1204.0
42,class_imbalance,strong,"{""majority_classes"":[0,1,8,9],""minority_fraction"":0.2}",standard_conformal,0.2,singleton_conformal,,0.8636538461538461,0.016922734357604052,4491.0,709.0
42,class_imbalance,strong,"{""majority_classes"":[0,1,8,9],""minority_fraction"":0.2}",temperature_scaled,,confidence_threshold,0.5,0.9780769230769231,0.04738497837200162,5086.0,114.0
42,class_imbalance,strong,"{""majority_classes"":[0,1,8,9],""minority_fraction"":0.2}",temperature_scaled,,confidence_threshold,0.6,0.9432692307692307,0.03547400611620799,4905.0,295.0
42,class_imbalance,strong,"{""majority_classes"":[0,1,8,9],""minority_fraction"":0.2}",temperature_scaled,,confidence_threshold,0.7,0.905,0.023799405014874653,4706.0,494.0
42,class_imbalance,strong,"{""majority_classes"":[0,1,8,9],""minority_fraction"":0.2}",temperature_scaled,,confidence_threshold,0.8,0.8663461538461539,0.016870144284128696,4505.0,695.0
42,class_imbalance,strong,"{""majority_classes"":[0,1,8,9],""minority_fraction"":0.2}",temperature_scaled,,confidence_threshold,0.9,0.8105769230769231,0.008540925266903865,4215.0,985.0
42,class_imbalance,strong,"{""majority_classes"":[0,1,8,9],""minority_fraction"":0.2}",temperature_scaled,,confidence_threshold,0.95,0.7684615384615384,0.006006006006005982,3996.0,1204.0
42,clean,clean,{},standard_conformal,0.05,hybrid,0.5,0.8977,0.045226690431101724,8977.0,1023.0
42,clean,clean,{},standard_conformal,0.05,hybrid,0.6,0.8893,0.041493309344428186,8893.0,1107.0
42,clean,clean,{},standard_conformal,0.05,hybrid,0.7,0.8705,0.034807581849511826,8705.0,1295.0
42,clean,clean,{},standard_conformal,0.05,hybrid,0.8,0.8192,0.024169921875,8192.0,1808.0
42,clean,clean,{},standard_conformal,0.05,hybrid,0.9,0.7449,0.013156128339374407,7449.0,2551.0
42,clean,clean,{},standard_conformal,0.05,hybrid,0.95,0.6836,0.009215915740198977,6836.0,3164.0
42,clean,clean,{},standard_conformal,0.05,singleton_conformal,,0.9054,0.04948089242323839,9054.0,946.0
42,clean,clean,{},standard_conformal,0.1,hybrid,0.5,0.9584,0.06531719532554259,9584.0,416.0
42,clean,clean,{},standard_conformal,0.1,hybrid,0.6,0.9217,0.051318216339372946,9217.0,783.0
42,clean,clean,{},standard_conformal,0.1,hybrid,0.7,0.8728,0.035403299725022874,8728.0,1272.0
42,clean,clean,{},standard_conformal,0.1,hybrid,0.8,0.8192,0.024169921875,8192.0,1808.0
42,clean,clean,{},standard_conformal,0.1,hybrid,0.9,0.7449,0.013156128339374407,7449.0,2551.0
42,clean,clean,{},standard_conformal,0.1,hybrid,0.95,0.6836,0.009215915740198977,6836.0,3164.0
42,clean,clean,{},standard_conformal,0.1,singleton_conformal,,0.9584,0.06531719532554259,9584.0,416.0
42,clean,clean,{},standard_conformal,0.2,hybrid,0.5,0.8158,0.02353518019122336,8158.0,1842.0
42,clean,clean,{},standard_conformal,0.2,hybrid,0.6,0.8158,0.02353518019122336,8158.0,1842.0
42,clean,clean,{},standard_conformal,0.2,hybrid,0.7,0.8158,0.02353518019122336,8158.0,1842.0
42,clean,clean,{},standard_conformal,0.2,hybrid,0.8,0.8158,0.02353518019122336,8158.0,1842.0
42,clean,clean,{},standard_conformal,0.2,hybrid,0.9,0.7449,0.013156128339374407,7449.0,2551.0
42,clean,clean,{},standard_conformal,0.2,hybrid,0.95,0.6836,0.009215915740198977,6836.0,3164.0
42,clean,clean,{},standard_conformal,0.2,singleton_conformal,,0.8158,0.02353518019122336,8158.0,1842.0
42,clean,clean,{},temperature_scaled,,confidence_threshold,0.5,0.9692,0.0696450680973999,9692.0,308.0
42,clean,clean,{},temperature_scaled,,confidence_threshold,0.6,0.9217,0.051318216339372946,9217.0,783.0
42,clean,clean,{},temperature_scaled,,confidence_threshold,0.7,0.8728,0.035403299725022874,8728.0,1272.0
42,clean,clean,{},temperature_scaled,,confidence_threshold,0.8,0.8192,0.024169921875,8192.0,1808.0
42,clean,clean,{},temperature_scaled,,confidence_threshold,0.9,0.7449,0.013156128339374407,7449.0,2551.0
42,clean,clean,{},temperature_scaled,,confidence_threshold,0.95,0.6836,0.009215915740198977,6836.0,3164.0
42,gaussian_blur,medium,"{""sigma"":1.0}",standard_conformal,0.05,hybrid,0.5,0.8141,0.11313106497973224,8141.0,1859.0
42,gaussian_blur,medium,"{""sigma"":1.0}",standard_conformal,0.05,hybrid,0.6,0.7659,0.08434521477999735,7659.0,2341.0
42,gaussian_blur,medium,"{""sigma"":1.0}",standard_conformal,0.05,hybrid,0.7,0.6982,0.05471211687195643,6982.0,3018.0
42,gaussian_blur,medium,"{""sigma"":1.0}",standard_conformal,0.05,hybrid,0.8,0.605,0.03256198347107442,6050.0,3950.0
42,gaussian_blur,medium,"{""sigma"":1.0}",standard_conformal,0.05,hybrid,0.9,0.4925,0.017868020304568577,4925.0,5075.0
42,gaussian_blur,medium,"{""sigma"":1.0}",standard_conformal,0.05,hybrid,0.95,0.4086,0.007831620166421915,4086.0,5914.0
42,gaussian_blur,medium,"{""sigma"":1.0}",standard_conformal,0.05,singleton_conformal,,0.8653,0.1438807350052005,8653.0,1347.0
42,gaussian_blur,medium,"{""sigma"":1.0}",standard_conformal,0.1,hybrid,0.5,0.8642,0.126822494792872,8642.0,1358.0
42,gaussian_blur,medium,"{""sigma"":1.0}",standard_conformal,0.1,hybrid,0.6,0.79,0.08860759493670889,7900.0,2100.0
42,gaussian_blur,medium,"{""sigma"":1.0}",standard_conformal,0.1,hybrid,0.7,0.6988,0.054665140240412136,6988.0,3012.0
42,gaussian_blur,medium,"{""sigma"":1.0}",standard_conformal,0.1,hybrid,0.8,0.605,0.03256198347107442,6050.0,3950.0
42,gaussian_blur,medium,"{""sigma"":1.0}",standard_conformal,0.1,hybrid,0.9,0.4925,0.017868020304568577,4925.0,5075.0
42,gaussian_blur,medium,"{""sigma"":1.0}",standard_conformal,0.1,hybrid,0.95,0.4086,0.007831620166421915,4086.0,5914.0
42,gaussian_blur,medium,"{""sigma"":1.0}",standard_conformal,0.1,singleton_conformal,,0.8642,0.126822494792872,8642.0,1358.0
42,gaussian_blur,medium,"{""sigma"":1.0}",standard_conformal,0.2,hybrid,0.5,0.5988,0.031730126920507695,5988.0,4012.0
42,gaussian_blur,medium,"{""sigma"":1.0}",standard_conformal,0.2,hybrid,0.6,0.5988,0.031730126920507695,5988.0,4012.0
42,gaussian_blur,medium,"{""sigma"":1.0}",standard_conformal,0.2,hybrid,0.7,0.5988,0.031730126920507695,5988.0,4012.0
42,gaussian_blur,medium,"{""sigma"":1.0}",standard_conformal,0.2,hybrid,0.8,0.5988,0.031730126920507695,5988.0,4012.0
42,gaussian_blur,medium,"{""sigma"":1.0}",standard_conformal,0.2,hybrid,0.9,0.4925,0.017868020304568577,4925.0,5075.0
42,gaussian_blur,medium,"{""sigma"":1.0}",standard_conformal,0.2,hybrid,0.95,0.4086,0.007831620166421915,4086.0,5914.0
42,gaussian_blur,medium,"{""sigma"":1.0}",standard_conformal,0.2,singleton_conformal,,0.5988,0.031730126920507695,5988.0,4012.0
42,gaussian_blur,medium,"{""sigma"":1.0}",temperature_scaled,,confidence_threshold,0.5,0.8863,0.13674827936364664,8863.0,1137.0
42,gaussian_blur,medium,"{""sigma"":1.0}",temperature_scaled,,confidence_threshold,0.6,0.79,0.08860759493670889,7900.0,2100.0
42,gaussian_blur,medium,"{""sigma"":1.0}",temperature_scaled,,confidence_threshold,0.7,0.6988,0.054665140240412136,6988.0,3012.0
42,gaussian_blur,medium,"{""sigma"":1.0}",temperature_scaled,,confidence_threshold,0.8,0.605,0.03256198347107442,6050.0,3950.0
42,gaussian_blur,medium,"{""sigma"":1.0}",temperature_scaled,,confidence_threshold,0.9,0.4925,0.017868020304568577,4925.0,5075.0
42,gaussian_blur,medium,"{""sigma"":1.0}",temperature_scaled,,confidence_threshold,0.95,0.4086,0.007831620166421915,4086.0,5914.0
42,gaussian_blur,mild,"{""sigma"":0.5}",standard_conformal,0.05,hybrid,0.5,0.8827,0.0503002152486689,8827.0,1173.0
42,gaussian_blur,mild,"{""sigma"":0.5}",standard_conformal,0.05,hybrid,0.6,0.8708,0.04513091410197523,8708.0,1292.0
42,gaussian_blur,mild,"{""sigma"":0.5}",standard_conformal,0.05,hybrid,0.7,0.8464,0.03969754253308133,8464.0,1536.0
42,gaussian_blur,mild,"{""sigma"":0.5}",standard_conformal,0.05,hybrid,0.8,0.788,0.026269035532994978,7880.0,2120.0
42,gaussian_blur,mild,"{""sigma"":0.5}",standard_conformal,0.05,hybrid,0.9,0.7006,0.013559805880673736,7006.0,2994.0
42,gaussian_blur,mild,"{""sigma"":0.5}",standard_conformal,0.05,hybrid,0.95,0.6236,0.007857601026298955,6236.0,3764.0
42,gaussian_blur,mild,"{""sigma"":0.5}",standard_conformal,0.05,singleton_conformal,,0.8967,0.058994089439054265,8967.0,1033.0
42,gaussian_blur,mild,"{""sigma"":0.5}",standard_conformal,0.1,hybrid,0.5,0.9373,0.06870799103808811,9373.0,627.0
42,gaussian_blur,mild,"{""sigma"":0.5}",standard_conformal,0.1,hybrid,0.6,0.8978,0.05312987302294503,8978.0,1022.0
42,gaussian_blur,mild,"{""sigma"":0.5}",standard_conformal,0.1,hybrid,0.7,0.8473,0.04000944175616661,8473.0,1527.0
42,gaussian_blur,mild,"{""sigma"":0.5}",standard_conformal,0.1,hybrid,0.8,0.788,0.026269035532994978,7880.0,2120.0
42,gaussian_blur,mild,"{""sigma"":0.5}",standard_conformal,0.1,hybrid,0.9,0.7006,0.013559805880673736,7006.0,2994.0
42,gaussian_blur,mild,"{""sigma"":0.5}",standard_conformal,0.1,hybrid,0.95,0.6236,0.007857601026298955,6236.0,3764.0
42,gaussian_blur,mild,"{""sigma"":0.5}",standard_conformal,0.1,singleton_conformal,,0.9373,0.06870799103808811,9373.0,627.0
42,gaussian_blur,mild,"{""sigma"":0.5}",standard_conformal,0.2,hybrid,0.5,0.7844,0.026007139214686337,7844.0,2156.0
42,gaussian_blur,mild,"{""sigma"":0.5}",standard_conformal,0.2,hybrid,0.6,0.7844,0.026007139214686337,7844.0,2156.0
42,gaussian_blur,mild,"{""sigma"":0.5}",standard_conformal,0.2,hybrid,0.7,0.7844,0.026007139214686337,7844.0,2156.0
42,gaussian_blur,mild,"{""sigma"":0.5}",standard_conformal,0.2,hybrid,0.8,0.7844,0.026007139214686337,7844.0,2156.0
42,gaussian_blur,mild,"{""sigma"":0.5}",standard_conformal,0.2,hybrid,0.9,0.7006,0.013559805880673736,7006.0,2994.0
42,gaussian_blur,mild,"{""sigma"":0.5}",standard_conformal,0.2,hybrid,0.95,0.6236,0.007857601026298955,6236.0,3764.0
42,gaussian_blur,mild,"{""sigma"":0.5}",standard_conformal,0.2,singleton_conformal,,0.7844,0.026007139214686337,7844.0,2156.0
42,gaussian_blur,mild,"{""sigma"":0.5}",temperature_scaled,,confidence_threshold,0.5,0.9521,0.07446696775548789,9521.0,479.0
42,gaussian_blur,mild,"{""sigma"":0.5}",temperature_scaled,,confidence_threshold,0.6,0.8978,0.05312987302294503,8978.0,1022.0
42,gaussian_blur,mild,"{""sigma"":0.5}",temperature_scaled,,confidence_threshold,0.7,0.8473,0.04000944175616661,8473.0,1527.0
42,gaussian_blur,mild,"{""sigma"":0.5}",temperature_scaled,,confidence_threshold,0.8,0.788,0.026269035532994978,7880.0,2120.0
42,gaussian_blur,mild,"{""sigma"":0.5}",temperature_scaled,,confidence_threshold,0.9,0.7006,0.013559805880673736,7006.0,2994.0
42,gaussian_blur,mild,"{""sigma"":0.5}",temperature_scaled,,confidence_threshold,0.95,0.6236,0.007857601026298955,6236.0,3764.0
42,gaussian_blur,strong,"{""sigma"":1.5}",standard_conformal,0.05,hybrid,0.5,0.7127,0.1687947242879192,7127.0,2873.0
42,gaussian_blur,strong,"{""sigma"":1.5}",standard_conformal,0.05,hybrid,0.6,0.6085,0.10780608052588336,6085.0,3915.0
42,gaussian_blur,strong,"{""sigma"":1.5}",standard_conformal,0.05,hybrid,0.7,0.5092,0.07285938727415553,5092.0,4908.0
42,gaussian_blur,strong,"{""sigma"":1.5}",standard_conformal,0.05,hybrid,0.8,0.4043,0.04625278258718768,4043.0,5957.0
42,gaussian_blur,strong,"{""sigma"":1.5}",standard_conformal,0.05,hybrid,0.9,0.2628,0.020547945205479423,2628.0,7372.0
42,gaussian_blur,strong,"{""sigma"":1.5}",standard_conformal,0.05,hybrid,0.95,0.1544,0.0032383419689119286,1544.0,8456.0
42,gaussian_blur,strong,"{""sigma"":1.5}",standard_conformal,0.05,singleton_conformal,,0.848,0.24764150943396224,8480.0,1520.0
42,gaussian_blur,strong,"{""sigma"":1.5}",standard_conformal,0.1,hybrid,0.5,0.742,0.16940700808625342,7420.0,2580.0
42,gaussian_blur,strong,"{""sigma"":1.5}",standard_conformal,0.1,hybrid,0.6,0.6298,0.11273420133375678,6298.0,3702.0
42,gaussian_blur,strong,"{""sigma"":1.5}",standard_conformal,0.1,hybrid,0.7,0.5095,0.07281648675171737,5095.0,4905.0
42,gaussian_blur,strong,"{""sigma"":1.5}",standard_conformal,0.1,hybrid,0.8,0.4043,0.04625278258718768,4043.0,5957.0
42,gaussian_blur,strong,"{""sigma"":1.5}",standard_conformal,0.1,hybrid,0.9,0.2628,0.020547945205479423,2628.0,7372.0
42,gaussian_blur,strong,"{""sigma"":1.5}",standard_conformal,0.1,hybrid,0.95,0.1544,0.0032383419689119286,1544.0,8456.0
42,gaussian_blur,strong,"{""sigma"":1.5}",standard_conformal,0.1,singleton_conformal,,0.742,0.16940700808625342,7420.0,2580.0
42,gaussian_blur,strong,"{""sigma"":1.5}",standard_conformal,0.2,hybrid,0.5,0.3976,0.04552313883299797,3976.0,6024.0
42,gaussian_blur,strong,"{""sigma"":1.5}",standard_conformal,0.2,hybrid,0.6,0.3976,0.04552313883299797,3976.0,6024.0
42,gaussian_blur,strong,"{""sigma"":1.5}",standard_conformal,0.2,hybrid,0.7,0.3976,0.04552313883299797,3976.0,6024.0
42,gaussian_blur,strong,"{""sigma"":1.5}",standard_conformal,0.2,hybrid,0.8,0.3976,0.04552313883299797,3976.0,6024.0
42,gaussian_blur,strong,"{""sigma"":1.5}",standard_conformal,0.2,hybrid,0.9,0.2628,0.020547945205479423,2628.0,7372.0
42,gaussian_blur,strong,"{""sigma"":1.5}",standard_conformal,0.2,hybrid,0.95,0.1544,0.0032383419689119286,1544.0,8456.0
42,gaussian_blur,strong,"{""sigma"":1.5}",standard_conformal,0.2,singleton_conformal,,0.3976,0.04552313883299797,3976.0,6024.0
42,gaussian_blur,strong,"{""sigma"":1.5}",temperature_scaled,,confidence_threshold,0.5,0.7767,0.18436976953778805,7767.0,2233.0
42,gaussian_blur,strong,"{""sigma"":1.5}",temperature_scaled,,confidence_threshold,0.6,0.6298,0.11273420133375678,6298.0,3702.0
42,gaussian_blur,strong,"{""sigma"":1.5}",temperature_scaled,,confidence_threshold,0.7,0.5095,0.07281648675171737,5095.0,4905.0
42,gaussian_blur,strong,"{""sigma"":1.5}",temperature_scaled,,confidence_threshold,0.8,0.4043,0.04625278258718768,4043.0,5957.0
42,gaussian_blur,strong,"{""sigma"":1.5}",temperature_scaled,,confidence_threshold,0.9,0.2628,0.020547945205479423,2628.0,7372.0
42,gaussian_blur,strong,"{""sigma"":1.5}",temperature_scaled,,confidence_threshold,0.95,0.1544,0.0032383419689119286,1544.0,8456.0
42,gaussian_noise,medium,"{""std"":0.2}",standard_conformal,0.05,hybrid,0.5,0.794,0.21952141057934504,7940.0,2060.0
42,gaussian_noise,medium,"{""std"":0.2}",standard_conformal,0.05,hybrid,0.6,0.7596,0.20313322801474465,7596.0,2404.0
42,gaussian_noise,medium,"{""std"":0.2}",standard_conformal,0.05,hybrid,0.7,0.6926,0.17311579555298873,6926.0,3074.0
42,gaussian_noise,medium,"{""std"":0.2}",standard_conformal,0.05,hybrid,0.8,0.5855,0.12314261315115282,5855.0,4145.0
42,gaussian_noise,medium,"{""std"":0.2}",standard_conformal,0.05,hybrid,0.9,0.4577,0.06663753550360496,4577.0,5423.0
42,gaussian_noise,medium,"{""std"":0.2}",standard_conformal,0.05,hybrid,0.95,0.373,0.031903485254691666,3730.0,6270.0
42,gaussian_noise,medium,"{""std"":0.2}",standard_conformal,0.05,singleton_conformal,,0.8217,0.23378361932578795,8217.0,1783.0
42,gaussian_noise,medium,"{""std"":0.2}",standard_conformal,0.1,hybrid,0.5,0.8848,0.2510171790235082,8848.0,1152.0
42,gaussian_noise,medium,"{""std"":0.2}",standard_conformal,0.1,hybrid,0.6,0.7997,0.21645617106414905,7997.0,2003.0
42,gaussian_noise,medium,"{""std"":0.2}",standard_conformal,0.1,hybrid,0.7,0.6937,0.17327374945942053,6937.0,3063.0
42,gaussian_noise,medium,"{""std"":0.2}",standard_conformal,0.1,hybrid,0.8,0.5855,0.12314261315115282,5855.0,4145.0
42,gaussian_noise,medium,"{""std"":0.2}",standard_conformal,0.1,hybrid,0.9,0.4577,0.06663753550360496,4577.0,5423.0
42,gaussian_noise,medium,"{""std"":0.2}",standard_conformal,0.1,hybrid,0.95,0.373,0.031903485254691666,3730.0,6270.0
42,gaussian_noise,medium,"{""std"":0.2}",standard_conformal,0.1,singleton_conformal,,0.8848,0.2510171790235082,8848.0,1152.0
42,gaussian_noise,medium,"{""std"":0.2}",standard_conformal,0.2,hybrid,0.5,0.5788,0.11973047684865235,5788.0,4212.0
42,gaussian_noise,medium,"{""std"":0.2}",standard_conformal,0.2,hybrid,0.6,0.5788,0.11973047684865235,5788.0,4212.0
42,gaussian_noise,medium,"{""std"":0.2}",standard_conformal,0.2,hybrid,0.7,0.5788,0.11973047684865235,5788.0,4212.0
42,gaussian_noise,medium,"{""std"":0.2}",standard_conformal,0.2,hybrid,0.8,0.5788,0.11973047684865235,5788.0,4212.0
42,gaussian_noise,medium,"{""std"":0.2}",standard_conformal,0.2,hybrid,0.9,0.4577,0.06663753550360496,4577.0,5423.0
42,gaussian_noise,medium,"{""std"":0.2}",standard_conformal,0.2,hybrid,0.95,0.373,0.031903485254691666,3730.0,6270.0
42,gaussian_noise,medium,"{""std"":0.2}",standard_conformal,0.2,singleton_conformal,,0.5788,0.11973047684865235,5788.0,4212.0
42,gaussian_noise,medium,"{""std"":0.2}",temperature_scaled,,confidence_threshold,0.5,0.9097,0.25788721556557104,9097.0,903.0
42,gaussian_noise,medium,"{""std"":0.2}",temperature_scaled,,confidence_threshold,0.6,0.7997,0.21645617106414905,7997.0,2003.0
42,gaussian_noise,medium,"{""std"":0.2}",temperature_scaled,,confidence_threshold,0.7,0.6937,0.17327374945942053,6937.0,3063.0
42,gaussian_noise,medium,"{""std"":0.2}",temperature_scaled,,confidence_threshold,0.8,0.5855,0.12314261315115282,5855.0,4145.0
42,gaussian_noise,medium,"{""std"":0.2}",temperature_scaled,,confidence_threshold,0.9,0.4577,0.06663753550360496,4577.0,5423.0
42,gaussian_noise,medium,"{""std"":0.2}",temperature_scaled,,confidence_threshold,0.95,0.373,0.031903485254691666,3730.0,6270.0
42,gaussian_noise,mild,"{""std"":0.1}",standard_conformal,0.05,hybrid,0.5,0.8462,0.07716851808083192,8462.0,1538.0
42,gaussian_noise,mild,"{""std"":0.1}",standard_conformal,0.05,hybrid,0.6,0.8286,0.06722181993724352,8286.0,1714.0
42,gaussian_noise,mild,"{""std"":0.1}",standard_conformal,0.05,hybrid,0.7,0.792,0.050883838383838365,7920.0,2080.0
42,gaussian_noise,mild,"{""std"":0.1}",standard_conformal,0.05,hybrid,0.8,0.7169,0.02999023573720183,7169.0,2831.0
42,gaussian_noise,mild,"{""std"":0.1}",standard_conformal,0.05,hybrid,0.9,0.623,0.010914927768860383,6230.0,3770.0
42,gaussian_noise,mild,"{""std"":0.1}",standard_conformal,0.05,hybrid,0.95,0.5586,0.005549588256355209,5586.0,4414.0
42,gaussian_noise,mild,"{""std"":0.1}",standard_conformal,0.05,singleton_conformal,,0.859,0.08498253783469145,8590.0,1410.0
42,gaussian_noise,mild,"{""std"":0.1}",standard_conformal,0.1,hybrid,0.5,0.9319,0.10451765210859532,9319.0,681.0
42,gaussian_noise,mild,"{""std"":0.1}",standard_conformal,0.1,hybrid,0.6,0.8704,0.08088235294117652,8704.0,1296.0
42,gaussian_noise,mild,"{""std"":0.1}",standard_conformal,0.1,hybrid,0.7,0.7934,0.05142425006301987,7934.0,2066.0
42,gaussian_noise,mild,"{""std"":0.1}",standard_conformal,0.1,hybrid,0.8,0.7169,0.02999023573720183,7169.0,2831.0
42,gaussian_noise,mild,"{""std"":0.1}",standard_conformal,0.1,hybrid,0.9,0.623,0.010914927768860383,6230.0,3770.0
42,gaussian_noise,mild,"{""std"":0.1}",standard_conformal,0.1,hybrid,0.95,0.5586,0.005549588256355209,5586.0,4414.0
42,gaussian_noise,mild,"{""std"":0.1}",standard_conformal,0.1,singleton_conformal,,0.9319,0.10451765210859532,9319.0,681.0
42,gaussian_noise,mild,"{""std"":0.1}",standard_conformal,0.2,hybrid,0.5,0.712,0.028932584269662942,7120.0,2880.0
42,gaussian_noise,mild,"{""std"":0.1}",standard_conformal,0.2,hybrid,0.6,0.712,0.028932584269662942,7120.0,2880.0
42,gaussian_noise,mild,"{""std"":0.1}",standard_conformal,0.2,hybrid,0.7,0.712,0.028932584269662942,7120.0,2880.0
42,gaussian_noise,mild,"{""std"":0.1}",standard_conformal,0.2,hybrid,0.8,0.712,0.028932584269662942,7120.0,2880.0
42,gaussian_noise,mild,"{""std"":0.1}",standard_conformal,0.2,hybrid,0.9,0.623,0.010914927768860383,6230.0,3770.0
42,gaussian_noise,mild,"{""std"":0.1}",standard_conformal,0.2,hybrid,0.95,0.5586,0.005549588256355209,5586.0,4414.0
42,gaussian_noise,mild,"{""std"":0.1}",standard_conformal,0.2,singleton_conformal,,0.712,0.028932584269662942,7120.0,2880.0
42,gaussian_noise,mild,"{""std"":0.1}",temperature_scaled,,confidence_threshold,0.5,0.9492,0.1123050990307628,9492.0,508.0
42,gaussian_noise,mild,"{""std"":0.1}",temperature_scaled,,confidence_threshold,0.6,0.8704,0.08088235294117652,8704.0,1296.0
42,gaussian_noise,mild,"{""std"":0.1}",temperature_scaled,,confidence_threshold,0.7,0.7934,0.05142425006301987,7934.0,2066.0
42,gaussian_noise,mild,"{""std"":0.1}",temperature_scaled,,confidence_threshold,0.8,0.7169,0.02999023573720183,7169.0,2831.0
42,gaussian_noise,mild,"{""std"":0.1}",temperature_scaled,,confidence_threshold,0.9,0.623,0.010914927768860383,6230.0,3770.0
42,gaussian_noise,mild,"{""std"":0.1}",temperature_scaled,,confidence_threshold,0.95,0.5586,0.005549588256355209,5586.0,4414.0
42,gaussian_noise,strong,"{""std"":0.3}",standard_conformal,0.05,hybrid,0.5,0.8004,0.5632183908045977,8004.0,1996.0
42,gaussian_noise,strong,"{""std"":0.3}",standard_conformal,0.05,hybrid,0.6,0.7614,0.555030207512477,7614.0,2386.0
42,gaussian_noise,strong,"{""std"":0.3}",standard_conformal,0.05,hybrid,0.7,0.6852,0.5385288966725044,6852.0,3148.0
42,gaussian_noise,strong,"{""std"":0.3}",standard_conformal,0.05,hybrid,0.8,0.5474,0.49269272926561924,5474.0,4526.0
42,gaussian_noise,strong,"{""std"":0.3}",standard_conformal,0.05,hybrid,0.9,0.3753,0.416466826538769,3753.0,6247.0
42,gaussian_noise,strong,"{""std"":0.3}",standard_conformal,0.05,hybrid,0.95,0.2548,0.32731554160125587,2548.0,7452.0
42,gaussian_noise,strong,"{""std"":0.3}",standard_conformal,0.05,singleton_conformal,,0.8242,0.5690366415918466,8242.0,1758.0
42,gaussian_noise,strong,"{""std"":0.3}",standard_conformal,0.1,hybrid,0.5,0.8785,0.5792828685258964,8785.0,1215.0
42,gaussian_noise,strong,"{""std"":0.3}",standard_conformal,0.1,hybrid,0.6,0.7968,0.5626255020080322,7968.0,2032.0
42,gaussian_noise,strong,"{""std"":0.3}",standard_conformal,0.1,hybrid,0.7,0.6853,0.5384503137312127,6853.0,3147.0
42,gaussian_noise,strong,"{""std"":0.3}",standard_conformal,0.1,hybrid,0.8,0.5474,0.49269272926561924,5474.0,4526.0
42,gaussian_noise,strong,"{""std"":0.3}",standard_conformal,0.1,hybrid,0.9,0.3753,0.416466826538769,3753.0,6247.0
42,gaussian_noise,strong,"{""std"":0.3}",standard_conformal,0.1,hybrid,0.95,0.2548,0.32731554160125587,2548.0,7452.0
42,gaussian_noise,strong,"{""std"":0.3}",standard_conformal,0.1,singleton_conformal,,0.8785,0.5792828685258964,8785.0,1215.0
42,gaussian_noise,strong,"{""std"":0.3}",standard_conformal,0.2,hybrid,0.5,0.5376,0.48865327380952384,5376.0,4624.0
42,gaussian_noise,strong,"{""std"":0.3}",standard_conformal,0.2,hybrid,0.6,0.5376,0.48865327380952384,5376.0,4624.0
42,gaussian_noise,strong,"{""std"":0.3}",standard_conformal,0.2,hybrid,0.7,0.5376,0.48865327380952384,5376.0,4624.0
42,gaussian_noise,strong,"{""std"":0.3}",standard_conformal,0.2,hybrid,0.8,0.5376,0.48865327380952384,5376.0,4624.0
42,gaussian_noise,strong,"{""std"":0.3}",standard_conformal,0.2,hybrid,0.9,0.3753,0.416466826538769,3753.0,6247.0
42,gaussian_noise,strong,"{""std"":0.3}",standard_conformal,0.2,hybrid,0.95,0.2548,0.32731554160125587,2548.0,7452.0
42,gaussian_noise,strong,"{""std"":0.3}",standard_conformal,0.2,singleton_conformal,,0.5376,0.48865327380952384,5376.0,4624.0
42,gaussian_noise,strong,"{""std"":0.3}",temperature_scaled,,confidence_threshold,0.5,0.9029,0.5837855797984273,9029.0,971.0
42,gaussian_noise,strong,"{""std"":0.3}",temperature_scaled,,confidence_threshold,0.6,0.7968,0.5626255020080322,7968.0,2032.0
42,gaussian_noise,strong,"{""std"":0.3}",temperature_scaled,,confidence_threshold,0.7,0.6853,0.5384503137312127,6853.0,3147.0
42,gaussian_noise,strong,"{""std"":0.3}",temperature_scaled,,confidence_threshold,0.8,0.5474,0.49269272926561924,5474.0,4526.0
42,gaussian_noise,strong,"{""std"":0.3}",temperature_scaled,,confidence_threshold,0.9,0.3753,0.416466826538769,3753.0,6247.0
42,gaussian_noise,strong,"{""std"":0.3}",temperature_scaled,,confidence_threshold,0.95,0.2548,0.32731554160125587,2548.0,7452.0
42,rotation,medium,"{""degrees"":20.0}",standard_conformal,0.05,hybrid,0.5,0.57,0.2750877192982456,5700.0,4300.0
42,rotation,medium,"{""degrees"":20.0}",standard_conformal,0.05,hybrid,0.6,0.4951,0.2272268228640678,4951.0,5049.0
42,rotation,medium,"{""degrees"":20.0}",standard_conformal,0.05,hybrid,0.7,0.4131,0.1711450012103607,4131.0,5869.0
42,rotation,medium,"{""degrees"":20.0}",standard_conformal,0.05,hybrid,0.8,0.3191,0.11375744280789724,3191.0,6809.0
42,rotation,medium,"{""degrees"":20.0}",standard_conformal,0.05,hybrid,0.9,0.2342,0.06831767719897519,2342.0,7658.0
42,rotation,medium,"{""degrees"":20.0}",standard_conformal,0.05,hybrid,0.95,0.1796,0.04231625835189312,1796.0,8204.0
42,rotation,medium,"{""degrees"":20.0}",standard_conformal,0.05,singleton_conformal,,0.7496,0.3838046958377801,7496.0,2504.0
42,rotation,medium,"{""degrees"":20.0}",standard_conformal,0.1,hybrid,0.5,0.6082,0.2808286747780335,6082.0,3918.0
42,rotation,medium,"{""degrees"":20.0}",standard_conformal,0.1,hybrid,0.6,0.5156,0.23273855702094648,5156.0,4844.0
42,rotation,medium,"{""degrees"":20.0}",standard_conformal,0.1,hybrid,0.7,0.414,0.17222222222222228,4140.0,5860.0
42,rotation,medium,"{""degrees"":20.0}",standard_conformal,0.1,hybrid,0.8,0.3191,0.11375744280789724,3191.0,6809.0
42,rotation,medium,"{""degrees"":20.0}",standard_conformal,0.1,hybrid,0.9,0.2342,0.06831767719897519,2342.0,7658.0
42,rotation,medium,"{""degrees"":20.0}",standard_conformal,0.1,hybrid,0.95,0.1796,0.04231625835189312,1796.0,8204.0
42,rotation,medium,"{""degrees"":20.0}",standard_conformal,0.1,singleton_conformal,,0.6082,0.2808286747780335,6082.0,3918.0
42,rotation,medium,"{""degrees"":20.0}",standard_conformal,0.2,hybrid,0.5,0.3135,0.1106858054226475,3135.0,6865.0
42,rotation,medium,"{""degrees"":20.0}",standard_conformal,0.2,hybrid,0.6,0.3135,0.1106858054226475,3135.0,6865.0
42,rotation,medium,"{""degrees"":20.0}",standard_conformal,0.2,hybrid,0.7,0.3135,0.1106858054226475,3135.0,6865.0
42,rotation,medium,"{""degrees"":20.0}",standard_conformal,0.2,hybrid,0.8,0.3135,0.1106858054226475,3135.0,6865.0
42,rotation,medium,"{""degrees"":20.0}",standard_conformal,0.2,hybrid,0.9,0.2342,0.06831767719897519,2342.0,7658.0
42,rotation,medium,"{""degrees"":20.0}",standard_conformal,0.2,hybrid,0.95,0.1796,0.04231625835189312,1796.0,8204.0
42,rotation,medium,"{""degrees"":20.0}",standard_conformal,0.2,singleton_conformal,,0.3135,0.1106858054226475,3135.0,6865.0
42,rotation,medium,"{""degrees"":20.0}",temperature_scaled,,confidence_threshold,0.5,0.638,0.2959247648902821,6380.0,3620.0
42,rotation,medium,"{""degrees"":20.0}",temperature_scaled,,confidence_threshold,0.6,0.5156,0.23273855702094648,5156.0,4844.0
42,rotation,medium,"{""degrees"":20.0}",temperature_scaled,,confidence_threshold,0.7,0.414,0.17222222222222228,4140.0,5860.0
42,rotation,medium,"{""degrees"":20.0}",temperature_scaled,,confidence_threshold,0.8,0.3191,0.11375744280789724,3191.0,6809.0
42,rotation,medium,"{""degrees"":20.0}",temperature_scaled,,confidence_threshold,0.9,0.2342,0.06831767719897519,2342.0,7658.0
42,rotation,medium,"{""degrees"":20.0}",temperature_scaled,,confidence_threshold,0.95,0.1796,0.04231625835189312,1796.0,8204.0
42,rotation,mild,"{""degrees"":10.0}",standard_conformal,0.05,hybrid,0.5,0.7742,0.07452854559545341,7742.0,2258.0
42,rotation,mild,"{""degrees"":10.0}",standard_conformal,0.05,hybrid,0.6,0.7199,0.059591609945825796,7199.0,2801.0
42,rotation,mild,"{""degrees"":10.0}",standard_conformal,0.05,hybrid,0.7,0.6616,0.04398428053204351,6616.0,3384.0
42,rotation,mild,"{""degrees"":10.0}",standard_conformal,0.05,hybrid,0.8,0.5911,0.026053121299272508,5911.0,4089.0
42,rotation,mild,"{""degrees"":10.0}",standard_conformal,0.05,hybrid,0.9,0.5026,0.013131715081575845,5026.0,4974.0
42,rotation,mild,"{""degrees"":10.0}",standard_conformal,0.05,hybrid,0.95,0.4414,0.0067965564114181864,4414.0,5586.0
42,rotation,mild,"{""degrees"":10.0}",standard_conformal,0.05,singleton_conformal,,0.8369,0.10264069781335883,8369.0,1631.0
42,rotation,mild,"{""degrees"":10.0}",standard_conformal,0.1,hybrid,0.5,0.8174,0.09077563004648892,8174.0,1826.0
42,rotation,mild,"{""degrees"":10.0}",standard_conformal,0.1,hybrid,0.6,0.7393,0.06614364939807926,7393.0,2607.0
42,rotation,mild,"{""degrees"":10.0}",standard_conformal,0.1,hybrid,0.7,0.6623,0.04423977049675376,6623.0,3377.0
42,rotation,mild,"{""degrees"":10.0}",standard_conformal,0.1,hybrid,0.8,0.5911,0.026053121299272508,5911.0,4089.0
42,rotation,mild,"{""degrees"":10.0}",standard_conformal,0.1,hybrid,0.9,0.5026,0.013131715081575845,5026.0,4974.0
42,rotation,mild,"{""degrees"":10.0}",standard_conformal,0.1,hybrid,0.95,0.4414,0.0067965564114181864,4414.0,5586.0
42,rotation,mild,"{""degrees"":10.0}",standard_conformal,0.1,singleton_conformal,,0.8174,0.09077563004648892,8174.0,1826.0
42,rotation,mild,"{""degrees"":10.0}",standard_conformal,0.2,hybrid,0.5,0.5855,0.024423569598633676,5855.0,4145.0
42,rotation,mild,"{""degrees"":10.0}",standard_conformal,0.2,hybrid,0.6,0.5855,0.024423569598633676,5855.0,4145.0
42,rotation,mild,"{""degrees"":10.0}",standard_conformal,0.2,hybrid,0.7,0.5855,0.024423569598633676,5855.0,4145.0
42,rotation,mild,"{""degrees"":10.0}",standard_conformal,0.2,hybrid,0.8,0.5855,0.024423569598633676,5855.0,4145.0
42,rotation,mild,"{""degrees"":10.0}",standard_conformal,0.2,hybrid,0.9,0.5026,0.013131715081575845,5026.0,4974.0
42,rotation,mild,"{""degrees"":10.0}",standard_conformal,0.2,hybrid,0.95,0.4414,0.0067965564114181864,4414.0,5586.0
42,rotation,mild,"{""degrees"":10.0}",standard_conformal,0.2,singleton_conformal,,0.5855,0.024423569598633676,5855.0,4145.0
42,rotation,mild,"{""degrees"":10.0}",temperature_scaled,,confidence_threshold,0.5,0.8399,0.0977497321109656,8399.0,1601.0
42,rotation,mild,"{""degrees"":10.0}",temperature_scaled,,confidence_threshold,0.6,0.7393,0.06614364939807926,7393.0,2607.0
42,rotation,mild,"{""degrees"":10.0}",temperature_scaled,,confidence_threshold,0.7,0.6623,0.04423977049675376,6623.0,3377.0
42,rotation,mild,"{""degrees"":10.0}",temperature_scaled,,confidence_threshold,0.8,0.5911,0.026053121299272508,5911.0,4089.0
42,rotation,mild,"{""degrees"":10.0}",temperature_scaled,,confidence_threshold,0.9,0.5026,0.013131715081575845,5026.0,4974.0
42,rotation,mild,"{""degrees"":10.0}",temperature_scaled,,confidence_threshold,0.95,0.4414,0.0067965564114181864,4414.0,5586.0
42,rotation,strong,"{""degrees"":30.0}",standard_conformal,0.05,hybrid,0.5,0.4521,0.5224507852245078,4521.0,5479.0
42,rotation,strong,"{""degrees"":30.0}",standard_conformal,0.05,hybrid,0.6,0.3574,0.4776161163961947,3574.0,6426.0
42,rotation,strong,"{""degrees"":30.0}",standard_conformal,0.05,hybrid,0.7,0.2761,0.4281057587830496,2761.0,7239.0
42,rotation,strong,"{""degrees"":30.0}",standard_conformal,0.05,hybrid,0.8,0.2009,0.38675958188153314,2009.0,7991.0
42,rotation,strong,"{""degrees"":30.0}",standard_conformal,0.05,hybrid,0.9,0.1327,0.30670685757347405,1327.0,8673.0
42,rotation,strong,"{""degrees"":30.0}",standard_conformal,0.05,hybrid,0.95,0.1009,0.24281466798810702,1009.0,8991.0
42,rotation,strong,"{""degrees"":30.0}",standard_conformal,0.05,singleton_conformal,,0.7141,0.6207814031648229,7141.0,2859.0
42,rotation,strong,"{""degrees"":30.0}",standard_conformal,0.1,hybrid,0.5,0.4771,0.521483965625655,4771.0,5229.0
42,rotation,strong,"{""degrees"":30.0}",standard_conformal,0.1,hybrid,0.6,0.372,0.4819892473118279,3720.0,6280.0
42,rotation,strong,"{""degrees"":30.0}",standard_conformal,0.1,hybrid,0.7,0.2761,0.4281057587830496,2761.0,7239.0
42,rotation,strong,"{""degrees"":30.0}",standard_conformal,0.1,hybrid,0.8,0.2009,0.38675958188153314,2009.0,7991.0
42,rotation,strong,"{""degrees"":30.0}",standard_conformal,0.1,hybrid,0.9,0.1327,0.30670685757347405,1327.0,8673.0
42,rotation,strong,"{""degrees"":30.0}",standard_conformal,0.1,hybrid,0.95,0.1009,0.24281466798810702,1009.0,8991.0
42,rotation,strong,"{""degrees"":30.0}",standard_conformal,0.1,singleton_conformal,,0.4771,0.521483965625655,4771.0,5229.0
42,rotation,strong,"{""degrees"":30.0}",standard_conformal,0.2,hybrid,0.5,0.196,0.3816326530612245,1960.0,8040.0
42,rotation,strong,"{""degrees"":30.0}",standard_conformal,0.2,hybrid,0.6,0.196,0.3816326530612245,1960.0,8040.0
42,rotation,strong,"{""degrees"":30.0}",standard_conformal,0.2,hybrid,0.7,0.196,0.3816326530612245,1960.0,8040.0
42,rotation,strong,"{""degrees"":30.0}",standard_conformal,0.2,hybrid,0.8,0.196,0.3816326530612245,1960.0,8040.0
42,rotation,strong,"{""degrees"":30.0}",standard_conformal,0.2,hybrid,0.9,0.1327,0.30670685757347405,1327.0,8673.0
42,rotation,strong,"{""degrees"":30.0}",standard_conformal,0.2,hybrid,0.95,0.1009,0.24281466798810702,1009.0,8991.0
42,rotation,strong,"{""degrees"":30.0}",standard_conformal,0.2,singleton_conformal,,0.196,0.3816326530612245,1960.0,8040.0
42,rotation,strong,"{""degrees"":30.0}",temperature_scaled,,confidence_threshold,0.5,0.5132,0.534684333593141,5132.0,4868.0
42,rotation,strong,"{""degrees"":30.0}",temperature_scaled,,confidence_threshold,0.6,0.372,0.4819892473118279,3720.0,6280.0
42,rotation,strong,"{""degrees"":30.0}",temperature_scaled,,confidence_threshold,0.7,0.2761,0.4281057587830496,2761.0,7239.0
42,rotation,strong,"{""degrees"":30.0}",temperature_scaled,,confidence_threshold,0.8,0.2009,0.38675958188153314,2009.0,7991.0
42,rotation,strong,"{""degrees"":30.0}",temperature_scaled,,confidence_threshold,0.9,0.1327,0.30670685757347405,1327.0,8673.0
42,rotation,strong,"{""degrees"":30.0}",temperature_scaled,,confidence_threshold,0.95,0.1009,0.24281466798810702,1009.0,8991.0
73,brightness_contrast,increased_contrast,"{""brightness"":1.0,""contrast"":1.5}",standard_conformal,0.05,hybrid,0.5,0.9077,0.04957585105210971,9077.0,923.0
73,brightness_contrast,increased_contrast,"{""brightness"":1.0,""contrast"":1.5}",standard_conformal,0.05,hybrid,0.6,0.8975,0.045682451253481915,8975.0,1025.0
73,brightness_contrast,increased_contrast,"{""brightness"":1.0,""contrast"":1.5}",standard_conformal,0.05,hybrid,0.7,0.8798,0.03966810638781537,8798.0,1202.0
73,brightness_contrast,increased_contrast,"{""brightness"":1.0,""contrast"":1.5}",standard_conformal,0.05,hybrid,0.8,0.8302,0.026620091544206193,8302.0,1698.0
73,brightness_contrast,increased_contrast,"{""brightness"":1.0,""contrast"":1.5}",standard_conformal,0.05,hybrid,0.9,0.7621,0.015483532344836681,7621.0,2379.0
73,brightness_contrast,increased_contrast,"{""brightness"":1.0,""contrast"":1.5}",standard_conformal,0.05,hybrid,0.95,0.709,0.009873060648801113,7090.0,2910.0
73,brightness_contrast,increased_contrast,"{""brightness"":1.0,""contrast"":1.5}",standard_conformal,0.05,singleton_conformal,,0.916,0.05480349344978164,9160.0,840.0
73,brightness_contrast,increased_contrast,"{""brightness"":1.0,""contrast"":1.5}",standard_conformal,0.1,hybrid,0.5,0.9558,0.06455325381879051,9558.0,442.0
73,brightness_contrast,increased_contrast,"{""brightness"":1.0,""contrast"":1.5}",standard_conformal,0.1,hybrid,0.6,0.9269,0.055561549250188746,9269.0,731.0
73,brightness_contrast,increased_contrast,"{""brightness"":1.0,""contrast"":1.5}",standard_conformal,0.1,hybrid,0.7,0.8805,0.03975014196479276,8805.0,1195.0
73,brightness_contrast,increased_contrast,"{""brightness"":1.0,""contrast"":1.5}",standard_conformal,0.1,hybrid,0.8,0.8302,0.026620091544206193,8302.0,1698.0
73,brightness_contrast,increased_contrast,"{""brightness"":1.0,""contrast"":1.5}",standard_conformal,0.1,hybrid,0.9,0.7621,0.015483532344836681,7621.0,2379.0
73,brightness_contrast,increased_contrast,"{""brightness"":1.0,""contrast"":1.5}",standard_conformal,0.1,hybrid,0.95,0.709,0.009873060648801113,7090.0,2910.0
73,brightness_contrast,increased_contrast,"{""brightness"":1.0,""contrast"":1.5}",standard_conformal,0.1,singleton_conformal,,0.9558,0.06455325381879051,9558.0,442.0
73,brightness_contrast,increased_contrast,"{""brightness"":1.0,""contrast"":1.5}",standard_conformal,0.2,hybrid,0.5,0.8096,0.02260375494071143,8096.0,1904.0
73,brightness_contrast,increased_contrast,"{""brightness"":1.0,""contrast"":1.5}",standard_conformal,0.2,hybrid,0.6,0.8096,0.02260375494071143,8096.0,1904.0
73,brightness_contrast,increased_contrast,"{""brightness"":1.0,""contrast"":1.5}",standard_conformal,0.2,hybrid,0.7,0.8096,0.02260375494071143,8096.0,1904.0
73,brightness_contrast,increased_contrast,"{""brightness"":1.0,""contrast"":1.5}",standard_conformal,0.2,hybrid,0.8,0.8096,0.02260375494071143,8096.0,1904.0
73,brightness_contrast,increased_contrast,"{""brightness"":1.0,""contrast"":1.5}",standard_conformal,0.2,hybrid,0.9,0.7621,0.015483532344836681,7621.0,2379.0
73,brightness_contrast,increased_contrast,"{""brightness"":1.0,""contrast"":1.5}",standard_conformal,0.2,hybrid,0.95,0.709,0.009873060648801113,7090.0,2910.0
73,brightness_contrast,increased_contrast,"{""brightness"":1.0,""contrast"":1.5}",standard_conformal,0.2,singleton_conformal,,0.8096,0.02260375494071143,8096.0,1904.0
73,brightness_contrast,increased_contrast,"{""brightness"":1.0,""contrast"":1.5}",temperature_scaled,,confidence_threshold,0.5,0.9712,0.07053130148270181,9712.0,288.0
73,brightness_contrast,increased_contrast,"{""brightness"":1.0,""contrast"":1.5}",temperature_scaled,,confidence_threshold,0.6,0.9269,0.055561549250188746,9269.0,731.0
73,brightness_contrast,increased_contrast,"{""brightness"":1.0,""contrast"":1.5}",temperature_scaled,,confidence_threshold,0.7,0.8805,0.03975014196479276,8805.0,1195.0
73,brightness_contrast,increased_contrast,"{""brightness"":1.0,""contrast"":1.5}",temperature_scaled,,confidence_threshold,0.8,0.8302,0.026620091544206193,8302.0,1698.0
73,brightness_contrast,increased_contrast,"{""brightness"":1.0,""contrast"":1.5}",temperature_scaled,,confidence_threshold,0.9,0.7621,0.015483532344836681,7621.0,2379.0
73,brightness_contrast,increased_contrast,"{""brightness"":1.0,""contrast"":1.5}",temperature_scaled,,confidence_threshold,0.95,0.709,0.009873060648801113,7090.0,2910.0
73,brightness_contrast,mild_brightness,"{""brightness"":0.8,""contrast"":1.0}",standard_conformal,0.05,hybrid,0.5,0.8948,0.043473401877514584,8948.0,1052.0
73,brightness_contrast,mild_brightness,"{""brightness"":0.8,""contrast"":1.0}",standard_conformal,0.05,hybrid,0.6,0.8809,0.03893745033488483,8809.0,1191.0
73,brightness_contrast,mild_brightness,"{""brightness"":0.8,""contrast"":1.0}",standard_conformal,0.05,hybrid,0.7,0.8583,0.03320517301642778,8583.0,1417.0
73,brightness_contrast,mild_brightness,"{""brightness"":0.8,""contrast"":1.0}",standard_conformal,0.05,hybrid,0.8,0.8083,0.021897810218978075,8083.0,1917.0
73,brightness_contrast,mild_brightness,"{""brightness"":0.8,""contrast"":1.0}",standard_conformal,0.05,hybrid,0.9,0.7312,0.012582056892779026,7312.0,2688.0
73,brightness_contrast,mild_brightness,"{""brightness"":0.8,""contrast"":1.0}",standard_conformal,0.05,hybrid,0.95,0.6667,0.006899655017249096,6667.0,3333.0
73,brightness_contrast,mild_brightness,"{""brightness"":0.8,""contrast"":1.0}",standard_conformal,0.05,singleton_conformal,,0.9061,0.04933230327778393,9061.0,939.0
73,brightness_contrast,mild_brightness,"{""brightness"":0.8,""contrast"":1.0}",standard_conformal,0.1,hybrid,0.5,0.9382,0.057557024088680464,9382.0,618.0
73,brightness_contrast,mild_brightness,"{""brightness"":0.8,""contrast"":1.0}",standard_conformal,0.1,hybrid,0.6,0.9052,0.04695095006628369,9052.0,948.0
73,brightness_contrast,mild_brightness,"{""brightness"":0.8,""contrast"":1.0}",standard_conformal,0.1,hybrid,0.7,0.8588,0.033535165346995854,8588.0,1412.0
73,brightness_contrast,mild_brightness,"{""brightness"":0.8,""contrast"":1.0}",standard_conformal,0.1,hybrid,0.8,0.8083,0.021897810218978075,8083.0,1917.0
73,brightness_contrast,mild_brightness,"{""brightness"":0.8,""contrast"":1.0}",standard_conformal,0.1,hybrid,0.9,0.7312,0.012582056892779026,7312.0,2688.0
73,brightness_contrast,mild_brightness,"{""brightness"":0.8,""contrast"":1.0}",standard_conformal,0.1,hybrid,0.95,0.6667,0.006899655017249096,6667.0,3333.0
73,brightness_contrast,mild_brightness,"{""brightness"":0.8,""contrast"":1.0}",standard_conformal,0.1,singleton_conformal,,0.9382,0.057557024088680464,9382.0,618.0
73,brightness_contrast,mild_brightness,"{""brightness"":0.8,""contrast"":1.0}",standard_conformal,0.2,hybrid,0.5,0.784,0.018750000000000044,7840.0,2160.0
73,brightness_contrast,mild_brightness,"{""brightness"":0.8,""contrast"":1.0}",standard_conformal,0.2,hybrid,0.6,0.784,0.018750000000000044,7840.0,2160.0
73,brightness_contrast,mild_brightness,"{""brightness"":0.8,""contrast"":1.0}",standard_conformal,0.2,hybrid,0.7,0.784,0.018750000000000044,7840.0,2160.0
73,brightness_contrast,mild_brightness,"{""brightness"":0.8,""contrast"":1.0}",standard_conformal,0.2,hybrid,0.8,0.784,0.018750000000000044,7840.0,2160.0
73,brightness_contrast,mild_brightness,"{""brightness"":0.8,""contrast"":1.0}",standard_conformal,0.2,hybrid,0.9,0.7312,0.012582056892779026,7312.0,2688.0
73,brightness_contrast,mild_brightness,"{""brightness"":0.8,""contrast"":1.0}",standard_conformal,0.2,hybrid,0.95,0.6667,0.006899655017249096,6667.0,3333.0
73,brightness_contrast,mild_brightness,"{""brightness"":0.8,""contrast"":1.0}",standard_conformal,0.2,singleton_conformal,,0.784,0.018750000000000044,7840.0,2160.0
73,brightness_contrast,mild_brightness,"{""brightness"":0.8,""contrast"":1.0}",temperature_scaled,,confidence_threshold,0.5,0.9593,0.06473470238715728,9593.0,407.0
73,brightness_contrast,mild_brightness,"{""brightness"":0.8,""contrast"":1.0}",temperature_scaled,,confidence_threshold,0.6,0.9052,0.04695095006628369,9052.0,948.0
73,brightness_contrast,mild_brightness,"{""brightness"":0.8,""contrast"":1.0}",temperature_scaled,,confidence_threshold,0.7,0.8588,0.033535165346995854,8588.0,1412.0
73,brightness_contrast,mild_brightness,"{""brightness"":0.8,""contrast"":1.0}",temperature_scaled,,confidence_threshold,0.8,0.8083,0.021897810218978075,8083.0,1917.0
73,brightness_contrast,mild_brightness,"{""brightness"":0.8,""contrast"":1.0}",temperature_scaled,,confidence_threshold,0.9,0.7312,0.012582056892779026,7312.0,2688.0
73,brightness_contrast,mild_brightness,"{""brightness"":0.8,""contrast"":1.0}",temperature_scaled,,confidence_threshold,0.95,0.6667,0.006899655017249096,6667.0,3333.0
73,brightness_contrast,strong_brightness,"{""brightness"":0.6,""contrast"":1.0}",standard_conformal,0.05,hybrid,0.5,0.8753,0.05689477893293726,8753.0,1247.0
73,brightness_contrast,strong_brightness,"{""brightness"":0.6,""contrast"":1.0}",standard_conformal,0.05,hybrid,0.6,0.8561,0.05011096834481954,8561.0,1439.0
73,brightness_contrast,strong_brightness,"{""brightness"":0.6,""contrast"":1.0}",standard_conformal,0.05,hybrid,0.7,0.8218,0.04185933317108781,8218.0,1782.0
73,brightness_contrast,strong_brightness,"{""brightness"":0.6,""contrast"":1.0}",standard_conformal,0.05,hybrid,0.8,0.7664,0.028836116910229692,7664.0,2336.0
73,brightness_contrast,strong_brightness,"{""brightness"":0.6,""contrast"":1.0}",standard_conformal,0.05,hybrid,0.9,0.6859,0.01472517859746314,6859.0,3141.0
73,brightness_contrast,strong_brightness,"{""brightness"":0.6,""contrast"":1.0}",standard_conformal,0.05,hybrid,0.95,0.6174,0.00842241658568188,6174.0,3826.0
73,brightness_contrast,strong_brightness,"{""brightness"":0.6,""contrast"":1.0}",standard_conformal,0.05,singleton_conformal,,0.8938,0.06634593868874472,8938.0,1062.0
73,brightness_contrast,strong_brightness,"{""brightness"":0.6,""contrast"":1.0}",standard_conformal,0.1,hybrid,0.5,0.9195,0.07123436650353454,9195.0,805.0
73,brightness_contrast,strong_brightness,"{""brightness"":0.6,""contrast"":1.0}",standard_conformal,0.1,hybrid,0.6,0.8813,0.0588902757290366,8813.0,1187.0
73,brightness_contrast,strong_brightness,"{""brightness"":0.6,""contrast"":1.0}",standard_conformal,0.1,hybrid,0.7,0.8225,0.041823708206686905,8225.0,1775.0
73,brightness_contrast,strong_brightness,"{""brightness"":0.6,""contrast"":1.0}",standard_conformal,0.1,hybrid,0.8,0.7664,0.028836116910229692,7664.0,2336.0
73,brightness_contrast,strong_brightness,"{""brightness"":0.6,""contrast"":1.0}",standard_conformal,0.1,hybrid,0.9,0.6859,0.01472517859746314,6859.0,3141.0
73,brightness_contrast,strong_brightness,"{""brightness"":0.6,""contrast"":1.0}",standard_conformal,0.1,hybrid,0.95,0.6174,0.00842241658568188,6174.0,3826.0
73,brightness_contrast,strong_brightness,"{""brightness"":0.6,""contrast"":1.0}",standard_conformal,0.1,singleton_conformal,,0.9195,0.07123436650353454,9195.0,805.0
73,brightness_contrast,strong_brightness,"{""brightness"":0.6,""contrast"":1.0}",standard_conformal,0.2,hybrid,0.5,0.7399,0.023111231247465835,7399.0,2601.0
73,brightness_contrast,strong_brightness,"{""brightness"":0.6,""contrast"":1.0}",standard_conformal,0.2,hybrid,0.6,0.7399,0.023111231247465835,7399.0,2601.0
73,brightness_contrast,strong_brightness,"{""brightness"":0.6,""contrast"":1.0}",standard_conformal,0.2,hybrid,0.7,0.7399,0.023111231247465835,7399.0,2601.0
73,brightness_contrast,strong_brightness,"{""brightness"":0.6,""contrast"":1.0}",standard_conformal,0.2,hybrid,0.8,0.7399,0.023111231247465835,7399.0,2601.0
73,brightness_contrast,strong_brightness,"{""brightness"":0.6,""contrast"":1.0}",standard_conformal,0.2,hybrid,0.9,0.6859,0.01472517859746314,6859.0,3141.0
73,brightness_contrast,strong_brightness,"{""brightness"":0.6,""contrast"":1.0}",standard_conformal,0.2,hybrid,0.95,0.6174,0.00842241658568188,6174.0,3826.0
73,brightness_contrast,strong_brightness,"{""brightness"":0.6,""contrast"":1.0}",standard_conformal,0.2,singleton_conformal,,0.7399,0.023111231247465835,7399.0,2601.0
73,brightness_contrast,strong_brightness,"{""brightness"":0.6,""contrast"":1.0}",temperature_scaled,,confidence_threshold,0.5,0.9409,0.07928579020087145,9409.0,591.0
73,brightness_contrast,strong_brightness,"{""brightness"":0.6,""contrast"":1.0}",temperature_scaled,,confidence_threshold,0.6,0.8813,0.0588902757290366,8813.0,1187.0
73,brightness_contrast,strong_brightness,"{""brightness"":0.6,""contrast"":1.0}",temperature_scaled,,confidence_threshold,0.7,0.8225,0.041823708206686905,8225.0,1775.0
73,brightness_contrast,strong_brightness,"{""brightness"":0.6,""contrast"":1.0}",temperature_scaled,,confidence_threshold,0.8,0.7664,0.028836116910229692,7664.0,2336.0
73,brightness_contrast,strong_brightness,"{""brightness"":0.6,""contrast"":1.0}",temperature_scaled,,confidence_threshold,0.9,0.6859,0.01472517859746314,6859.0,3141.0
73,brightness_contrast,strong_brightness,"{""brightness"":0.6,""contrast"":1.0}",temperature_scaled,,confidence_threshold,0.95,0.6174,0.00842241658568188,6174.0,3826.0
73,class_imbalance,moderate,"{""majority_classes"":[0,1,8,9],""minority_fraction"":0.5}",standard_conformal,0.05,hybrid,0.5,0.9175714285714286,0.03518605013233689,6423.0,577.0
73,class_imbalance,moderate,"{""majority_classes"":[0,1,8,9],""minority_fraction"":0.5}",standard_conformal,0.05,hybrid,0.6,0.9078571428571428,0.03162863886703382,6355.0,645.0
73,class_imbalance,moderate,"{""majority_classes"":[0,1,8,9],""minority_fraction"":0.5}",standard_conformal,0.05,hybrid,0.7,0.8914285714285715,0.02676282051282053,6240.0,760.0
73,class_imbalance,moderate,"{""majority_classes"":[0,1,8,9],""minority_fraction"":0.5}",standard_conformal,0.05,hybrid,0.8,0.8464285714285714,0.01890295358649785,5925.0,1075.0
73,class_imbalance,moderate,"{""majority_classes"":[0,1,8,9],""minority_fraction"":0.5}",standard_conformal,0.05,hybrid,0.9,0.7882857142857143,0.012504530627038823,5518.0,1482.0
73,class_imbalance,moderate,"{""majority_classes"":[0,1,8,9],""minority_fraction"":0.5}",standard_conformal,0.05,hybrid,0.95,0.7332857142857143,0.008766803039158333,5133.0,1867.0
73,class_imbalance,moderate,"{""majority_classes"":[0,1,8,9],""minority_fraction"":0.5}",standard_conformal,0.05,singleton_conformal,,0.9257142857142857,0.03981481481481486,6480.0,520.0
73,class_imbalance,moderate,"{""majority_classes"":[0,1,8,9],""minority_fraction"":0.5}",standard_conformal,0.1,hybrid,0.5,0.9595714285714285,0.04987345541164212,6717.0,283.0
73,class_imbalance,moderate,"{""majority_classes"":[0,1,8,9],""minority_fraction"":0.5}",standard_conformal,0.1,hybrid,0.6,0.9318571428571428,0.038939138433236264,6523.0,477.0
73,class_imbalance,moderate,"{""majority_classes"":[0,1,8,9],""minority_fraction"":0.5}",standard_conformal,0.1,hybrid,0.7,0.8922857142857142,0.02737752161383289,6246.0,754.0
73,class_imbalance,moderate,"{""majority_classes"":[0,1,8,9],""minority_fraction"":0.5}",standard_conformal,0.1,hybrid,0.8,0.8464285714285714,0.01890295358649785,5925.0,1075.0
73,class_imbalance,moderate,"{""majority_classes"":[0,1,8,9],""minority_fraction"":0.5}",standard_conformal,0.1,hybrid,0.9,0.7882857142857143,0.012504530627038823,5518.0,1482.0
73,class_imbalance,moderate,"{""majority_classes"":[0,1,8,9],""minority_fraction"":0.5}",standard_conformal,0.1,hybrid,0.95,0.7332857142857143,0.008766803039158333,5133.0,1867.0
73,class_imbalance,moderate,"{""majority_classes"":[0,1,8,9],""minority_fraction"":0.5}",standard_conformal,0.1,singleton_conformal,,0.9595714285714285,0.04987345541164212,6717.0,283.0
73,class_imbalance,moderate,"{""majority_classes"":[0,1,8,9],""minority_fraction"":0.5}",standard_conformal,0.2,hybrid,0.5,0.8292857142857143,0.01705426356589146,5805.0,1195.0
73,class_imbalance,moderate,"{""majority_classes"":[0,1,8,9],""minority_fraction"":0.5}",standard_conformal,0.2,hybrid,0.6,0.8292857142857143,0.01705426356589146,5805.0,1195.0
73,class_imbalance,moderate,"{""majority_classes"":[0,1,8,9],""minority_fraction"":0.5}",standard_conformal,0.2,hybrid,0.7,0.8292857142857143,0.01705426356589146,5805.0,1195.0
73,class_imbalance,moderate,"{""majority_classes"":[0,1,8,9],""minority_fraction"":0.5}",standard_conformal,0.2,hybrid,0.8,0.8292857142857143,0.01705426356589146,5805.0,1195.0
73,class_imbalance,moderate,"{""majority_classes"":[0,1,8,9],""minority_fraction"":0.5}",standard_conformal,0.2,hybrid,0.9,0.7882857142857143,0.012504530627038823,5518.0,1482.0
73,class_imbalance,moderate,"{""majority_classes"":[0,1,8,9],""minority_fraction"":0.5}",standard_conformal,0.2,hybrid,0.95,0.7332857142857143,0.008766803039158333,5133.0,1867.0
73,class_imbalance,moderate,"{""majority_classes"":[0,1,8,9],""minority_fraction"":0.5}",standard_conformal,0.2,singleton_conformal,,0.8292857142857143,0.01705426356589146,5805.0,1195.0
73,class_imbalance,moderate,"{""majority_classes"":[0,1,8,9],""minority_fraction"":0.5}",temperature_scaled,,confidence_threshold,0.5,0.9747142857142858,0.05613366554301624,6823.0,177.0
73,class_imbalance,moderate,"{""majority_classes"":[0,1,8,9],""minority_fraction"":0.5}",temperature_scaled,,confidence_threshold,0.6,0.9318571428571428,0.038939138433236264,6523.0,477.0
73,class_imbalance,moderate,"{""majority_classes"":[0,1,8,9],""minority_fraction"":0.5}",temperature_scaled,,confidence_threshold,0.7,0.8922857142857142,0.02737752161383289,6246.0,754.0
73,class_imbalance,moderate,"{""majority_classes"":[0,1,8,9],""minority_fraction"":0.5}",temperature_scaled,,confidence_threshold,0.8,0.8464285714285714,0.01890295358649785,5925.0,1075.0
73,class_imbalance,moderate,"{""majority_classes"":[0,1,8,9],""minority_fraction"":0.5}",temperature_scaled,,confidence_threshold,0.9,0.7882857142857143,0.012504530627038823,5518.0,1482.0
73,class_imbalance,moderate,"{""majority_classes"":[0,1,8,9],""minority_fraction"":0.5}",temperature_scaled,,confidence_threshold,0.95,0.7332857142857143,0.008766803039158333,5133.0,1867.0
73,class_imbalance,strong,"{""majority_classes"":[0,1,8,9],""minority_fraction"":0.2}",standard_conformal,0.05,hybrid,0.5,0.9238461538461539,0.029350541215653614,4804.0,396.0
73,class_imbalance,strong,"{""majority_classes"":[0,1,8,9],""minority_fraction"":0.2}",standard_conformal,0.05,hybrid,0.6,0.9151923076923076,0.026476150451775537,4759.0,441.0
73,class_imbalance,strong,"{""majority_classes"":[0,1,8,9],""minority_fraction"":0.2}",standard_conformal,0.05,hybrid,0.7,0.9025,0.02258683145109741,4693.0,507.0
73,class_imbalance,strong,"{""majority_classes"":[0,1,8,9],""minority_fraction"":0.2}",standard_conformal,0.05,hybrid,0.8,0.8642307692307692,0.015131286159323576,4494.0,706.0
73,class_imbalance,strong,"{""majority_classes"":[0,1,8,9],""minority_fraction"":0.2}",standard_conformal,0.05,hybrid,0.9,0.8107692307692308,0.009487666034155628,4216.0,984.0
73,class_imbalance,strong,"{""majority_classes"":[0,1,8,9],""minority_fraction"":0.2}",standard_conformal,0.05,hybrid,0.95,0.7680769230769231,0.0070105157736605195,3994.0,1206.0
73,class_imbalance,strong,"{""majority_classes"":[0,1,8,9],""minority_fraction"":0.2}",standard_conformal,0.05,singleton_conformal,,0.9321153846153846,0.03466061481328653,4847.0,353.0
73,class_imbalance,strong,"{""majority_classes"":[0,1,8,9],""minority_fraction"":0.2}",standard_conformal,0.1,hybrid,0.5,0.9628846153846153,0.04353904533652886,5007.0,193.0
73,class_imbalance,strong,"{""majority_classes"":[0,1,8,9],""minority_fraction"":0.2}",standard_conformal,0.1,hybrid,0.6,0.9361538461538461,0.03266228430566964,4868.0,332.0
73,class_imbalance,strong,"{""majority_classes"":[0,1,8,9],""minority_fraction"":0.2}",standard_conformal,0.1,hybrid,0.7,0.9034615384615384,0.023201362281822013,4698.0,502.0
73,class_imbalance,strong,"{""majority_classes"":[0,1,8,9],""minority_fraction"":0.2}",standard_conformal,0.1,hybrid,0.8,0.8642307692307692,0.015131286159323576,4494.0,706.0
73,class_imbalance,strong,"{""majority_classes"":[0,1,8,9],""minority_fraction"":0.2}",standard_conformal,0.1,hybrid,0.9,0.8107692307692308,0.009487666034155628,4216.0,984.0
73,class_imbalance,strong,"{""majority_classes"":[0,1,8,9],""minority_fraction"":0.2}",standard_conformal,0.1,hybrid,0.95,0.7680769230769231,0.0070105157736605195,3994.0,1206.0
73,class_imbalance,strong,"{""majority_classes"":[0,1,8,9],""minority_fraction"":0.2}",standard_conformal,0.1,singleton_conformal,,0.9628846153846153,0.04353904533652886,5007.0,193.0
73,class_imbalance,strong,"{""majority_classes"":[0,1,8,9],""minority_fraction"":0.2}",standard_conformal,0.2,hybrid,0.5,0.849423076923077,0.013583880461851883,4417.0,783.0
73,class_imbalance,strong,"{""majority_classes"":[0,1,8,9],""minority_fraction"":0.2}",standard_conformal,0.2,hybrid,0.6,0.849423076923077,0.013583880461851883,4417.0,783.0
73,class_imbalance,strong,"{""majority_classes"":[0,1,8,9],""minority_fraction"":0.2}",standard_conformal,0.2,hybrid,0.7,0.849423076923077,0.013583880461851883,4417.0,783.0
73,class_imbalance,strong,"{""majority_classes"":[0,1,8,9],""minority_fraction"":0.2}",standard_conformal,0.2,hybrid,0.8,0.849423076923077,0.013583880461851883,4417.0,783.0
73,class_imbalance,strong,"{""majority_classes"":[0,1,8,9],""minority_fraction"":0.2}",standard_conformal,0.2,hybrid,0.9,0.8107692307692308,0.009487666034155628,4216.0,984.0
73,class_imbalance,strong,"{""majority_classes"":[0,1,8,9],""minority_fraction"":0.2}",standard_conformal,0.2,hybrid,0.95,0.7680769230769231,0.0070105157736605195,3994.0,1206.0
73,class_imbalance,strong,"{""majority_classes"":[0,1,8,9],""minority_fraction"":0.2}",standard_conformal,0.2,singleton_conformal,,0.849423076923077,0.013583880461851883,4417.0,783.0
73,class_imbalance,strong,"{""majority_classes"":[0,1,8,9],""minority_fraction"":0.2}",temperature_scaled,,confidence_threshold,0.5,0.9759615384615384,0.04847290640394086,5075.0,125.0
73,class_imbalance,strong,"{""majority_classes"":[0,1,8,9],""minority_fraction"":0.2}",temperature_scaled,,confidence_threshold,0.6,0.9361538461538461,0.03266228430566964,4868.0,332.0
73,class_imbalance,strong,"{""majority_classes"":[0,1,8,9],""minority_fraction"":0.2}",temperature_scaled,,confidence_threshold,0.7,0.9034615384615384,0.023201362281822013,4698.0,502.0
73,class_imbalance,strong,"{""majority_classes"":[0,1,8,9],""minority_fraction"":0.2}",temperature_scaled,,confidence_threshold,0.8,0.8642307692307692,0.015131286159323576,4494.0,706.0
73,class_imbalance,strong,"{""majority_classes"":[0,1,8,9],""minority_fraction"":0.2}",temperature_scaled,,confidence_threshold,0.9,0.8107692307692308,0.009487666034155628,4216.0,984.0
73,class_imbalance,strong,"{""majority_classes"":[0,1,8,9],""minority_fraction"":0.2}",temperature_scaled,,confidence_threshold,0.95,0.7680769230769231,0.0070105157736605195,3994.0,1206.0
73,clean,clean,{},standard_conformal,0.05,hybrid,0.5,0.9084,0.04194187582562747,9084.0,916.0
73,clean,clean,{},standard_conformal,0.05,hybrid,0.6,0.8974,0.03866726097615336,8974.0,1026.0
73,clean,clean,{},standard_conformal,0.05,hybrid,0.7,0.8782,0.03302209063994532,8782.0,1218.0
73,clean,clean,{},standard_conformal,0.05,hybrid,0.8,0.8275,0.021873111782477306,8275.0,1725.0
73,clean,clean,{},standard_conformal,0.05,hybrid,0.9,0.7603,0.012758121794028687,7603.0,2397.0
73,clean,clean,{},standard_conformal,0.05,hybrid,0.95,0.698,0.008022922636103158,6980.0,3020.0
73,clean,clean,{},standard_conformal,0.05,singleton_conformal,,0.9169,0.04678809030428621,9169.0,831.0
73,clean,clean,{},standard_conformal,0.1,hybrid,0.5,0.9544,0.057523051131601055,9544.0,456.0
73,clean,clean,{},standard_conformal,0.1,hybrid,0.6,0.9235,0.04688684353004868,9235.0,765.0
73,clean,clean,{},standard_conformal,0.1,hybrid,0.7,0.879,0.0334470989761092,8790.0,1210.0
73,clean,clean,{},standard_conformal,0.1,hybrid,0.8,0.8275,0.021873111782477306,8275.0,1725.0
73,clean,clean,{},standard_conformal,0.1,hybrid,0.9,0.7603,0.012758121794028687,7603.0,2397.0
73,clean,clean,{},standard_conformal,0.1,hybrid,0.95,0.698,0.008022922636103158,6980.0,3020.0
73,clean,clean,{},standard_conformal,0.1,singleton_conformal,,0.9544,0.057523051131601055,9544.0,456.0
73,clean,clean,{},standard_conformal,0.2,hybrid,0.5,0.8076,0.019068845963348235,8076.0,1924.0
73,clean,clean,{},standard_conformal,0.2,hybrid,0.6,0.8076,0.019068845963348235,8076.0,1924.0
73,clean,clean,{},standard_conformal,0.2,hybrid,0.7,0.8076,0.019068845963348235,8076.0,1924.0
73,clean,clean,{},standard_conformal,0.2,hybrid,0.8,0.8076,0.019068845963348235,8076.0,1924.0
73,clean,clean,{},standard_conformal,0.2,hybrid,0.9,0.7603,0.012758121794028687,7603.0,2397.0
73,clean,clean,{},standard_conformal,0.2,hybrid,0.95,0.698,0.008022922636103158,6980.0,3020.0
73,clean,clean,{},standard_conformal,0.2,singleton_conformal,,0.8076,0.019068845963348235,8076.0,1924.0
73,clean,clean,{},temperature_scaled,,confidence_threshold,0.5,0.9697,0.06373105084046615,9697.0,303.0
73,clean,clean,{},temperature_scaled,,confidence_threshold,0.6,0.9235,0.04688684353004868,9235.0,765.0
73,clean,clean,{},temperature_scaled,,confidence_threshold,0.7,0.879,0.0334470989761092,8790.0,1210.0
73,clean,clean,{},temperature_scaled,,confidence_threshold,0.8,0.8275,0.021873111782477306,8275.0,1725.0
73,clean,clean,{},temperature_scaled,,confidence_threshold,0.9,0.7603,0.012758121794028687,7603.0,2397.0
73,clean,clean,{},temperature_scaled,,confidence_threshold,0.95,0.698,0.008022922636103158,6980.0,3020.0
73,gaussian_blur,medium,"{""sigma"":1.0}",standard_conformal,0.05,hybrid,0.5,0.7995,0.06616635397123205,7995.0,2005.0
73,gaussian_blur,medium,"{""sigma"":1.0}",standard_conformal,0.05,hybrid,0.6,0.7603,0.05011179797448373,7603.0,2397.0
73,gaussian_blur,medium,"{""sigma"":1.0}",standard_conformal,0.05,hybrid,0.7,0.7017,0.03477269488385348,7017.0,2983.0
73,gaussian_blur,medium,"{""sigma"":1.0}",standard_conformal,0.05,hybrid,0.8,0.6055,0.018166804293971883,6055.0,3945.0
73,gaussian_blur,medium,"{""sigma"":1.0}",standard_conformal,0.05,hybrid,0.9,0.4872,0.006362889983579589,4872.0,5128.0
73,gaussian_blur,medium,"{""sigma"":1.0}",standard_conformal,0.05,hybrid,0.95,0.4105,0.002923264311814888,4105.0,5895.0
73,gaussian_blur,medium,"{""sigma"":1.0}",standard_conformal,0.05,singleton_conformal,,0.8613,0.09950075467316843,8613.0,1387.0
73,gaussian_blur,medium,"{""sigma"":1.0}",standard_conformal,0.1,hybrid,0.5,0.8409,0.07539540968010461,8409.0,1591.0
73,gaussian_blur,medium,"{""sigma"":1.0}",standard_conformal,0.1,hybrid,0.6,0.7847,0.05467057474193959,7847.0,2153.0
73,gaussian_blur,medium,"{""sigma"":1.0}",standard_conformal,0.1,hybrid,0.7,0.7022,0.03474793506123608,7022.0,2978.0
73,gaussian_blur,medium,"{""sigma"":1.0}",standard_conformal,0.1,hybrid,0.8,0.6055,0.018166804293971883,6055.0,3945.0
73,gaussian_blur,medium,"{""sigma"":1.0}",standard_conformal,0.1,hybrid,0.9,0.4872,0.006362889983579589,4872.0,5128.0
73,gaussian_blur,medium,"{""sigma"":1.0}",standard_conformal,0.1,hybrid,0.95,0.4105,0.002923264311814888,4105.0,5895.0
73,gaussian_blur,medium,"{""sigma"":1.0}",standard_conformal,0.1,singleton_conformal,,0.8409,0.07539540968010461,8409.0,1591.0
73,gaussian_blur,medium,"{""sigma"":1.0}",standard_conformal,0.2,hybrid,0.5,0.5667,0.013058055408505354,5667.0,4333.0
73,gaussian_blur,medium,"{""sigma"":1.0}",standard_conformal,0.2,hybrid,0.6,0.5667,0.013058055408505354,5667.0,4333.0
73,gaussian_blur,medium,"{""sigma"":1.0}",standard_conformal,0.2,hybrid,0.7,0.5667,0.013058055408505354,5667.0,4333.0
73,gaussian_blur,medium,"{""sigma"":1.0}",standard_conformal,0.2,hybrid,0.8,0.5667,0.013058055408505354,5667.0,4333.0
73,gaussian_blur,medium,"{""sigma"":1.0}",standard_conformal,0.2,hybrid,0.9,0.4872,0.006362889983579589,4872.0,5128.0
73,gaussian_blur,medium,"{""sigma"":1.0}",standard_conformal,0.2,hybrid,0.95,0.4105,0.002923264311814888,4105.0,5895.0
73,gaussian_blur,medium,"{""sigma"":1.0}",standard_conformal,0.2,singleton_conformal,,0.5667,0.013058055408505354,5667.0,4333.0
73,gaussian_blur,medium,"{""sigma"":1.0}",temperature_scaled,,confidence_threshold,0.5,0.8711,0.08873837676500973,8711.0,1289.0
73,gaussian_blur,medium,"{""sigma"":1.0}",temperature_scaled,,confidence_threshold,0.6,0.7847,0.05467057474193959,7847.0,2153.0
73,gaussian_blur,medium,"{""sigma"":1.0}",temperature_scaled,,confidence_threshold,0.7,0.7022,0.03474793506123608,7022.0,2978.0
73,gaussian_blur,medium,"{""sigma"":1.0}",temperature_scaled,,confidence_threshold,0.8,0.6055,0.018166804293971883,6055.0,3945.0
73,gaussian_blur,medium,"{""sigma"":1.0}",temperature_scaled,,confidence_threshold,0.9,0.4872,0.006362889983579589,4872.0,5128.0
73,gaussian_blur,medium,"{""sigma"":1.0}",temperature_scaled,,confidence_threshold,0.95,0.4105,0.002923264311814888,4105.0,5895.0
73,gaussian_blur,mild,"{""sigma"":0.5}",standard_conformal,0.05,hybrid,0.5,0.8972,0.04358002674988859,8972.0,1028.0
73,gaussian_blur,mild,"{""sigma"":0.5}",standard_conformal,0.05,hybrid,0.6,0.8806,0.037247331364978375,8806.0,1194.0
73,gaussian_blur,mild,"{""sigma"":0.5}",standard_conformal,0.05,hybrid,0.7,0.8545,0.030544177881802193,8545.0,1455.0
73,gaussian_blur,mild,"{""sigma"":0.5}",standard_conformal,0.05,hybrid,0.8,0.7983,0.02091945383940874,7983.0,2017.0
73,gaussian_blur,mild,"{""sigma"":0.5}",standard_conformal,0.05,hybrid,0.9,0.7211,0.009846068506448535,7211.0,2789.0
73,gaussian_blur,mild,"{""sigma"":0.5}",standard_conformal,0.05,hybrid,0.95,0.6468,0.004174397031539878,6468.0,3532.0
73,gaussian_blur,mild,"{""sigma"":0.5}",standard_conformal,0.05,singleton_conformal,,0.9116,0.05002193944712596,9116.0,884.0
73,gaussian_blur,mild,"{""sigma"":0.5}",standard_conformal,0.1,hybrid,0.5,0.9404,0.05614632071458958,9404.0,596.0
73,gaussian_blur,mild,"{""sigma"":0.5}",standard_conformal,0.1,hybrid,0.6,0.9041,0.044021679017807736,9041.0,959.0
73,gaussian_blur,mild,"{""sigma"":0.5}",standard_conformal,0.1,hybrid,0.7,0.8555,0.030742255990648726,8555.0,1445.0
73,gaussian_blur,mild,"{""sigma"":0.5}",standard_conformal,0.1,hybrid,0.8,0.7983,0.02091945383940874,7983.0,2017.0
73,gaussian_blur,mild,"{""sigma"":0.5}",standard_conformal,0.1,hybrid,0.9,0.7211,0.009846068506448535,7211.0,2789.0
73,gaussian_blur,mild,"{""sigma"":0.5}",standard_conformal,0.1,hybrid,0.95,0.6468,0.004174397031539878,6468.0,3532.0
73,gaussian_blur,mild,"{""sigma"":0.5}",standard_conformal,0.1,singleton_conformal,,0.9404,0.05614632071458958,9404.0,596.0
73,gaussian_blur,mild,"{""sigma"":0.5}",standard_conformal,0.2,hybrid,0.5,0.7722,0.01631701631701632,7722.0,2278.0
73,gaussian_blur,mild,"{""sigma"":0.5}",standard_conformal,0.2,hybrid,0.6,0.7722,0.01631701631701632,7722.0,2278.0
73,gaussian_blur,mild,"{""sigma"":0.5}",standard_conformal,0.2,hybrid,0.7,0.7722,0.01631701631701632,7722.0,2278.0
73,gaussian_blur,mild,"{""sigma"":0.5}",standard_conformal,0.2,hybrid,0.8,0.7722,0.01631701631701632,7722.0,2278.0
73,gaussian_blur,mild,"{""sigma"":0.5}",standard_conformal,0.2,hybrid,0.9,0.7211,0.009846068506448535,7211.0,2789.0
73,gaussian_blur,mild,"{""sigma"":0.5}",standard_conformal,0.2,hybrid,0.95,0.6468,0.004174397031539878,6468.0,3532.0
73,gaussian_blur,mild,"{""sigma"":0.5}",standard_conformal,0.2,singleton_conformal,,0.7722,0.01631701631701632,7722.0,2278.0
73,gaussian_blur,mild,"{""sigma"":0.5}",temperature_scaled,,confidence_threshold,0.5,0.9571,0.0637341970535994,9571.0,429.0
73,gaussian_blur,mild,"{""sigma"":0.5}",temperature_scaled,,confidence_threshold,0.6,0.9041,0.044021679017807736,9041.0,959.0
73,gaussian_blur,mild,"{""sigma"":0.5}",temperature_scaled,,confidence_threshold,0.7,0.8555,0.030742255990648726,8555.0,1445.0
73,gaussian_blur,mild,"{""sigma"":0.5}",temperature_scaled,,confidence_threshold,0.8,0.7983,0.02091945383940874,7983.0,2017.0
73,gaussian_blur,mild,"{""sigma"":0.5}",temperature_scaled,,confidence_threshold,0.9,0.7211,0.009846068506448535,7211.0,2789.0
73,gaussian_blur,mild,"{""sigma"":0.5}",temperature_scaled,,confidence_threshold,0.95,0.6468,0.004174397031539878,6468.0,3532.0
73,gaussian_blur,strong,"{""sigma"":1.5}",standard_conformal,0.05,hybrid,0.5,0.6579,0.0971272229822161,6579.0,3421.0
73,gaussian_blur,strong,"{""sigma"":1.5}",standard_conformal,0.05,hybrid,0.6,0.5754,0.06986444212721588,5754.0,4246.0
73,gaussian_blur,strong,"{""sigma"":1.5}",standard_conformal,0.05,hybrid,0.7,0.4894,0.04740498569677154,4894.0,5106.0
73,gaussian_blur,strong,"{""sigma"":1.5}",standard_conformal,0.05,hybrid,0.8,0.3851,0.026746299662425366,3851.0,6149.0
73,gaussian_blur,strong,"{""sigma"":1.5}",standard_conformal,0.05,hybrid,0.9,0.2762,0.009413468501086153,2762.0,7238.0
73,gaussian_blur,strong,"{""sigma"":1.5}",standard_conformal,0.05,hybrid,0.95,0.1837,0.004899292324441973,1837.0,8163.0
73,gaussian_blur,strong,"{""sigma"":1.5}",standard_conformal,0.05,singleton_conformal,,0.8202,0.18019995123140697,8202.0,1798.0
73,gaussian_blur,strong,"{""sigma"":1.5}",standard_conformal,0.1,hybrid,0.5,0.6738,0.10151380231522711,6738.0,3262.0
73,gaussian_blur,strong,"{""sigma"":1.5}",standard_conformal,0.1,hybrid,0.6,0.5972,0.07652377762893503,5972.0,4028.0
73,gaussian_blur,strong,"{""sigma"":1.5}",standard_conformal,0.1,hybrid,0.7,0.49,0.047755102040816344,4900.0,5100.0
73,gaussian_blur,strong,"{""sigma"":1.5}",standard_conformal,0.1,hybrid,0.8,0.3851,0.026746299662425366,3851.0,6149.0
73,gaussian_blur,strong,"{""sigma"":1.5}",standard_conformal,0.1,hybrid,0.9,0.2762,0.009413468501086153,2762.0,7238.0
73,gaussian_blur,strong,"{""sigma"":1.5}",standard_conformal,0.1,hybrid,0.95,0.1837,0.004899292324441973,1837.0,8163.0
73,gaussian_blur,strong,"{""sigma"":1.5}",standard_conformal,0.1,singleton_conformal,,0.6738,0.10151380231522711,6738.0,3262.0
73,gaussian_blur,strong,"{""sigma"":1.5}",standard_conformal,0.2,hybrid,0.5,0.3474,0.020725388601036232,3474.0,6526.0
73,gaussian_blur,strong,"{""sigma"":1.5}",standard_conformal,0.2,hybrid,0.6,0.3474,0.020725388601036232,3474.0,6526.0
73,gaussian_blur,strong,"{""sigma"":1.5}",standard_conformal,0.2,hybrid,0.7,0.3474,0.020725388601036232,3474.0,6526.0
73,gaussian_blur,strong,"{""sigma"":1.5}",standard_conformal,0.2,hybrid,0.8,0.3474,0.020725388601036232,3474.0,6526.0
73,gaussian_blur,strong,"{""sigma"":1.5}",standard_conformal,0.2,hybrid,0.9,0.2762,0.009413468501086153,2762.0,7238.0
73,gaussian_blur,strong,"{""sigma"":1.5}",standard_conformal,0.2,hybrid,0.95,0.1837,0.004899292324441973,1837.0,8163.0
73,gaussian_blur,strong,"{""sigma"":1.5}",standard_conformal,0.2,singleton_conformal,,0.3474,0.020725388601036232,3474.0,6526.0
73,gaussian_blur,strong,"{""sigma"":1.5}",temperature_scaled,,confidence_threshold,0.5,0.7216,0.12139689578713964,7216.0,2784.0
73,gaussian_blur,strong,"{""sigma"":1.5}",temperature_scaled,,confidence_threshold,0.6,0.5972,0.07652377762893503,5972.0,4028.0
73,gaussian_blur,strong,"{""sigma"":1.5}",temperature_scaled,,confidence_threshold,0.7,0.49,0.047755102040816344,4900.0,5100.0
73,gaussian_blur,strong,"{""sigma"":1.5}",temperature_scaled,,confidence_threshold,0.8,0.3851,0.026746299662425366,3851.0,6149.0
73,gaussian_blur,strong,"{""sigma"":1.5}",temperature_scaled,,confidence_threshold,0.9,0.2762,0.009413468501086153,2762.0,7238.0
73,gaussian_blur,strong,"{""sigma"":1.5}",temperature_scaled,,confidence_threshold,0.95,0.1837,0.004899292324441973,1837.0,8163.0
73,gaussian_noise,medium,"{""std"":0.2}",standard_conformal,0.05,hybrid,0.5,0.7927,0.19654345906395865,7927.0,2073.0
73,gaussian_noise,medium,"{""std"":0.2}",standard_conformal,0.05,hybrid,0.6,0.7531,0.17554109679989383,7531.0,2469.0
73,gaussian_noise,medium,"{""std"":0.2}",standard_conformal,0.05,hybrid,0.7,0.6817,0.14287809887047087,6817.0,3183.0
73,gaussian_noise,medium,"{""std"":0.2}",standard_conformal,0.05,hybrid,0.8,0.5754,0.0948905109489051,5754.0,4246.0
73,gaussian_noise,medium,"{""std"":0.2}",standard_conformal,0.05,hybrid,0.9,0.4633,0.04575868767537228,4633.0,5367.0
73,gaussian_noise,medium,"{""std"":0.2}",standard_conformal,0.05,hybrid,0.95,0.3848,0.01975051975051978,3848.0,6152.0
73,gaussian_noise,medium,"{""std"":0.2}",standard_conformal,0.05,singleton_conformal,,0.8349,0.21739130434782605,8349.0,1651.0
73,gaussian_noise,medium,"{""std"":0.2}",standard_conformal,0.1,hybrid,0.5,0.8543,0.2190097155565961,8543.0,1457.0
73,gaussian_noise,medium,"{""std"":0.2}",standard_conformal,0.1,hybrid,0.6,0.7866,0.19031273836765827,7866.0,2134.0
73,gaussian_noise,medium,"{""std"":0.2}",standard_conformal,0.1,hybrid,0.7,0.6823,0.1431921442180859,6823.0,3177.0
73,gaussian_noise,medium,"{""std"":0.2}",standard_conformal,0.1,hybrid,0.8,0.5754,0.0948905109489051,5754.0,4246.0
73,gaussian_noise,medium,"{""std"":0.2}",standard_conformal,0.1,hybrid,0.9,0.4633,0.04575868767537228,4633.0,5367.0
73,gaussian_noise,medium,"{""std"":0.2}",standard_conformal,0.1,hybrid,0.95,0.3848,0.01975051975051978,3848.0,6152.0
73,gaussian_noise,medium,"{""std"":0.2}",standard_conformal,0.1,singleton_conformal,,0.8543,0.2190097155565961,8543.0,1457.0
73,gaussian_noise,medium,"{""std"":0.2}",standard_conformal,0.2,hybrid,0.5,0.5346,0.07407407407407407,5346.0,4654.0
73,gaussian_noise,medium,"{""std"":0.2}",standard_conformal,0.2,hybrid,0.6,0.5346,0.07407407407407407,5346.0,4654.0
73,gaussian_noise,medium,"{""std"":0.2}",standard_conformal,0.2,hybrid,0.7,0.5346,0.07407407407407407,5346.0,4654.0
73,gaussian_noise,medium,"{""std"":0.2}",standard_conformal,0.2,hybrid,0.8,0.5346,0.07407407407407407,5346.0,4654.0
73,gaussian_noise,medium,"{""std"":0.2}",standard_conformal,0.2,hybrid,0.9,0.4633,0.04575868767537228,4633.0,5367.0
73,gaussian_noise,medium,"{""std"":0.2}",standard_conformal,0.2,hybrid,0.95,0.3848,0.01975051975051978,3848.0,6152.0
73,gaussian_noise,medium,"{""std"":0.2}",standard_conformal,0.2,singleton_conformal,,0.5346,0.07407407407407407,5346.0,4654.0
73,gaussian_noise,medium,"{""std"":0.2}",temperature_scaled,,confidence_threshold,0.5,0.8892,0.23346828609986503,8892.0,1108.0
73,gaussian_noise,medium,"{""std"":0.2}",temperature_scaled,,confidence_threshold,0.6,0.7866,0.19031273836765827,7866.0,2134.0
73,gaussian_noise,medium,"{""std"":0.2}",temperature_scaled,,confidence_threshold,0.7,0.6823,0.1431921442180859,6823.0,3177.0
73,gaussian_noise,medium,"{""std"":0.2}",temperature_scaled,,confidence_threshold,0.8,0.5754,0.0948905109489051,5754.0,4246.0
73,gaussian_noise,medium,"{""std"":0.2}",temperature_scaled,,confidence_threshold,0.9,0.4633,0.04575868767537228,4633.0,5367.0
73,gaussian_noise,medium,"{""std"":0.2}",temperature_scaled,,confidence_threshold,0.95,0.3848,0.01975051975051978,3848.0,6152.0
73,gaussian_noise,mild,"{""std"":0.1}",standard_conformal,0.05,hybrid,0.5,0.8484,0.08085808580858089,8484.0,1516.0
73,gaussian_noise,mild,"{""std"":0.1}",standard_conformal,0.05,hybrid,0.6,0.8265,0.07029643073200242,8265.0,1735.0
73,gaussian_noise,mild,"{""std"":0.1}",standard_conformal,0.05,hybrid,0.7,0.7863,0.05379626096909573,7863.0,2137.0
73,gaussian_noise,mild,"{""std"":0.1}",standard_conformal,0.05,hybrid,0.8,0.7142,0.03178381405768693,7142.0,2858.0
73,gaussian_noise,mild,"{""std"":0.1}",standard_conformal,0.05,hybrid,0.9,0.6235,0.014274258219727387,6235.0,3765.0
73,gaussian_noise,mild,"{""std"":0.1}",standard_conformal,0.05,hybrid,0.95,0.5502,0.007270083605961486,5502.0,4498.0
73,gaussian_noise,mild,"{""std"":0.1}",standard_conformal,0.05,singleton_conformal,,0.8667,0.09161186108226604,8667.0,1333.0
73,gaussian_noise,mild,"{""std"":0.1}",standard_conformal,0.1,hybrid,0.5,0.9142,0.10096259024283527,9142.0,858.0
73,gaussian_noise,mild,"{""std"":0.1}",standard_conformal,0.1,hybrid,0.6,0.8618,0.08261777674634485,8618.0,1382.0
73,gaussian_noise,mild,"{""std"":0.1}",standard_conformal,0.1,hybrid,0.7,0.787,0.05374841168996192,7870.0,2130.0
73,gaussian_noise,mild,"{""std"":0.1}",standard_conformal,0.1,hybrid,0.8,0.7142,0.03178381405768693,7142.0,2858.0
73,gaussian_noise,mild,"{""std"":0.1}",standard_conformal,0.1,hybrid,0.9,0.6235,0.014274258219727387,6235.0,3765.0
73,gaussian_noise,mild,"{""std"":0.1}",standard_conformal,0.1,hybrid,0.95,0.5502,0.007270083605961486,5502.0,4498.0
73,gaussian_noise,mild,"{""std"":0.1}",standard_conformal,0.1,singleton_conformal,,0.9142,0.10096259024283527,9142.0,858.0
73,gaussian_noise,mild,"{""std"":0.1}",standard_conformal,0.2,hybrid,0.5,0.6827,0.025926468434158467,6827.0,3173.0
73,gaussian_noise,mild,"{""std"":0.1}",standard_conformal,0.2,hybrid,0.6,0.6827,0.025926468434158467,6827.0,3173.0
73,gaussian_noise,mild,"{""std"":0.1}",standard_conformal,0.2,hybrid,0.7,0.6827,0.025926468434158467,6827.0,3173.0
73,gaussian_noise,mild,"{""std"":0.1}",standard_conformal,0.2,hybrid,0.8,0.6827,0.025926468434158467,6827.0,3173.0
73,gaussian_noise,mild,"{""std"":0.1}",standard_conformal,0.2,hybrid,0.9,0.6235,0.014274258219727387,6235.0,3765.0
73,gaussian_noise,mild,"{""std"":0.1}",standard_conformal,0.2,hybrid,0.95,0.5502,0.007270083605961486,5502.0,4498.0
73,gaussian_noise,mild,"{""std"":0.1}",standard_conformal,0.2,singleton_conformal,,0.6827,0.025926468434158467,6827.0,3173.0
73,gaussian_noise,mild,"{""std"":0.1}",temperature_scaled,,confidence_threshold,0.5,0.9413,0.11144162328694363,9413.0,587.0
73,gaussian_noise,mild,"{""std"":0.1}",temperature_scaled,,confidence_threshold,0.6,0.8618,0.08261777674634485,8618.0,1382.0
73,gaussian_noise,mild,"{""std"":0.1}",temperature_scaled,,confidence_threshold,0.7,0.787,0.05374841168996192,7870.0,2130.0
73,gaussian_noise,mild,"{""std"":0.1}",temperature_scaled,,confidence_threshold,0.8,0.7142,0.03178381405768693,7142.0,2858.0
73,gaussian_noise,mild,"{""std"":0.1}",temperature_scaled,,confidence_threshold,0.9,0.6235,0.014274258219727387,6235.0,3765.0
73,gaussian_noise,mild,"{""std"":0.1}",temperature_scaled,,confidence_threshold,0.95,0.5502,0.007270083605961486,5502.0,4498.0
73,gaussian_noise,strong,"{""std"":0.3}",standard_conformal,0.05,hybrid,0.5,0.7601,0.4113932377318774,7601.0,2399.0
73,gaussian_noise,strong,"{""std"":0.3}",standard_conformal,0.05,hybrid,0.6,0.7025,0.3907473309608541,7025.0,2975.0
73,gaussian_noise,strong,"{""std"":0.3}",standard_conformal,0.05,hybrid,0.7,0.6206,0.36061875604253946,6206.0,3794.0
73,gaussian_noise,strong,"{""std"":0.3}",standard_conformal,0.05,hybrid,0.8,0.5019,0.30304841601912735,5019.0,4981.0
73,gaussian_noise,strong,"{""std"":0.3}",standard_conformal,0.05,hybrid,0.9,0.3603,0.2159311684707188,3603.0,6397.0
73,gaussian_noise,strong,"{""std"":0.3}",standard_conformal,0.05,hybrid,0.95,0.2715,0.14364640883977897,2715.0,7285.0
73,gaussian_noise,strong,"{""std"":0.3}",standard_conformal,0.05,singleton_conformal,,0.8326,0.43634398270478025,8326.0,1674.0
73,gaussian_noise,strong,"{""std"":0.3}",standard_conformal,0.1,hybrid,0.5,0.806,0.42208436724565757,8060.0,1940.0
73,gaussian_noise,strong,"{""std"":0.3}",standard_conformal,0.1,hybrid,0.6,0.7287,0.39810621655002054,7287.0,2713.0
73,gaussian_noise,strong,"{""std"":0.3}",standard_conformal,0.1,hybrid,0.7,0.6208,0.36066365979381443,6208.0,3792.0
73,gaussian_noise,strong,"{""std"":0.3}",standard_conformal,0.1,hybrid,0.8,0.5019,0.30304841601912735,5019.0,4981.0
73,gaussian_noise,strong,"{""std"":0.3}",standard_conformal,0.1,hybrid,0.9,0.3603,0.2159311684707188,3603.0,6397.0
73,gaussian_noise,strong,"{""std"":0.3}",standard_conformal,0.1,hybrid,0.95,0.2715,0.14364640883977897,2715.0,7285.0
73,gaussian_noise,strong,"{""std"":0.3}",standard_conformal,0.1,singleton_conformal,,0.806,0.42208436724565757,8060.0,1940.0
73,gaussian_noise,strong,"{""std"":0.3}",standard_conformal,0.2,hybrid,0.5,0.4537,0.27352876350011024,4537.0,5463.0
73,gaussian_noise,strong,"{""std"":0.3}",standard_conformal,0.2,hybrid,0.6,0.4537,0.27352876350011024,4537.0,5463.0
73,gaussian_noise,strong,"{""std"":0.3}",standard_conformal,0.2,hybrid,0.7,0.4537,0.27352876350011024,4537.0,5463.0
73,gaussian_noise,strong,"{""std"":0.3}",standard_conformal,0.2,hybrid,0.8,0.4537,0.27352876350011024,4537.0,5463.0
73,gaussian_noise,strong,"{""std"":0.3}",standard_conformal,0.2,hybrid,0.9,0.3603,0.2159311684707188,3603.0,6397.0
73,gaussian_noise,strong,"{""std"":0.3}",standard_conformal,0.2,hybrid,0.95,0.2715,0.14364640883977897,2715.0,7285.0
73,gaussian_noise,strong,"{""std"":0.3}",standard_conformal,0.2,singleton_conformal,,0.4537,0.27352876350011024,4537.0,5463.0
73,gaussian_noise,strong,"{""std"":0.3}",temperature_scaled,,confidence_threshold,0.5,0.8401,0.43256755148196646,8401.0,1599.0
73,gaussian_noise,strong,"{""std"":0.3}",temperature_scaled,,confidence_threshold,0.6,0.7287,0.39810621655002054,7287.0,2713.0
73,gaussian_noise,strong,"{""std"":0.3}",temperature_scaled,,confidence_threshold,0.7,0.6208,0.36066365979381443,6208.0,3792.0
73,gaussian_noise,strong,"{""std"":0.3}",temperature_scaled,,confidence_threshold,0.8,0.5019,0.30304841601912735,5019.0,4981.0
73,gaussian_noise,strong,"{""std"":0.3}",temperature_scaled,,confidence_threshold,0.9,0.3603,0.2159311684707188,3603.0,6397.0
73,gaussian_noise,strong,"{""std"":0.3}",temperature_scaled,,confidence_threshold,0.95,0.2715,0.14364640883977897,2715.0,7285.0
73,rotation,medium,"{""degrees"":20.0}",standard_conformal,0.05,hybrid,0.5,0.6004,0.32411725516322454,6004.0,3996.0
73,rotation,medium,"{""degrees"":20.0}",standard_conformal,0.05,hybrid,0.6,0.516,0.2779069767441861,5160.0,4840.0
73,rotation,medium,"{""degrees"":20.0}",standard_conformal,0.05,hybrid,0.7,0.4267,0.213498945394891,4267.0,5733.0
73,rotation,medium,"{""degrees"":20.0}",standard_conformal,0.05,hybrid,0.8,0.3361,0.14846771794108893,3361.0,6639.0
73,rotation,medium,"{""degrees"":20.0}",standard_conformal,0.05,hybrid,0.9,0.2436,0.08415435139573069,2436.0,7564.0
73,rotation,medium,"{""degrees"":20.0}",standard_conformal,0.05,hybrid,0.95,0.1895,0.053298153034300744,1895.0,8105.0
73,rotation,medium,"{""degrees"":20.0}",standard_conformal,0.05,singleton_conformal,,0.744,0.401747311827957,7440.0,2560.0
73,rotation,medium,"{""degrees"":20.0}",standard_conformal,0.1,hybrid,0.5,0.6226,0.32573080629617734,6226.0,3774.0
73,rotation,medium,"{""degrees"":20.0}",standard_conformal,0.1,hybrid,0.6,0.5373,0.28605992927600965,5373.0,4627.0
73,rotation,medium,"{""degrees"":20.0}",standard_conformal,0.1,hybrid,0.7,0.427,0.21381733021077287,4270.0,5730.0
73,rotation,medium,"{""degrees"":20.0}",standard_conformal,0.1,hybrid,0.8,0.3361,0.14846771794108893,3361.0,6639.0
73,rotation,medium,"{""degrees"":20.0}",standard_conformal,0.1,hybrid,0.9,0.2436,0.08415435139573069,2436.0,7564.0
73,rotation,medium,"{""degrees"":20.0}",standard_conformal,0.1,hybrid,0.95,0.1895,0.053298153034300744,1895.0,8105.0
73,rotation,medium,"{""degrees"":20.0}",standard_conformal,0.1,singleton_conformal,,0.6226,0.32573080629617734,6226.0,3774.0
73,rotation,medium,"{""degrees"":20.0}",standard_conformal,0.2,hybrid,0.5,0.3006,0.12508316699933464,3006.0,6994.0
73,rotation,medium,"{""degrees"":20.0}",standard_conformal,0.2,hybrid,0.6,0.3006,0.12508316699933464,3006.0,6994.0
73,rotation,medium,"{""degrees"":20.0}",standard_conformal,0.2,hybrid,0.7,0.3006,0.12508316699933464,3006.0,6994.0
73,rotation,medium,"{""degrees"":20.0}",standard_conformal,0.2,hybrid,0.8,0.3006,0.12508316699933464,3006.0,6994.0
73,rotation,medium,"{""degrees"":20.0}",standard_conformal,0.2,hybrid,0.9,0.2436,0.08415435139573069,2436.0,7564.0
73,rotation,medium,"{""degrees"":20.0}",standard_conformal,0.2,hybrid,0.95,0.1895,0.053298153034300744,1895.0,8105.0
73,rotation,medium,"{""degrees"":20.0}",standard_conformal,0.2,singleton_conformal,,0.3006,0.12508316699933464,3006.0,6994.0
73,rotation,medium,"{""degrees"":20.0}",temperature_scaled,,confidence_threshold,0.5,0.6793,0.34977182393640516,6793.0,3207.0
73,rotation,medium,"{""degrees"":20.0}",temperature_scaled,,confidence_threshold,0.6,0.5373,0.28605992927600965,5373.0,4627.0
73,rotation,medium,"{""degrees"":20.0}",temperature_scaled,,confidence_threshold,0.7,0.427,0.21381733021077287,4270.0,5730.0
73,rotation,medium,"{""degrees"":20.0}",temperature_scaled,,confidence_threshold,0.8,0.3361,0.14846771794108893,3361.0,6639.0
73,rotation,medium,"{""degrees"":20.0}",temperature_scaled,,confidence_threshold,0.9,0.2436,0.08415435139573069,2436.0,7564.0
73,rotation,medium,"{""degrees"":20.0}",temperature_scaled,,confidence_threshold,0.95,0.1895,0.053298153034300744,1895.0,8105.0
73,rotation,mild,"{""degrees"":10.0}",standard_conformal,0.05,hybrid,0.5,0.8004,0.08845577211394307,8004.0,1996.0
73,rotation,mild,"{""degrees"":10.0}",standard_conformal,0.05,hybrid,0.6,0.7569,0.07041881358171487,7569.0,2431.0
73,rotation,mild,"{""degrees"":10.0}",standard_conformal,0.05,hybrid,0.7,0.6957,0.047865459249676556,6957.0,3043.0
73,rotation,mild,"{""degrees"":10.0}",standard_conformal,0.05,hybrid,0.8,0.6147,0.026191638197494704,6147.0,3853.0
73,rotation,mild,"{""degrees"":10.0}",standard_conformal,0.05,hybrid,0.9,0.5228,0.011094108645753664,5228.0,4772.0
73,rotation,mild,"{""degrees"":10.0}",standard_conformal,0.05,hybrid,0.95,0.4613,0.00563624539345331,4613.0,5387.0
73,rotation,mild,"{""degrees"":10.0}",standard_conformal,0.05,singleton_conformal,,0.8472,0.11496694995278567,8472.0,1528.0
73,rotation,mild,"{""degrees"":10.0}",standard_conformal,0.1,hybrid,0.5,0.8387,0.1015857875283176,8387.0,1613.0
73,rotation,mild,"{""degrees"":10.0}",standard_conformal,0.1,hybrid,0.6,0.7773,0.07706162356876367,7773.0,2227.0
73,rotation,mild,"{""degrees"":10.0}",standard_conformal,0.1,hybrid,0.7,0.6964,0.04810453762205624,6964.0,3036.0
73,rotation,mild,"{""degrees"":10.0}",standard_conformal,0.1,hybrid,0.8,0.6147,0.026191638197494704,6147.0,3853.0
73,rotation,mild,"{""degrees"":10.0}",standard_conformal,0.1,hybrid,0.9,0.5228,0.011094108645753664,5228.0,4772.0
73,rotation,mild,"{""degrees"":10.0}",standard_conformal,0.1,hybrid,0.95,0.4613,0.00563624539345331,4613.0,5387.0
73,rotation,mild,"{""degrees"":10.0}",standard_conformal,0.1,singleton_conformal,,0.8387,0.1015857875283176,8387.0,1613.0
73,rotation,mild,"{""degrees"":10.0}",standard_conformal,0.2,hybrid,0.5,0.5838,0.020554984583761593,5838.0,4162.0
73,rotation,mild,"{""degrees"":10.0}",standard_conformal,0.2,hybrid,0.6,0.5838,0.020554984583761593,5838.0,4162.0
73,rotation,mild,"{""degrees"":10.0}",standard_conformal,0.2,hybrid,0.7,0.5838,0.020554984583761593,5838.0,4162.0
73,rotation,mild,"{""degrees"":10.0}",standard_conformal,0.2,hybrid,0.8,0.5838,0.020554984583761593,5838.0,4162.0
73,rotation,mild,"{""degrees"":10.0}",standard_conformal,0.2,hybrid,0.9,0.5228,0.011094108645753664,5228.0,4772.0
73,rotation,mild,"{""degrees"":10.0}",standard_conformal,0.2,hybrid,0.95,0.4613,0.00563624539345331,4613.0,5387.0
73,rotation,mild,"{""degrees"":10.0}",standard_conformal,0.2,singleton_conformal,,0.5838,0.020554984583761593,5838.0,4162.0
73,rotation,mild,"{""degrees"":10.0}",temperature_scaled,,confidence_threshold,0.5,0.8745,0.11629502572898798,8745.0,1255.0
73,rotation,mild,"{""degrees"":10.0}",temperature_scaled,,confidence_threshold,0.6,0.7773,0.07706162356876367,7773.0,2227.0
73,rotation,mild,"{""degrees"":10.0}",temperature_scaled,,confidence_threshold,0.7,0.6964,0.04810453762205624,6964.0,3036.0
73,rotation,mild,"{""degrees"":10.0}",temperature_scaled,,confidence_threshold,0.8,0.6147,0.026191638197494704,6147.0,3853.0
73,rotation,mild,"{""degrees"":10.0}",temperature_scaled,,confidence_threshold,0.9,0.5228,0.011094108645753664,5228.0,4772.0
73,rotation,mild,"{""degrees"":10.0}",temperature_scaled,,confidence_threshold,0.95,0.4613,0.00563624539345331,4613.0,5387.0
73,rotation,strong,"{""degrees"":30.0}",standard_conformal,0.05,hybrid,0.5,0.572,0.6124125874125874,5720.0,4280.0
73,rotation,strong,"{""degrees"":30.0}",standard_conformal,0.05,hybrid,0.6,0.461,0.5774403470715835,4610.0,5390.0
73,rotation,strong,"{""degrees"":30.0}",standard_conformal,0.05,hybrid,0.7,0.3505,0.5366619115549216,3505.0,6495.0
73,rotation,strong,"{""degrees"":30.0}",standard_conformal,0.05,hybrid,0.8,0.2419,0.46837536171971894,2419.0,7581.0
73,rotation,strong,"{""degrees"":30.0}",standard_conformal,0.05,hybrid,0.9,0.1599,0.3889931207004378,1599.0,8401.0
73,rotation,strong,"{""degrees"":30.0}",standard_conformal,0.05,hybrid,0.95,0.1156,0.32006920415224915,1156.0,8844.0
73,rotation,strong,"{""degrees"":30.0}",standard_conformal,0.05,singleton_conformal,,0.7375,0.6527457627118645,7375.0,2625.0
73,rotation,strong,"{""degrees"":30.0}",standard_conformal,0.1,hybrid,0.5,0.5848,0.6106361149110807,5848.0,4152.0
73,rotation,strong,"{""degrees"":30.0}",standard_conformal,0.1,hybrid,0.6,0.4771,0.583944665688535,4771.0,5229.0
73,rotation,strong,"{""degrees"":30.0}",standard_conformal,0.1,hybrid,0.7,0.3507,0.5369261477045908,3507.0,6493.0
73,rotation,strong,"{""degrees"":30.0}",standard_conformal,0.1,hybrid,0.8,0.2419,0.46837536171971894,2419.0,7581.0
73,rotation,strong,"{""degrees"":30.0}",standard_conformal,0.1,hybrid,0.9,0.1599,0.3889931207004378,1599.0,8401.0
73,rotation,strong,"{""degrees"":30.0}",standard_conformal,0.1,hybrid,0.95,0.1156,0.32006920415224915,1156.0,8844.0
73,rotation,strong,"{""degrees"":30.0}",standard_conformal,0.1,singleton_conformal,,0.5848,0.6106361149110807,5848.0,4152.0
73,rotation,strong,"{""degrees"":30.0}",standard_conformal,0.2,hybrid,0.5,0.2097,0.44682880305197903,2097.0,7903.0
73,rotation,strong,"{""degrees"":30.0}",standard_conformal,0.2,hybrid,0.6,0.2097,0.44682880305197903,2097.0,7903.0
73,rotation,strong,"{""degrees"":30.0}",standard_conformal,0.2,hybrid,0.7,0.2097,0.44682880305197903,2097.0,7903.0
73,rotation,strong,"{""degrees"":30.0}",standard_conformal,0.2,hybrid,0.8,0.2097,0.44682880305197903,2097.0,7903.0
73,rotation,strong,"{""degrees"":30.0}",standard_conformal,0.2,hybrid,0.9,0.1599,0.3889931207004378,1599.0,8401.0
73,rotation,strong,"{""degrees"":30.0}",standard_conformal,0.2,hybrid,0.95,0.1156,0.32006920415224915,1156.0,8844.0
73,rotation,strong,"{""degrees"":30.0}",standard_conformal,0.2,singleton_conformal,,0.2097,0.44682880305197903,2097.0,7903.0
73,rotation,strong,"{""degrees"":30.0}",temperature_scaled,,confidence_threshold,0.5,0.6493,0.6251347605113199,6493.0,3507.0
73,rotation,strong,"{""degrees"":30.0}",temperature_scaled,,confidence_threshold,0.6,0.4771,0.583944665688535,4771.0,5229.0
73,rotation,strong,"{""degrees"":30.0}",temperature_scaled,,confidence_threshold,0.7,0.3507,0.5369261477045908,3507.0,6493.0
73,rotation,strong,"{""degrees"":30.0}",temperature_scaled,,confidence_threshold,0.8,0.2419,0.46837536171971894,2419.0,7581.0
73,rotation,strong,"{""degrees"":30.0}",temperature_scaled,,confidence_threshold,0.9,0.1599,0.3889931207004378,1599.0,8401.0
73,rotation,strong,"{""degrees"":30.0}",temperature_scaled,,confidence_threshold,0.95,0.1156,0.32006920415224915,1156.0,8844.0
